memory_id,retrieval_count
M074606,10
M034828,10
M045990,10
M055079,10
M086557,10
M007134,9
M013183,9
M070162,9
M097284,9
M093008,9
M050997,9
M071371,9
M076957,9
M082812,8
M087203,8
M019941,8
M062665,8
M049095,8
M031954,8
M063458,8
M055775,8
M054670,8
M072163,8
M049590,8
M074411,8
M098862,8
M064061,8
M009921,8
M051811,8
M041354,8
M092217,8
M039696,8
M048093,8
M028558,8
M029773,8
M011549,8
M085762,8
M058027,8
M037273,8
M045851,8
M044427,8
M046416,8
M086085,8
M054846,8
M068704,8
M067654,8
M101255,8
M045492,8
M051543,8
M070635,8
M093516,8
M042590,8
M074673,8
M066963,8
M024968,8
M075144,8
M068646,7
M001561,7
M047592,7
M036002,7
M093138,7
M061987,7
M078759,7
M011354,7
M007013,7
M022050,7
M031131,7
M010865,7
M029648,7
M029524,7
M015049,7
M006679,7
M012286,7
M022568,7
M100069,7
M099713,7
M089134,7
M035710,7
M023794,7
M050602,7
M039000,7
M033333,7
M068399,7
M088601,7
M056518,7
M074028,7
M095743,7
M044386,7
M038397,7
M072232,7
M010515,7
M091578,7
M061714,7
M035623,7
M009475,7
M065314,7
M084769,7
M010554,7
M089434,7
M012897,7
M085918,7
M021068,7
M046649,7
M022404,7
M016013,7
M073403,7
M030345,7
M075083,7
M058423,7
M071854,7
M085706,7
M036660,7
M097348,7
M040753,7
M055080,7
M053989,7
M072325,7
M035452,7
M044949,7
M060633,7
M042209,7
M031065,7
M028512,7
M074340,7
M072835,7
M011657,7
M060687,7
M093802,7
M080649,7
M086276,7
M031737,7
M005620,7
M062276,7
M064550,7
M003622,7
M066429,7
M091581,7
M097117,7
M081641,7
M037888,7
M061255,7
M062120,7
M071322,7
M046912,7
M066631,7
M055706,7
M096861,7
M060805,7
M062413,7
M068443,7
M100549,7
M070917,7
M063505,7
M076812,7
M076230,7
M069077,7
M096604,7
M061878,7
M059287,7
M087743,7
M073173,7
M082576,7
M092517,7
M024729,7
M094258,7
M024300,6
M091998,6
M059763,6
M039513,6
M089195,6
M089203,6
M082724,6
M094268,6
M092601,6
M001067,6
M004716,6
M019414,6
M023911,6
M021886,6
M003902,6
M099999,6
M044259,6
M076762,6
M013634,6
M084259,6
M035760,6
M011351,6
M003667,6
M035091,6
M012296,6
M005881,6
M093189,6
M022378,6
M054245,6
M063418,6
M061143,6
M053348,6
M047421,6
M031401,6
M003904,6
M046909,6
M040990,6
M075690,6
M024178,6
M003852,6
M033871,6
M004589,6
M028864,6
M052884,6
M017574,6
M039655,6
M009822,6
M002552,6
M015755,6
M067221,6
M092918,6
M025097,6
M045109,6
M035729,6
M020719,6
M015188,6
M032408,6
M077999,6
M097670,6
M008812,6
M009000,6
M035535,6
M070176,6
M004488,6
M008737,6
M042021,6
M009234,6
M050970,6
M077074,6
M100401,6
M035223,6
M026861,6
M014257,6
M043230,6
M014383,6
M052001,6
M060874,6
M058278,6
M096946,6
M010674,6
M063700,6
M036881,6
M015780,6
M058780,6
M062101,6
M086525,6
M023144,6
M018089,6
M066935,6
M013693,6
M010689,6
M020887,6
M100152,6
M031501,6
M058053,6
M017879,6
M028247,6
M065117,6
M073258,6
M014690,6
M054483,6
M048003,6
M007182,6
M040395,6
M001329,6
M085070,6
M052964,6
M074547,6
M014227,6
M060206,6
M063757,6
M002766,6
M001195,6
M038635,6
M077653,6
M065293,6
M089682,6
M029849,6
M018436,6
M030177,6
M048673,6
M030230,6
M076654,6
M029409,6
M094535,6
M013207,6
M004438,6
M078071,6
M076672,6
M028754,6
M004442,6
M011712,6
M056913,6
M042062,6
M082547,6
M020244,6
M045149,6
M052878,6
M065923,6
M004428,6
M002907,6
M025948,6
M023152,6
M077549,6
M037755,6
M025990,6
M020540,6
M003674,6
M005248,6
M016986,6
M033385,6
M003419,6
M027558,6
M086257,6
M053937,6
M006013,6
M092664,6
M052695,6
M015871,6
M059748,6
M010944,6
M023891,6
M062192,6
M009715,6
M086808,6
M050995,6
M076689,6
M046569,6
M049747,6
M055635,6
M011019,6
M026923,6
M038203,6
M027038,6
M096314,6
M054774,6
M035674,6
M091352,6
M052882,6
M023422,6
M080030,6
M088245,6
M013993,6
M078451,6
M101349,6
M070524,6
M006858,6
M059126,6
M032481,6
M042618,6
M097648,6
M043155,6
M078856,6
M022300,6
M042855,6
M030173,6
M031408,6
M054032,6
M027302,6
M064913,6
M006323,6
M010290,6
M080833,6
M084024,6
M018275,6
M004346,6
M023012,6
M025994,6
M090926,6
M054594,6
M019020,6
M071926,6
M030824,6
M065094,6
M065000,6
M071339,6
M090310,6
M055495,6
M080302,6
M037928,6
M053364,6
M048766,6
M071447,6
M033459,6
M020357,6
M019388,6
M013898,6
M098012,6
M045228,6
M018697,6
M000970,6
M006985,6
M036787,6
M076315,6
M012221,6
M077094,6
M085765,6
M082897,6
M019679,6
M033674,6
M027726,6
M017697,6
M034285,6
M033144,6
M031821,6
M055605,6
M075160,6
M067909,6
M068277,6
M062352,6
M018795,6
M027136,6
M086364,6
M025346,6
M036153,6
M031021,6
M034548,6
M001370,6
M067023,6
M032105,6
M088768,6
M022294,6
M069013,6
M065906,6
M062723,6
M029326,6
M069989,6
M055856,6
M045293,6
M076270,6
M059018,6
M033627,6
M053158,6
M056851,6
M077752,6
M050406,6
M049991,6
M065752,6
M088548,6
M057257,6
M043774,6
M065126,6
M079368,6
M096846,6
M087174,6
M100327,6
M079584,6
M078084,6
M046217,6
M050827,6
M072112,6
M087736,6
M051849,6
M070323,6
M056989,6
M025326,6
M053024,6
M043029,6
M089227,6
M051750,6
M025095,6
M082360,6
M067384,6
M071631,6
M068107,6
M069388,6
M091822,6
M083620,6
M060462,6
M052546,6
M063682,6
M041035,6
M055071,6
M067408,6
M063241,6
M078626,6
M073924,6
M046547,6
M049261,6
M060923,6
M080822,6
M048226,6
M004351,6
M023625,6
M024040,6
M089865,6
M062144,6
M068718,6
M066695,6
M051058,6
M044126,6
M066046,6
M091329,6
M096539,6
M071039,6
M049621,6
M082526,6
M066717,6
M050484,6
M016946,6
M017796,6
M066975,6
M056282,6
M067986,6
M067722,6
M075088,6
M068102,6
M087802,6
M090105,6
M050508,6
M090864,6
M075299,6
M058336,6
M093746,6
M082660,6
M087650,6
M093382,6
M070265,6
M083181,6
M047891,6
M049112,6
M069811,6
M081644,6
M067008,6
M019784,6
M076456,6
M069132,6
M044184,6
M090000,6
M087505,6
M059737,6
M054019,6
M080485,6
M021850,6
M078937,6
M085014,6
M099123,6
M080444,6
M023858,6
M063092,6
M086444,6
M062567,6
M045071,6
M087377,6
M002294,6
M040660,6
M071236,6
M073652,6
M078651,6
M084009,6
M082710,6
M073205,6
M070651,6
M076107,6
M092566,6
M069357,6
M012779,6
M100634,6
M083340,6
M002187,5
M041069,5
M003886,5
M031931,5
M000145,5
M080750,5
M010516,5
M084763,5
M043201,5
M073861,5
M024944,5
M038664,5
M013663,5
M012125,5
M006462,5
M004191,5
M038647,5
M041788,5
M057293,5
M007024,5
M011473,5
M016078,5
M064751,5
M041079,5
M021165,5
M020255,5
M024936,5
M002338,5
M016039,5
M002077,5
M042883,5
M037920,5
M033064,5
M078858,5
M028848,5
M049187,5
M049140,5
M021383,5
M001908,5
M042162,5
M023131,5
M008857,5
M011262,5
M034044,5
M091087,5
M016045,5
M096498,5
M047711,5
M092962,5
M047890,5
M063977,5
M003510,5
M008406,5
M022327,5
M027934,5
M002386,5
M049495,5
M083094,5
M037068,5
M001100,5
M043448,5
M002052,5
M059758,5
M042057,5
M011200,5
M004657,5
M006884,5
M009954,5
M027489,5
M038840,5
M016151,5
M090740,5
M063784,5
M061414,5
M021088,5
M064825,5
M003355,5
M010803,5
M024943,5
M000481,5
M080593,5
M041260,5
M032222,5
M039766,5
M024907,5
M065361,5
M075327,5
M002644,5
M037262,5
M066313,5
M007916,5
M025253,5
M002995,5
M038320,5
M024477,5
M043423,5
M062280,5
M057089,5
M034030,5
M057824,5
M034812,5
M006092,5
M026514,5
M017989,5
M024392,5
M008199,5
M035666,5
M010863,5
M033194,5
M057476,5
M072574,5
M001436,5
M020225,5
M077817,5
M087158,5
M019556,5
M030140,5
M015105,5
M019027,5
M026975,5
M018619,5
M033672,5
M006801,5
M013817,5
M010003,5
M101315,5
M100603,5
M017529,5
M056668,5
M068266,5
M048642,5
M056602,5
M016668,5
M001829,5
M004651,5
M027933,5
M011841,5
M020456,5
M088796,5
M011323,5
M019204,5
M043291,5
M002712,5
M019876,5
M017546,5
M006027,5
M074690,5
M004473,5
M020973,5
M057208,5
M018876,5
M042449,5
M020999,5
M032350,5
M007812,5
M024345,5
M082624,5
M016366,5
M047747,5
M003999,5
M027115,5
M027210,5
M030034,5
M014732,5
M019190,5
M022433,5
M065301,5
M092131,5
M033198,5
M022291,5
M005396,5
M021787,5
M005467,5
M015384,5
M046334,5
M021064,5
M035634,5
M008078,5
M084638,5
M048012,5
M080341,5
M073016,5
M090661,5
M096336,5
M010315,5
M013002,5
M082163,5
M029320,5
M010953,5
M024126,5
M015857,5
M022745,5
M074219,5
M080607,5
M022333,5
M086497,5
M020706,5
M042307,5
M071477,5
M036747,5
M028310,5
M043492,5
M021602,5
M039595,5
M089067,5
M076711,5
M046328,5
M023666,5
M021584,5
M085552,5
M049486,5
M002651,5
M068159,5
M042580,5
M004073,5
M088800,5
M048870,5
M018301,5
M074171,5
M022502,5
M037993,5
M068752,5
M076359,5
M029508,5
M000296,5
M012227,5
M062259,5
M040166,5
M080631,5
M008286,5
M019710,5
M026227,5
M003154,5
M041476,5
M051384,5
M042601,5
M037843,5
M096661,5
M067810,5
M023791,5
M024773,5
M006443,5
M064244,5
M086362,5
M015046,5
M009101,5
M034713,5
M085826,5
M057764,5
M015860,5
M007901,5
M076651,5
M029170,5
M042122,5
M065568,5
M010929,5
M079284,5
M057288,5
M027223,5
M008051,5
M095350,5
M024493,5
M031031,5
M096293,5
M055449,5
M016076,5
M072527,5
M070919,5
M072326,5
M063143,5
M022547,5
M073827,5
M100187,5
M093699,5
M000852,5
M038386,5
M035732,5
M036011,5
M026642,5
M054326,5
M013838,5
M013967,5
M068377,5
M024625,5
M072540,5
M005027,5
M014636,5
M003461,5
M004990,5
M058061,5
M008642,5
M064690,5
M034900,5
M058424,5
M043073,5
M023661,5
M066379,5
M094496,5
M064767,5
M036066,5
M014532,5
M091784,5
M090463,5
M007804,5
M063146,5
M100733,5
M007088,5
M033008,5
M048578,5
M053617,5
M013226,5
M036355,5
M004347,5
M101528,5
M060229,5
M073736,5
M095442,5
M091695,5
M097985,5
M031672,5
M021744,5
M016685,5
M075469,5
M092720,5
M049466,5
M076082,5
M016416,5
M024191,5
M002366,5
M018908,5
M022344,5
M018439,5
M032022,5
M063630,5
M101098,5
M069740,5
M076334,5
M016924,5
M036271,5
M023780,5
M041478,5
M023070,5
M040028,5
M012346,5
M043936,5
M052978,5
M025664,5
M015908,5
M056092,5
M066330,5
M029632,5
M091391,5
M076932,5
M009155,5
M097611,5
M048184,5
M003514,5
M024318,5
M019889,5
M028477,5
M040965,5
M075256,5
M072483,5
M004421,5
M050550,5
M036106,5
M050785,5
M062425,5
M018810,5
M010967,5
M021674,5
M101591,5
M040960,5
M002434,5
M038867,5
M026028,5
M062596,5
M033694,5
M079230,5
M008576,5
M080702,5
M019154,5
M030308,5
M024631,5
M089940,5
M019532,5
M096424,5
M021448,5
M030014,5
M008624,5
M054309,5
M022408,5
M014778,5
M015826,5
M045100,5
M007267,5
M007741,5
M022822,5
M032318,5
M081508,5
M034777,5
M027990,5
M080130,5
M083348,5
M046765,5
M090789,5
M002480,5
M090429,5
M013324,5
M025677,5
M049576,5
M098620,5
M016693,5
M067642,5
M044029,5
M088167,5
M058946,5
M017544,5
M060725,5
M043241,5
M021657,5
M041054,5
M080278,5
M075692,5
M076106,5
M031641,5
M046997,5
M093963,5
M071156,5
M013062,5
M022023,5
M080486,5
M075012,5
M045981,5
M083884,5
M075997,5
M091886,5
M100101,5
M100822,5
M025891,5
M034827,5
M027248,5
M018135,5
M062506,5
M023004,5
M074956,5
M068847,5
M037073,5
M028243,5
M007699,5
M044498,5
M025801,5
M049876,5
M009620,5
M036811,5
M074900,5
M074541,5
M006743,5
M028210,5
M020692,5
M062386,5
M089553,5
M099331,5
M015831,5
M010777,5
M018032,5
M008864,5
M037477,5
M032455,5
M005023,5
M101155,5
M079075,5
M026597,5
M046167,5
M035869,5
M006469,5
M004846,5
M042749,5
M081415,5
M057664,5
M063498,5
M093644,5
M016086,5
M077248,5
M051740,5
M007944,5
M095817,5
M066780,5
M053411,5
M095120,5
M016570,5
M072016,5
M095999,5
M055435,5
M083509,5
M101283,5
M078002,5
M053819,5
M038667,5
M014237,5
M099278,5
M078678,5
M085089,5
M017334,5
M027599,5
M040111,5
M006263,5
M028161,5
M025234,5
M036606,5
M024200,5
M060058,5
M083298,5
M046117,5
M021022,5
M063010,5
M048917,5
M047150,5
M030879,5
M029886,5
M017994,5
M099724,5
M078387,5
M022631,5
M075965,5
M015907,5
M063954,5
M020036,5
M067319,5
M027418,5
M048193,5
M093850,5
M072173,5
M072451,5
M096268,5
M092332,5
M001261,5
M015773,5
M025474,5
M039113,5
M023206,5
M037002,5
M088011,5
M094514,5
M085163,5
M100502,5
M089096,5
M031114,5
M084172,5
M017651,5
M042581,5
M097091,5
M084686,5
M028698,5
M007446,5
M089518,5
M080644,5
M056098,5
M079109,5
M028824,5
M042073,5
M024157,5
M085758,5
M059962,5
M063808,5
M063974,5
M069417,5
M014759,5
M037335,5
M085818,5
M077119,5
M050503,5
M051021,5
M001651,5
M055789,5
M089046,5
M041331,5
M096948,5
M002451,5
M052565,5
M085507,5
M008517,5
M055413,5
M016560,5
M086107,5
M069708,5
M015569,5
M069625,5
M026871,5
M014705,5
M038169,5
M036115,5
M030128,5
M027954,5
M075653,5
M059410,5
M088084,5
M008553,5
M085766,5
M060211,5
M013759,5
M081246,5
M034137,5
M035548,5
M020606,5
M048621,5
M010032,5
M059788,5
M049278,5
M015354,5
M089479,5
M067759,5
M028249,5
M013076,5
M034701,5
M003523,5
M059619,5
M089793,5
M013690,5
M058071,5
M024423,5
M082986,5
M094799,5
M034532,5
M013354,5
M087386,5
M027150,5
M072492,5
M020883,5
M061716,5
M095349,5
M033882,5
M070028,5
M022920,5
M028215,5
M050597,5
M010257,5
M026124,5
M057614,5
M034897,5
M026120,5
M065772,5
M009723,5
M030990,5
M029436,5
M049994,5
M054843,5
M041188,5
M032877,5
M033531,5
M038954,5
M083417,5
M050777,5
M076504,5
M033645,5
M056381,5
M027986,5
M034569,5
M030266,5
M018542,5
M007798,5
M060008,5
M037001,5
M015193,5
M082851,5
M057191,5
M065182,5
M021548,5
M087652,5
M054609,5
M043452,5
M015000,5
M069943,5
M036445,5
M036880,5
M013124,5
M089939,5
M044574,5
M042471,5
M082175,5
M042191,5
M010087,5
M098917,5
M099034,5
M055399,5
M047780,5
M065828,5
M046146,5
M076123,5
M047400,5
M056451,5
M011316,5
M087057,5
M037458,5
M039602,5
M095492,5
M075576,5
M052997,5
M067562,5
M074719,5
M075537,5
M044267,5
M072362,5
M036964,5
M052254,5
M084766,5
M078637,5
M084449,5
M042804,5
M090684,5
M040276,5
M059789,5
M061104,5
M100157,5
M040701,5
M046980,5
M068935,5
M037656,5
M071705,5
M058448,5
M051915,5
M096507,5
M026658,5
M044839,5
M080784,5
M077639,5
M074981,5
M069480,5
M025998,5
M047186,5
M076373,5
M086271,5
M069456,5
M059840,5
M087245,5
M080584,5
M052006,5
M050370,5
M095667,5
M091437,5
M057599,5
M039218,5
M051762,5
M053456,5
M056841,5
M038817,5
M098005,5
M076873,5
M055387,5
M085726,5
M097769,5
M046299,5
M094055,5
M085441,5
M090534,5
M081809,5
M082579,5
M074148,5
M083273,5
M040197,5
M094797,5
M046910,5
M068807,5
M059156,5
M092208,5
M094181,5
M046535,5
M018219,5
M084938,5
M052420,5
M056121,5
M058187,5
M089878,5
M053452,5
M067918,5
M049639,5
M042770,5
M077519,5
M048381,5
M022543,5
M080914,5
M038525,5
M059477,5
M058123,5
M051745,5
M048528,5
M049423,5
M098673,5
M085523,5
M064740,5
M054137,5
M055581,5
M049151,5
M076764,5
M055971,5
M096158,5
M044112,5
M082310,5
M078513,5
M065005,5
M050559,5
M047892,5
M026290,5
M062031,5
M058933,5
M072192,5
M054965,5
M049077,5
M065681,5
M098983,5
M066468,5
M068145,5
M095657,5
M047865,5
M045717,5
M065880,5
M069501,5
M057088,5
M049659,5
M084257,5
M065554,5
M053136,5
M070743,5
M087308,5
M099586,5
M059991,5
M097473,5
M076158,5
M082446,5
M046229,5
M073382,5
M090868,5
M078826,5
M019509,5
M080977,5
M098238,5
M091116,5
M066320,5
M075398,5
M080951,5
M078889,5
M095932,5
M047691,5
M066862,5
M096978,5
M049875,5
M014723,5
M073458,5
M089811,5
M096242,5
M087205,5
M075561,5
M087291,5
M052559,5
M084873,5
M098449,5
M087364,5
M055055,5
M059180,5
M057492,5
M072553,5
M076582,5
M101483,5
M069366,5
M065882,5
M063093,5
M080995,5
M058094,5
M081963,5
M056007,5
M041211,5
M072613,5
M088371,5
M073385,5
M067422,5
M047258,5
M079247,5
M055334,5
M099671,5
M040657,5
M067239,5
M083975,5
M052829,5
M084115,5
M078918,5
M050227,5
M099971,5
M082093,5
M047201,5
M071481,5
M097733,5
M017011,5
M069072,5
M087365,5
M076769,5
M066656,5
M056126,5
M014943,5
M063145,5
M054410,5
M071130,5
M057440,5
M083379,5
M058856,5
M083241,5
M050325,5
M061618,5
M064901,5
M084709,5
M085909,5
M075252,5
M092892,5
M070132,5
M044679,5
M096560,5
M062069,5
M026800,5
M084757,5
M054031,5
M069972,5
M057109,5
M072389,5
M077357,5
M050077,5
M051884,5
M078390,5
M063471,5
M093968,5
M090315,5
M078930,5
M094741,5
M036883,5
M004221,5
M065571,5
M052921,5
M091113,5
M068821,5
M056436,5
M095393,5
M066108,5
M068633,5
M088820,5
M023887,5
M065713,5
M074346,5
M089190,5
M096616,5
M067262,5
M035812,5
M072477,5
M076962,5
M060878,5
M068787,5
M055837,5
M081770,5
M059163,5
M039925,5
M019379,5
M070262,5
M064118,5
M052680,5
M092671,5
M004294,5
M057639,5
M096341,5
M083643,5
M062706,5
M073901,5
M045962,5
M089290,5
M068472,5
M026887,5
M083078,5
M050618,5
M057713,5
M083520,5
M062691,5
M057077,5
M054511,5
M060108,5
M095091,5
M006182,5
M063412,5
M071845,5
M081832,5
M100206,5
M066462,5
M047655,5
M059913,5
M084171,5
M100889,5
M099767,5
M077912,5
M046949,5
M053346,5
M078719,5
M087116,5
M069564,5
M052179,5
M060238,5
M062090,5
M066360,5
M059369,5
M058592,5
M084167,5
M100289,5
M078103,5
M070559,5
M085067,5
M072115,5
M097995,5
M082640,5
M079189,5
M089980,5
M074867,5
M067865,5
M049538,5
M054156,5
M089146,5
M084106,5
M091950,5
M085461,5
M039746,5
M065719,5
M071766,5
M093225,5
M042257,5
M083307,5
M061187,5
M080453,5
M083415,5
M077564,5
M101731,5
M099811,5
M095233,5
M098063,5
M080819,5
M055696,5
M086485,5
M012430,4
M005643,4
M066268,4
M058704,4
M081681,4
M086171,4
M000538,4
M012563,4
M088445,4
M095842,4
M041886,4
M078784,4
M067532,4
M079344,4
M000468,4
M045536,4
M045471,4
M036882,4
M000549,4
M000737,4
M000576,4
M055956,4
M047497,4
M083194,4
M080790,4
M007109,4
M003358,4
M031185,4
M002589,4
M000985,4
M008091,4
M080392,4
M009736,4
M050792,4
M009120,4
M004045,4
M056327,4
M001558,4
M004818,4
M000544,4
M035480,4
M017082,4
M001782,4
M004618,4
M007168,4
M013061,4
M055503,4
M038368,4
M063282,4
M009758,4
M015828,4
M002302,4
M016558,4
M016290,4
M006650,4
M048388,4
M068585,4
M023283,4
M001082,4
M037628,4
M030182,4
M022563,4
M003766,4
M066085,4
M063011,4
M030363,4
M024368,4
M012874,4
M008322,4
M011341,4
M002029,4
M038019,4
M052480,4
M038237,4
M025416,4
M022302,4
M003520,4
M017365,4
M023664,4
M089628,4
M035580,4
M020617,4
M027229,4
M017981,4
M008760,4
M018445,4
M051086,4
M064170,4
M066220,4
M062832,4
M042327,4
M021320,4
M059084,4
M007044,4
M009465,4
M008693,4
M035334,4
M020580,4
M053201,4
M002608,4
M031651,4
M015313,4
M009428,4
M024854,4
M032993,4
M011224,4
M004691,4
M076710,4
M033150,4
M048333,4
M057043,4
M036690,4
M001996,4
M011459,4
M024864,4
M029510,4
M089689,4
M020772,4
M005877,4
M033951,4
M021559,4
M032583,4
M020735,4
M001946,4
M036637,4
M001910,4
M002913,4
M005230,4
M034705,4
M051861,4
M050960,4
M005095,4
M034553,4
M063081,4
M014342,4
M002055,4
M019405,4
M070807,4
M035185,4
M034084,4
M095675,4
M002846,4
M089616,4
M075425,4
M097954,4
M002462,4
M001861,4
M011663,4
M001011,4
M020690,4
M039295,4
M078804,4
M067166,4
M025962,4
M024281,4
M025106,4
M021976,4
M034395,4
M031630,4
M044159,4
M027718,4
M025739,4
M035344,4
M001542,4
M011584,4
M097186,4
M035354,4
M034575,4
M036071,4
M023143,4
M007104,4
M041744,4
M059177,4
M009979,4
M041785,4
M074711,4
M033510,4
M052845,4
M037696,4
M002944,4
M016959,4
M048114,4
M010004,4
M037661,4
M063066,4
M082308,4
M052971,4
M066619,4
M002376,4
M040031,4
M006347,4
M027863,4
M030161,4
M021349,4
M081487,4
M084448,4
M024467,4
M061959,4
M026803,4
M032476,4
M038057,4
M088230,4
M078495,4
M044246,4
M099987,4
M023468,4
M009762,4
M022529,4
M030467,4
M002718,4
M013734,4
M037792,4
M082751,4
M017752,4
M006816,4
M078075,4
M018827,4
M007638,4
M078934,4
M001839,4
M019692,4
M003006,4
M025442,4
M026909,4
M023959,4
M025075,4
M012912,4
M014020,4
M100562,4
M085740,4
M033874,4
M008076,4
M006303,4
M008890,4
M029701,4
M011668,4
M020932,4
M015981,4
M021268,4
M051351,4
M022437,4
M071449,4
M086062,4
M014597,4
M029317,4
M001925,4
M032219,4
M012256,4
M053800,4
M013300,4
M035200,4
M030233,4
M034192,4
M090896,4
M007654,4
M006489,4
M026470,4
M009931,4
M008849,4
M020881,4
M065074,4
M002789,4
M004536,4
M012987,4
M016053,4
M031405,4
M053034,4
M012353,4
M014337,4
M016948,4
M014003,4
M033169,4
M037483,4
M035225,4
M024705,4
M075195,4
M023837,4
M063123,4
M052340,4
M009410,4
M015150,4
M005034,4
M057609,4
M038011,4
M063091,4
M020285,4
M012800,4
M008582,4
M018363,4
M055120,4
M047569,4
M053474,4
M017624,4
M014600,4
M029982,4
M019312,4
M017410,4
M093859,4
M050420,4
M033863,4
M013031,4
M078328,4
M028971,4
M020924,4
M015364,4
M019592,4
M092767,4
M075393,4
M023835,4
M047068,4
M032285,4
M032865,4
M017724,4
M046447,4
M070400,4
M079355,4
M025719,4
M083058,4
M077022,4
M093123,4
M046394,4
M007170,4
M049409,4
M014841,4
M060043,4
M099474,4
M084080,4
M096207,4
M023350,4
M039534,4
M010304,4
M062368,4
M037688,4
M091211,4
M062319,4
M006180,4
M014245,4
M069141,4
M031456,4
M009232,4
M001806,4
M035322,4
M024383,4
M055216,4
M086358,4
M012059,4
M003507,4
M019355,4
M017320,4
M008535,4
M007954,4
M012165,4
M049166,4
M074134,4
M057070,4
M033706,4
M032751,4
M090637,4
M015422,4
M033940,4
M012412,4
M019506,4
M032280,4
M025538,4
M026538,4
M069973,4
M003054,4
M002435,4
M046033,4
M029758,4
M002085,4
M086432,4
M034515,4
M052950,4
M032469,4
M021996,4
M015841,4
M063225,4
M059243,4
M048395,4
M046579,4
M022576,4
M013552,4
M052291,4
M021784,4
M015973,4
M003974,4
M008933,4
M008845,4
M027499,4
M000043,4
M034312,4
M011773,4
M011566,4
M029036,4
M020796,4
M054676,4
M091699,4
M055646,4
M010317,4
M012281,4
M042806,4
M044955,4
M066817,4
M028551,4
M071483,4
M049896,4
M001747,4
M033083,4
M044808,4
M020927,4
M041855,4
M069131,4
M062292,4
M079443,4
M059417,4
M013622,4
M055140,4
M087786,4
M024958,4
M021540,4
M075287,4
M092239,4
M054354,4
M002659,4
M061446,4
M006340,4
M030316,4
M092442,4
M027486,4
M100052,4
M041548,4
M079244,4
M002716,4
M036855,4
M002853,4
M053799,4
M021612,4
M059828,4
M028326,4
M009152,4
M017442,4
M043527,4
M007539,4
M019514,4
M088696,4
M078230,4
M056115,4
M039952,4
M059192,4
M021950,4
M017273,4
M055272,4
M083108,4
M015634,4
M050172,4
M086993,4
M045607,4
M006876,4
M017597,4
M014054,4
M101180,4
M018297,4
M101040,4
M101329,4
M043998,4
M060046,4
M017776,4
M007938,4
M040575,4
M080087,4
M060129,4
M101189,4
M005151,4
M015303,4
M095830,4
M052652,4
M020148,4
M042517,4
M002013,4
M008527,4
M052683,4
M032078,4
M044957,4
M096565,4
M095700,4
M075963,4
M007890,4
M008970,4
M011056,4
M008250,4
M087679,4
M073313,4
M022964,4
M069472,4
M014136,4
M018026,4
M014616,4
M054304,4
M066030,4
M062529,4
M050142,4
M037805,4
M024762,4
M006504,4
M049226,4
M074262,4
M012810,4
M022160,4
M019009,4
M034784,4
M074824,4
M004372,4
M015951,4
M099336,4
M010134,4
M054702,4
M084352,4
M065996,4
M089983,4
M067370,4
M055752,4
M056428,4
M041484,4
M101520,4
M094126,4
M006796,4
M010798,4
M026323,4
M004562,4
M058648,4
M025987,4
M005305,4
M072812,4
M041502,4
M062616,4
M003825,4
M061152,4
M048119,4
M005439,4
M004478,4
M029496,4
M089641,4
M044527,4
M081256,4
M019337,4
M025845,4
M063891,4
M007511,4
M084275,4
M073735,4
M061898,4
M001640,4
M084402,4
M002139,4
M001129,4
M037524,4
M003665,4
M085536,4
M019456,4
M003585,4
M060906,4
M053518,4
M085525,4
M020451,4
M026826,4
M012454,4
M006404,4
M059928,4
M031617,4
M076357,4
M014103,4
M073378,4
M041089,4
M006315,4
M092924,4
M072954,4
M043100,4
M080376,4
M015487,4
M023689,4
M006161,4
M007318,4
M064576,4
M074979,4
M090089,4
M061524,4
M060183,4
M050636,4
M015534,4
M064154,4
M079105,4
M100930,4
M007114,4
M030572,4
M012398,4
M009068,4
M017824,4
M077461,4
M053071,4
M040334,4
M003235,4
M074385,4
M081072,4
M063691,4
M030761,4
M023469,4
M006957,4
M031109,4
M096423,4
M017917,4
M015268,4
M011368,4
M011444,4
M087814,4
M000954,4
M039056,4
M027300,4
M029351,4
M013095,4
M047693,4
M007909,4
M028644,4
M031824,4
M005121,4
M071964,4
M084761,4
M101547,4
M075911,4
M091637,4
M095852,4
M071206,4
M069804,4
M006792,4
M082382,4
M042865,4
M063482,4
M066633,4
M061600,4
M016191,4
M058668,4
M011051,4
M011821,4
M018538,4
M011081,4
M012661,4
M042186,4
M059787,4
M034650,4
M018513,4
M029740,4
M005193,4
M091956,4
M007241,4
M009342,4
M084980,4
M017305,4
M031024,4
M023307,4
M080774,4
M020841,4
M007350,4
M015589,4
M005956,4
M015430,4
M010785,4
M019114,4
M024347,4
M028185,4
M007320,4
M046107,4
M007907,4
M039528,4
M022713,4
M050814,4
M074985,4
M095630,4
M077373,4
M030811,4
M072455,4
M022692,4
M025396,4
M097106,4
M016918,4
M090814,4
M076013,4
M037786,4
M025824,4
M024455,4
M004767,4
M089992,4
M010204,4
M022736,4
M097981,4
M059336,4
M060537,4
M066126,4
M020652,4
M096326,4
M020223,4
M023019,4
M017061,4
M027907,4
M007340,4
M002817,4
M033757,4
M089248,4
M048006,4
M036332,4
M094006,4
M099526,4
M093443,4
M019304,4
M064580,4
M019973,4
M017112,4
M007594,4
M015744,4
M017279,4
M006580,4
M017158,4
M046336,4
M014483,4
M005194,4
M062817,4
M042213,4
M013139,4
M100491,4
M098957,4
M046155,4
M008152,4
M011729,4
M031859,4
M003329,4
M018346,4
M068206,4
M054540,4
M059969,4
M061799,4
M001695,4
M020250,4
M023171,4
M019877,4
M050006,4
M038255,4
M079395,4
M006150,4
M018303,4
M012920,4
M064253,4
M022272,4
M013308,4
M007621,4
M004147,4
M001089,4
M007670,4
M041399,4
M064076,4
M096430,4
M092860,4
M072031,4
M006892,4
M019455,4
M072610,4
M015141,4
M091981,4
M097077,4
M059439,4
M005980,4
M061300,4
M063842,4
M041694,4
M021205,4
M039214,4
M091243,4
M001017,4
M085662,4
M072161,4
M011672,4
M051967,4
M009239,4
M001336,4
M063703,4
M067838,4
M051615,4
M059333,4
M019333,4
M013985,4
M031731,4
M092753,4
M065691,4
M053261,4
M011060,4
M096715,4
M018920,4
M093105,4
M064643,4
M017999,4
M047197,4
M013441,4
M027289,4
M061713,4
M042472,4
M038068,4
M074559,4
M018661,4
M087755,4
M014442,4
M029757,4
M077548,4
M095463,4
M067974,4
M032212,4
M092576,4
M016433,4
M064814,4
M009003,4
M044058,4
M037713,4
M017771,4
M094836,4
M003030,4
M060071,4
M075166,4
M065859,4
M080878,4
M099735,4
M016470,4
M032983,4
M027449,4
M016548,4
M024185,4
M059867,4
M019569,4
M006843,4
M017695,4
M055336,4
M086732,4
M004718,4
M029037,4
M073934,4
M047917,4
M017580,4
M008335,4
M046531,4
M003036,4
M040889,4
M032377,4
M091626,4
M087903,4
M010477,4
M049374,4
M032409,4
M054194,4
M015708,4
M005656,4
M100526,4
M053337,4
M037230,4
M006927,4
M006516,4
M023774,4
M018884,4
M014132,4
M020594,4
M015690,4
M083792,4
M077688,4
M012998,4
M044979,4
M008354,4
M029589,4
M053722,4
M021143,4
M025610,4
M053429,4
M011597,4
M043844,4
M017239,4
M020432,4
M054423,4
M060069,4
M076892,4
M048140,4
M016464,4
M049517,4
M065981,4
M074127,4
M032444,4
M087984,4
M024603,4
M039008,4
M011599,4
M013476,4
M032268,4
M016475,4
M008503,4
M071421,4
M081431,4
M061195,4
M059864,4
M061852,4
M012262,4
M071333,4
M058267,4
M085236,4
M096283,4
M092784,4
M010526,4
M016296,4
M058020,4
M030391,4
M062233,4
M026109,4
M085805,4
M100398,4
M054764,4
M004649,4
M064560,4
M017492,4
M082870,4
M001277,4
M044380,4
M040997,4
M058344,4
M011462,4
M016218,4
M029460,4
M075126,4
M002285,4
M076782,4
M095957,4
M029627,4
M082009,4
M059089,4
M078965,4
M094500,4
M048324,4
M061420,4
M012873,4
M057127,4
M091145,4
M071930,4
M045431,4
M093330,4
M022450,4
M054808,4
M011468,4
M055753,4
M055867,4
M039229,4
M094120,4
M061242,4
M019206,4
M013547,4
M073220,4
M037982,4
M064217,4
M047432,4
M062314,4
M004133,4
M008752,4
M056046,4
M017340,4
M008749,4
M088600,4
M050611,4
M079927,4
M021109,4
M066110,4
M054026,4
M069849,4
M027787,4
M013572,4
M092647,4
M007273,4
M040765,4
M043404,4
M034205,4
M022648,4
M091906,4
M081268,4
M054263,4
M038333,4
M092424,4
M090634,4
M036940,4
M000160,4
M013827,4
M044823,4
M013110,4
M098981,4
M079722,4
M055385,4
M058072,4
M092625,4
M072382,4
M083945,4
M083382,4
M026270,4
M038292,4
M017212,4
M026556,4
M006432,4
M024778,4
M090065,4
M065384,4
M098877,4
M095974,4
M064164,4
M092978,4
M072467,4
M089856,4
M049853,4
M092520,4
M085458,4
M034731,4
M100852,4
M070666,4
M098375,4
M001826,4
M071379,4
M017351,4
M079164,4
M051525,4
M080889,4
M098022,4
M032464,4
M061184,4
M044237,4
M082350,4
M068310,4
M005884,4
M002971,4
M100454,4
M042781,4
M052073,4
M082683,4
M055214,4
M098982,4
M012537,4
M099940,4
M018128,4
M024677,4
M094480,4
M006250,4
M009744,4
M023325,4
M018348,4
M031935,4
M072345,4
M044965,4
M052485,4
M047425,4
M014784,4
M004850,4
M041357,4
M001068,4
M025360,4
M088330,4
M096807,4
M065080,4
M045222,4
M020180,4
M029601,4
M008483,4
M021284,4
M049373,4
M092265,4
M019203,4
M019957,4
M068797,4
M087375,4
M020402,4
M070795,4
M013494,4
M048836,4
M069627,4
M087100,4
M041544,4
M022603,4
M003505,4
M058741,4
M075689,4
M079974,4
M016190,4
M088020,4
M055807,4
M021395,4
M064623,4
M042969,4
M062639,4
M032418,4
M010478,4
M049473,4
M086378,4
M026608,4
M080239,4
M065066,4
M085326,4
M011222,4
M021511,4
M054975,4
M005496,4
M036678,4
M003784,4
M055685,4
M040168,4
M074930,4
M046571,4
M032482,4
M081624,4
M024364,4
M077988,4
M067341,4
M089262,4
M066729,4
M039525,4
M051834,4
M003428,4
M071010,4
M061394,4
M016354,4
M056060,4
M005523,4
M061844,4
M070724,4
M019241,4
M081004,4
M073167,4
M014509,4
M086650,4
M071213,4
M091994,4
M049366,4
M016107,4
M027548,4
M074744,4
M042188,4
M075657,4
M049081,4
M018150,4
M005786,4
M080091,4
M100488,4
M034403,4
M027969,4
M092470,4
M020330,4
M049990,4
M036888,4
M080882,4
M056372,4
M090374,4
M024438,4
M101708,4
M010731,4
M008453,4
M020806,4
M033514,4
M056415,4
M089790,4
M058665,4
M031110,4
M099481,4
M092289,4
M044952,4
M026201,4
M016370,4
M053215,4
M099951,4
M082556,4
M099602,4
M091512,4
M082496,4
M075623,4
M072395,4
M036232,4
M076809,4
M014951,4
M051945,4
M056617,4
M021901,4
M029219,4
M029228,4
M094714,4
M081850,4
M082836,4
M043011,4
M010852,4
M092408,4
M074240,4
M030525,4
M024478,4
M033328,4
M023225,4
M047320,4
M019158,4
M059941,4
M010169,4
M017108,4
M073513,4
M091412,4
M025736,4
M008843,4
M032533,4
M043685,4
M016935,4
M025659,4
M068426,4
M028214,4
M074143,4
M045439,4
M017798,4
M026697,4
M061352,4
M059709,4
M056374,4
M025282,4
M014549,4
M024480,4
M099485,4
M040808,4
M015039,4
M021567,4
M088786,4
M010913,4
M026766,4
M011394,4
M050710,4
M028036,4
M074993,4
M015425,4
M065061,4
M049786,4
M008085,4
M015156,4
M019150,4
M002248,4
M038581,4
M034909,4
M003062,4
M083276,4
M033048,4
M088911,4
M055579,4
M065897,4
M065438,4
M059384,4
M002868,4
M017470,4
M019786,4
M042718,4
M078708,4
M068929,4
M015464,4
M030629,4
M027848,4
M045544,4
M045205,4
M079779,4
M093872,4
M096868,4
M027308,4
M087224,4
M012421,4
M040772,4
M000773,4
M023614,4
M096974,4
M061282,4
M003860,4
M095934,4
M036735,4
M018267,4
M038967,4
M076421,4
M048117,4
M077224,4
M077744,4
M011800,4
M066555,4
M083647,4
M082234,4
M013271,4
M066866,4
M089117,4
M090308,4
M078535,4
M004364,4
M019466,4
M027917,4
M040142,4
M085627,4
M038007,4
M088971,4
M035826,4
M050431,4
M018913,4
M072776,4
M014562,4
M023857,4
M004302,4
M073152,4
M064956,4
M025332,4
M038832,4
M025543,4
M069626,4
M065121,4
M099803,4
M092418,4
M055869,4
M022053,4
M004160,4
M026078,4
M018536,4
M027906,4
M027620,4
M028871,4
M084121,4
M071887,4
M023113,4
M021334,4
M070606,4
M086904,4
M023906,4
M054681,4
M026690,4
M076737,4
M041185,4
M049405,4
M087904,4
M012571,4
M101047,4
M081167,4
M041177,4
M096512,4
M021585,4
M068678,4
M082247,4
M071911,4
M024585,4
M095016,4
M057382,4
M033216,4
M017495,4
M042036,4
M057989,4
M023043,4
M020305,4
M066950,4
M081229,4
M090978,4
M064681,4
M094507,4
M073122,4
M062638,4
M020659,4
M017869,4
M019422,4
M010093,4
M089349,4
M014994,4
M081338,4
M081933,4
M039775,4
M021077,4
M029802,4
M072982,4
M044150,4
M065730,4
M021523,4
M010635,4
M070088,4
M068000,4
M030223,4
M019789,4
M039257,4
M030606,4
M022164,4
M079633,4
M055795,4
M017940,4
M049089,4
M067625,4
M074699,4
M033137,4
M042113,4
M033284,4
M023769,4
M067524,4
M084231,4
M058198,4
M072972,4
M100949,4
M075907,4
M090688,4
M072877,4
M081224,4
M040210,4
M008923,4
M085999,4
M084345,4
M092011,4
M015607,4
M086400,4
M065679,4
M003679,4
M007626,4
M071211,4
M016964,4
M097884,4
M057692,4
M081341,4
M069143,4
M081886,4
M054533,4
M017905,4
M010023,4
M007231,4
M058395,4
M043587,4
M067223,4
M075628,4
M093394,4
M087931,4
M077307,4
M049052,4
M081211,4
M033081,4
M062601,4
M097980,4
M039264,4
M002615,4
M016927,4
M026245,4
M031455,4
M066736,4
M060953,4
M026522,4
M087051,4
M101434,4
M028810,4
M031476,4
M034191,4
M084116,4
M020688,4
M053921,4
M035746,4
M030812,4
M052170,4
M033724,4
M097147,4
M015778,4
M050094,4
M031325,4
M035479,4
M080606,4
M050144,4
M072580,4
M031780,4
M091705,4
M035511,4
M043111,4
M064769,4
M031387,4
M026792,4
M046843,4
M027026,4
M031788,4
M026974,4
M090201,4
M061447,4
M037422,4
M035975,4
M036529,4
M036351,4
M036366,4
M028285,4
M057838,4
M066460,4
M048256,4
M038102,4
M035332,4
M003400,4
M090053,4
M032038,4
M000038,4
M041278,4
M090792,4
M074427,4
M078164,4
M098995,4
M034251,4
M028769,4
M082423,4
M024446,4
M030665,4
M039799,4
M036039,4
M093350,4
M021870,4
M038053,4
M020286,4
M032864,4
M090593,4
M041899,4
M027648,4
M031875,4
M079757,4
M035741,4
M041800,4
M099704,4
M080274,4
M050869,4
M061482,4
M013773,4
M006140,4
M001158,4
M058370,4
M035477,4
M020458,4
M029403,4
M033624,4
M025339,4
M030699,4
M030782,4
M028218,4
M057456,4
M034716,4
M031605,4
M088021,4
M024941,4
M030625,4
M002698,4
M034032,4
M005139,4
M047386,4
M097229,4
M027382,4
M026376,4
M015580,4
M029319,4
M069528,4
M068928,4
M030875,4
M048130,4
M092816,4
M033256,4
M098634,4
M085049,4
M021442,4
M009591,4
M053876,4
M020966,4
M047076,4
M026484,4
M024301,4
M035859,4
M037906,4
M058340,4
M038891,4
M101729,4
M034692,4
M036706,4
M054248,4
M036288,4
M030886,4
M063960,4
M036609,4
M024747,4
M034340,4
M025374,4
M029343,4
M016742,4
M064435,4
M034769,4
M032051,4
M069596,4
M044651,4
M034052,4
M034602,4
M101200,4
M095747,4
M090325,4
M041671,4
M059115,4
M028795,4
M064604,4
M031305,4
M030596,4
M030377,4
M048549,4
M080899,4
M030466,4
M052558,4
M065848,4
M001241,4
M058887,4
M030007,4
M077465,4
M025639,4
M046090,4
M042038,4
M027614,4
M019935,4
M046024,4
M031659,4
M085711,4
M059893,4
M071443,4
M036024,4
M064293,4
M016021,4
M032563,4
M056070,4
M065742,4
M044974,4
M071582,4
M002331,4
M092763,4
M067459,4
M096185,4
M058952,4
M040375,4
M036590,4
M042927,4
M037918,4
M029096,4
M009425,4
M100625,4
M061240,4
M029493,4
M047349,4
M064356,4
M080157,4
M058253,4
M006518,4
M017157,4
M015024,4
M068235,4
M054104,4
M059701,4
M053131,4
M071602,4
M072571,4
M070005,4
M047230,4
M033690,4
M056010,4
M054484,4
M047895,4
M100425,4
M076748,4
M080105,4
M071519,4
M098835,4
M063725,4
M081600,4
M067294,4
M052711,4
M072774,4
M060084,4
M065331,4
M044145,4
M084317,4
M091358,4
M088333,4
M033254,4
M061210,4
M025844,4
M059473,4
M057338,4
M044209,4
M098978,4
M065563,4
M063731,4
M094701,4
M035459,4
M093595,4
M101367,4
M030035,4
M045710,4
M087307,4
M042564,4
M073642,4
M029937,4
M013390,4
M042305,4
M042043,4
M053908,4
M099049,4
M096840,4
M080079,4
M059637,4
M061541,4
M035490,4
M080993,4
M055382,4
M040708,4
M056655,4
M048928,4
M038783,4
M051954,4
M036526,4
M071021,4
M073128,4
M042336,4
M056751,4
M093885,4
M038570,4
M013299,4
M089181,4
M061307,4
M036943,4
M090163,4
M045429,4
M059656,4
M037111,4
M055559,4
M010563,4
M047838,4
M034119,4
M020811,4
M099603,4
M073604,4
M083007,4
M070441,4
M031147,4
M014336,4
M052465,4
M033215,4
M057607,4
M090241,4
M059352,4
M003781,4
M057204,4
M051669,4
M057746,4
M075568,4
M022979,4
M078794,4
M034229,4
M028089,4
M099401,4
M061037,4
M091434,4
M017174,4
M053323,4
M040118,4
M060288,4
M046279,4
M075960,4
M099499,4
M078639,4
M085289,4
M075994,4
M038331,4
M055212,4
M095135,4
M088349,4
M046921,4
M021659,4
M054163,4
M054129,4
M071972,4
M076740,4
M067108,4
M066589,4
M072019,4
M006572,4
M089727,4
M040669,4
M046755,4
M031472,4
M084572,4
M024024,4
M049526,4
M083869,4
M092573,4
M050628,4
M100800,4
M023811,4
M084787,4
M062098,4
M060499,4
M014856,4
M092056,4
M038194,4
M009499,4
M047004,4
M068493,4
M004074,4
M033253,4
M046541,4
M084950,4
M021258,4
M022004,4
M080144,4
M087525,4
M065619,4
M052788,4
M036700,4
M084612,4
M073506,4
M055719,4
M035758,4
M055430,4
M060511,4
M041520,4
M056151,4
M089327,4
M047771,4
M038745,4
M075851,4
M036426,4
M075654,4
M000819,4
M067488,4
M071786,4
M036997,4
M087235,4
M091159,4
M094213,4
M092522,4
M076338,4
M085401,4
M039980,4
M095345,4
M074049,4
M089905,4
M056537,4
M033104,4
M030036,4
M080005,4
M036599,4
M006853,4
M042345,4
M045054,4
M037537,4
M014086,4
M047823,4
M058943,4
M060676,4
M036640,4
M020214,4
M068390,4
M070500,4
M083310,4
M097431,4
M085189,4
M044612,4
M043191,4
M087524,4
M069438,4
M080165,4
M043656,4
M090317,4
M096935,4
M077874,4
M099192,4
M073184,4
M038537,4
M042053,4
M084162,4
M051314,4
M088452,4
M098383,4
M063217,4
M037476,4
M070167,4
M077838,4
M050372,4
M042848,4
M055187,4
M051032,4
M050686,4
M058480,4
M084973,4
M080135,4
M095196,4
M022391,4
M049729,4
M041749,4
M066527,4
M034658,4
M092536,4
M063705,4
M043885,4
M071785,4
M063670,4
M076631,4
M040628,4
M099964,4
M070048,4
M045087,4
M064971,4
M069738,4
M030769,4
M037577,4
M033012,4
M048109,4
M071963,4
M075826,4
M094983,4
M060095,4
M070889,4
M085934,4
M030532,4
M038847,4
M039383,4
M091234,4
M017708,4
M080836,4
M040763,4
M011695,4
M022995,4
M052931,4
M065165,4
M098566,4
M050314,4
M088963,4
M086156,4
M047273,4
M092850,4
M086930,4
M049741,4
M049793,4
M075237,4
M005119,4
M074842,4
M048536,4
M073153,4
M064952,4
M061969,4
M095583,4
M054439,4
M094269,4
M024626,4
M044333,4
M048300,4
M038201,4
M073724,4
M003696,4
M092481,4
M071575,4
M043360,4
M062786,4
M040186,4
M059952,4
M064578,4
M098751,4
M092021,4
M073690,4
M090958,4
M071962,4
M077043,4
M075388,4
M043322,4
M093602,4
M075891,4
M045038,4
M055617,4
M062696,4
M048064,4
M055365,4
M063594,4
M050769,4
M099295,4
M046563,4
M047795,4
M045208,4
M086467,4
M087758,4
M001786,4
M095322,4
M096109,4
M049827,4
M064961,4
M099701,4
M095638,4
M015035,4
M051856,4
M058849,4
M052650,4
M059484,4
M059406,4
M065404,4
M053326,4
M048342,4
M060482,4
M070634,4
M070014,4
M010702,4
M095366,4
M066838,4
M060993,4
M055147,4
M044005,4
M013770,4
M052088,4
M063604,4
M084071,4
M051078,4
M047194,4
M079394,4
M096370,4
M068702,4
M042299,4
M049715,4
M054626,4
M052083,4
M053795,4
M047881,4
M038280,4
M073490,4
M083467,4
M083210,4
M080890,4
M080273,4
M050394,4
M078263,4
M099931,4
M095377,4
M066915,4
M066746,4
M087273,4
M072546,4
M068695,4
M100408,4
M049852,4
M071608,4
M013710,4
M060698,4
M065983,4
M055310,4
M056422,4
M065904,4
M047820,4
M051531,4
M072817,4
M099337,4
M028035,4
M075396,4
M038193,4
M018396,4
M071850,4
M052492,4
M031221,4
M079861,4
M098281,4
M065537,4
M100953,4
M046126,4
M067435,4
M078845,4
M074803,4
M085115,4
M085086,4
M059998,4
M097224,4
M064272,4
M022785,4
M051455,4
M052796,4
M035484,4
M069741,4
M057873,4
M049723,4
M054565,4
M058059,4
M053858,4
M048527,4
M062272,4
M095447,4
M072523,4
M074657,4
M083193,4
M081401,4
M062906,4
M090203,4
M049194,4
M046381,4
M017813,4
M048399,4
M046990,4
M047932,4
M050951,4
M055405,4
M086752,4
M052026,4
M098986,4
M082762,4
M092447,4
M062100,4
M048279,4
M091876,4
M091050,4
M085950,4
M013916,4
M014358,4
M078652,4
M052300,4
M063239,4
M085876,4
M056358,4
M023699,4
M061135,4
M043957,4
M021502,4
M075383,4
M071639,4
M099692,4
M087901,4
M075185,4
M044577,4
M069808,4
M051760,4
M045578,4
M064357,4
M084957,4
M059945,4
M051340,4
M075350,4
M054910,4
M060495,4
M055150,4
M070061,4
M067230,4
M039371,4
M089571,4
M098624,4
M098413,4
M047217,4
M049422,4
M089960,4
M019293,4
M079963,4
M054233,4
M019402,4
M086960,4
M083034,4
M068171,4
M080523,4
M050765,4
M101673,4
M098091,4
M081942,4
M101322,4
M092288,4
M054982,4
M031039,4
M085482,4
M072300,4
M073293,4
M015032,4
M085319,4
M043015,4
M004759,4
M022924,4
M080916,4
M092854,4
M068600,4
M040026,4
M024960,4
M041504,4
M053316,4
M100469,4
M079116,4
M004002,4
M087502,4
M096004,4
M007337,4
M080611,4
M063319,4
M058589,4
M082113,4
M018352,4
M066466,4
M048603,4
M070956,4
M025355,4
M072694,4
M053005,4
M099561,4
M070516,4
M068659,4
M056532,4
M062688,4
M045742,4
M046049,4
M072413,4
M091482,4
M054303,4
M091941,4
M072577,4
M049407,4
M060031,4
M089409,4
M093870,4
M068095,4
M051535,4
M075397,4
M083837,4
M100413,4
M061130,4
M055363,4
M060831,4
M056673,4
M011891,4
M072147,4
M069987,4
M084055,4
M072086,4
M068898,4
M072647,4
M021356,4
M065905,4
M056480,4
M047805,4
M092234,4
M088998,4
M096520,4
M027019,4
M079259,4
M069554,4
M071946,4
M083366,4
M088914,4
M092828,4
M065008,4
M056984,4
M088810,4
M022125,4
M073689,4
M061045,4
M052539,4
M047144,4
M071908,4
M063202,4
M079203,4
M084428,4
M066366,4
M065246,4
M061457,4
M064193,4
M098740,4
M085332,4
M046451,4
M059565,4
M052602,4
M082130,4
M093969,4
M095649,4
M053009,4
M082650,4
M086823,4
M100489,4
M089870,4
M071594,4
M082154,4
M086373,4
M051020,4
M071877,4
M077749,4
M059633,4
M099030,4
M095566,4
M077666,4
M071157,4
M099382,4
M075740,4
M041002,4
M071940,4
M070169,4
M088785,4
M079770,4
M094652,4
M058085,4
M067185,4
M061651,4
M090716,4
M070340,4
M048133,4
M079215,4
M036287,4
M083630,4
M086199,4
M067037,4
M042210,4
M084351,4
M005181,4
M016528,4
M065456,4
M093837,4
M054416,4
M038374,4
M086260,4
M061325,4
M100163,4
M096917,4
M059587,4
M058541,4
M082420,4
M003853,4
M083134,4
M072107,4
M099238,4
M072768,4
M076459,4
M058709,4
M042136,4
M078849,4
M069130,4
M082341,4
M094870,4
M078973,4
M075656,4
M100586,4
M082798,4
M091908,4
M022485,4
M057314,4
M091993,4
M069308,4
M061680,4
M047950,4
M065510,4
M088794,4
M089012,4
M016425,4
M026624,4
M052768,4
M001527,4
M061328,4
M073317,4
M015194,4
M051159,4
M059368,4
M053410,4
M022892,4
M041937,4
M078749,4
M057019,4
M099442,4
M086774,4
M085147,4
M069640,4
M100716,4
M073308,4
M014293,4
M084078,4
M100513,4
M064238,4
M056940,4
M007483,4
M077846,4
M078735,4
M088791,4
M087965,4
M068964,4
M086715,4
M079868,4
M098760,4
M022554,4
M088526,4
M043897,4
M077370,4
M056739,4
M099471,4
M099243,4
M057032,4
M077825,4
M015433,4
M063493,4
M099246,4
M043669,4
M055891,4
M057503,4
M070930,4
M095579,4
M098156,4
M004171,4
M061355,4
M093088,4
M003858,4
M055327,4
M066897,4
M082490,4
M075017,4
M057273,4
M067941,4
M077404,4
M072623,4
M069993,4
M064724,4
M091796,4
M069881,4
M048823,4
M079706,4
M094972,4
M082459,4
M087076,4
M042514,4
M035205,4
M065503,4
M043959,4
M048623,4
M096031,4
M069437,4
M062253,4
M072148,4
M084965,4
M082528,4
M075514,4
M072758,4
M100781,4
M096141,4
M095228,4
M101256,4
M080178,4
M010791,4
M094164,4
M062258,4
M069451,4
M068195,4
M018604,4
M085207,4
M069668,4
M056633,4
M101478,4
M060372,4
M051281,4
M099936,4
M091230,4
M074736,4
M044312,4
M083372,4
M048969,4
M083972,4
M069420,4
M083230,4
M067282,4
M046715,4
M067600,4
M061165,4
M012067,4
M042739,4
M082369,4
M097939,4
M091604,4
M037392,4
M074280,4
M098625,4
M091281,4
M072410,4
M091194,4
M053730,4
M071307,4
M048976,4
M058169,4
M092881,4
M081024,4
M080854,4
M089935,4
M092657,4
M072229,4
M043700,4
M067874,4
M064400,4
M070503,4
M100241,4
M078145,4
M100197,4
M066752,4
M098454,4
M093570,4
M086994,4
M101679,4
M034223,4
M073031,4
M055759,4
M077209,4
M006291,4
M015782,4
M041422,4
M004432,4
M101506,4
M036957,4
M081703,4
M096702,4
M061174,4
M082636,4
M043719,4
M047996,4
M066382,4
M070545,4
M070620,4
M068013,4
M077739,4
M019982,4
M078191,4
M069725,4
M045040,4
M091426,4
M092404,4
M056379,4
M090359,4
M070528,4
M095046,4
M073267,4
M101296,4
M094483,4
M095808,4
M091122,4
M078448,4
M082311,4
M094144,4
M086242,4
M082602,4
M074503,4
M088241,4
M076753,4
M074055,4
M052093,4
M052397,4
M097867,4
M039895,4
M063022,4
M073426,4
M062629,4
M065800,4
M094725,4
M089159,4
M063061,4
M083101,4
M100951,4
M069147,4
M078710,4
M098965,4
M094249,4
M052502,4
M063515,4
M077578,4
M064086,4
M096416,4
M082555,4
M092232,4
M083508,4
M087316,4
M075493,4
M066676,4
M084748,4
M002010,4
M066801,4
M092982,4
M072296,4
M064058,4
M075860,4
M101683,4
M074635,4
M068667,4
M060283,4
M058909,4
M076983,4
M069926,4
M069784,4
M050647,4
M054472,4
M079102,4
M061622,4
M085799,4
M078295,4
M054149,4
M080397,4
M096383,4
M072344,4
M050721,4
M086910,4
M070382,4
M091469,4
M040329,4
M065605,4
M099641,4
M031283,4
M050848,4
M056911,4
M086996,4
M087001,4
M022823,4
M018453,4
M098588,4
M080359,4
M082080,4
M097559,4
M066640,4
M008734,4
M037748,4
M093275,4
M085503,4
M100293,4
M076023,4
M083345,4
M079376,4
M084440,4
M091164,4
M089415,4
M094953,4
M095811,4
M078760,4
M092393,4
M082873,4
M083088,4
M073257,4
M065102,4
M093459,4
M081704,4
M092618,4
M083494,4
M092400,4
M092180,4
M022997,4
M006540,4
M076825,4
M088231,4
M041376,4
M016971,4
M067092,4
M085197,4
M098471,4
M082575,4
M051475,4
M091658,4
M089036,4
M078114,4
M039730,4
M093084,4
M090873,4
M089090,4
M075750,4
M101519,4
M069511,4
M100588,4
M084133,4
M074231,4
M096952,4
M098580,4
M056599,4
M091538,4
M055240,4
M067885,4
M089619,4
M089078,4
M083439,4
M079846,4
M080282,4
M074972,4
M075179,4
M089943,4
M021489,4
M044834,4
M101064,4
M058606,4
M055124,4
M073996,4
M074566,4
M073798,4
M065031,4
M072209,4
M097615,4
M082395,4
M044701,4
M079157,4
M006568,4
M062829,4
M100581,4
M038028,4
M079456,4
M028345,4
M096010,4
M070897,4
M082849,4
M057464,4
M099943,4
M098881,4
M014412,4
M096363,4
M083054,4
M084462,4
M066682,4
M074185,4
M090952,4
M060905,4
M051589,4
M078299,4
M100767,4
M070108,4
M081091,4
M083459,4
M085940,4
M098289,4
M014423,4
M092377,4
M019891,4
M093680,4
M091213,4
M098235,4
M094080,4
M042620,4
M092938,4
M090517,4
M083637,4
M074312,4
M015266,4
M056590,4
M009860,4
M001974,4
M073911,4
M052243,4
M023848,4
M024987,4
M096118,4
M095891,4
M073360,4
M056235,4
M043306,4
M082877,3
M088677,3
M086068,3
M038150,3
M042693,3
M082039,3
M096513,3
M096364,3
M084803,3
M053504,3
M000264,3
M003879,3
M057366,3
M079625,3
M050156,3
M007423,3
M069384,3
M042744,3
M073304,3
M044202,3
M085678,3
M019638,3
M056073,3
M000719,3
M000519,3
M041197,3
M055564,3
M013033,3
M038898,3
M069036,3
M000284,3
M048363,3
M045227,3
M002838,3
M002471,3
M034572,3
M021577,3
M087118,3
M000414,3
M039163,3
M093871,3
M000712,3
M000205,3
M037236,3
M000503,3
M032727,3
M000959,3
M016083,3
M027612,3
M026511,3
M074465,3
M078258,3
M022718,3
M011026,3
M041207,3
M084339,3
M005442,3
M007271,3
M000550,3
M026148,3
M051505,3
M002488,3
M094042,3
M100350,3
M004259,3
M000778,3
M002594,3
M093333,3
M043626,3
M000555,3
M000677,3
M049292,3
M046369,3
M002140,3
M040546,3
M003125,3
M037344,3
M002814,3
M002389,3
M045792,3
M018543,3
M084643,3
M004845,3
M067158,3
M088969,3
M082552,3
M005400,3
M097083,3
M013364,3
M006087,3
M025221,3
M013180,3
M015985,3
M035203,3
M041522,3
M014083,3
M069148,3
M012681,3
M017578,3
M040804,3
M038592,3
M036644,3
M066443,3
M053976,3
M067575,3
M066606,3
M062681,3
M002813,3
M042994,3
M046293,3
M037663,3
M014146,3
M037327,3
M015187,3
M020791,3
M008973,3
M008256,3
M070539,3
M038709,3
M051383,3
M068571,3
M038144,3
M012927,3
M017614,3
M011067,3
M057727,3
M019362,3
M090423,3
M073105,3
M018090,3
M001397,3
M003742,3
M021273,3
M020842,3
M018410,3
M006020,3
M013109,3
M061589,3
M001941,3
M029032,3
M031560,3
M027202,3
M083978,3
M075600,3
M049045,3
M058712,3
M045081,3
M076862,3
M037865,3
M082272,3
M092338,3
M052716,3
M032997,3
M025530,3
M000894,3
M064087,3
M097011,3
M047559,3
M016368,3
M049014,3
M020276,3
M002056,3
M019164,3
M003276,3
M014698,3
M010569,3
M022187,3
M053124,3
M034417,3
M010549,3
M012746,3
M008979,3
M079155,3
M068950,3
M064194,3
M079447,3
M073806,3
M077133,3
M046311,3
M037860,3
M036841,3
M029080,3
M006204,3
M066625,3
M043905,3
M022136,3
M001820,3
M013937,3
M013712,3
M035613,3
M014529,3
M004629,3
M034284,3
M001154,3
M004722,3
M022623,3
M008407,3
M010070,3
M010662,3
M068887,3
M057346,3
M029870,3
M002996,3
M007194,3
M019103,3
M086541,3
M094185,3
M014519,3
M014949,3
M002507,3
M028880,3
M015153,3
M025499,3
M061077,3
M097061,3
M101463,3
M070997,3
M058752,3
M013722,3
M022868,3
M024975,3
M002019,3
M075605,3
M046916,3
M029042,3
M060249,3
M063115,3
M061417,3
M053934,3
M026991,3
M097234,3
M016250,3
M003273,3
M002822,3
M002157,3
M052095,3
M025115,3
M024336,3
M068622,3
M000250,3
M029034,3
M036387,3
M010010,3
M011587,3
M091028,3
M023416,3
M006573,3
M027319,3
M012037,3
M017181,3
M008871,3
M015520,3
M043913,3
M017026,3
M027668,3
M054083,3
M046110,3
M098712,3
M041792,3
M016786,3
M008202,3
M015721,3
M020834,3
M051724,3
M098778,3
M031950,3
M040338,3
M042703,3
M078462,3
M025418,3
M016860,3
M003113,3
M011772,3
M006535,3
M032897,3
M043798,3
M097095,3
M086764,3
M077978,3
M031199,3
M073450,3
M095203,3
M022462,3
M046037,3
M006841,3
M028194,3
M011402,3
M054596,3
M072575,3
M045409,3
M096734,3
M036703,3
M039848,3
M054473,3
M010155,3
M099253,3
M026489,3
M013380,3
M044672,3
M019026,3
M027217,3
M078556,3
M019991,3
M025510,3
M022338,3
M034158,3
M096516,3
M016365,3
M022729,3
M005516,3
M031793,3
M008063,3
M030498,3
M037546,3
M036773,3
M096996,3
M026077,3
M030446,3
M005391,3
M008630,3
M011064,3
M053719,3
M027512,3
M008110,3
M058351,3
M018000,3
M003536,3
M027626,3
M012919,3
M025539,3
M024605,3
M003483,3
M066789,3
M023640,3
M003337,3
M018379,3
M029571,3
M030433,3
M002609,3
M018209,3
M037574,3
M043896,3
M055353,3
M071536,3
M008690,3
M037870,3
M008724,3
M075873,3
M010088,3
M047671,3
M042123,3
M099417,3
M010930,3
M001357,3
M011795,3
M003071,3
M092013,3
M093270,3
M091828,3
M100969,3
M025177,3
M066487,3
M016567,3
M057308,3
M002297,3
M076853,3
M002835,3
M003005,3
M056391,3
M010766,3
M057820,3
M007450,3
M095027,3
M006288,3
M062603,3
M027537,3
M032279,3
M016508,3
M017296,3
M051817,3
M013902,3
M057783,3
M010241,3
M007051,3
M046362,3
M028505,3
M012830,3
M007552,3
M018167,3
M004194,3
M041343,3
M093440,3
M030040,3
M041996,3
M002147,3
M032739,3
M043627,3
M054122,3
M030489,3
M033959,3
M022411,3
M037227,3
M065993,3
M011533,3
M053651,3
M056481,3
M080682,3
M032910,3
M036663,3
M040950,3
M009545,3
M020677,3
M065988,3
M025328,3
M021138,3
M003678,3
M033122,3
M092572,3
M044036,3
M067589,3
M013837,3
M011892,3
M003195,3
M017693,3
M004553,3
M029628,3
M095549,3
M040492,3
M090493,3
M033606,3
M019279,3
M010871,3
M012456,3
M002860,3
M011969,3
M001135,3
M030365,3
M090823,3
M066691,3
M004164,3
M035346,3
M049515,3
M016331,3
M024621,3
M029944,3
M025465,3
M087699,3
M004813,3
M083171,3
M026324,3
M016090,3
M004189,3
M007407,3
M086324,3
M030966,3
M094696,3
M009171,3
M001529,3
M044989,3
M016031,3
M024702,3
M003901,3
M011960,3
M061440,3
M031315,3
M018009,3
M070938,3
M052840,3
M006913,3
M034529,3
M065494,3
M006355,3
M091338,3
M012845,3
M025435,3
M017283,3
M010684,3
M007815,3
M008416,3
M019399,3
M030905,3
M094176,3
M017975,3
M074459,3
M032907,3
M028535,3
M019691,3
M059467,3
M018556,3
M044341,3
M003181,3
M063874,3
M033984,3
M017628,3
M072790,3
M018914,3
M020676,3
M088400,3
M042987,3
M079461,3
M003304,3
M030742,3
M001811,3
M026179,3
M035946,3
M004782,3
M020980,3
M003533,3
M029568,3
M094088,3
M032073,3
M100248,3
M025108,3
M023768,3
M096596,3
M014911,3
M053379,3
M008057,3
M009355,3
M009953,3
M027451,3
M021441,3
M035403,3
M004982,3
M003658,3
M002909,3
M004334,3
M019160,3
M005910,3
M084845,3
M001344,3
M007826,3
M086074,3
M012210,3
M013853,3
M062487,3
M007121,3
M065471,3
M033056,3
M065668,3
M091632,3
M053788,3
M002614,3
M008875,3
M086020,3
M097703,3
M086711,3
M001044,3
M002669,3
M004630,3
M027406,3
M060987,3
M047036,3
M012294,3
M012411,3
M005134,3
M048990,3
M027053,3
M067686,3
M010621,3
M075888,3
M061092,3
M003864,3
M090617,3
M012216,3
M003118,3
M013689,3
M022819,3
M065910,3
M029924,3
M025204,3
M004196,3
M005766,3
M024932,3
M065812,3
M053631,3
M035164,3
M061909,3
M027138,3
M009559,3
M078866,3
M024922,3
M018922,3
M086153,3
M081868,3
M060207,3
M015911,3
M068012,3
M013551,3
M019731,3
M010185,3
M015862,3
M024535,3
M046536,3
M055431,3
M075400,3
M019902,3
M084484,3
M049950,3
M003932,3
M088229,3
M094484,3
M059711,3
M014555,3
M008323,3
M060949,3
M025172,3
M073884,3
M084842,3
M012297,3
M071795,3
M015553,3
M035152,3
M035433,3
M015521,3
M023303,3
M013422,3
M054242,3
M003721,3
M044555,3
M007042,3
M032441,3
M010932,3
M094475,3
M097861,3
M003822,3
M037461,3
M026135,3
M023163,3
M011240,3
M008652,3
M016402,3
M026708,3
M008217,3
M072398,3
M018910,3
M031074,3
M015620,3
M020699,3
M060533,3
M054864,3
M067269,3
M030653,3
M001722,3
M041492,3
M013320,3
M072528,3
M005310,3
M093558,3
M088072,3
M092092,3
M036769,3
M008866,3
M025495,3
M004948,3
M080285,3
M008684,3
M028559,3
M036650,3
M067468,3
M032547,3
M016853,3
M004682,3
M028016,3
M025143,3
M004567,3
M023174,3
M022597,3
M005958,3
M004573,3
M001628,3
M041460,3
M008534,3
M049222,3
M004330,3
M015775,3
M005626,3
M014012,3
M046692,3
M077256,3
M008798,3
M018750,3
M005141,3
M039491,3
M019554,3
M057332,3
M008124,3
M038980,3
M068795,3
M057632,3
M065597,3
M002030,3
M039162,3
M006274,3
M004292,3
M011827,3
M011238,3
M007683,3
M030850,3
M002504,3
M003002,3
M016297,3
M007242,3
M024514,3
M023429,3
M014234,3
M039967,3
M022959,3
M041966,3
M005731,3
M009062,3
M020352,3
M042352,3
M026562,3
M048701,3
M021642,3
M015612,3
M005424,3
M009902,3
M004540,3
M068168,3
M089615,3
M032106,3
M035382,3
M017171,3
M007860,3
M076928,3
M008848,3
M020646,3
M046638,3
M043168,3
M025637,3
M004450,3
M097659,3
M003762,3
M015492,3
M051632,3
M028878,3
M031995,3
M093112,3
M095477,3
M047101,3
M027625,3
M019657,3
M020313,3
M017193,3
M066716,3
M018375,3
M090998,3
M091844,3
M091489,3
M051777,3
M047760,3
M016967,3
M034079,3
M023518,3
M018142,3
M052096,3
M009186,3
M010816,3
M005421,3
M023349,3
M005278,3
M025250,3
M042331,3
M096216,3
M012783,3
M027722,3
M042249,3
M064700,3
M047188,3
M099666,3
M009115,3
M036241,3
M022336,3
M026948,3
M008966,3
M013425,3
M024136,3
M045975,3
M010507,3
M029231,3
M039518,3
M018430,3
M037658,3
M059985,3
M048163,3
M016942,3
M030548,3
M084586,3
M100691,3
M031629,3
M036275,3
M041134,3
M039374,3
M015486,3
M011012,3
M051136,3
M005484,3
M034657,3
M015809,3
M045978,3
M001296,3
M055037,3
M010051,3
M093332,3
M081540,3
M082433,3
M083563,3
M009697,3
M008270,3
M082114,3
M027367,3
M010699,3
M063016,3
M026036,3
M043784,3
M048066,3
M019845,3
M034594,3
M094473,3
M055633,3
M010291,3
M012452,3
M009890,3
M008891,3
M016038,3
M027585,3
M010965,3
M002250,3
M006223,3
M030953,3
M010067,3
M003018,3
M001088,3
M087831,3
M097272,3
M089589,3
M011957,3
M069959,3
M011482,3
M088488,3
M004180,3
M045229,3
M089328,3
M028638,3
M065514,3
M026112,3
M004980,3
M013058,3
M016229,3
M009460,3
M035146,3
M072692,3
M101190,3
M094468,3
M089374,3
M049600,3
M043272,3
M021753,3
M024270,3
M007724,3
M004817,3
M012438,3
M024871,3
M013614,3
M003687,3
M015727,3
M019258,3
M039020,3
M003876,3
M083667,3
M098430,3
M091595,3
M098662,3
M025941,3
M016945,3
M097936,3
M083698,3
M022939,3
M011303,3
M033649,3
M079952,3
M021929,3
M050582,3
M061263,3
M031154,3
M016671,3
M008410,3
M014274,3
M057777,3
M017566,3
M065724,3
M002923,3
M027219,3
M059250,3
M063524,3
M095565,3
M089442,3
M088292,3
M022982,3
M020239,3
M003299,3
M069631,3
M025912,3
M032233,3
M072869,3
M065387,3
M022922,3
M025605,3
M029641,3
M027095,3
M015853,3
M007050,3
M002668,3
M036242,3
M033383,3
M012368,3
M016618,3
M035814,3
M073722,3
M038365,3
M031886,3
M047570,3
M014830,3
M014416,3
M077842,3
M036714,3
M037115,3
M021388,3
M100931,3
M009894,3
M012513,3
M062610,3
M015133,3
M080074,3
M059500,3
M009669,3
M014474,3
M019213,3
M016420,3
M013276,3
M004979,3
M093761,3
M086167,3
M078661,3
M082817,3
M053926,3
M100369,3
M029337,3
M084580,3
M046647,3
M013999,3
M017976,3
M012049,3
M016113,3
M021247,3
M037412,3
M021175,3
M030495,3
M073170,3
M020767,3
M018368,3
M017520,3
M086065,3
M069168,3
M086139,3
M025429,3
M004921,3
M051686,3
M049529,3
M010519,3
M009028,3
M037664,3
M025263,3
M071043,3
M037685,3
M012029,3
M068484,3
M058877,3
M053382,3
M078952,3
M012931,3
M039615,3
M028743,3
M100075,3
M007468,3
M063749,3
M007519,3
M031977,3
M030282,3
M011598,3
M020436,3
M060918,3
M065276,3
M018820,3
M101113,3
M072339,3
M042055,3
M048257,3
M013938,3
M097410,3
M016373,3
M014934,3
M096017,3
M010053,3
M064100,3
M014277,3
M036439,3
M022851,3
M010021,3
M010319,3
M036539,3
M037379,3
M018095,3
M007671,3
M001713,3
M085423,3
M064151,3
M053486,3
M011288,3
M089690,3
M060034,3
M083114,3
M054466,3
M066995,3
M058729,3
M006158,3
M049785,3
M090540,3
M087022,3
M083346,3
M067383,3
M003072,3
M032134,3
M072491,3
M012620,3
M004125,3
M025054,3
M100893,3
M068696,3
M005147,3
M067189,3
M079330,3
M068120,3
M070419,3
M036910,3
M015144,3
M058663,3
M079998,3
M080604,3
M060458,3
M018964,3
M014953,3
M097714,3
M083609,3
M073582,3
M020379,3
M052407,3
M032010,3
M007667,3
M022047,3
M015591,3
M005862,3
M022221,3
M018824,3
M051738,3
M053802,3
M050106,3
M024838,3
M056189,3
M001790,3
M008161,3
M098765,3
M089361,3
M003519,3
M064202,3
M008095,3
M032784,3
M004699,3
M021029,3
M003494,3
M061942,3
M077862,3
M028370,3
M018980,3
M014285,3
M038479,3
M098258,3
M020493,3
M083570,3
M000527,3
M007510,3
M028987,3
M025167,3
M053278,3
M029420,3
M018562,3
M016724,3
M057525,3
M037662,3
M021255,3
M056579,3
M016584,3
M010372,3
M098023,3
M007886,3
M037225,3
M060200,3
M050665,3
M062278,3
M067724,3
M053583,3
M050753,3
M050877,3
M094237,3
M028695,3
M040758,3
M018350,3
M088598,3
M051174,3
M019326,3
M004672,3
M001435,3
M080265,3
M019019,3
M012878,3
M063454,3
M033350,3
M024204,3
M074166,3
M064213,3
M011364,3
M018406,3
M066507,3
M022662,3
M005864,3
M016980,3
M014128,3
M071441,3
M018719,3
M011153,3
M014651,3
M013740,3
M024115,3
M064663,3
M060278,3
M041986,3
M014283,3
M033896,3
M019284,3
M101521,3
M036482,3
M070928,3
M037632,3
M017528,3
M007841,3
M067311,3
M101610,3
M024349,3
M023195,3
M063831,3
M003442,3
M013557,3
M014969,3
M006198,3
M030759,3
M004646,3
M025675,3
M030101,3
M068758,3
M094795,3
M029828,3
M001476,3
M007900,3
M060804,3
M069012,3
M048937,3
M028372,3
M020844,3
M076664,3
M007991,3
M029712,3
M068561,3
M092598,3
M044009,3
M009299,3
M006918,3
M010073,3
M024710,3
M052288,3
M070188,3
M028279,3
M055582,3
M054221,3
M004170,3
M037380,3
M034491,3
M015992,3
M058309,3
M008142,3
M068062,3
M004012,3
M063396,3
M008884,3
M040902,3
M001524,3
M018583,3
M017985,3
M034640,3
M004859,3
M017080,3
M090275,3
M055766,3
M017663,3
M047240,3
M011784,3
M013337,3
M018787,3
M065810,3
M053405,3
M039280,3
M006239,3
M026654,3
M067021,3
M019780,3
M001886,3
M017057,3
M048070,3
M007456,3
M097840,3
M063568,3
M016525,3
M009670,3
M051201,3
M052613,3
M016389,3
M007162,3
M020342,3
M020004,3
M048697,3
M038114,3
M071520,3
M008446,3
M025905,3
M037445,3
M063014,3
M086049,3
M062110,3
M002158,3
M055622,3
M062340,3
M012955,3
M012328,3
M043356,3
M018608,3
M002166,3
M075358,3
M016826,3
M026317,3
M012443,3
M012197,3
M002884,3
M028610,3
M034057,3
M094552,3
M052193,3
M049787,3
M015449,3
M013745,3
M046865,3
M019805,3
M021568,3
M083817,3
M061035,3
M072084,3
M068359,3
M021087,3
M055211,3
M089902,3
M040715,3
M074002,3
M017738,3
M001315,3
M062206,3
M001708,3
M076535,3
M006659,3
M084814,3
M044039,3
M024809,3
M013267,3
M039494,3
M009454,3
M013747,3
M035621,3
M045133,3
M028941,3
M016384,3
M011591,3
M005891,3
M039003,3
M020685,3
M009938,3
M050317,3
M045610,3
M072317,3
M002598,3
M046042,3
M057657,3
M004977,3
M066415,3
M094261,3
M049097,3
M059123,3
M047799,3
M087792,3
M083339,3
M087436,3
M057891,3
M023397,3
M070444,3
M032251,3
M007025,3
M008893,3
M021734,3
M100432,3
M021720,3
M022416,3
M022112,3
M004889,3
M035196,3
M009642,3
M065381,3
M007124,3
M005872,3
M030481,3
M075462,3
M053293,3
M003484,3
M052106,3
M024406,3
M005532,3
M095285,3
M070975,3
M071106,3
M050080,3
M057645,3
M053831,3
M053229,3
M027854,3
M035544,3
M013662,3
M034098,3
M059767,3
M067618,3
M040038,3
M065507,3
M035614,3
M026492,3
M004281,3
M090529,3
M037861,3
M058939,3
M079615,3
M070649,3
M004852,3
M068700,3
M036078,3
M025020,3
M018986,3
M024659,3
M002959,3
M009814,3
M061642,3
M057514,3
M086072,3
M013097,3
M025103,3
M007540,3
M088175,3
M030158,3
M031341,3
M020472,3
M088854,3
M081874,3
M069504,3
M023577,3
M032948,3
M051898,3
M055584,3
M002355,3
M068011,3
M022426,3
M011543,3
M002958,3
M009807,3
M036565,3
M037936,3
M062719,3
M022464,3
M082098,3
M036034,3
M022163,3
M045009,3
M063218,3
M037651,3
M026613,3
M003346,3
M024727,3
M060387,3
M055872,3
M069669,3
M027035,3
M053430,3
M008465,3
M004964,3
M039897,3
M089385,3
M093914,3
M004339,3
M080204,3
M007988,3
M081959,3
M084624,3
M101597,3
M001987,3
M034313,3
M008284,3
M058861,3
M005879,3
M007913,3
M014928,3
M032439,3
M009757,3
M047615,3
M096532,3
M092085,3
M020974,3
M025766,3
M012356,3
M004037,3
M005709,3
M055611,3
M055614,3
M101432,3
M089337,3
M054857,3
M048978,3
M004658,3
M013236,3
M026375,3
M021335,3
M022703,3
M009847,3
M071217,3
M041267,3
M067134,3
M055236,3
M088225,3
M008366,3
M005534,3
M009754,3
M011058,3
M093563,3
M080549,3
M046849,3
M017266,3
M012159,3
M001594,3
M005588,3
M043215,3
M021532,3
M014892,3
M048868,3
M019429,3
M007796,3
M019332,3
M017827,3
M017298,3
M001211,3
M021179,3
M022808,3
M063354,3
M088579,3
M061464,3
M072940,3
M051994,3
M046643,3
M003589,3
M080885,3
M059154,3
M048135,3
M039060,3
M034196,3
M012568,3
M090259,3
M058753,3
M041599,3
M087486,3
M014255,3
M004391,3
M068074,3
M045146,3
M019217,3
M066019,3
M008374,3
M012164,3
M002645,3
M030368,3
M007008,3
M029481,3
M022090,3
M005430,3
M019473,3
M066672,3
M072346,3
M008883,3
M008417,3
M030834,3
M026757,3
M018336,3
M018630,3
M002150,3
M011129,3
M052227,3
M018690,3
M061888,3
M026365,3
M060835,3
M031723,3
M080076,3
M059301,3
M019998,3
M016740,3
M007145,3
M069503,3
M098069,3
M052341,3
M054197,3
M087106,3
M040471,3
M007009,3
M022319,3
M016014,3
M067709,3
M064321,3
M006599,3
M062465,3
M061917,3
M038008,3
M009887,3
M011872,3
M007779,3
M032299,3
M091461,3
M032950,3
M017244,3
M031267,3
M029594,3
M092307,3
M077253,3
M001411,3
M005803,3
M001388,3
M100202,3
M079798,3
M021097,3
M026428,3
M066559,3
M004932,3
M005291,3
M004146,3
M013199,3
M080058,3
M012880,3
M055711,3
M099998,3
M033376,3
M025683,3
M079373,3
M081646,3
M097555,3
M068022,3
M057369,3
M014305,3
M031431,3
M010826,3
M007553,3
M045543,3
M088475,3
M003926,3
M004098,3
M018012,3
M015132,3
M050930,3
M090610,3
M052297,3
M050796,3
M052379,3
M048426,3
M031417,3
M089871,3
M018998,3
M025083,3
M051126,3
M037494,3
M043170,3
M071662,3
M089288,3
M084557,3
M049283,3
M086814,3
M005143,3
M076486,3
M016033,3
M048648,3
M030752,3
M066921,3
M080686,3
M019266,3
M010914,3
M058366,3
M051891,3
M018497,3
M037734,3
M064599,3
M060788,3
M054691,3
M003159,3
M011595,3
M022413,3
M021576,3
M012477,3
M061705,3
M005307,3
M015885,3
M055499,3
M012884,3
M019978,3
M084710,3
M095241,3
M013480,3
M043326,3
M073442,3
M057345,3
M013131,3
M096632,3
M027199,3
M019201,3
M092903,3
M093273,3
M064073,3
M086820,3
M100858,3
M038041,3
M020704,3
M004431,3
M040041,3
M030581,3
M084455,3
M010884,3
M014184,3
M087739,3
M008601,3
M020311,3
M020140,3
M014025,3
M001504,3
M029450,3
M034273,3
M003824,3
M007161,3
M075322,3
M012246,3
M004350,3
M065118,3
M010654,3
M097398,3
M015850,3
M024892,3
M013092,3
M050108,3
M014989,3
M012603,3
M002315,3
M012428,3
M054885,3
M013202,3
M014496,3
M025292,3
M034801,3
M031249,3
M028546,3
M018859,3
M034268,3
M038175,3
M063499,3
M064853,3
M069624,3
M018671,3
M064926,3
M041434,3
M017293,3
M024909,3
M009382,3
M067222,3
M048328,3
M004132,3
M013578,3
M078240,3
M052489,3
M015564,3
M030635,3
M030318,3
M026181,3
M078046,3
M070684,3
M031717,3
M014739,3
M032840,3
M035549,3
M049551,3
M040617,3
M005321,3
M050709,3
M086919,3
M079923,3
M043833,3
M036717,3
M007639,3
M025568,3
M091123,3
M037823,3
M091450,3
M017455,3
M020643,3
M052722,3
M029829,3
M053061,3
M036904,3
M046244,3
M064020,3
M068129,3
M013365,3
M013457,3
M054858,3
M012128,3
M046566,3
M018656,3
M041360,3
M038623,3
M033387,3
M015343,3
M074751,3
M014252,3
M016405,3
M077859,3
M015554,3
M032827,3
M068077,3
M015674,3
M019274,3
M003921,3
M074088,3
M036414,3
M033458,3
M088718,3
M078171,3
M066493,3
M031223,3
M005782,3
M061017,3
M049332,3
M066567,3
M091501,3
M101075,3
M069459,3
M051074,3
M058918,3
M002501,3
M031077,3
M031706,3
M013034,3
M088162,3
M010864,3
M100624,3
M006348,3
M080615,3
M064243,3
M010574,3
M017438,3
M023778,3
M000895,3
M097738,3
M000385,3
M000739,3
M044204,3
M055895,3
M048592,3
M083105,3
M094162,3
M065967,3
M015301,3
M031844,3
M084644,3
M007835,3
M101727,3
M019806,3
M058611,3
M011711,3
M070017,3
M041633,3
M096160,3
M056485,3
M078914,3
M006321,3
M085072,3
M100048,3
M023385,3
M055533,3
M010736,3
M007501,3
M021840,3
M088889,3
M008844,3
M036697,3
M091019,3
M087565,3
M031745,3
M010287,3
M017875,3
M052191,3
M015893,3
M006733,3
M010091,3
M013156,3
M011936,3
M009897,3
M070198,3
M023525,3
M019417,3
M035215,3
M090781,3
M002035,3
M003925,3
M056898,3
M077247,3
M039353,3
M088895,3
M060598,3
M020470,3
M003603,3
M046256,3
M035153,3
M010150,3
M047922,3
M093429,3
M096546,3
M023719,3
M013630,3
M047957,3
M023111,3
M009775,3
M023656,3
M055139,3
M038244,3
M096814,3
M085350,3
M026332,3
M032396,3
M022389,3
M034743,3
M098691,3
M006947,3
M083621,3
M077238,3
M057819,3
M022894,3
M026128,3
M058809,3
M038380,3
M077909,3
M089784,3
M075942,3
M036718,3
M020376,3
M024852,3
M013161,3
M085553,3
M092071,3
M089934,3
M029661,3
M079688,3
M046631,3
M010467,3
M052871,3
M027951,3
M005692,3
M090462,3
M032715,3
M021516,3
M094986,3
M039394,3
M028607,3
M049438,3
M025357,3
M078237,3
M014872,3
M048466,3
M023535,3
M063235,3
M024067,3
M016200,3
M046678,3
M005778,3
M101269,3
M056392,3
M051349,3
M023638,3
M022206,3
M023057,3
M029932,3
M026340,3
M091203,3
M063369,3
M024114,3
M074828,3
M011479,3
M007590,3
M072167,3
M010896,3
M088193,3
M039358,3
M064823,3
M039035,3
M070076,3
M081494,3
M043466,3
M037156,3
M092317,3
M002904,3
M013715,3
M009947,3
M073028,3
M066409,3
M008571,3
M075168,3
M007677,3
M016069,3
M101690,3
M005346,3
M065488,3
M097401,3
M010356,3
M063931,3
M059576,3
M002637,3
M062609,3
M075262,3
M079031,3
M084937,3
M013654,3
M063849,3
M006677,3
M003409,3
M019847,3
M029301,3
M019383,3
M004441,3
M044057,3
M048613,3
M089823,3
M022346,3
M015166,3
M065018,3
M017053,3
M065782,3
M054199,3
M036111,3
M050041,3
M008591,3
M049854,3
M078290,3
M039648,3
M080403,3
M091179,3
M068652,3
M045435,3
M006216,3
M083040,3
M084223,3
M021491,3
M007755,3
M022402,3
M073342,3
M022539,3
M066301,3
M076934,3
M048700,3
M060447,3
M048221,3
M011757,3
M066984,3
M081083,3
M072430,3
M044433,3
M022723,3
M007929,3
M034498,3
M074282,3
M021794,3
M022971,3
M036604,3
M031059,3
M031265,3
M024679,3
M038021,3
M046461,3
M091509,3
M095577,3
M090833,3
M038526,3
M081702,3
M026810,3
M022710,3
M090396,3
M017598,3
M064684,3
M022931,3
M051963,3
M061949,3
M002920,3
M019819,3
M051439,3
M039629,3
M016912,3
M059422,3
M055608,3
M019884,3
M070548,3
M056917,3
M046338,3
M079214,3
M018228,3
M051783,3
M011020,3
M030115,3
M027007,3
M018548,3
M052024,3
M016481,3
M019771,3
M088879,3
M027634,3
M002064,3
M094464,3
M082126,3
M098768,3
M066969,3
M068480,3
M095694,3
M070063,3
M060707,3
M054899,3
M038003,3
M010071,3
M071487,3
M059229,3
M037056,3
M031103,3
M023749,3
M006920,3
M039032,3
M053396,3
M065003,3
M026528,3
M015167,3
M098201,3
M065437,3
M061364,3
M005944,3
M012076,3
M045669,3
M069031,3
M059963,3
M060380,3
M023129,3
M086273,3
M089559,3
M075479,3
M034816,3
M022614,3
M071539,3
M098434,3
M091362,3
M017725,3
M047184,3
M084851,3
M055656,3
M055740,3
M075621,3
M071531,3
M020693,3
M020295,3
M010830,3
M033910,3
M008882,3
M035028,3
M012929,3
M073507,3
M020995,3
M099552,3
M001513,3
M067565,3
M081252,3
M019788,3
M083871,3
M079046,3
M037523,3
M070999,3
M059175,3
M010898,3
M084290,3
M049393,3
M011264,3
M094251,3
M051428,3
M091891,3
M031902,3
M002061,3
M005544,3
M015481,3
M039255,3
M063892,3
M031189,3
M011135,3
M015797,3
M052044,3
M101738,3
M073590,3
M006812,3
M054657,3
M065950,3
M026486,3
M033778,3
M019063,3
M086730,3
M039964,3
M047962,3
M002418,3
M022984,3
M004241,3
M097081,3
M028929,3
M100461,3
M083217,3
M042159,3
M025051,3
M040467,3
M075044,3
M010601,3
M002585,3
M011028,3
M006609,3
M003267,3
M014470,3
M003194,3
M096475,3
M089916,3
M086728,3
M017522,3
M071484,3
M018522,3
M044450,3
M089027,3
M037112,3
M007015,3
M041057,3
M050859,3
M037532,3
M013130,3
M073287,3
M081407,3
M096229,3
M084816,3
M067153,3
M062988,3
M049100,3
M042479,3
M030501,3
M045020,3
M044429,3
M093927,3
M026536,3
M002656,3
M067537,3
M022522,3
M029525,3
M021347,3
M037971,3
M016952,3
M032141,3
M031132,3
M028443,3
M002346,3
M008038,3
M006409,3
M033258,3
M014291,3
M090877,3
M049200,3
M062063,3
M032352,3
M006066,3
M075590,3
M044121,3
M001796,3
M046006,3
M005302,3
M035509,3
M074272,3
M054796,3
M063058,3
M049797,3
M057336,3
M010198,3
M077896,3
M084109,3
M033046,3
M099318,3
M093588,3
M051310,3
M065636,3
M021636,3
M006619,3
M077233,3
M079997,3
M061961,3
M044086,3
M004447,3
M067038,3
M079701,3
M039147,3
M069098,3
M069833,3
M075597,3
M091453,3
M092252,3
M082014,3
M031703,3
M077278,3
M096597,3
M006304,3
M030157,3
M032152,3
M080416,3
M073898,3
M011805,3
M056981,3
M049483,3
M026005,3
M025670,3
M009245,3
M061484,3
M054014,3
M053010,3
M032595,3
M001994,3
M013668,3
M090146,3
M055798,3
M007585,3
M010129,3
M017399,3
M029118,3
M061333,3
M012415,3
M020203,3
M012386,3
M068092,3
M007523,3
M012672,3
M088235,3
M092299,3
M078979,3
M029333,3
M064747,3
M086807,3
M059013,3
M080244,3
M009886,3
M058178,3
M089232,3
M097685,3
M090850,3
M078035,3
M024419,3
M054901,3
M016026,3
M047990,3
M058942,3
M013050,3
M087711,3
M055583,3
M070401,3
M059139,3
M005695,3
M038249,3
M079188,3
M085084,3
M033815,3
M017319,3
M091419,3
M055882,3
M033557,3
M015975,3
M017449,3
M096406,3
M016147,3
M048832,3
M095770,3
M027033,3
M010885,3
M015297,3
M077451,3
M054223,3
M057749,3
M037076,3
M028686,3
M025902,3
M021844,3
M013994,3
M012391,3
M064130,3
M019283,3
M066281,3
M036037,3
M101299,3
M014850,3
M027760,3
M034986,3
M001682,3
M059143,3
M045331,3
M085468,3
M067623,3
M096665,3
M029517,3
M018782,3
M035958,3
M025353,3
M024963,3
M080766,3
M060881,3
M071482,3
M015490,3
M096166,3
M048745,3
M020566,3
M071967,3
M057085,3
M006852,3
M030408,3
M082866,3
M041775,3
M014693,3
M056356,3
M093237,3
M075053,3
M008663,3
M021882,3
M013216,3
M015415,3
M094889,3
M068119,3
M005574,3
M000989,3
M009396,3
M072257,3
M067115,3
M005276,3
M038976,3
M101012,3
M013217,3
M020852,3
M018483,3
M101100,3
M086032,3
M009104,3
M071274,3
M072830,3
M011480,3
M036821,3
M033615,3
M034054,3
M020683,3
M014099,3
M037912,3
M080701,3
M057721,3
M009212,3
M080246,3
M009444,3
M011949,3
M047923,3
M061570,3
M090154,3
M083031,3
M047960,3
M034855,3
M021802,3
M027955,3
M034295,3
M096903,3
M014087,3
M055455,3
M029599,3
M018195,3
M061673,3
M017852,3
M016954,3
M023265,3
M077706,3
M083750,3
M045581,3
M099046,3
M008603,3
M012152,3
M069638,3
M083099,3
M022632,3
M012715,3
M082454,3
M046769,3
M051916,3
M098371,3
M077327,3
M026056,3
M016920,3
M017292,3
M024156,3
M031789,3
M029332,3
M034321,3
M036829,3
M092044,3
M020134,3
M083158,3
M033140,3
M051679,3
M026421,3
M033961,3
M098256,3
M070612,3
M064834,3
M057261,3
M080672,3
M040770,3
M031290,3
M079149,3
M056616,3
M090002,3
M010363,3
M044288,3
M047733,3
M082699,3
M084077,3
M074829,3
M091407,3
M067500,3
M092666,3
M085177,3
M010599,3
M025161,3
M027921,3
M048477,3
M025665,3
M032255,3
M024042,3
M074040,3
M088716,3
M003013,3
M058065,3
M003459,3
M039710,3
M028369,3
M051284,3
M053552,3
M001121,3
M024812,3
M025473,3
M059879,3
M060938,3
M040230,3
M001226,3
M045459,3
M046777,3
M037634,3
M042460,3
M070062,3
M070394,3
M011304,3
M061185,3
M001846,3
M020828,3
M069645,3
M078537,3
M048676,3
M028302,3
M081559,3
M017179,3
M001608,3
M025063,3
M047173,3
M006136,3
M077892,3
M025129,3
M020798,3
M035973,3
M027697,3
M000777,3
M073895,3
M100845,3
M015702,3
M022998,3
M015140,3
M088451,3
M061512,3
M012150,3
M068292,3
M095293,3
M001697,3
M093133,3
M098596,3
M088364,3
M097789,3
M040385,3
M041911,3
M078139,3
M066421,3
M094339,3
M018325,3
M099542,3
M064908,3
M089094,3
M089924,3
M012269,3
M027334,3
M035125,3
M091037,3
M030847,3
M034176,3
M078905,3
M004042,3
M097510,3
M043042,3
M061359,3
M043115,3
M002901,3
M023449,3
M060321,3
M006574,3
M092117,3
M052770,3
M045883,3
M064877,3
M093845,3
M032226,3
M049969,3
M015906,3
M037674,3
M065487,3
M030591,3
M025727,3
M031800,3
M085515,3
M006215,3
M047853,3
M015169,3
M073107,3
M023502,3
M013331,3
M016208,3
M026288,3
M010292,3
M011842,3
M022492,3
M101198,3
M054442,3
M053598,3
M087414,3
M013591,3
M076214,3
M098284,3
M023465,3
M064486,3
M068093,3
M031544,3
M027938,3
M100777,3
M025290,3
M066708,3
M056507,3
M037872,3
M007648,3
M034671,3
M009314,3
M072823,3
M021435,3
M024101,3
M045111,3
M059066,3
M018158,3
M065210,3
M052429,3
M047436,3
M041672,3
M066142,3
M062641,3
M017221,3
M027316,3
M025726,3
M056798,3
M003594,3
M079428,3
M013282,3
M028882,3
M029324,3
M071397,3
M075340,3
M043258,3
M003037,3
M010540,3
M020870,3
M010082,3
M073364,3
M094148,3
M017983,3
M056742,3
M013353,3
M016916,3
M083948,3
M022880,3
M004565,3
M059474,3
M060130,3
M071573,3
M077205,3
M022900,3
M089713,3
M006276,3
M098210,3
M097363,3
M003248,3
M011902,3
M011667,3
M016355,3
M048638,3
M006041,3
M019059,3
M024946,3
M016105,3
M082729,3
M078500,3
M056320,3
M020921,3
M010451,3
M069011,3
M005311,3
M021389,3
M045007,3
M063067,3
M050234,3
M025705,3
M076218,3
M065517,3
M066470,3
M101426,3
M019748,3
M030543,3
M099422,3
M019793,3
M022273,3
M081985,3
M024553,3
M098629,3
M012967,3
M086191,3
M045632,3
M006483,3
M050414,3
M054117,3
M084325,3
M069546,3
M083779,3
M037653,3
M024522,3
M089230,3
M024682,3
M048845,3
M017120,3
M034197,3
M068004,3
M052693,3
M049768,3
M026933,3
M068051,3
M036336,3
M071101,3
M031395,3
M013779,3
M075574,3
M004623,3
M068024,3
M027731,3
M007028,3
M053260,3
M093322,3
M003393,3
M011766,3
M056015,3
M081192,3
M028202,3
M006265,3
M027478,3
M027926,3
M023544,3
M051626,3
M058934,3
M022748,3
M072303,3
M005916,3
M014235,3
M025621,3
M049612,3
M022645,3
M075379,3
M005351,3
M042499,3
M020069,3
M057083,3
M034408,3
M015880,3
M009841,3
M005127,3
M017136,3
M011158,3
M006698,3
M081276,3
M044853,3
M008947,3
M048940,3
M035425,3
M022337,3
M023763,3
M012910,3
M021763,3
M064522,3
M004214,3
M037555,3
M037660,3
M044307,3
M019092,3
M004531,3
M024427,3
M050220,3
M066304,3
M020454,3
M038736,3
M017721,3
M101614,3
M081572,3
M022232,3
M012422,3
M028157,3
M026589,3
M057886,3
M083812,3
M061486,3
M069734,3
M083270,3
M008618,3
M045774,3
M068324,3
M085243,3
M070480,3
M023104,3
M022060,3
M079742,3
M024107,3
M010343,3
M005907,3
M022231,3
M009184,3
M013366,3
M016102,3
M080100,3
M059871,3
M093254,3
M099787,3
M012915,3
M084591,3
M066374,3
M086272,3
M068215,3
M053329,3
M029893,3
M043537,3
M064790,3
M031796,3
M072263,3
M021781,3
M066479,3
M028376,3
M071316,3
M057999,3
M093426,3
M072462,3
M086402,3
M018557,3
M025469,3
M040641,3
M027355,3
M088342,3
M020591,3
M087754,3
M007329,3
M024600,3
M056521,3
M079871,3
M022185,3
M018899,3
M009473,3
M027837,3
M023660,3
M001840,3
M089749,3
M050264,3
M081219,3
M077723,3
M022120,3
M001945,3
M043918,3
M086875,3
M086554,3
M037814,3
M044033,3
M071141,3
M077579,3
M072666,3
M023552,3
M033297,3
M012612,3
M009255,3
M089404,3
M012780,3
M048239,3
M081354,3
M040999,3
M058596,3
M080895,3
M088685,3
M091598,3
M005971,3
M095944,3
M049376,3
M027081,3
M034314,3
M013881,3
M053265,3
M027653,3
M001899,3
M045062,3
M084928,3
M091348,3
M046492,3
M075000,3
M056348,3
M082116,3
M050569,3
M022056,3
M082497,3
M036042,3
M051857,3
M019472,3
M075009,3
M064292,3
M018593,3
M029146,3
M063900,3
M010448,3
M058349,3
M022474,3
M034639,3
M024354,3
M026281,3
M009485,3
M040532,3
M060567,3
M010110,3
M037590,3
M050841,3
M071057,3
M063771,3
M070995,3
M047242,3
M090655,3
M011385,3
M086075,3
M039705,3
M069598,3
M062341,3
M068434,3
M072140,3
M091320,3
M098828,3
M099333,3
M071037,3
M028519,3
M090590,3
M099539,3
M035045,3
M029094,3
M060684,3
M097407,3
M025811,3
M080268,3
M028072,3
M027535,3
M039888,3
M081366,3
M095715,3
M057062,3
M071960,3
M083477,3
M097190,3
M007174,3
M094235,3
M087433,3
M086706,3
M015938,3
M086113,3
M012003,3
M053987,3
M081142,3
M097804,3
M004453,3
M035316,3
M006753,3
M070189,3
M020063,3
M008674,3
M068396,3
M024880,3
M030673,3
M050104,3
M056918,3
M078350,3
M069912,3
M047850,3
M026609,3
M027544,3
M097125,3
M075650,3
M005266,3
M052992,3
M094325,3
M027691,3
M011433,3
M070301,3
M069509,3
M024120,3
M002561,3
M017789,3
M068897,3
M029253,3
M052464,3
M029612,3
M030768,3
M024091,3
M009547,3
M015463,3
M013223,3
M009274,3
M060259,3
M055988,3
M069979,3
M067071,3
M090536,3
M024559,3
M040324,3
M087267,3
M050001,3
M065913,3
M015875,3
M035554,3
M029843,3
M048161,3
M016164,3
M053527,3
M098512,3
M075078,3
M046734,3
M031774,3
M049073,3
M015675,3
M057121,3
M097265,3
M022270,3
M100608,3
M002948,3
M023291,3
M054867,3
M059457,3
M028827,3
M087629,3
M015145,3
M032398,3
M089192,3
M072847,3
M011205,3
M003081,3
M051747,3
M044369,3
M097853,3
M006059,3
M028437,3
M029218,3
M026469,3
M027822,3
M010115,3
M094248,3
M020353,3
M063883,3
M094740,3
M055219,3
M050278,3
M060106,3
M090468,3
M036207,3
M034496,3
M018784,3
M054722,3
M016815,3
M025579,3
M056296,3
M008686,3
M096950,3
M032248,3
M084499,3
M031701,3
M016138,3
M000896,3
M035114,3
M016065,3
M001194,3
M043392,3
M030799,3
M025002,3
M037997,3
M044580,3
M031375,3
M026353,3
M031957,3
M029393,3
M074843,3
M048801,3
M039918,3
M056014,3
M088964,3
M060245,3
M003067,3
M050935,3
M034341,3
M027577,3
M085242,3
M026784,3
M034489,3
M033804,3
M031390,3
M057397,3
M058542,3
M032627,3
M061063,3
M092113,3
M051059,3
M066582,3
M050130,3
M023223,3
M013892,3
M037867,3
M011701,3
M025582,3
M001486,3
M053521,3
M043723,3
M076898,3
M041447,3
M028386,3
M050789,3
M077302,3
M048714,3
M024398,3
M053074,3
M030428,3
M033962,3
M023803,3
M032692,3
M086641,3
M069032,3
M040764,3
M034415,3
M078654,3
M086890,3
M060335,3
M045656,3
M084269,3
M031797,3
M077965,3
M024959,3
M025208,3
M032611,3
M035151,3
M066539,3
M075945,3
M090834,3
M032569,3
M025884,3
M079637,3
M099719,3
M032618,3
M019435,3
M012772,3
M041603,3
M035241,3
M012476,3
M058257,3
M031410,3
M024635,3
M012096,3
M073700,3
M081121,3
M032977,3
M029677,3
M034126,3
M070722,3
M097218,3
M046542,3
M031361,3
M035680,3
M030196,3
M033287,3
M032790,3
M029862,3
M069882,3
M055911,3
M027111,3
M032183,3
M029588,3
M026331,3
M060955,3
M078724,3
M093753,3
M097812,3
M087195,3
M079937,3
M051197,3
M079756,3
M086586,3
M059717,3
M073919,3
M011855,3
M083575,3
M039724,3
M033597,3
M028077,3
M029052,3
M033086,3
M027013,3
M035874,3
M032486,3
M046058,3
M022012,3
M004762,3
M025790,3
M030103,3
M033914,3
M031125,3
M044723,3
M003049,3
M002942,3
M006491,3
M032808,3
M033682,3
M043437,3
M093505,3
M036364,3
M034503,3
M021892,3
M031988,3
M098523,3
M081865,3
M058748,3
M034460,3
M015776,3
M027211,3
M028687,3
M024563,3
M032438,3
M036310,3
M025771,3
M031354,3
M059144,3
M029039,3
M050461,3
M073950,3
M006672,3
M030381,3
M030585,3
M034456,3
M031888,3
M027806,3
M029013,3
M032121,3
M025709,3
M061701,3
M030803,3
M089760,3
M087687,3
M001035,3
M067882,3
M095231,3
M028504,3
M027324,3
M032056,3
M046932,3
M027423,3
M032825,3
M032614,3
M101612,3
M068881,3
M026362,3
M018626,3
M018806,3
M062400,3
M027554,3
M034597,3
M031468,3
M033865,3
M066018,3
M032319,3
M066815,3
M077932,3
M005878,3
M005962,3
M046822,3
M094040,3
M030538,3
M096657,3
M032390,3
M100476,3
M036548,3
M014167,3
M025600,3
M012574,3
M084347,3
M041263,3
M030330,3
M030507,3
M053691,3
M008959,3
M016274,3
M022585,3
M032625,3
M030553,3
M018738,3
M049861,3
M047904,3
M075090,3
M032307,3
M030456,3
M080504,3
M079982,3
M028025,3
M024479,3
M036198,3
M066179,3
M002663,3
M032015,3
M097660,3
M027877,3
M028953,3
M034085,3
M028756,3
M078564,3
M006194,3
M035209,3
M101054,3
M089042,3
M035357,3
M074567,3
M096168,3
M027227,3
M034947,3
M034849,3
M027253,3
M066710,3
M034968,3
M002711,3
M068256,3
M066641,3
M026777,3
M030254,3
M026532,3
M057998,3
M018657,3
M033311,3
M040049,3
M046988,3
M031754,3
M029458,3
M060635,3
M003289,3
M028348,3
M037712,3
M054668,3
M027778,3
M061500,3
M006397,3
M000203,3
M006802,3
M085879,3
M049687,3
M048963,3
M027810,3
M049998,3
M055514,3
M074826,3
M057416,3
M034885,3
M034935,3
M031601,3
M036901,3
M018645,3
M001373,3
M032270,3
M035040,3
M098506,3
M031085,3
M002252,3
M052402,3
M001890,3
M016947,3
M076150,3
M035827,3
M038699,3
M046026,3
M023359,3
M064489,3
M025938,3
M033895,3
M083291,3
M020936,3
M020592,3
M029739,3
M026424,3
M034051,3
M049418,3
M044562,3
M060096,3
M023259,3
M092909,3
M028918,3
M038393,3
M060875,3
M057520,3
M085597,3
M047006,3
M033308,3
M095270,3
M060430,3
M062896,3
M032027,3
M026802,3
M040663,3
M056349,3
M029497,3
M060700,3
M047719,3
M060877,3
M017285,3
M078738,3
M029424,3
M002466,3
M092271,3
M016650,3
M029222,3
M032341,3
M066324,3
M096337,3
M058026,3
M036713,3
M087905,3
M048680,3
M026570,3
M032254,3
M017793,3
M088536,3
M032072,3
M049731,3
M027071,3
M047809,3
M055948,3
M093956,3
M042833,3
M034443,3
M095181,3
M073081,3
M037645,3
M048811,3
M034240,3
M014580,3
M007651,3
M022040,3
M062302,3
M034637,3
M033705,3
M038682,3
M066511,3
M094440,3
M005408,3
M006364,3
M023547,3
M084191,3
M067420,3
M024577,3
M045802,3
M078800,3
M061948,3
M025785,3
M025633,3
M040140,3
M059093,3
M064080,3
M027077,3
M074317,3
M044929,3
M071620,3
M025454,3
M025185,3
M034623,3
M027403,3
M028384,3
M046133,3
M010813,3
M019834,3
M031228,3
M027543,3
M030662,3
M026480,3
M030044,3
M020855,3
M067757,3
M035733,3
M029035,3
M024671,3
M050741,3
M083360,3
M026367,3
M054650,3
M100064,3
M057740,3
M063646,3
M025368,3
M012212,3
M029164,3
M021939,3
M034535,3
M035550,3
M070715,3
M032173,3
M028936,3
M044583,3
M091060,3
M036253,3
M028793,3
M015835,3
M049273,3
M028956,3
M041044,3
M010641,3
M053754,3
M032217,3
M053892,3
M027270,3
M035785,3
M027410,3
M037974,3
M061247,3
M018222,3
M053485,3
M093039,3
M030342,3
M035454,3
M055626,3
M031885,3
M082689,3
M060006,3
M025819,3
M029105,3
M093780,3
M029717,3
M012023,3
M055974,3
M045631,3
M033497,3
M099549,3
M027798,3
M083327,3
M094272,3
M013374,3
M033170,3
M068603,3
M025107,3
M058716,3
M045798,3
M099301,3
M043824,3
M059481,3
M063030,3
M018765,3
M029370,3
M021124,3
M095007,3
M007033,3
M064211,3
M002020,3
M033415,3
M023533,3
M031846,3
M044526,3
M050032,3
M035054,3
M031531,3
M075495,3
M031578,3
M083472,3
M043522,3
M082201,3
M027771,3
M029562,3
M031156,3
M024198,3
M001349,3
M052798,3
M035360,3
M040749,3
M004779,3
M016114,3
M069187,3
M049011,3
M041510,3
M100830,3
M011247,3
M077240,3
M065924,3
M066319,3
M026133,3
M041020,3
M089053,3
M069612,3
M039620,3
M008034,3
M049513,3
M036826,3
M070015,3
M081710,3
M086420,3
M030427,3
M060532,3
M077200,3
M062197,3
M056435,3
M012127,3
M054925,3
M004594,3
M030658,3
M011265,3
M046512,3
M098259,3
M040963,3
M053660,3
M069287,3
M034748,3
M031010,3
M037248,3
M077514,3
M033928,3
M037670,3
M029012,3
M036084,3
M001681,3
M024240,3
M035309,3
M004734,3
M061748,3
M000326,3
M101512,3
M081007,3
M067749,3
M076154,3
M084996,3
M086895,3
M043441,3
M037994,3
M019521,3
M037961,3
M063333,3
M072290,3
M049372,3
M037654,3
M100566,3
M039827,3
M058129,3
M027779,3
M065601,3
M079623,3
M014354,3
M032916,3
M051302,3
M060119,3
M047653,3
M065236,3
M100490,3
M070203,3
M046017,3
M091254,3
M036500,3
M061058,3
M092557,3
M090261,3
M010970,3
M010113,3
M024822,3
M049068,3
M057943,3
M089213,3
M091717,3
M059390,3
M032923,3
M029075,3
M047158,3
M003640,3
M048483,3
M053736,3
M083576,3
M058391,3
M073615,3
M067344,3
M011723,3
M051569,3
M057654,3
M046914,3
M069618,3
M051394,3
M064013,3
M040263,3
M056257,3
M049596,3
M083026,3
M099555,3
M040379,3
M080828,3
M089028,3
M065766,3
M079333,3
M055590,3
M031730,3
M037084,3
M044800,3
M062991,3
M037617,3
M082739,3
M064950,3
M053197,3
M072803,3
M080528,3
M030904,3
M092378,3
M092954,3
M092704,3
M020824,3
M002251,3
M011874,3
M085193,3
M037437,3
M046925,3
M052098,3
M025590,3
M056140,3
M049546,3
M008058,3
M023936,3
M083371,3
M090058,3
M081972,3
M086828,3
M083593,3
M067057,3
M017327,3
M030780,3
M046102,3
M065602,3
M019415,3
M090919,3
M048731,3
M040592,3
M042538,3
M067886,3
M037504,3
M074176,3
M041635,3
M041083,3
M036707,3
M045623,3
M039774,3
M048460,3
M043741,3
M045522,3
M046894,3
M029434,3
M044125,3
M033112,3
M038583,3
M064695,3
M083960,3
M076609,3
M096972,3
M042451,3
M078641,3
M061892,3
M045811,3
M094838,3
M039674,3
M031610,3
M052839,3
M062651,3
M034815,3
M039876,3
M025735,3
M096113,3
M042704,3
M035127,3
M061000,3
M045224,3
M063075,3
M059529,3
M045551,3
M087553,3
M036614,3
M062059,3
M050030,3
M036008,3
M024490,3
M063562,3
M094648,3
M021536,3
M079789,3
M084779,3
M008264,3
M033455,3
M069732,3
M065444,3
M020450,3
M014838,3
M042357,3
M047200,3
M057496,3
M064984,3
M083763,3
M036758,3
M034370,3
M044731,3
M097079,3
M048657,3
M069646,3
M092195,3
M025923,3
M062442,3
M081584,3
M094163,3
M031744,3
M049318,3
M038339,3
M049899,3
M064057,3
M046836,3
M063867,3
M048414,3
M046891,3
M060541,3
M082977,3
M082693,3
M082024,3
M017679,3
M091837,3
M047519,3
M044350,3
M068375,3
M098944,3
M052767,3
M084760,3
M039761,3
M036577,3
M086535,3
M083081,3
M099745,3
M080960,3
M017214,3
M040624,3
M036805,3
M076242,3
M082058,3
M038760,3
M061985,3
M029840,3
M033621,3
M072306,3
M065675,3
M039254,3
M090340,3
M062140,3
M013165,3
M006458,3
M072274,3
M070511,3
M035887,3
M070599,3
M044048,3
M062094,3
M038910,3
M101268,3
M049837,3
M037616,3
M061849,3
M023470,3
M034542,3
M017596,3
M072305,3
M039613,3
M077951,3
M045036,3
M009070,3
M044217,3
M080496,3
M043165,3
M001147,3
M067353,3
M046868,3
M032201,3
M087648,3
M048972,3
M085380,3
M055422,3
M050838,3
M062325,3
M019248,3
M055553,3
M053161,3
M062359,3
M057937,3
M074597,3
M086669,3
M013687,3
M007720,3
M101593,3
M094093,3
M043370,3
M031058,3
M027287,3
M062547,3
M045415,3
M007055,3
M025122,3
M042374,3
M075978,3
M061543,3
M061154,3
M097046,3
M046356,3
M043869,3
M063025,3
M034121,3
M020533,3
M031136,3
M043028,3
M080249,3
M037059,3
M074697,3
M022448,3
M099760,3
M101377,3
M048822,3
M085622,3
M082968,3
M082073,3
M097202,3
M065423,3
M047911,3
M055870,3
M007394,3
M045010,3
M037678,3
M058812,3
M092174,3
M013078,3
M010360,3
M064132,3
M044687,3
M067351,3
M075927,3
M074237,3
M038359,3
M086254,3
M075552,3
M100750,3
M038496,3
M086511,3
M041338,3
M041458,3
M082753,3
M048348,3
M079392,3
M070711,3
M058963,3
M044397,3
M038349,3
M097119,3
M053638,3
M047398,3
M073338,3
M053406,3
M071891,3
M012635,3
M075804,3
M044836,3
M043314,3
M089762,3
M067196,3
M021662,3
M057031,3
M046712,3
M074493,3
M060545,3
M038690,3
M053002,3
M093416,3
M045482,3
M001981,3
M059332,3
M056708,3
M086212,3
M042192,3
M090690,3
M098726,3
M091038,3
M095103,3
M099536,3
M095403,3
M039209,3
M039995,3
M042101,3
M100965,3
M091934,3
M066398,3
M037417,3
M079267,3
M086211,3
M080967,3
M062727,3
M040497,3
M050731,3
M086203,3
M040553,3
M061437,3
M091594,3
M063181,3
M075367,3
M078014,3
M063208,3
M071386,3
M041802,3
M044913,3
M070274,3
M038884,3
M038532,3
M032176,3
M041531,3
M076353,3
M029064,3
M055426,3
M006503,3
M063669,3
M039677,3
M042624,3
M044456,3
M039470,3
M069793,3
M100857,3
M032643,3
M056553,3
M081326,3
M100726,3
M093805,3
M051575,3
M059740,3
M046813,3
M031425,3
M083882,3
M069908,3
M017371,3
M093678,3
M082388,3
M094499,3
M079482,3
M040622,3
M041719,3
M065705,3
M075276,3
M065934,3
M060551,3
M071363,3
M072865,3
M034216,3
M047846,3
M097493,3
M091171,3
M073803,3
M044478,3
M044818,3
M091359,3
M046556,3
M048704,3
M062843,3
M055679,3
M067531,3
M054208,3
M077650,3
M039733,3
M036516,3
M094784,3
M017466,3
M014189,3
M043473,3
M011905,3
M020241,3
M076545,3
M040563,3
M080618,3
M096136,3
M060557,3
M042829,3
M083877,3
M042273,3
M080515,3
M092269,3
M091219,3
M012942,3
M062209,3
M095160,3
M019109,3
M000035,3
M063628,3
M049833,3
M042339,3
M074827,3
M027243,3
M074110,3
M074722,3
M058902,3
M015921,3
M048955,3
M025184,3
M030821,3
M095800,3
M099688,3
M060522,3
M067099,3
M047464,3
M056347,3
M084501,3
M010858,3
M071993,3
M047007,3
M007380,3
M078064,3
M091217,3
M063198,3
M096956,3
M095887,3
M091965,3
M038738,3
M069425,3
M037609,3
M067332,3
M089904,3
M079048,3
M084058,3
M087196,3
M077167,3
M028980,3
M097415,3
M046186,3
M083805,3
M045528,3
M043645,3
M068984,3
M073286,3
M074643,3
M016590,3
M035315,3
M053352,3
M059994,3
M064377,3
M042455,3
M060944,3
M024966,3
M065300,3
M043416,3
M042022,3
M081906,3
M056124,3
M046409,3
M068136,3
M101616,3
M018746,3
M043548,3
M074923,3
M093155,3
M073830,3
M019145,3
M073285,3
M004075,3
M006885,3
M044764,3
M049918,3
M042486,3
M016280,3
M099642,3
M062434,3
M092434,3
M073428,3
M087294,3
M064207,3
M047684,3
M073685,3
M078572,3
M096599,3
M087609,3
M009206,3
M076709,3
M098086,3
M040587,3
M036973,3
M089854,3
M038741,3
M043843,3
M040274,3
M019240,3
M062124,3
M050291,3
M071218,3
M053173,3
M039249,3
M089417,3
M044795,3
M067098,3
M075639,3
M032232,3
M063203,3
M012123,3
M047360,3
M042506,3
M043412,3
M041437,3
M044756,3
M043584,3
M098548,3
M077148,3
M083154,3
M076113,3
M049584,3
M056338,3
M023605,3
M047381,3
M041786,3
M023434,3
M052257,3
M065376,3
M001815,3
M036942,3
M039324,3
M027056,3
M033570,3
M094517,3
M041825,3
M047708,3
M055009,3
M084918,3
M037858,3
M043465,3
M079148,3
M037389,3
M077244,3
M078841,3
M083272,3
M017836,3
M038924,3
M084733,3
M082971,3
M089968,3
M056295,3
M051152,3
M063539,3
M036798,3
M087340,3
M045653,3
M046825,3
M077097,3
M000881,3
M089272,3
M075681,3
M047727,3
M030688,3
M007999,3
M060382,3
M081089,3
M034954,3
M085873,3
M059635,3
M059851,3
M005682,3
M004366,3
M033496,3
M005580,3
M070287,3
M071830,3
M043091,3
M043365,3
M050943,3
M042820,3
M047625,3
M093559,3
M074152,3
M010333,3
M053490,3
M071055,3
M067968,3
M052383,3
M039039,3
M054077,3
M004703,3
M073629,3
M078489,3
M075389,3
M056484,3
M074033,3
M100602,3
M060465,3
M093498,3
M094820,3
M087311,3
M093260,3
M062445,3
M039501,3
M033164,3
M023548,3
M073910,3
M071985,3
M079781,3
M094582,3
M065076,3
M083036,3
M023554,3
M083500,3
M039231,3
M087596,3
M010589,3
M069102,3
M093037,3
M053296,3
M047099,3
M048313,3
M041831,3
M050266,3
M093085,3
M088056,3
M091153,3
M038730,3
M048770,3
M043189,3
M061742,3
M031403,3
M059006,3
M043381,3
M064932,3
M083934,3
M099731,3
M033989,3
M098804,3
M076722,3
M087860,3
M050860,3
M044984,3
M044729,3
M090172,3
M053581,3
M049131,3
M030889,3
M037812,3
M068908,3
M085190,3
M046347,3
M086243,3
M020872,3
M068967,3
M050016,3
M037831,3
M049153,3
M078256,3
M072067,3
M054318,3
M044434,3
M100630,3
M050475,3
M097965,3
M039182,3
M072858,3
M089647,3
M092090,3
M026952,3
M049578,3
M056047,3
M059861,3
M072043,3
M076018,3
M071319,3
M062168,3
M069370,3
M067146,3
M040909,3
M008936,3
M070248,3
M089742,3
M076288,3
M036934,3
M062607,3
M094563,3
M082800,3
M077152,3
M050064,3
M053082,3
M013075,3
M044775,3
M092106,3
M014606,3
M005498,3
M062145,3
M060743,3
M087653,3
M047301,3
M002358,3
M045294,3
M015930,3
M048950,3
M025019,3
M064378,3
M041730,3
M048368,3
M086331,3
M018934,3
M086048,3
M097133,3
M064632,3
M043128,3
M034427,3
M099773,3
M096716,3
M097624,3
M083659,3
M094579,3
M053659,3
M077430,3
M057122,3
M086844,3
M047175,3
M054610,3
M093449,3
M099493,3
M085124,3
M087560,3
M086159,3
M052637,3
M065651,3
M075632,3
M072760,3
M020334,3
M040931,3
M046490,3
M096676,3
M042170,3
M075508,3
M051392,3
M093839,3
M098660,3
M098397,3
M020392,3
M080769,3
M066264,3
M052052,3
M057058,3
M098752,3
M052496,3
M053416,3
M094794,3
M032166,3
M052267,3
M071704,3
M041929,3
M080477,3
M101310,3
M051044,3
M044252,3
M068956,3
M080694,3
M059324,3
M056395,3
M035834,3
M048434,3
M025950,3
M049604,3
M071678,3
M088908,3
M079534,3
M046101,3
M043164,3
M013503,3
M091674,3
M073567,3
M043217,3
M034715,3
M078439,3
M064140,3
M091196,3
M046424,3
M050160,3
M080281,3
M041477,3
M044938,3
M049764,3
M079364,3
M041117,3
M053735,3
M072532,3
M097421,3
M081818,3
M037433,3
M093425,3
M071524,3
M048670,3
M078396,3
M037549,3
M058426,3
M022577,3
M060424,3
M062505,3
M051507,3
M046530,3
M048308,3
M072197,3
M094533,3
M095899,3
M068614,3
M056334,3
M066329,3
M045524,3
M038506,3
M060083,3
M005562,3
M044645,3
M010807,3
M058288,3
M054904,3
M027744,3
M042813,3
M031100,3
M003656,3
M071445,3
M074228,3
M015401,3
M048545,3
M097942,3
M054335,3
M019758,3
M051603,3
M020818,3
M027463,3
M062492,3
M049829,3
M051823,3
M099186,3
M062549,3
M050985,3
M070773,3
M014933,3
M075565,3
M082607,3
M051282,3
M067085,3
M067116,3
M087218,3
M064286,3
M037724,3
M059020,3
M037899,3
M075342,3
M017569,3
M009180,3
M078261,3
M060800,3
M020433,3
M036757,3
M032852,3
M078854,3
M075176,3
M098597,3
M081838,3
M047772,3
M069730,3
M066551,3
M011329,3
M062146,3
M063850,3
M060845,3
M046702,3
M060872,3
M046760,3
M039689,3
M099837,3
M063452,3
M068311,3
M055652,3
M099867,3
M067911,3
M028513,3
M048911,3
M059848,3
M072373,3
M052599,3
M068027,3
M024052,3
M036359,3
M058686,3
M032821,3
M052535,3
M046903,3
M002880,3
M048838,3
M083668,3
M077246,3
M067568,3
M062395,3
M005849,3
M049258,3
M007602,3
M044785,3
M049346,3
M067770,3
M056012,3
M068478,3
M061973,3
M007690,3
M034267,3
M066734,3
M094837,3
M081383,3
M020875,3
M040046,3
M050987,3
M043864,3
M055687,3
M055193,3
M074709,3
M096184,3
M082966,3
M081711,3
M096852,3
M044321,3
M061169,3
M063078,3
M081123,3
M039781,3
M061393,3
M064802,3
M020014,3
M096620,3
M086044,3
M099106,3
M090678,3
M024452,3
M047885,3
M066163,3
M065356,3
M071774,3
M086664,3
M087922,3
M100666,3
M084097,3
M094318,3
M047168,3
M059947,3
M017251,3
M094843,3
M055400,3
M011651,3
M042671,3
M091381,3
M063934,3
M055077,3
M098876,3
M016949,3
M048359,3
M046205,3
M040354,3
M005395,3
M073371,3
M082062,3
M065561,3
M019264,3
M086256,3
M050440,3
M063593,3
M077405,3
M054868,3
M026256,3
M054771,3
M062315,3
M084838,3
M001263,3
M050524,3
M011174,3
M064861,3
M059847,3
M059316,3
M084843,3
M022870,3
M100541,3
M055796,3
M069903,3
M060243,3
M048218,3
M074305,3
M047361,3
M048118,3
M087662,3
M045797,3
M060963,3
M085039,3
M092969,3
M064081,3
M051966,3
M014130,3
M018045,3
M075832,3
M051900,3
M067074,3
M057114,3
M058453,3
M085591,3
M095527,3
M081543,3
M014424,3
M082402,3
M064702,3
M059889,3
M033388,3
M092372,3
M003701,3
M074159,3
M065038,3
M086433,3
M051048,3
M086670,3
M097788,3
M048690,3
M050752,3
M047490,3
M039855,3
M057603,3
M099520,3
M007561,3
M068298,3
M089658,3
M053632,3
M007310,3
M063480,3
M067902,3
M063801,3
M009503,3
M058034,3
M078713,3
M050813,3
M095758,3
M039289,3
M060573,3
M066907,3
M062045,3
M089617,3
M049536,3
M056037,3
M025209,3
M046020,3
M059823,3
M057080,3
M072709,3
M019310,3
M051919,3
M018282,3
M067112,3
M056211,3
M099970,3
M054488,3
M047395,3
M092139,3
M017253,3
M050428,3
M073882,3
M040732,3
M044864,3
M054778,3
M044688,3
M064294,3
M017232,3
M003631,3
M073182,3
M086270,3
M085267,3
M009265,3
M095806,3
M085060,3
M100546,3
M098946,3
M080760,3
M074603,3
M080010,3
M006708,3
M100832,3
M086922,3
M045899,3
M084193,3
M051561,3
M068636,3
M050679,3
M091953,3
M097586,3
M093351,3
M100256,3
M089087,3
M088271,3
M052011,3
M056722,3
M088275,3
M072740,3
M095357,3
M100451,3
M046365,3
M073682,3
M092346,3
M064805,3
M047276,3
M028171,3
M050389,3
M056186,3
M053641,3
M051202,3
M053741,3
M049673,3
M053138,3
M067740,3
M004740,3
M011393,3
M079892,3
M064090,3
M080800,3
M062954,3
M064092,3
M043260,3
M051211,3
M047682,3
M091772,3
M064094,3
M048035,3
M066005,3
M077480,3
M091711,3
M091082,3
M017488,3
M064485,3
M049922,3
M054635,3
M045613,3
M065750,3
M011724,3
M047135,3
M054157,3
M051468,3
M057606,3
M089377,3
M083605,3
M061163,3
M045147,3
M100833,3
M098928,3
M093838,3
M056734,3
M079518,3
M074392,3
M039205,3
M055316,3
M024673,3
M088519,3
M075505,3
M057949,3
M045618,3
M039537,3
M089510,3
M075903,3
M078634,3
M098501,3
M095192,3
M054894,3
M099996,3
M050920,3
M059567,3
M059403,3
M074656,3
M061528,3
M098576,3
M093589,3
M096947,3
M082782,3
M025732,3
M069277,3
M074324,3
M049098,3
M046202,3
M018825,3
M084939,3
M098234,3
M095783,3
M032161,3
M035598,3
M063557,3
M045991,3
M055692,3
M078995,3
M090727,3
M064041,3
M043912,3
M009455,3
M088104,3
M070802,3
M090368,3
M069447,3
M090125,3
M070577,3
M056561,3
M076863,3
M045012,3
M097654,3
M055456,3
M052528,3
M077819,3
M056049,3
M061896,3
M058495,3
M073269,3
M080648,3
M078356,3
M010020,3
M094656,3
M077801,3
M042332,3
M060027,3
M091684,3
M067349,3
M062313,3
M100103,3
M038388,3
M092779,3
M089805,3
M050791,3
M078286,3
M091943,3
M004007,3
M098511,3
M096069,3
M056630,3
M084860,3
M036615,3
M075668,3
M061002,3
M073198,3
M055380,3
M014605,3
M026705,3
M052110,3
M096975,3
M069505,3
M073665,3
M100188,3
M050213,3
M063125,3
M088331,3
M096008,3
M071403,3
M091552,3
M069513,3
M094835,3
M081935,3
M078653,3
M073204,3
M051649,3
M069611,3
M076466,3
M021148,3
M026573,3
M053622,3
M096540,3
M057593,3
M046421,3
M097632,3
M084355,3
M023863,3
M093677,3
M061565,3
M091108,3
M040817,3
M086356,3
M074181,3
M064330,3
M060927,3
M035463,3
M091115,3
M087012,3
M039585,3
M058104,3
M062743,3
M045209,3
M086431,3
M063033,3
M070780,3
M061265,3
M021640,3
M035096,3
M078394,3
M052861,3
M052504,3
M029620,3
M079645,3
M091396,3
M006651,3
M077584,3
M087947,3
M055111,3
M094711,3
M037914,3
M096415,3
M060036,3
M010555,3
M081517,3
M080525,3
M049784,3
M095791,3
M097099,3
M066381,3
M068361,3
M055908,3
M076526,3
M100453,3
M072746,3
M076124,3
M051877,3
M022973,3
M090765,3
M078455,3
M037587,3
M075143,3
M097392,3
M099670,3
M069435,3
M049805,3
M099553,3
M039074,3
M099693,3
M100024,3
M095432,3
M043183,3
M068988,3
M059360,3
M015212,3
M024202,3
M063064,3
M073923,3
M079486,3
M083309,3
M069829,3
M025060,3
M083233,3
M084770,3
M049142,3
M053047,3
M085833,3
M100580,3
M034024,3
M093257,3
M071496,3
M079319,3
M066322,3
M018137,3
M072215,3
M077824,3
M077610,3
M051841,3
M063228,3
M053728,3
M081285,3
M079370,3
M052918,3
M053079,3
M016910,3
M087766,3
M101024,3
M001005,3
M067945,3
M088458,3
M081022,3
M011639,3
M000053,3
M072701,3
M000866,3
M052283,3
M093233,3
M070958,3
M069209,3
M070245,3
M050778,3
M009629,3
M038919,3
M085992,3
M064981,3
M042945,3
M044301,3
M012449,3
M052790,3
M066857,3
M079808,3
M010482,3
M090147,3
M085800,3
M088992,3
M035648,3
M067143,3
M086491,3
M093836,3
M047266,3
M082057,3
M080099,3
M062009,3
M096299,3
M023479,3
M057508,3
M070957,3
M100687,3
M067920,3
M060517,3
M076530,3
M078459,3
M093640,3
M035345,3
M049148,3
M080888,3
M058011,3
M050867,3
M056735,3
M098469,3
M017526,3
M048121,3
M066168,3
M099141,3
M076633,3
M070710,3
M056192,3
M070672,3
M048961,3
M069650,3
M049943,3
M066576,3
M053536,3
M056834,3
M075864,3
M004377,3
M062995,3
M086059,3
M054355,3
M076323,3
M047931,3
M066879,3
M022072,3
M055423,3
M092354,3
M050255,3
M071252,3
M101764,3
M085068,3
M073954,3
M041055,3
M058029,3
M044426,3
M037490,3
M052292,3
M069653,3
M085850,3
M085283,3
M081516,3
M020116,3
M046890,3
M055669,3
M091214,3
M071270,3
M085075,3
M049155,3
M065984,3
M067898,3
M070842,3
M071480,3
M038104,3
M048679,3
M076264,3
M080719,3
M047204,3
M057182,3
M047595,3
M086382,3
M096178,3
M085628,3
M053556,3
M083376,3
M079725,3
M085681,3
M076339,3
M063296,3
M066265,3
M021528,3
M099082,3
M051645,3
M064652,3
M088943,3
M056748,3
M086122,3
M078272,3
M097151,3
M084362,3
M056430,3
M066177,3
M086396,3
M010954,3
M052932,3
M055090,3
M092906,3
M096813,3
M082480,3
M066023,3
M046674,3
M016106,3
M085959,3
M060997,3
M089095,3
M101016,3
M079124,3
M063117,3
M058152,3
M037718,3
M082047,3
M029210,3
M099699,3
M095482,3
M044435,3
M082306,3
M082979,3
M065459,3
M071763,3
M101418,3
M034391,3
M067298,3
M071462,3
M056701,3
M075213,3
M056228,3
M085803,3
M090164,3
M051401,3
M002647,3
M047317,3
M064417,3
M100745,3
M035116,3
M048750,3
M067412,3
M053494,3
M077347,3
M022557,3
M024898,3
M099847,3
M044066,3
M090199,3
M055524,3
M083269,3
M068323,3
M057353,3
M005326,3
M006874,3
M089314,3
M043964,3
M098455,3
M090768,3
M099685,3
M096690,3
M057128,3
M037198,3
M047995,3
M052183,3
M100042,3
M075465,3
M066872,3
M083875,3
M087408,3
M094491,3
M077960,3
M092904,3
M074518,3
M048490,3
M055053,3
M069659,3
M094299,3
M006579,3
M061792,3
M057659,3
M085817,3
M086357,3
M085260,3
M066112,3
M091672,3
M064534,3
M041451,3
M059826,3
M051548,3
M067251,3
M069142,3
M063853,3
M056750,3
M048826,3
M046982,3
M026027,3
M060085,3
M073374,3
M063660,3
M057686,3
M076139,3
M071917,3
M017959,3
M057698,3
M098798,3
M016035,3
M100463,3
M076797,3
M095594,3
M067486,3
M097699,3
M070833,3
M061517,3
M058858,3
M050405,3
M089477,3
M078446,3
M063696,3
M093555,3
M080463,3
M047380,3
M054219,3
M083127,3
M092152,3
M090221,3
M099749,3
M084525,3
M076585,3
M078778,3
M056206,3
M041042,3
M056924,3
M062572,3
M080276,3
M054120,3
M024313,3
M080829,3
M077083,3
M099001,3
M089187,3
M012860,3
M038058,3
M093767,3
M047210,3
M052948,3
M034524,3
M074576,3
M091541,3
M078276,3
M091575,3
M048582,3
M041586,3
M100888,3
M074931,3
M071212,3
M097425,3
M088844,3
M068926,3
M080055,3
M083207,3
M081893,3
M075934,3
M071289,3
M080122,3
M054034,3
M018289,3
M062169,3
M020452,3
M070421,3
M070335,3
M058738,3
M063268,3
M026461,3
M053347,3
M048111,3
M058353,3
M084063,3
M006716,3
M098639,3
M063487,3
M078511,3
M042351,3
M085473,3
M077285,3
M076168,3
M003771,3
M072673,3
M052729,3
M079662,3
M080535,3
M052536,3
M052320,3
M069818,3
M055922,3
M035752,3
M074142,3
M099643,3
M074872,3
M082959,3
M058632,3
M078110,3
M055918,3
M067207,3
M065567,3
M098887,3
M051093,3
M094289,3
M065738,3
M101452,3
M062746,3
M007664,3
M014078,3
M088773,3
M066547,3
M052598,3
M055570,3
M092845,3
M089872,3
M059621,3
M050364,3
M090324,3
M051572,3
M063825,3
M071973,3
M090783,3
M050891,3
M019615,3
M080927,3
M097156,3
M076685,3
M077002,3
M060512,3
M072857,3
M023610,3
M049914,3
M078643,3
M095820,3
M018362,3
M002878,3
M096121,3
M095080,3
M078677,3
M036258,3
M067678,3
M100659,3
M050783,3
M089751,3
M013289,3
M039303,3
M089851,3
M076063,3
M064018,3
M062554,3
M063380,3
M055682,3
M039265,3
M064328,3
M073191,3
M061049,3
M079680,3
M082246,3
M072700,3
M074681,3
M060910,3
M089448,3
M046915,3
M085962,3
M099969,3
M077417,3
M014859,3
M078204,3
M072241,3
M090414,3
M078215,3
M100712,3
M074514,3
M095785,3
M050101,3
M073692,3
M057007,3
M050025,3
M066843,3
M093361,3
M019069,3
M095821,3
M056726,3
M097852,3
M051137,3
M099308,3
M091200,3
M100766,3
M063692,3
M078265,3
M058621,3
M039345,3
M068731,3
M008696,3
M091942,3
M083038,3
M061385,3
M086995,3
M072187,3
M067990,3
M087081,3
M072985,3
M072165,3
M097524,3
M014590,3
M044599,3
M064619,3
M066781,3
M048484,3
M032926,3
M046690,3
M050551,3
M086051,3
M088199,3
M069334,3
M101317,3
M068669,3
M054854,3
M048375,3
M085835,3
M064414,3
M098187,3
M032133,3
M055479,3
M078600,3
M100512,3
M074349,3
M071132,3
M068541,3
M067818,3
M062304,3
M074796,3
M019718,3
M011720,3
M087941,3
M081678,3
M079413,3
M079431,3
M048740,3
M072751,3
M058220,3
M015944,3
M049917,3
M088438,3
M084984,3
M020997,3
M077279,3
M089160,3
M021305,3
M040625,3
M098630,3
M011876,3
M048707,3
M021946,3
M007288,3
M044419,3
M069350,3
M031087,3
M068035,3
M019070,3
M079060,3
M062488,3
M090349,3
M087760,3
M090784,3
M010559,3
M037614,3
M089516,3
M055191,3
M062372,3
M059387,3
M066985,3
M091872,3
M094419,3
M078074,3
M044736,3
M098062,3
M023728,3
M091517,3
M100763,3
M100680,3
M088263,3
M058486,3
M066300,3
M080543,3
M101384,3
M088722,3
M066558,3
M074911,3
M088927,3
M063880,3
M081583,3
M056030,3
M092300,3
M071597,3
M087793,3
M091033,3
M042160,3
M046942,3
M055829,3
M056440,3
M053751,3
M073274,3
M061566,3
M061874,3
M016390,3
M050843,3
M081621,3
M082356,3
M061666,3
M056631,3
M079630,3
M088521,3
M066125,3
M099667,3
M073647,3
M081785,3
M074831,3
M074952,3
M094203,3
M092437,3
M091385,3
M050940,3
M083152,3
M089335,3
M089153,3
M039336,3
M048855,3
M101623,3
M083855,3
M070102,3
M095460,3
M047030,3
M092163,3
M060133,3
M084727,3
M097047,3
M098499,3
M065638,3
M088525,3
M037208,3
M048196,3
M020010,3
M092834,3
M022534,3
M088012,3
M072032,3
M092806,3
M055785,3
M044453,3
M043690,3
M040218,3
M075338,3
M076615,3
M057059,3
M005654,3
M067628,3
M034983,3
M064554,3
M088627,3
M018321,3
M087948,3
M068665,3
M076751,3
M057377,3
M086012,3
M025930,3
M050058,3
M098952,3
M062346,3
M089414,3
M060137,3
M054126,3
M089494,3
M089459,3
M100661,3
M080365,3
M039462,3
M059043,3
M089206,3
M048929,3
M044105,3
M048134,3
M050197,3
M046686,3
M034625,3
M085159,3
M061534,3
M058776,3
M088131,3
M052120,3
M100397,3
M067423,3
M035673,3
M087555,3
M085979,3
M096630,3
M069159,3
M100485,3
M083474,3
M049954,3
M044206,3
M039175,3
M037521,3
M045214,3
M069698,3
M069842,3
M061877,3
M000083,3
M063918,3
M074627,3
M026704,3
M042722,3
M098272,3
M099478,3
M063765,3
M077555,3
M008941,3
M053778,3
M079721,3
M044882,3
M092579,3
M082595,3
M080355,3
M062224,3
M064200,3
M080352,3
M090747,3
M069682,3
M101061,3
M057143,3
M022525,3
M076468,3
M092634,3
M092835,3
M065834,3
M071164,3
M039587,3
M023849,3
M071128,3
M049295,3
M084022,3
M072435,3
M090391,3
M093771,3
M053666,3
M082838,3
M093537,3
M061848,3
M096335,3
M081141,3
M042313,3
M082717,3
M080446,3
M083228,3
M099073,3
M066856,3
M083203,3
M014536,3
M058153,3
M052100,3
M091487,3
M080624,3
M070068,3
M077449,3
M080300,3
M083247,3
M052221,3
M056119,3
M042084,3
M055857,3
M065308,3
M085009,3
M069273,3
M046924,3
M096788,3
M036887,3
M056371,3
M037832,3
M043568,3
M100298,3
M099979,3
M064929,3
M062186,3
M051867,3
M090444,3
M049651,3
M098540,3
M041803,3
M068211,3
M022234,3
M095722,3
M092160,3
M087688,3
M101025,3
M052584,3
M021110,3
M037534,3
M071681,3
M023024,3
M060808,3
M097964,3
M092742,3
M012034,3
M027407,3
M097238,3
M091551,3
M077415,3
M070885,3
M016574,3
M098076,3
M006402,3
M035217,3
M026531,3
M027205,3
M053628,3
M055006,3
M060049,3
M079690,3
M018833,3
M079634,3
M046400,3
M092445,3
M096886,3
M079936,3
M089948,3
M091853,3
M101608,3
M090150,3
M040878,3
M093600,3
M053160,3
M002875,3
M098694,3
M085863,3
M063558,3
M095608,3
M078188,3
M061029,3
M062972,3
M085853,3
M069396,3
M083528,3
M086584,3
M038289,3
M067739,3
M089862,3
M085783,3
M032387,3
M059330,3
M084756,3
M077286,3
M099560,3
M094466,3
M059299,3
M084137,3
M078216,3
M051153,3
M017139,3
M080068,3
M023272,3
M056785,3
M067070,3
M090595,3
M077352,3
M070688,3
M004858,3
M100621,3
M079233,3
M062387,3
M064307,3
M071204,3
M069839,3
M098571,3
M056723,3
M052438,3
M023578,3
M084100,3
M080797,3
M101335,3
M076949,3
M066610,3
M081748,3
M071654,3
M087685,3
M067372,3
M049822,3
M065603,3
M081439,3
M066104,3
M021332,3
M083759,3
M087435,3
M060187,3
M085526,3
M070609,3
M071228,3
M051524,3
M055322,3
M057116,3
M053294,3
M068201,3
M087744,3
M085659,3
M092033,3
M047323,3
M100455,3
M098865,3
M079596,3
M060523,3
M050748,3
M056777,3
M092947,3
M082664,3
M101647,3
M052390,3
M051855,3
M078568,3
M090069,3
M072118,3
M038158,3
M033604,3
M079785,3
M080479,3
M051016,3
M089710,3
M069463,3
M091260,3
M073730,3
M064185,3
M064530,3
M059375,3
M078037,3
M100429,3
M087761,3
M076477,3
M041099,3
M058802,3
M058850,3
M081520,3
M077102,3
M101442,3
M049525,3
M095796,3
M099045,3
M072146,3
M071757,3
M015243,3
M080228,3
M069075,3
M096680,3
M031016,3
M060098,3
M057026,3
M073982,3
M050522,3
M076163,3
M040204,3
M068395,3
M066206,3
M060107,3
M081579,3
M060627,3
M014940,3
M021623,3
M050479,3
M081707,3
M051452,3
M013556,3
M047834,3
M052869,3
M066755,3
M036358,3
M031023,3
M083490,3
M018140,3
M079123,3
M064658,3
M005733,3
M046027,3
M097829,3
M100459,3
M088788,3
M062983,3
M048830,3
M016667,3
M075349,3
M058379,3
M074204,3
M008259,3
M089920,3
M093775,3
M099210,3
M052162,3
M093126,3
M018607,3
M047683,3
M087131,3
M093208,3
M057518,3
M100472,3
M000386,3
M014703,3
M021542,3
M073691,3
M037314,3
M092370,3
M093758,3
M026912,3
M091331,3
M046382,3
M055662,3
M010131,3
M070709,3
M075190,3
M089547,3
M043574,3
M063640,3
M029286,3
M005486,3
M096328,3
M100660,3
M003225,3
M061164,3
M039390,3
M083707,3
M084186,3
M012217,3
M100026,3
M082533,3
M059756,3
M089245,3
M016925,3
M041965,3
M039557,3
M019386,3
M075480,3
M016071,3
M074092,3
M024891,3
M057329,3
M096595,3
M094167,3
M099870,3
M073678,3
M086805,3
M086322,3
M058058,3
M094576,3
M054798,3
M079766,3
M082570,3
M080259,3
M070383,3
M094358,3
M097356,3
M087170,3
M067704,3
M082430,3
M097074,3
M011204,3
M088652,3
M099081,3
M069592,3
M082784,3
M084320,3
M098094,3
M085925,3
M022073,3
M086235,3
M014875,3
M080689,3
M090915,3
M094739,3
M052913,3
M099297,3
M071133,3
M051886,3
M061284,3
M067067,3
M070899,3
M059337,3
M047963,3
M052749,3
M085896,3
M091029,3
M037692,3
M075980,3
M079341,3
M090531,3
M084017,3
M068744,3
M016965,3
M087510,3
M074190,3
M005811,3
M089913,3
M090895,3
M070069,3
M023285,3
M086490,3
M088439,3
M093724,3
M084864,3
M083061,3
M090353,3
M082405,3
M081299,3
M031940,3
M050555,3
M099007,3
M070945,3
M002641,3
M045483,3
M060982,3
M078579,3
M054504,3
M069246,3
M101598,3
M054786,3
M070573,3
M089492,3
M101471,3
M098497,3
M078771,3
M019787,3
M040350,3
M098966,3
M085172,3
M066275,3
M088954,3
M087640,3
M069296,3
M059582,3
M071806,3
M077509,3
M096428,3
M092537,3
M055063,3
M067889,3
M061954,3
M059462,3
M073238,3
M087951,3
M076909,3
M026722,3
M091554,3
M074814,3
M068261,3
M071700,3
M078013,3
M051376,3
M101378,3
M039217,3
M064880,3
M100045,3
M052207,3
M057623,3
M077928,3
M084466,3
M084085,3
M060995,3
M086127,3
M100612,3
M090874,3
M094957,3
M092167,3
M100189,3
M066455,3
M065439,3
M096325,3
M086487,3
M016157,3
M082059,3
M080042,3
M037985,3
M098283,3
M070429,3
M089944,3
M047189,3
M093826,3
M097437,3
M087513,3
M065549,3
M094036,3
M088991,3
M070859,3
M078899,3
M042284,3
M090007,3
M023668,3
M058737,3
M064431,3
M091805,3
M070844,3
M063215,3
M061070,3
M052114,3
M048400,3
M058255,3
M050284,3
M049126,3
M049668,3
M043367,3
M047541,3
M022626,3
M078908,3
M098612,3
M100018,3
M076022,3
M087884,3
M099089,3
M100865,3
M067857,3
M065303,3
M068605,3
M080780,3
M056232,3
M058313,3
M088459,3
M046083,3
M053532,3
M094987,3
M014709,3
M101535,3
M082890,3
M043110,3
M091633,3
M093687,3
M038424,3
M048156,3
M064228,3
M054623,3
M067227,3
M094062,3
M093304,3
M072175,3
M026632,3
M087191,3
M088383,3
M100758,3
M081821,3
M091804,3
M095112,3
M079572,3
M076324,3
M062044,3
M043294,3
M036624,3
M079278,3
M065755,3
M076073,3
M079117,3
M079867,3
M000060,3
M065167,3
M077280,3
M075033,3
M048340,3
M077333,3
M077983,3
M098135,3
M076630,3
M090482,3
M009371,3
M054698,3
M033616,3
M070714,3
M087487,3
M049971,3
M092466,3
M098970,3
M064153,3
M069047,3
M101761,3
M090732,3
M100347,3
M048201,3
M099898,3
M090905,3
M091313,3
M079303,3
M082227,3
M080316,3
M098421,3
M087043,3
M097723,3
M091480,3
M091048,3
M044919,3
M099698,3
M086488,3
M023412,3
M003638,3
M101403,3
M071234,3
M016776,3
M016747,3
M100436,3
M049979,3
M062096,3
M016085,3
M060806,3
M083838,3
M081075,3
M073516,3
M049799,3
M091546,3
M064533,3
M078194,3
M100714,3
M018882,3
M084621,3
M080551,3
M070878,3
M101130,3
M073427,3
M099644,3
M074907,3
M044262,3
M083904,3
M075472,3
M098489,3
M095738,3
M065754,3
M018748,3
M062071,3
M056444,3
M076610,3
M082949,3
M080752,3
M080536,3
M091025,3
M072944,3
M069207,3
M088508,3
M060487,3
M059665,3
M050178,3
M087946,3
M060216,3
M098377,3
M068284,3
M087017,3
M061891,3
M043892,3
M100607,3
M096196,3
M082204,3
M060966,3
M064579,3
M093463,3
M095721,3
M094290,3
M074338,3
M100741,3
M074292,3
M080078,3
M082924,3
M057722,3
M069856,3
M092830,3
M065416,3
M085187,3
M085739,3
M090477,3
M088806,3
M070694,3
M063567,3
M089333,3
M049085,3
M067679,3
M100121,3
M079591,3
M079735,3
M077831,3
M091098,3
M018829,3
M099305,3
M080086,3
M004445,3
M069055,3
M004677,3
M100144,3
M037473,3
M011886,3
M088503,3
M084531,3
M092694,3
M050774,3
M083683,3
M044025,3
M067444,3
M047181,3
M092553,3
M046737,3
M068863,3
M076638,3
M010251,3
M046098,3
M095864,3
M067487,3
M099410,3
M045096,3
M069940,3
M073719,3
M087438,3
M071759,3
M025931,3
M079216,3
M093781,3
M081958,3
M098410,3
M010796,3
M086603,3
M074141,3
M072999,3
M063788,3
M083824,3
M082152,3
M088588,3
M081452,3
M076784,3
M069322,3
M059950,3
M050304,3
M084508,3
M025278,3
M076508,3
M085725,3
M052057,3
M097053,3
M088699,3
M067275,3
M055136,3
M079212,3
M054315,3
M072068,3
M089485,3
M092893,3
M100465,3
M051465,3
M072872,3
M077776,3
M100703,3
M081397,3
M043386,3
M093136,3
M089155,3
M054296,3
M095768,3
M078231,3
M020052,3
M096454,3
M019077,3
M049573,3
M071120,3
M070814,3
M054207,3
M091540,3
M077901,3
M098976,3
M081664,3
M070168,3
M093932,3
M069947,3
M093813,3
M095712,3
M092399,3
M089125,3
M073936,3
M078947,3
M034230,3
M080197,3
M071456,3
M052694,3
M051950,3
M065294,3
M081156,3
M040745,3
M096845,3
M049208,3
M078108,3
M060361,3
M072744,3
M079332,3
M055097,3
M077208,3
M072387,3
M075835,3
M092401,3
M081422,3
M056396,3
M065207,3
M097436,3
M062306,3
M073102,3
M079229,3
M080548,3
M088493,3
M074850,3
M083957,3
M078796,3
M081090,3
M080156,3
M043806,3
M073190,3
M097504,3
M068547,3
M086681,3
M090401,3
M015810,3
M075512,3
M041878,3
M096436,3
M088234,3
M052843,3
M054593,3
M063512,3
M101750,3
M052736,3
M083423,3
M059525,3
M084954,3
M093933,3
M067519,3
M054921,3
M071436,3
M076238,3
M063003,3
M042863,3
M041345,3
M100078,3
M094798,3
M091816,3
M077594,3
M096901,3
M022954,3
M094372,3
M079018,3
M052130,3
M083488,3
M078829,3
M070179,3
M082153,3
M077873,3
M086967,3
M064220,3
M089725,3
M097300,3
M087140,3
M022838,3
M088929,3
M095979,3
M092730,3
M086112,3
M090820,3
M090642,3
M094693,3
M080585,3
M099037,3
M077389,3
M095276,3
M091013,3
M027680,3
M086253,3
M095923,3
M056144,3
M017017,3
M073405,3
M082442,3
M007930,3
M091849,3
M073993,3
M039739,3
M089222,3
M099298,3
M052942,3
M076713,3
M071251,3
M089652,3
M072449,3
M053669,3
M069197,3
M089427,3
M026953,3
M063432,3
M074674,3
M094171,3
M073327,3
M043612,3
M095364,3
M081788,3
M082628,3
M084658,3
M101362,3
M062003,3
M098617,3
M054240,3
M084537,3
M083970,3
M023681,3
M068825,3
M095239,3
M090413,3
M083343,3
M002311,3
M087747,3
M098900,3
M078823,3
M095615,3
M050067,3
M074810,3
M009354,3
M088047,3
M028875,3
M087727,3
M098465,3
M101405,3
M100673,3
M078346,3
M080571,3
M056983,3
M051818,3
M082419,3
M084430,3
M075513,3
M097661,3
M084343,3
M062698,3
M072021,3
M058751,3
M099675,3
M101644,3
M087919,3
M085856,3
M010295,3
M091392,3
M083048,3
M086404,3
M085076,3
M086676,3
M007894,3
M059492,3
M063916,3
M044118,3
M055541,3
M072736,3
M095771,3
M068687,3
M079967,3
M022435,3
M099623,3
M100165,3
M090557,3
M093496,3
M075798,3
M044276,3
M089470,3
M101049,3
M075154,3
M041420,3
M089221,3
M087243,3
M057933,3
M095031,3
M091342,3
M085123,3
M072225,3
M080732,3
M076371,3
M044098,3
M100357,3
M036645,3
M088512,3
M077628,3
M096482,3
M095841,3
M093561,3
M095134,3
M085446,3
M067133,3
M075710,3
M084985,3
M051502,3
M008869,3
M090165,3
M018855,3
M082004,3
M068367,3
M021439,3
M099828,3
M090402,3
M076897,3
M040834,3
M014958,2
M013444,2
M072526,2
M020993,2
M077603,2
M013326,2
M056076,2
M000055,2
M082972,2
M049831,2
M012151,2
M012056,2
M001659,2
M034351,2
M067798,2
M023441,2
M080751,2
M053320,2
M074174,2
M011107,2
M007444,2
M084084,2
M096569,2
M091584,2
M096629,2
M012564,2
M003192,2
M083927,2
M006871,2
M031705,2
M000915,2
M044751,2
M000420,2
M021905,2
M000254,2
M000387,2
M007672,2
M003668,2
M041016,2
M000827,2
M038528,2
M000313,2
M046746,2
M002847,2
M067315,2
M002271,2
M000419,2
M030088,2
M001318,2
M000910,2
M027551,2
M057765,2
M072556,2
M000353,2
M005631,2
M028700,2
M025754,2
M006079,2
M012283,2
M031965,2
M000618,2
M031157,2
M016244,2
M002946,2
M001184,2
M041045,2
M041313,2
M003991,2
M008255,2
M053838,2
M000738,2
M000276,2
M000432,2
M013013,2
M022082,2
M018306,2
M002829,2
M029703,2
M000461,2
M000842,2
M000219,2
M000978,2
M010396,2
M005309,2
M004638,2
M000545,2
M028390,2
M088267,2
M007069,2
M018394,2
M001127,2
M001246,2
M020482,2
M034504,2
M023247,2
M033274,2
M067715,2
M000231,2
M000472,2
M077802,2
M052104,2
M090260,2
M073134,2
M001356,2
M000482,2
M004247,2
M054213,2
M006732,2
M005138,2
M089565,2
M080129,2
M031952,2
M038675,2
M016494,2
M000274,2
M059933,2
M074984,2
M083986,2
M001003,2
M050153,2
M000206,2
M001892,2
M003250,2
M004978,2
M025514,2
M000964,2
M031510,2
M001218,2
M000540,2
M030717,2
M000084,2
M000874,2
M012348,2
M005045,2
M059432,2
M061625,2
M013087,2
M002225,2
M052239,2
M003010,2
M029056,2
M015750,2
M005918,2
M098368,2
M077835,2
M072606,2
M000246,2
M000352,2
M000914,2
M000321,2
M000362,2
M000150,2
M098267,2
M026313,2
M005854,2
M001805,2
M024227,2
M057987,2
M016291,2
M000650,2
M049282,2
M000270,2
M000589,2
M001933,2
M036523,2
M009450,2
M004669,2
M088430,2
M033438,2
M088287,2
M090742,2
M028671,2
M006953,2
M033136,2
M009716,2
M035583,2
M005680,2
M005818,2
M006189,2
M002774,2
M071939,2
M079541,2
M096929,2
M003366,2
M019782,2
M020341,2
M079914,2
M016884,2
M079554,2
M096866,2
M091366,2
M042825,2
M093723,2
M070809,2
M043187,2
M040887,2
M003121,2
M008073,2
M033014,2
M038151,2
M023472,2
M016008,2
M015264,2
M045158,2
M046443,2
M039172,2
M030025,2
M012824,2
M012393,2
M096380,2
M001800,2
M040284,2
M049941,2
M035576,2
M005336,2
M015346,2
M000757,2
M008829,2
M015765,2
M031297,2
M040054,2
M014802,2
M014630,2
M036553,2
M050697,2
M005639,2
M033805,2
M014646,2
M022132,2
M055476,2
M011097,2
M041138,2
M003398,2
M003256,2
M014947,2
M065878,2
M008694,2
M022730,2
M003078,2
M004169,2
M011292,2
M007831,2
M007498,2
M000408,2
M015705,2
M018968,2
M002756,2
M035829,2
M010915,2
M049090,2
M017016,2
M016459,2
M034617,2
M002307,2
M077042,2
M030110,2
M029607,2
M038995,2
M010036,2
M049669,2
M025814,2
M065002,2
M055378,2
M009910,2
M000273,2
M004839,2
M053272,2
M061181,2
M071266,2
M022379,2
M032637,2
M049887,2
M001973,2
M064648,2
M031270,2
M006586,2
M006168,2
M015479,2
M030002,2
M012559,2
M019197,2
M024572,2
M045726,2
M032592,2
M008828,2
M034541,2
M030972,2
M021396,2
M041256,2
M036790,2
M034629,2
M006653,2
M064353,2
M055370,2
M008795,2
M001771,2
M006415,2
M015199,2
M006724,2
M051551,2
M004771,2
M056266,2
M022493,2
M074122,2
M006909,2
M001134,2
M053812,2
M006701,2
M086959,2
M013286,2
M049508,2
M070927,2
M010651,2
M085368,2
M041329,2
M061921,2
M007384,2
M020213,2
M004798,2
M070186,2
M006908,2
M055393,2
M001342,2
M012997,2
M024738,2
M024878,2
M091640,2
M001895,2
M019313,2
M019843,2
M043316,2
M042963,2
M012946,2
M002152,2
M005182,2
M004959,2
M028222,2
M004543,2
M028090,2
M001816,2
M033707,2
M003110,2
M091079,2
M006655,2
M043983,2
M002879,2
M003684,2
M042851,2
M008004,2
M020599,2
M038271,2
M008971,2
M015009,2
M017561,2
M020423,2
M007603,2
M068637,2
M015927,2
M023264,2
M015023,2
M000646,2
M002005,2
M072905,2
M063746,2
M000013,2
M026799,2
M021207,2
M038573,2
M028163,2
M069202,2
M089639,2
M048364,2
M035830,2
M091531,2
M071574,2
M099647,2
M048878,2
M095042,2
M019281,2
M021453,2
M006226,2
M000210,2
M000006,2
M047259,2
M009574,2
M036319,2
M035290,2
M061608,2
M055406,2
M022438,2
M057142,2
M002388,2
M011124,2
M082766,2
M068286,2
M002051,2
M012544,2
M098713,2
M060813,2
M005657,2
M016133,2
M023366,2
M019485,2
M006943,2
M010753,2
M011485,2
M050443,2
M028580,2
M009445,2
M014221,2
M023917,2
M034402,2
M044119,2
M046121,2
M008703,2
M093797,2
M095008,2
M080795,2
M002934,2
M001645,2
M024755,2
M088932,2
M069541,2
M003263,2
M005602,2
M009812,2
M038535,2
M046863,2
M041991,2
M045520,2
M031502,2
M026485,2
M022702,2
M081353,2
M032032,2
M002412,2
M011628,2
M027953,2
M079853,2
M041620,2
M084528,2
M000078,2
M074573,2
M002037,2
M022122,2
M002215,2
M042425,2
M057707,2
M051655,2
M026719,2
M032828,2
M094371,2
M041450,2
M000596,2
M016184,2
M048074,2
M012554,2
M058322,2
M002381,2
M035324,2
M048029,2
M034299,2
M095695,2
M011613,2
M017804,2
M099070,2
M007508,2
M039815,2
M085564,2
M013672,2
M099972,2
M015597,2
M036126,2
M001619,2
M002998,2
M033540,2
M034241,2
M078745,2
M066004,2
M008372,2
M013643,2
M010513,2
M094629,2
M000021,2
M028596,2
M017077,2
M024830,2
M003469,2
M020370,2
M017268,2
M003526,2
M022546,2
M025358,2
M018129,2
M002445,2
M030734,2
M023634,2
M035789,2
M023055,2
M046922,2
M017927,2
M032416,2
M019137,2
M020479,2
M041091,2
M072091,2
M018689,2
M030037,2
M021053,2
M079700,2
M035861,2
M041706,2
M096375,2
M002902,2
M077646,2
M019600,2
M050747,2
M043636,2
M024004,2
M023587,2
M041201,2
M021146,2
M069127,2
M001346,2
M009827,2
M002009,2
M078432,2
M002437,2
M064046,2
M003803,2
M012275,2
M018588,2
M021490,2
M008704,2
M022374,2
M002407,2
M040302,2
M038465,2
M088659,2
M078269,2
M085960,2
M019527,2
M002775,2
M003082,2
M015393,2
M022207,2
M023098,2
M018953,2
M097236,2
M021572,2
M019222,2
M027231,2
M020647,2
M013536,2
M090456,2
M077297,2
M015074,2
M013580,2
M037649,2
M025187,2
M101340,2
M076773,2
M069685,2
M070829,2
M001049,2
M049665,2
M002197,2
M005596,2
M016960,2
M062167,2
M037902,2
M025409,2
M020316,2
M011717,2
M009383,2
M002049,2
M009869,2
M055472,2
M003888,2
M011693,2
M064464,2
M047166,2
M001998,2
M049739,2
M026291,2
M009135,2
M004139,2
M068450,2
M045714,2
M015606,2
M024229,2
M015251,2
M090365,2
M004753,2
M013082,2
M058497,2
M087047,2
M063720,2
M034817,2
M004574,2
M012240,2
M011519,2
M074953,2
M072122,2
M088775,2
M087405,2
M094123,2
M012937,2
M055146,2
M020149,2
M092655,2
M065664,2
M059638,2
M066123,2
M041851,2
M056663,2
M015583,2
M022938,2
M025240,2
M032646,2
M001181,2
M014154,2
M067887,2
M009994,2
M070422,2
M038013,2
M064461,2
M036384,2
M031941,2
M098991,2
M073937,2
M085019,2
M010989,2
M002428,2
M003238,2
M006211,2
M013418,2
M016689,2
M048579,2
M078106,2
M040224,2
M100511,2
M008727,2
M013252,2
M022827,2
M053883,2
M082148,2
M000033,2
M028719,2
M040372,2
M021218,2
M027156,2
M002984,2
M028711,2
M005710,2
M019951,2
M011139,2
M040000,2
M028619,2
M012135,2
M017498,2
M039531,2
M036187,2
M013736,2
M002810,2
M090821,2
M094548,2
M065548,2
M072260,2
M022255,2
M006314,2
M008158,2
M021341,2
M026194,2
M015120,2
M041768,2
M093079,2
M000840,2
M041116,2
M017644,2
M067264,2
M031071,2
M001123,2
M073610,2
M015715,2
M031969,2
M019074,2
M018832,2
M014121,2
M027991,2
M020131,2
M041457,2
M068153,2
M015615,2
M020006,2
M003941,2
M021133,2
M010900,2
M033801,2
M033789,2
M025503,2
M049632,2
M008159,2
M037205,2
M003189,2
M016903,2
M075808,2
M034598,2
M065442,2
M015954,2
M014260,2
M023382,2
M012280,2
M041405,2
M086042,2
M027911,2
M002169,2
M006137,2
M000818,2
M013791,2
M027180,2
M011424,2
M087512,2
M089456,2
M052923,2
M007607,2
M093414,2
M086093,2
M011961,2
M038071,2
M060844,2
M069243,2
M005603,2
M032701,2
M048173,2
M021827,2
M005170,2
M011337,2
M008767,2
M022768,2
M039456,2
M074795,2
M020499,2
M027207,2
M026878,2
M024841,2
M029938,2
M001705,2
M000583,2
M036515,2
M002687,2
M066113,2
M030192,2
M053517,2
M005885,2
M021127,2
M029990,2
M011776,2
M021904,2
M020982,2
M032526,2
M007352,2
M005153,2
M021350,2
M006844,2
M004498,2
M009071,2
M014169,2
M006311,2
M013829,2
M020461,2
M009513,2
M006693,2
M027331,2
M085614,2
M024215,2
M036889,2
M037029,2
M015709,2
M080160,2
M068021,2
M015206,2
M089909,2
M063448,2
M038009,2
M101557,2
M014516,2
M019124,2
M019483,2
M024989,2
M007550,2
M070669,2
M020807,2
M015152,2
M027780,2
M079727,2
M001865,2
M064239,2
M030601,2
M047498,2
M044099,2
M027193,2
M033521,2
M032236,2
M080562,2
M094360,2
M081926,2
M070057,2
M071706,2
M079391,2
M067559,2
M095656,2
M060807,2
M039193,2
M063200,2
M065909,2
M035916,2
M031247,2
M036020,2
M024855,2
M003183,2
M004995,2
M046007,2
M052585,2
M010685,2
M018447,2
M011432,2
M002378,2
M010172,2
M014807,2
M027012,2
M029644,2
M017613,2
M039539,2
M094642,2
M054051,2
M080798,2
M008319,2
M079928,2
M048147,2
M003836,2
M080368,2
M048752,2
M059379,2
M017888,2
M056088,2
M007017,2
M011551,2
M016336,2
M018966,2
M054146,2
M005568,2
M019167,2
M030357,2
M007349,2
M095635,2
M058970,2
M092236,2
M039285,2
M009734,2
M050790,2
M026378,2
M009250,2
M014547,2
M059232,2
M036086,2
M001223,2
M062864,2
M078789,2
M047732,2
M069400,2
M090832,2
M033226,2
M049942,2
M008481,2
M002757,2
M010116,2
M003829,2
M003422,2
M027440,2
M027571,2
M052272,2
M020089,2
M033986,2
M061802,2
M008273,2
M016294,2
M000009,2
M015717,2
M031660,2
M004652,2
M006951,2
M045006,2
M040714,2
M014102,2
M016774,2
M004602,2
M017714,2
M056326,2
M060158,2
M072273,2
M024545,2
M077364,2
M009385,2
M003620,2
M015530,2
M056637,2
M043785,2
M086990,2
M036446,2
M087485,2
M055078,2
M055351,2
M056343,2
M072718,2
M007896,2
M088296,2
M074296,2
M018646,2
M032536,2
M007842,2
M030097,2
M066960,2
M018510,2
M040748,2
M045369,2
M066652,2
M054755,2
M064385,2
M014688,2
M004225,2
M062911,2
M013783,2
M020664,2
M084007,2
M027886,2
M016687,2
M010653,2
M019478,2
M002235,2
M022558,2
M091855,2
M018366,2
M048387,2
M023680,2
M017433,2
M004245,2
M019287,2
M094034,2
M012621,2
M013004,2
M018451,2
M027301,2
M015062,2
M053134,2
M009711,2
M039792,2
M042072,2
M069406,2
M062148,2
M094824,2
M092736,2
M017322,2
M045942,2
M084646,2
M006427,2
M065085,2
M089080,2
M036180,2
M036255,2
M022914,2
M005071,2
M067416,2
M075633,2
M014101,2
M024813,2
M017357,2
M019215,2
M039430,2
M027904,2
M066636,2
M004176,2
M005890,2
M007003,2
M021472,2
M097121,2
M002635,2
M036647,2
M008402,2
M015253,2
M071192,2
M007568,2
M038155,2
M007844,2
M005772,2
M092902,2
M007708,2
M020303,2
M035873,2
M062894,2
M021373,2
M008375,2
M001615,2
M017067,2
M050937,2
M011970,2
M023742,2
M032631,2
M006569,2
M039820,2
M033543,2
M015164,2
M001028,2
M082112,2
M031138,2
M020864,2
M100210,2
M021651,2
M007488,2
M008850,2
M008833,2
M022918,2
M034320,2
M003937,2
M067853,2
M009957,2
M048091,2
M013485,2
M038458,2
M077575,2
M019712,2
M032457,2
M005828,2
M098216,2
M021016,2
M012241,2
M009623,2
M017461,2
M068681,2
M072785,2
M016936,2
M013379,2
M008892,2
M089758,2
M016820,2
M019598,2
M003515,2
M098231,2
M008992,2
M027676,2
M005329,2
M019722,2
M014854,2
M008654,2
M037300,2
M024939,2
M071108,2
M082568,2
M019678,2
M092838,2
M018780,2
M100595,2
M003615,2
M020568,2
M012445,2
M003910,2
M089503,2
M007441,2
M016264,2
M034826,2
M039937,2
M010886,2
M045586,2
M077176,2
M011243,2
M015602,2
M092968,2
M024683,2
M007736,2
M009112,2
M007101,2
M048934,2
M021288,2
M090901,2
M042175,2
M036801,2
M001460,2
M027588,2
M014864,2
M006807,2
M002854,2
M013157,2
M063172,2
M009083,2
M008193,2
M097494,2
M034925,2
M068130,2
M085292,2
M052190,2
M041206,2
M016135,2
M058382,2
M005586,2
M028050,2
M013908,2
M003655,2
M013052,2
M042796,2
M025734,2
M013851,2
M016837,2
M008680,2
M069716,2
M052178,2
M007430,2
M019825,2
M005781,2
M007936,2
M096294,2
M063753,2
M033139,2
M075403,2
M082676,2
M008344,2
M013212,2
M043425,2
M005041,2
M006511,2
M014675,2
M013424,2
M092627,2
M099645,2
M006192,2
M002101,2
M061546,2
M002867,2
M027424,2
M057808,2
M035525,2
M043929,2
M073809,2
M039993,2
M029785,2
M076410,2
M000581,2
M009412,2
M015179,2
M005999,2
M097054,2
M008918,2
M015103,2
M025908,2
M042042,2
M042603,2
M065662,2
M026902,2
M094718,2
M011132,2
M089651,2
M016633,2
M030751,2
M018007,2
M009099,2
M070134,2
M034141,2
M016272,2
M025056,2
M022189,2
M057529,2
M067727,2
M031636,2
M029166,2
M035581,2
M036613,2
M025023,2
M002399,2
M021894,2
M069670,2
M067694,2
M013987,2
M049802,2
M053142,2
M065942,2
M048371,2
M027700,2
M067473,2
M004116,2
M009432,2
M001843,2
M069862,2
M001999,2
M001279,2
M002633,2
M010359,2
M003239,2
M014292,2
M009006,2
M014462,2
M011696,2
M050202,2
M044170,2
M046799,2
M019233,2
M070767,2
M022064,2
M086846,2
M056468,2
M019869,2
M052852,2
M084122,2
M036931,2
M020738,2
M089455,2
M014956,2
M061510,2
M002257,2
M008081,2
M083370,2
M010101,2
M007544,2
M015777,2
M025972,2
M019794,2
M017686,2
M097503,2
M018349,2
M014716,2
M019964,2
M008299,2
M002342,2
M099558,2
M066833,2
M030529,2
M028038,2
M019583,2
M010876,2
M003843,2
M018207,2
M059518,2
M029640,2
M002693,2
M069895,2
M028808,2
M018272,2
M043244,2
M038733,2
M011641,2
M004725,2
M096345,2
M013675,2
M070403,2
M028779,2
M076104,2
M002048,2
M097916,2
M006160,2
M019272,2
M016664,2
M022871,2
M006771,2
M038118,2
M027944,2
M021059,2
M022512,2
M016764,2
M027821,2
M008245,2
M000101,2
M042011,2
M029466,2
M030268,2
M064713,2
M061238,2
M005225,2
M004837,2
M018085,2
M020716,2
M016694,2
M004293,2
M084862,2
M033636,2
M069233,2
M007760,2
M013921,2
M008234,2
M005743,2
M087988,2
M037243,2
M007038,2
M002446,2
M056571,2
M028364,2
M005341,2
M043743,2
M058567,2
M002956,2
M006190,2
M062879,2
M028272,2
M028618,2
M095628,2
M026035,2
M076896,2
M013900,2
M052412,2
M073401,2
M074531,2
M022038,2
M071088,2
M060452,2
M025881,2
M035026,2
M010226,2
M017075,2
M076116,2
M060028,2
M076738,2
M070834,2
M033610,2
M032525,2
M023298,2
M047511,2
M005911,2
M010227,2
M008342,2
M016004,2
M048043,2
M088247,2
M004789,2
M054754,2
M051067,2
M077060,2
M017198,2
M006795,2
M062236,2
M001871,2
M015412,2
M023235,2
M053948,2
M029129,2
M091636,2
M093510,2
M029586,2
M079730,2
M022387,2
M100497,2
M037116,2
M003736,2
M006597,2
M079825,2
M091519,2
M033318,2
M020102,2
M016238,2
M029505,2
M018171,2
M026537,2
M022967,2
M032007,2
M043683,2
M022324,2
M026702,2
M010186,2
M039986,2
M002260,2
M069944,2
M066775,2
M008581,2
M000010,2
M040871,2
M038968,2
M018178,2
M014446,2
M042932,2
M020630,2
M008801,2
M009509,2
M008766,2
M025476,2
M010829,2
M023673,2
M029252,2
M079504,2
M014780,2
M009916,2
M025445,2
M026374,2
M016129,2
M025749,2
M005837,2
M011191,2
M007695,2
M026361,2
M009065,2
M006767,2
M012163,2
M081987,2
M053392,2
M020280,2
M036060,2
M030222,2
M018960,2
M001361,2
M043525,2
M077508,2
M060060,2
M040076,2
M016338,2
M003619,2
M013367,2
M008698,2
M013914,2
M048879,2
M061448,2
M065592,2
M020933,2
M008770,2
M009831,2
M010449,2
M017519,2
M086899,2
M008908,2
M053642,2
M035343,2
M094195,2
M055246,2
M021002,2
M031933,2
M016387,2
M075435,2
M016448,2
M009679,2
M100496,2
M013870,2
M036522,2
M047581,2
M026706,2
M004321,2
M043538,2
M014659,2
M009035,2
M022409,2
M079832,2
M032815,2
M035970,2
M083587,2
M072374,2
M076653,2
M085196,2
M012153,2
M006645,2
M071027,2
M053640,2
M069836,2
M012605,2
M047783,2
M024252,2
M018357,2
M028333,2
M009876,2
M027072,2
M092001,2
M082460,2
M034485,2
M098619,2
M025040,2
M021715,2
M100569,2
M082506,2
M100171,2
M093424,2
M071981,2
M019832,2
M091010,2
M082625,2
M014278,2
M004461,2
M055145,2
M036513,2
M033576,2
M008800,2
M011914,2
M006837,2
M002131,2
M044401,2
M002754,2
M005708,2
M019685,2
M064121,2
M021553,2
M028707,2
M065024,2
M076132,2
M036109,2
M067429,2
M054834,2
M009918,2
M026176,2
M020530,2
M010835,2
M079622,2
M003607,2
M017619,2
M010797,2
M005255,2
M008562,2
M101562,2
M067197,2
M005010,2
M036742,2
M049192,2
M039711,2
M045504,2
M018902,2
M013922,2
M100746,2
M024546,2
M027868,2
M053713,2
M016343,2
M007588,2
M041653,2
M008854,2
M083856,2
M096633,2
M042745,2
M025463,2
M009038,2
M007940,2
M026764,2
M008162,2
M099955,2
M018060,2
M073871,2
M067851,2
M068616,2
M025138,2
M004612,2
M011867,2
M010457,2
M016188,2
M003745,2
M009943,2
M023968,2
M058675,2
M065057,2
M007081,2
M074124,2
M091312,2
M079132,2
M012667,2
M051992,2
M055155,2
M054587,2
M009819,2
M006231,2
M038577,2
M000048,2
M086640,2
M040237,2
M012074,2
M002631,2
M044032,2
M022219,2
M019686,2
M013769,2
M004198,2
M014246,2
M024993,2
M072781,2
M015890,2
M029188,2
M002141,2
M006857,2
M021867,2
M051261,2
M056413,2
M025480,2
M001795,2
M040962,2
M017980,2
M001253,2
M033099,2
M010737,2
M004382,2
M048588,2
M069069,2
M044961,2
M003463,2
M020162,2
M019207,2
M028209,2
M016168,2
M012200,2
M013027,2
M046829,2
M026319,2
M082491,2
M092887,2
M007244,2
M011389,2
M016161,2
M062160,2
M097107,2
M014573,2
M021412,2
M076889,2
M014965,2
M070275,2
M074670,2
M003315,2
M018576,2
M005086,2
M004388,2
M053020,2
M018747,2
M047547,2
M033581,2
M073668,2
M047332,2
M002180,2
M003965,2
M025153,2
M018417,2
M082756,2
M015321,2
M010461,2
M003738,2
M008090,2
M007266,2
M006173,2
M002962,2
M026627,2
M001932,2
M019000,2
M004119,2
M024578,2
M008235,2
M015578,2
M079091,2
M004636,2
M003253,2
M037365,2
M019269,2
M007293,2
M051304,2
M015019,2
M008474,2
M053873,2
M096470,2
M015624,2
M013629,2
M030964,2
M057907,2
M037371,2
M012622,2
M031947,2
M035824,2
M010460,2
M004406,2
M022717,2
M002888,2
M001207,2
M012021,2
M023504,2
M011360,2
M100609,2
M011325,2
M007821,2
M004683,2
M026785,2
M022906,2
M018250,2
M015722,2
M038286,2
M080558,2
M085432,2
M019910,2
M016769,2
M018740,2
M077504,2
M040828,2
M004673,2
M017655,2
M060152,2
M006980,2
M022545,2
M093286,2
M025523,2
M088065,2
M022619,2
M012543,2
M068766,2
M059822,2
M085336,2
M086935,2
M060410,2
M051043,2
M094107,2
M015531,2
M006390,2
M004775,2
M054666,2
M023956,2
M049521,2
M064278,2
M070093,2
M020996,2
M078855,2
M008018,2
M000072,2
M080545,2
M061039,2
M008348,2
M028341,2
M057734,2
M075460,2
M077321,2
M099175,2
M076602,2
M002764,2
M028117,2
M033023,2
M061726,2
M012753,2
M017190,2
M043977,2
M004426,2
M071800,2
M019316,2
M012092,2
M015598,2
M023105,2
M052315,2
M055463,2
M007530,2
M015563,2
M020385,2
M046968,2
M090109,2
M084291,2
M049824,2
M005403,2
M004327,2
M001761,2
M035329,2
M010346,2
M022114,2
M015917,2
M053129,2
M015648,2
M042838,2
M003482,2
M022271,2
M008662,2
M051952,2
M056995,2
M052940,2
M009088,2
M032668,2
M049684,2
M079608,2
M003576,2
M066097,2
M024073,2
M007238,2
M020675,2
M024195,2
M028356,2
M018979,2
M008408,2
M011634,2
M051895,2
M062588,2
M027595,2
M023514,2
M093601,2
M053125,2
M089602,2
M048954,2
M051243,2
M060585,2
M028804,2
M006793,2
M025632,2
M019336,2
M030167,2
M011110,2
M004715,2
M083200,2
M079110,2
M086461,2
M044540,2
M069092,2
M000612,2
M013522,2
M016975,2
M006455,2
M008805,2
M020443,2
M026745,2
M050829,2
M059383,2
M045265,2
M002160,2
M059829,2
M053665,2
M009270,2
M020637,2
M009520,2
M053603,2
M004127,2
M039375,2
M086779,2
M082392,2
M002852,2
M011854,2
M014730,2
M003643,2
M008067,2
M016756,2
M012441,2
M022173,2
M077068,2
M051647,2
M079820,2
M014284,2
M010274,2
M026789,2
M092653,2
M026917,2
M005983,2
M011033,2
M013766,2
M016361,2
M012414,2
M002873,2
M030473,2
M069261,2
M080406,2
M025552,2
M008151,2
M050386,2
M041027,2
M012499,2
M029443,2
M018854,2
M052230,2
M054839,2
M056100,2
M067060,2
M016367,2
M014166,2
M010267,2
M003070,2
M010041,2
M053409,2
M012848,2
M001444,2
M002218,2
M093231,2
M061299,2
M030566,2
M033786,2
M013440,2
M009703,2
M026926,2
M051933,2
M036069,2
M008315,2
M032535,2
M063949,2
M021933,2
M016783,2
M066231,2
M086206,2
M009048,2
M004915,2
M018464,2
M026990,2
M038453,2
M064150,2
M018850,2
M094926,2
M027435,2
M008232,2
M002191,2
M036594,2
M059875,2
M012506,2
M053184,2
M068393,2
M008175,2
M058191,2
M076592,2
M043424,2
M016493,2
M000780,2
M004219,2
M010013,2
M013676,2
M037355,2
M084079,2
M011916,2
M005578,2
M031366,2
M048759,2
M017386,2
M009861,2
M072994,2
M028368,2
M014542,2
M014997,2
M022532,2
M018791,2
M034669,2
M085194,2
M016882,2
M020206,2
M076308,2
M014030,2
M016323,2
M020315,2
M009656,2
M011747,2
M075477,2
M043327,2
M017005,2
M009912,2
M060798,2
M006125,2
M048211,2
M052298,2
M011423,2
M016684,2
M022197,2
M024415,2
M032846,2
M038262,2
M002558,2
M053777,2
M032551,2
M033114,2
M019938,2
M022535,2
M058678,2
M024984,2
M074144,2
M010501,2
M100122,2
M076093,2
M023767,2
M047720,2
M008156,2
M016077,2
M024098,2
M008237,2
M013726,2
M043495,2
M009042,2
M080296,2
M051497,2
M015658,2
M060082,2
M075042,2
M031092,2
M023633,2
M040136,2
M036840,2
M010262,2
M043277,2
M003046,2
M025835,2
M002799,2
M034261,2
M006545,2
M006446,2
M085377,2
M094876,2
M005508,2
M018277,2
M012459,2
M001252,2
M058219,2
M067841,2
M092441,2
M052624,2
M053749,2
M021178,2
M004482,2
M006896,2
M065704,2
M022154,2
M058537,2
M021762,2
M011756,2
M062219,2
M003168,2
M028051,2
M059702,2
M085593,2
M003713,2
M017730,2
M065263,2
M024038,2
M011173,2
M034739,2
M020260,2
M079883,2
M021786,2
M056153,2
M060641,2
M037150,2
M007899,2
M012408,2
M015872,2
M085407,2
M056864,2
M048773,2
M020550,2
M011491,2
M012366,2
M096389,2
M087135,2
M043450,2
M061525,2
M088505,2
M050972,2
M003612,2
M017147,2
M014761,2
M076947,2
M087867,2
M027271,2
M099798,2
M073436,2
M024904,2
M010400,2
M100677,2
M021346,2
M016677,2
M001585,2
M007240,2
M043703,2
M024471,2
M048503,2
M052051,2
M001565,2
M022802,2
M074369,2
M071565,2
M049431,2
M092406,2
M072649,2
M089723,2
M013014,2
M007274,2
M012861,2
M016651,2
M007086,2
M018474,2
M016293,2
M025354,2
M035743,2
M007082,2
M049814,2
M069544,2
M049069,2
M019191,2
M076259,2
M014852,2
M005622,2
M044627,2
M013439,2
M062597,2
M029275,2
M016158,2
M007190,2
M028432,2
M024326,2
M032247,2
M026849,2
M001001,2
M071889,2
M099394,2
M027842,2
M093357,2
M069887,2
M076700,2
M090856,2
M050482,2
M003609,2
M008048,2
M069379,2
M005585,2
M065836,2
M017507,2
M069736,2
M013490,2
M010109,2
M014294,2
M084087,2
M025689,2
M091883,2
M019704,2
M025496,2
M088053,2
M020022,2
M010721,2
M026000,2
M013025,2
M053176,2
M021804,2
M033001,2
M091577,2
M060184,2
M008697,2
M017685,2
M011079,2
M099567,2
M030006,2
M005770,2
M002098,2
M054746,2
M008174,2
M100697,2
M034704,2
M005511,2
M006282,2
M036789,2
M080107,2
M022134,2
M004517,2
M035802,2
M094064,2
M026254,2
M001882,2
M003042,2
M018724,2
M062724,2
M074387,2
M027203,2
M043292,2
M027546,2
M015941,2
M027132,2
M073644,2
M098934,2
M090921,2
M038587,2
M042168,2
M007443,2
M008037,2
M003434,2
M004084,2
M024540,2
M080413,2
M101536,2
M027062,2
M019371,2
M100793,2
M047354,2
M012676,2
M021304,2
M021610,2
M070384,2
M076568,2
M008011,2
M057971,2
M006720,2
M023438,2
M023301,2
M018434,2
M003498,2
M006209,2
M072078,2
M045708,2
M013343,2
M008994,2
M084821,2
M053417,2
M077524,2
M058357,2
M005814,2
M015270,2
M042119,2
M020667,2
M009136,2
M036124,2
M086464,2
M007265,2
M016374,2
M011850,2
M062704,2
M090848,2
M002819,2
M076830,2
M019555,2
M087746,2
M029678,2
M006611,2
M045296,2
M047053,2
M007512,2
M063606,2
M010543,2
M024978,2
M010586,2
M012233,2
M017510,2
M055722,2
M013293,2
M043754,2
M086841,2
M006076,2
M074882,2
M039564,2
M049749,2
M005245,2
M010065,2
M015498,2
M009386,2
M086710,2
M084298,2
M082312,2
M026059,2
M047668,2
M083008,2
M005048,2
M006959,2
M057181,2
M050961,2
M073972,2
M070627,2
M013623,2
M032753,2
M061833,2
M003552,2
M019420,2
M009855,2
M010780,2
M066742,2
M072090,2
M049622,2
M003642,2
M085755,2
M061944,2
M045974,2
M008521,2
M026754,2
M000018,2
M057580,2
M009745,2
M017115,2
M019309,2
M028692,2
M024965,2
M021724,2
M009269,2
M070125,2
M081557,2
M072714,2
M012675,2
M009747,2
M034026,2
M082653,2
M074987,2
M007342,2
M035247,2
M016893,2
M043991,2
M016779,2
M019565,2
M021645,2
M023925,2
M023228,2
M028969,2
M031646,2
M092089,2
M007272,2
M073120,2
M083373,2
M073397,2
M016245,2
M014584,2
M008804,2
M008898,2
M093809,2
M077110,2
M013260,2
M015901,2
M075525,2
M014247,2
M007142,2
M001507,2
M011796,2
M005813,2
M089828,2
M090516,2
M045335,2
M025880,2
M065886,2
M049519,2
M089218,2
M055842,2
M021646,2
M033993,2
M035255,2
M020132,2
M013754,2
M087521,2
M060701,2
M081071,2
M045848,2
M015284,2
M032332,2
M022309,2
M049615,2
M022447,2
M031301,2
M014080,2
M050673,2
M100589,2
M038095,2
M066294,2
M080062,2
M051987,2
M042248,2
M025526,2
M062507,2
M021586,2
M060737,2
M058320,2
M042504,2
M047037,2
M035473,2
M016369,2
M010761,2
M079660,2
M081041,2
M019666,2
M011489,2
M060281,2
M031715,2
M023590,2
M043290,2
M018281,2
M025090,2
M020349,2
M061616,2
M067145,2
M065225,2
M018794,2
M066014,2
M010001,2
M048843,2
M012190,2
M010577,2
M021514,2
M070165,2
M024859,2
M031075,2
M000105,2
M048059,2
M098555,2
M004660,2
M054538,2
M014938,2
M005715,2
M006509,2
M007551,2
M006606,2
M011187,2
M074316,2
M080080,2
M022115,2
M084452,2
M088887,2
M004062,2
M004233,2
M029956,2
M020918,2
M081188,2
M012961,2
M004162,2
M018327,2
M043985,2
M004706,2
M029672,2
M029603,2
M064033,2
M004808,2
M096086,2
M005986,2
M086220,2
M063985,2
M009312,2
M033395,2
M069695,2
M074860,2
M091299,2
M012745,2
M030052,2
M018779,2
M017729,2
M012694,2
M022401,2
M024171,2
M094572,2
M002474,2
M015764,2
M023598,2
M009516,2
M016239,2
M021230,2
M009019,2
M002440,2
M058040,2
M012292,2
M008251,2
M048869,2
M095490,2
M020940,2
M048413,2
M010018,2
M003730,2
M094008,2
M008974,2
M012012,2
M017637,2
M095880,2
M006638,2
M009202,2
M054865,2
M053248,2
M055089,2
M022590,2
M056360,2
M011332,2
M027177,2
M085893,2
M061688,2
M093900,2
M003947,2
M016252,2
M013167,2
M097778,2
M024100,2
M070747,2
M092561,2
M013919,2
M003819,2
M009249,2
M006350,2
M012854,2
M042388,2
M099251,2
M020556,2
M037106,2
M055376,2
M031133,2
M056816,2
M013982,2
M017240,2
M006744,2
M022444,2
M066706,2
M015824,2
M011931,2
M027163,2
M100323,2
M022330,2
M075046,2
M008651,2
M015080,2
M042296,2
M070008,2
M096770,2
M032228,2
M041252,2
M075118,2
M038657,2
M027201,2
M018067,2
M007438,2
M035886,2
M038983,2
M053803,2
M059845,2
M101464,2
M033662,2
M014706,2
M021149,2
M003242,2
M002574,2
M044319,2
M065104,2
M021808,2
M058176,2
M033003,2
M071544,2
M027442,2
M023168,2
M033250,2
M004578,2
M020034,2
M016231,2
M039838,2
M009512,2
M051625,2
M016321,2
M018442,2
M019071,2
M001915,2
M017021,2
M011146,2
M036921,2
M099078,2
M013338,2
M096945,2
M074494,2
M055868,2
M025855,2
M086188,2
M032417,2
M011794,2
M027425,2
M101542,2
M072618,2
M005832,2
M024582,2
M026913,2
M018221,2
M036966,2
M017329,2
M030490,2
M076460,2
M001521,2
M005570,2
M025808,2
M047530,2
M063596,2
M009729,2
M019908,2
M005224,2
M087356,2
M026667,2
M032854,2
M066009,2
M051764,2
M094091,2
M048907,2
M030535,2
M007302,2
M066050,2
M026447,2
M014823,2
M012299,2
M013103,2
M032792,2
M010698,2
M034360,2
M053912,2
M063598,2
M030897,2
M014893,2
M051019,2
M023965,2
M012761,2
M016979,2
M025446,2
M027000,2
M035159,2
M037157,2
M085524,2
M063914,2
M025085,2
M032963,2
M037148,2
M043611,2
M015248,2
M032540,2
M005420,2
M023059,2
M036701,2
M019210,2
M086648,2
M032657,2
M056573,2
M061627,2
M018337,2
M005473,2
M098725,2
M063722,2
M058722,2
M091733,2
M062670,2
M022019,2
M012223,2
M090628,2
M088027,2
M089667,2
M095264,2
M051517,2
M078603,2
M034557,2
M026509,2
M004065,2
M031347,2
M044282,2
M007250,2
M027937,2
M027659,2
M009433,2
M015455,2
M018161,2
M076039,2
M039154,2
M023053,2
M007477,2
M019928,2
M011650,2
M021669,2
M012009,2
M023344,2
M019571,2
M025748,2
M033204,2
M016141,2
M015747,2
M001783,2
M044693,2
M068523,2
M005475,2
M018775,2
M087606,2
M038059,2
M002931,2
M009686,2
M066204,2
M062856,2
M101116,2
M083456,2
M020577,2
M057057,2
M050671,2
M005566,2
M101128,2
M062250,2
M018786,2
M064347,2
M022307,2
M014746,2
M017098,2
M022269,2
M016292,2
M084202,2
M058196,2
M038508,2
M024295,2
M010532,2
M011769,2
M009726,2
M083749,2
M012514,2
M019144,2
M019033,2
M043744,2
M003953,2
M036266,2
M100368,2
M050185,2
M087540,2
M020544,2
M015106,2
M041521,2
M010426,2
M005748,2
M014495,2
M013741,2
M016797,2
M079283,2
M048606,2
M035822,2
M022761,2
M035195,2
M056306,2
M018514,2
M040653,2
M081323,2
M024931,2
M010398,2
M032870,2
M031438,2
M091126,2
M100765,2
M001568,2
M010707,2
M007368,2
M011156,2
M048513,2
M016607,2
M012264,2
M016782,2
M096509,2
M029533,2
M015711,2
M016510,2
M041229,2
M101223,2
M017177,2
M012284,2
M095386,2
M010190,2
M096691,2
M085035,2
M101057,2
M055203,2
M058962,2
M015254,2
M017318,2
M032670,2
M013991,2
M085562,2
M053837,2
M043813,2
M036457,2
M029349,2
M038475,2
M012321,2
M083993,2
M067175,2
M010638,2
M085843,2
M067991,2
M086924,2
M045256,2
M006001,2
M007005,2
M003452,2
M072261,2
M019278,2
M066197,2
M043082,2
M058995,2
M070739,2
M018459,2
M011996,2
M010658,2
M010531,2
M008140,2
M044444,2
M020644,2
M047345,2
M022157,2
M054385,2
M006565,2
M001010,2
M015986,2
M008376,2
M083849,2
M055491,2
M018364,2
M027321,2
M040737,2
M024449,2
M020884,2
M012002,2
M026833,2
M009712,2
M052233,2
M012683,2
M054568,2
M000299,2
M099004,2
M026397,2
M019307,2
M058642,2
M048197,2
M014773,2
M036252,2
M057543,2
M012769,2
M024929,2
M036648,2
M005371,2
M013317,2
M082354,2
M053198,2
M067624,2
M033331,2
M018504,2
M022875,2
M031674,2
M036584,2
M022637,2
M064810,2
M012502,2
M061535,2
M025511,2
M004994,2
M012121,2
M093184,2
M019188,2
M012425,2
M054996,2
M086163,2
M038033,2
M062858,2
M005451,2
M016521,2
M004615,2
M017401,2
M051940,2
M004027,2
M050073,2
M095355,2
M055206,2
M007223,2
M020708,2
M082824,2
M058413,2
M048602,2
M001528,2
M020141,2
M020853,2
M023757,2
M004361,2
M033937,2
M089592,2
M030451,2
M012982,2
M007113,2
M036221,2
M014722,2
M076540,2
M013399,2
M018420,2
M018555,2
M001368,2
M090533,2
M035936,2
M032158,2
M087970,2
M061518,2
M018744,2
M073710,2
M066941,2
M008783,2
M024129,2
M017511,2
M068839,2
M089469,2
M024569,2
M016850,2
M065556,2
M056105,2
M061285,2
M027604,2
M072901,2
M002725,2
M029241,2
M002238,2
M017543,2
M016887,2
M031923,2
M050045,2
M094082,2
M081404,2
M004476,2
M028717,2
M026894,2
M031235,2
M004520,2
M007159,2
M078430,2
M039367,2
M002607,2
M014880,2
M033846,2
M028287,2
M042379,2
M039504,2
M037402,2
M007383,2
M003917,2
M004729,2
M020831,2
M017915,2
M079544,2
M022037,2
M079958,2
M079604,2
M007098,2
M012618,2
M093857,2
M002482,2
M088395,2
M047246,2
M083756,2
M063542,2
M004825,2
M019917,2
M003473,2
M045126,2
M037030,2
M050283,2
M024074,2
M025916,2
M057221,2
M004023,2
M062518,2
M018783,2
M020833,2
M074255,2
M068234,2
M096016,2
M029748,2
M065107,2
M003646,2
M009334,2
M086152,2
M097819,2
M054099,2
M038408,2
M097032,2
M058739,2
M101226,2
M088060,2
M047707,2
M019315,2
M012464,2
M095563,2
M039407,2
M004249,2
M018383,2
M084439,2
M004749,2
M004772,2
M024895,2
M046448,2
M057681,2
M005841,2
M099168,2
M044483,2
M041545,2
M014160,2
M071666,2
M007070,2
M013932,2
M096071,2
M101626,2
M060772,2
M023992,2
M091416,2
M040211,2
M075360,2
M019866,2
M005866,2
M004117,2
M017588,2
M014489,2
M099280,2
M049646,2
M068028,2
M005949,2
M078928,2
M028640,2
M017007,2
M001175,2
M096093,2
M005046,2
M001353,2
M001833,2
M038771,2
M074454,2
M095741,2
M016885,2
M028679,2
M012475,2
M083959,2
M003804,2
M087212,2
M068885,2
M090701,2
M023093,2
M037120,2
M091063,2
M012222,2
M006146,2
M046706,2
M054193,2
M053859,2
M024135,2
M043972,2
M026053,2
M057956,2
M026457,2
M006549,2
M006188,2
M019119,2
M014621,2
M048495,2
M042585,2
M079245,2
M048782,2
M032617,2
M067714,2
M005105,2
M025866,2
M004475,2
M036795,2
M072239,2
M025325,2
M010019,2
M038907,2
M023155,2
M051542,2
M013340,2
M035546,2
M090835,2
M055713,2
M012462,2
M065841,2
M009075,2
M003229,2
M096944,2
M019744,2
M052384,2
M013018,2
M097173,2
M008566,2
M090086,2
M055916,2
M065737,2
M043207,2
M055649,2
M009285,2
M009909,2
M052264,2
M084373,2
M014794,2
M087202,2
M052132,2
M035398,2
M068835,2
M100326,2
M024634,2
M038190,2
M015377,2
M034642,2
M087859,2
M008276,2
M081808,2
M069726,2
M078159,2
M094453,2
M052721,2
M001655,2
M015631,2
M016110,2
M015474,2
M061030,2
M069599,2
M001358,2
M002176,2
M018358,2
M020427,2
M021626,2
M090188,2
M061851,2
M025875,2
M014743,2
M009294,2
M014811,2
M024483,2
M022521,2
M033822,2
M071466,2
M075375,2
M064246,2
M093422,2
M031335,2
M028366,2
M041993,2
M008125,2
M079470,2
M023185,2
M007411,2
M083821,2
M013012,2
M083561,2
M006410,2
M016640,2
M087335,2
M043022,2
M051744,2
M053559,2
M040905,2
M009478,2
M095881,2
M021201,2
M065296,2
M007275,2
M061167,2
M077772,2
M049115,2
M027799,2
M004349,2
M017170,2
M053701,2
M015471,2
M006607,2
M001989,2
M016199,2
M024874,2
M019182,2
M027860,2
M007424,2
M005059,2
M065432,2
M096392,2
M052698,2
M023819,2
M010834,2
M051736,2
M099802,2
M012658,2
M081656,2
M015462,2
M042223,2
M010181,2
M014244,2
M045144,2
M086121,2
M063187,2
M041874,2
M058377,2
M091283,2
M092956,2
M074784,2
M017736,2
M031323,2
M005599,2
M007027,2
M028256,2
M031351,2
M001677,2
M009610,2
M004130,2
M008016,2
M055144,2
M012781,2
M036112,2
M024712,2
M091882,2
M045922,2
M094560,2
M036456,2
M043462,2
M049419,2
M070568,2
M078927,2
M009330,2
M006077,2
M025779,2
M075720,2
M072294,2
M073393,2
M003577,2
M038282,2
M090301,2
M005645,2
M029256,2
M002573,2
M071256,2
M002560,2
M055937,2
M024407,2
M071554,2
M033404,2
M022243,2
M084493,2
M069969,2
M096518,2
M004243,2
M077523,2
M075770,2
M071003,2
M003650,2
M017970,2
M024259,2
M014327,2
M009259,2
M053612,2
M066645,2
M071637,2
M060127,2
M094476,2
M063973,2
M057920,2
M033437,2
M079848,2
M096668,2
M050232,2
M002591,2
M079807,2
M082796,2
M068099,2
M011573,2
M013187,2
M089621,2
M051287,2
M050648,2
M004218,2
M018159,2
M021919,2
M026866,2
M035283,2
M014457,2
M054125,2
M047621,2
M073413,2
M023128,2
M011830,2
M042142,2
M030497,2
M075165,2
M081881,2
M088320,2
M042491,2
M079991,2
M098762,2
M060666,2
M090211,2
M067643,2
M005100,2
M044745,2
M090842,2
M009810,2
M001547,2
M015619,2
M078236,2
M012555,2
M085323,2
M025397,2
M085556,2
M085098,2
M026823,2
M025268,2
M018551,2
M061270,2
M050282,2
M075302,2
M054424,2
M022940,2
M063308,2
M093867,2
M024664,2
M026689,2
M015317,2
M047388,2
M009693,2
M043052,2
M065050,2
M081105,2
M067653,2
M025327,2
M069652,2
M070352,2
M000022,2
M000546,2
M000215,2
M055166,2
M094803,2
M024655,2
M005522,2
M031040,2
M068320,2
M100844,2
M069339,2
M069552,2
M036733,2
M085297,2
M042961,2
M075270,2
M030544,2
M012115,2
M026794,2
M076100,2
M087213,2
M015851,2
M013404,2
M028201,2
M003496,2
M085567,2
M051177,2
M097232,2
M002713,2
M026942,2
M058875,2
M038354,2
M045945,2
M063592,2
M080681,2
M081050,2
M058874,2
M049634,2
M082632,2
M006542,2
M095238,2
M050631,2
M066792,2
M068643,2
M042791,2
M033061,2
M016690,2
M073859,2
M011400,2
M025895,2
M080384,2
M013280,2
M018704,2
M052238,2
M028397,2
M007757,2
M034545,2
M038428,2
M025144,2
M010565,2
M016189,2
M088174,2
M013752,2
M052681,2
M060016,2
M050027,2
M014098,2
M003590,2
M082928,2
M006230,2
M071263,2
M012548,2
M009621,2
M036550,2
M044439,2
M074295,2
M043974,2
M076807,2
M098732,2
M070296,2
M015878,2
M076999,2
M001633,2
M019897,2
M004064,2
M046278,2
M007976,2
M081616,2
M011833,2
M015687,2
M065852,2
M035080,2
M003649,2
M085534,2
M033474,2
M019259,2
M057754,2
M084511,2
M056628,2
M076101,2
M083231,2
M065310,2
M072396,2
M056083,2
M002194,2
M040667,2
M019468,2
M047812,2
M060160,2
M047817,2
M016234,2
M002955,2
M010977,2
M020987,2
M020434,2
M073664,2
M019218,2
M039887,2
M086265,2
M029682,2
M017835,2
M068268,2
M023090,2
M026858,2
M021241,2
M024824,2
M013555,2
M019961,2
M067947,2
M073925,2
M036076,2
M094682,2
M025149,2
M066624,2
M030668,2
M002243,2
M046252,2
M039137,2
M078498,2
M008837,2
M017549,2
M030399,2
M093349,2
M014429,2
M052388,2
M051888,2
M060417,2
M005928,2
M016831,2
M018081,2
M089892,2
M100411,2
M057916,2
M016082,2
M010373,2
M022510,2
M018218,2
M066238,2
M012656,2
M019590,2
M037892,2
M094938,2
M078516,2
M091240,2
M093597,2
M015669,2
M006356,2
M023853,2
M022460,2
M009240,2
M008811,2
M012226,2
M058239,2
M093748,2
M014924,2
M054902,2
M100085,2
M073626,2
M028796,2
M005018,2
M021902,2
M017297,2
M052582,2
M076054,2
M058561,2
M083124,2
M055264,2
M032892,2
M018612,2
M062455,2
M094037,2
M032054,2
M005960,2
M074377,2
M088643,2
M015866,2
M071060,2
M010000,2
M041307,2
M047438,2
M003320,2
M094396,2
M004714,2
M012801,2
M030353,2
M021803,2
M065192,2
M066853,2
M064024,2
M057598,2
M006562,2
M008587,2
M072198,2
M100619,2
M016329,2
M085566,2
M100035,2
M040439,2
M101181,2
M088036,2
M054684,2
M054417,2
M045060,2
M008101,2
M003455,2
M076735,2
M064499,2
M017757,2
M097488,2
M077917,2
M052005,2
M057555,2
M092897,2
M020354,2
M025266,2
M050603,2
M099715,2
M058210,2
M060677,2
M007545,2
M060614,2
M044985,2
M043013,2
M077020,2
M065697,2
M037744,2
M009087,2
M015621,2
M003298,2
M027836,2
M010548,2
M022945,2
M030189,2
M023212,2
M038979,2
M099502,2
M014762,2
M029183,2
M042786,2
M020115,2
M026138,2
M018374,2
M025216,2
M010476,2
M020087,2
M026780,2
M013860,2
M101685,2
M066441,2
M013196,2
M084227,2
M035568,2
M020629,2
M018414,2
M003182,2
M013219,2
M017535,2
M030505,2
M030077,2
M080903,2
M043453,2
M027809,2
M047552,2
M080227,2
M043148,2
M040488,2
M056172,2
M033704,2
M015937,2
M038823,2
M002997,2
M099169,2
M058088,2
M049256,2
M089465,2
M079270,2
M062471,2
M024084,2
M077701,2
M051438,2
M025226,2
M070190,2
M074362,2
M085116,2
M061079,2
M069800,2
M013933,2
M007834,2
M053330,2
M028774,2
M014075,2
M018015,2
M062323,2
M094922,2
M054844,2
M002374,2
M075943,2
M001273,2
M085167,2
M038729,2
M051185,2
M035341,2
M059241,2
M030211,2
M037750,2
M092423,2
M024919,2
M077081,2
M056638,2
M049460,2
M047802,2
M003839,2
M012894,2
M031539,2
M097712,2
M023820,2
M045122,2
M047294,2
M054739,2
M095673,2
M071934,2
M071676,2
M008433,2
M067464,2
M077406,2
M080712,2
M058384,2
M042990,2
M033403,2
M067705,2
M007645,2
M023351,2
M096199,2
M080289,2
M010309,2
M051566,2
M063184,2
M056493,2
M065819,2
M072846,2
M041070,2
M034378,2
M063549,2
M041713,2
M020328,2
M063806,2
M056847,2
M084785,2
M004781,2
M052174,2
M006914,2
M023284,2
M019733,2
M098573,2
M023905,2
M037531,2
M078501,2
M049119,2
M014437,2
M091131,2
M028734,2
M028986,2
M046913,2
M020028,2
M048425,2
M018101,2
M019187,2
M029274,2
M019495,2
M016849,2
M011959,2
M026812,2
M002798,2
M012765,2
M010706,2
M008060,2
M053745,2
M050109,2
M009058,2
M021070,2
M041497,2
M005318,2
M026664,2
M066991,2
M072866,2
M085751,2
M006214,2
M081798,2
M016766,2
M093756,2
M008939,2
M077087,2
M041486,2
M022315,2
M072289,2
M037933,2
M018367,2
M087568,2
M100734,2
M079208,2
M084801,2
M100972,2
M083118,2
M073332,2
M013257,2
M079931,2
M069870,2
M005317,2
M006831,2
M098402,2
M005030,2
M003397,2
M063905,2
M020977,2
M075542,2
M082937,2
M093187,2
M057939,2
M084551,2
M068645,2
M004276,2
M063497,2
M096186,2
M040320,2
M095496,2
M023867,2
M008458,2
M002700,2
M002345,2
M030869,2
M004708,2
M015805,2
M031582,2
M028960,2
M089648,2
M050054,2
M019760,2
M029529,2
M026793,2
M099334,2
M091451,2
M059809,2
M098508,2
M008167,2
M002529,2
M027256,2
M024575,2
M039405,2
M061151,2
M064706,2
M055218,2
M003147,2
M072946,2
M067781,2
M058032,2
M081098,2
M082926,2
M054376,2
M091735,2
M034428,2
M024586,2
M031693,2
M029609,2
M027637,2
M031541,2
M011297,2
M020054,2
M001033,2
M023682,2
M054723,2
M021041,2
M095187,2
M013527,2
M049581,2
M094096,2
M060024,2
M096987,2
M037781,2
M051904,2
M040574,2
M020742,2
M064603,2
M065982,2
M070827,2
M015552,2
M026633,2
M011879,2
M017243,2
M018679,2
M008182,2
M017022,2
M003989,2
M011777,2
M010510,2
M030918,2
M032459,2
M012350,2
M024568,2
M013839,2
M017341,2
M044977,2
M011185,2
M062203,2
M071538,2
M050415,2
M002773,2
M015189,2
M089810,2
M077132,2
M027388,2
M083976,2
M033364,2
M020164,2
M007661,2
M074793,2
M036969,2
M021638,2
M010879,2
M035266,2
M027397,2
M013505,2
M037513,2
M023232,2
M015548,2
M039399,2
M012107,2
M098228,2
M086839,2
M075014,2
M022430,2
M056041,2
M076314,2
M010887,2
M013793,2
M008437,2
M001773,2
M034384,2
M028430,2
M017683,2
M012762,2
M033358,2
M014588,2
M092985,2
M059772,2
M050761,2
M101210,2
M014601,2
M017690,2
M043753,2
M034043,2
M034013,2
M063017,2
M075603,2
M006945,2
M045164,2
M080398,2
M006681,2
M032597,2
M005561,2
M024623,2
M053423,2
M076050,2
M068538,2
M059959,2
M009201,2
M044966,2
M088705,2
M040194,2
M071513,2
M014792,2
M016061,2
M009866,2
M067756,2
M071509,2
M097367,2
M025638,2
M037586,2
M001736,2
M017817,2
M033423,2
M019662,2
M018873,2
M081560,2
M058768,2
M028709,2
M066257,2
M058746,2
M012893,2
M015713,2
M032868,2
M032582,2
M024952,2
M035301,2
M041310,2
M073340,2
M094038,2
M095772,2
M065918,2
M068372,2
M022392,2
M024498,2
M086639,2
M043590,2
M017664,2
M017032,2
M034981,2
M023585,2
M036768,2
M010276,2
M051359,2
M026584,2
M061230,2
M049296,2
M003872,2
M052287,2
M017100,2
M013083,2
M024786,2
M022749,2
M018449,2
M075098,2
M030758,2
M017036,2
M013108,2
M036420,2
M097649,2
M025035,2
M083573,2
M089812,2
M034236,2
M013718,2
M013641,2
M018868,2
M030806,2
M101609,2
M085613,2
M051270,2
M050379,2
M003432,2
M011986,2
M046494,2
M065956,2
M088070,2
M089703,2
M080415,2
M090248,2
M043088,2
M073979,2
M061815,2
M049819,2
M059581,2
M005800,2
M009733,2
M015723,2
M001556,2
M039979,2
M029685,2
M072403,2
M020187,2
M038787,2
M017557,2
M065168,2
M010228,2
M038189,2
M016796,2
M017476,2
M059866,2
M083716,2
M018074,2
M077428,2
M093408,2
M052827,2
M050715,2
M035751,2
M083804,2
M042665,2
M030412,2
M041361,2
M059433,2
M087538,2
M034160,2
M070277,2
M041512,2
M063780,2
M017425,2
M027179,2
M073832,2
M081948,2
M030659,2
M013542,2
M093631,2
M029145,2
M037240,2
M030757,2
M008556,2
M023295,2
M004115,2
M016823,2
M059129,2
M052133,2
M074927,2
M030119,2
M008868,2
M013936,2
M031720,2
M003922,2
M031536,2
M015757,2
M019450,2
M019833,2
M069139,2
M005163,2
M020025,2
M053891,2
M080145,2
M070881,2
M098322,2
M009203,2
M081249,2
M016576,2
M049410,2
M032325,2
M022856,2
M005316,2
M032114,2
M004283,2
M016532,2
M000343,2
M009080,2
M085307,2
M061504,2
M098716,2
M085174,2
M097716,2
M055346,2
M010422,2
M090613,2
M078558,2
M062407,2
M056862,2
M006700,2
M091635,2
M036311,2
M028093,2
M061083,2
M012535,2
M010846,2
M019905,2
M013739,2
M078388,2
M083865,2
M024684,2
M057513,2
M062199,2
M043874,2
M019854,2
M057029,2
M023203,2
M036137,2
M046601,2
M071073,2
M037981,2
M055612,2
M008745,2
M035141,2
M087346,2
M037409,2
M060123,2
M017733,2
M030276,2
M008772,2
M043256,2
M090587,2
M006768,2
M005263,2
M028135,2
M032046,2
M026505,2
M029527,2
M003818,2
M016719,2
M011600,2
M033555,2
M027364,2
M011148,2
M084660,2
M043459,2
M046265,2
M027807,2
M034481,2
M019796,2
M020160,2
M014389,2
M016217,2
M017300,2
M000153,2
M021826,2
M054548,2
M013894,2
M070521,2
M035251,2
M013645,2
M022314,2
M028473,2
M016996,2
M061505,2
M031083,2
M019915,2
M039247,2
M006411,2
M007091,2
M001883,2
M031569,2
M007819,2
M029951,2
M045037,2
M055725,2
M097382,2
M049614,2
M076472,2
M032435,2
M009674,2
M016303,2
M096900,2
M038952,2
M082362,2
M018018,2
M026113,2
M003116,2
M029574,2
M038742,2
M035688,2
M033185,2
M021082,2
M084535,2
M054569,2
M039027,2
M019185,2
M009138,2
M072604,2
M016436,2
M010414,2
M017937,2
M096257,2
M044703,2
M088033,2
M027540,2
M026420,2
M006618,2
M085970,2
M016791,2
M007095,2
M018580,2
M087253,2
M095627,2
M084386,2
M013702,2
M016557,2
M011015,2
M099596,2
M061424,2
M048828,2
M003176,2
M001970,2
M016236,2
M029007,2
M007549,2
M041543,2
M012805,2
M077990,2
M003451,2
M040530,2
M022279,2
M017001,2
M019881,2
M059712,2
M083745,2
M004593,2
M032591,2
M065420,2
M072754,2
M021537,2
M006999,2
M020133,2
M039043,2
M013733,2
M020908,2
M081265,2
M075186,2
M031691,2
M081475,2
M090975,2
M017219,2
M014010,2
M052281,2
M006688,2
M007541,2
M058005,2
M101205,2
M065577,2
M051157,2
M020153,2
M052368,2
M093938,2
M046775,2
M012776,2
M032561,2
M016056,2
M011212,2
M081270,2
M056210,2
M088059,2
M085674,2
M008524,2
M011073,2
M018189,2
M101505,2
M057582,2
M060730,2
M049638,2
M009017,2
M006684,2
M005462,2
M033759,2
M014602,2
M007763,2
M030493,2
M022184,2
M067295,2
M056168,2
M012434,2
M028021,2
M004830,2
M049121,2
M049752,2
M040635,2
M034887,2
M010182,2
M074041,2
M018239,2
M014297,2
M023430,2
M063702,2
M089698,2
M073067,2
M083599,2
M096490,2
M039644,2
M003634,2
M002675,2
M029952,2
M008331,2
M016752,2
M092840,2
M010799,2
M100125,2
M054275,2
M008305,2
M002430,2
M062534,2
M031019,2
M019965,2
M084992,2
M001960,2
M061623,2
M062787,2
M056815,2
M096777,2
M073983,2
M074315,2
M100322,2
M003868,2
M041938,2
M048971,2
M056378,2
M007521,2
M005455,2
M015236,2
M057945,2
M036730,2
M095436,2
M002555,2
M077387,2
M091218,2
M066811,2
M090242,2
M043405,2
M081152,2
M082905,2
M038046,2
M006217,2
M026377,2
M048417,2
M082814,2
M097542,2
M047800,2
M071412,2
M001949,2
M003722,2
M007634,2
M010855,2
M041948,2
M015672,2
M059544,2
M020585,2
M029940,2
M037216,2
M008414,2
M024834,2
M025955,2
M027420,2
M026177,2
M006224,2
M071071,2
M005089,2
M085470,2
M096583,2
M055925,2
M085658,2
M098988,2
M031432,2
M014125,2
M062083,2
M047399,2
M004936,2
M101728,2
M080436,2
M011965,2
M059975,2
M057241,2
M044087,2
M038879,2
M041884,2
M000152,2
M041594,2
M048708,2
M076933,2
M068674,2
M049439,2
M003832,2
M002099,2
M088731,2
M068495,2
M006596,2
M043063,2
M056781,2
M011895,2
M047419,2
M019755,2
M074557,2
M063839,2
M064671,2
M023273,2
M094608,2
M059231,2
M023297,2
M002545,2
M068869,2
M027323,2
M017898,2
M004076,2
M065234,2
M027353,2
M036049,2
M035155,2
M101325,2
M030436,2
M017595,2
M075700,2
M027327,2
M095660,2
M024964,2
M020509,2
M011104,2
M091933,2
M049195,2
M001248,2
M017456,2
M052036,2
M054467,2
M064618,2
M038568,2
M028577,2
M063174,2
M027628,2
M001612,2
M024063,2
M015694,2
M007898,2
M009151,2
M025694,2
M053085,2
M016937,2
M030063,2
M081200,2
M016346,2
M052490,2
M044187,2
M077165,2
M019275,2
M053081,2
M033401,2
M035154,2
M012785,2
M016785,2
M014001,2
M079186,2
M038849,2
M043760,2
M004310,2
M078566,2
M065492,2
M070440,2
M037907,2
M027516,2
M025330,2
M068212,2
M097973,2
M007295,2
M025276,2
M071576,2
M023948,2
M056364,2
M063395,2
M020508,2
M053109,2
M056967,2
M004173,2
M073743,2
M080192,2
M018909,2
M052039,2
M052622,2
M071832,2
M057840,2
M051523,2
M003841,2
M083424,2
M047540,2
M007939,2
M024566,2
M069978,2
M067156,2
M039188,2
M086408,2
M066416,2
M087228,2
M089428,2
M026729,2
M061291,2
M035806,2
M056654,2
M101523,2
M024256,2
M007434,2
M031956,2
M027970,2
M013454,2
M018737,2
M023157,2
M077611,2
M049965,2
M046743,2
M009086,2
M074783,2
M055811,2
M001034,2
M036686,2
M081541,2
M092364,2
M059979,2
M025588,2
M018721,2
M010633,2
M024399,2
M038872,2
M074553,2
M067431,2
M030664,2
M095906,2
M007413,2
M010583,2
M060593,2
M017731,2
M075305,2
M083311,2
M016573,2
M033921,2
M043300,2
M042118,2
M032945,2
M045168,2
M049456,2
M002551,2
M059424,2
M071557,2
M070257,2
M003961,2
M011103,2
M084220,2
M059606,2
M059713,2
M044181,2
M054271,2
M039304,2
M050737,2
M069678,2
M034899,2
M050672,2
M007797,2
M096140,2
M020950,2
M077789,2
M008188,2
M019476,2
M037771,2
M016111,2
M073673,2
M073492,2
M066326,2
M039969,2
M013008,2
M013101,2
M053723,2
M011980,2
M026087,2
M035908,2
M077585,2
M027601,2
M067228,2
M011078,2
M068962,2
M034872,2
M030927,2
M033483,2
M033769,2
M094719,2
M018805,2
M026085,2
M012641,2
M023827,2
M003611,2
M024588,2
M070921,2
M039546,2
M014433,2
M008518,2
M016167,2
M023493,2
M081749,2
M061733,2
M024973,2
M083513,2
M056268,2
M048572,2
M094842,2
M021601,2
M004810,2
M013540,2
M004061,2
M026021,2
M052326,2
M014401,2
M058115,2
M015960,2
M087741,2
M055128,2
M091096,2
M007591,2
M018502,2
M055630,2
M050391,2
M011706,2
M079353,2
M007586,2
M038177,2
M043320,2
M045757,2
M019341,2
M063322,2
M020300,2
M015575,2
M023120,2
M051221,2
M020492,2
M034936,2
M091070,2
M029973,2
M066034,2
M035633,2
M055048,2
M097424,2
M021773,2
M066115,2
M020037,2
M064704,2
M002630,2
M019058,2
M040662,2
M007983,2
M073547,2
M093119,2
M009724,2
M051716,2
M033523,2
M016878,2
M015525,2
M063154,2
M014177,2
M016513,2
M088697,2
M022683,2
M024061,2
M022385,2
M006532,2
M037075,2
M006375,2
M024257,2
M003209,2
M098681,2
M016542,2
M016539,2
M015679,2
M036053,2
M101578,2
M028231,2
M070299,2
M065455,2
M018317,2
M017116,2
M069593,2
M023627,2
M092889,2
M050991,2
M093433,2
M067089,2
M053772,2
M011201,2
M071808,2
M013045,2
M002115,2
M056412,2
M008956,2
M061318,2
M021308,2
M023410,2
M084270,2
M090649,2
M094282,2
M037006,2
M013603,2
M004238,2
M097212,2
M007332,2
M023893,2
M023907,2
M009802,2
M014635,2
M023653,2
M046021,2
M038766,2
M017420,2
M044195,2
M002162,2
M023207,2
M022261,2
M077811,2
M076557,2
M007547,2
M025148,2
M029789,2
M047355,2
M052232,2
M089189,2
M092014,2
M003958,2
M007673,2
M007307,2
M085428,2
M075767,2
M048922,2
M096464,2
M026247,2
M022970,2
M006117,2
M046231,2
M095185,2
M009194,2
M030122,2
M006405,2
M090144,2
M054289,2
M095433,2
M051871,2
M093936,2
M086811,2
M056291,2
M017866,2
M074961,2
M011369,2
M021607,2
M023311,2
M087804,2
M097666,2
M049770,2
M100242,2
M002827,2
M077715,2
M095889,2
M099530,2
M037259,2
M038902,2
M063609,2
M023440,2
M082623,2
M068703,2
M004581,2
M086591,2
M022256,2
M022848,2
M021618,2
M010783,2
M024026,2
M022168,2
M007810,2
M066093,2
M018116,2
M037970,2
M046316,2
M030740,2
M099404,2
M006418,2
M017210,2
M059306,2
M011561,2
M016007,2
M002932,2
M020380,2
M022728,2
M033851,2
M093671,2
M044859,2
M016237,2
M012789,2
M075684,2
M011624,2
M039292,2
M058051,2
M076715,2
M002512,2
M091928,2
M063845,2
M044348,2
M078836,2
M084875,2
M005652,2
M012619,2
M026580,2
M020747,2
M024465,2
M059479,2
M053522,2
M061922,2
M004049,2
M042367,2
M092599,2
M051230,2
M031813,2
M035014,2
M005454,2
M005360,2
M044539,2
M043729,2
M023158,2
M013477,2
M016733,2
M025576,2
M006171,2
M032842,2
M001473,2
M062936,2
M006715,2
M058435,2
M044584,2
M021600,2
M031353,2
M009413,2
M058653,2
M082645,2
M010403,2
M072732,2
M058416,2
M075601,2
M050149,2
M079918,2
M021546,2
M022578,2
M022190,2
M022678,2
M021130,2
M014904,2
M100019,2
M084725,2
M015870,2
M012085,2
M005479,2
M010728,2
M026554,2
M045876,2
M010084,2
M011798,2
M024923,2
M011703,2
M076761,2
M019880,2
M091815,2
M068290,2
M037170,2
M012340,2
M021344,2
M027545,2
M081001,2
M002933,2
M076666,2
M098027,2
M095180,2
M062804,2
M099221,2
M029151,2
M015652,2
M065793,2
M033495,2
M003191,2
M051984,2
M062841,2
M022570,2
M022260,2
M006482,2
M069585,2
M020254,2
M002742,2
M050133,2
M083449,2
M092521,2
M022864,2
M001518,2
M027977,2
M100253,2
M051815,2
M094634,2
M022113,2
M095323,2
M082875,2
M023940,2
M088529,2
M084344,2
M097130,2
M032674,2
M044814,2
M042696,2
M099423,2
M076998,2
M095789,2
M081228,2
M016833,2
M001260,2
M027681,2
M099893,2
M072226,2
M092336,2
M056498,2
M074667,2
M074197,2
M016962,2
M032549,2
M091789,2
M022434,2
M006960,2
M049203,2
M030705,2
M024337,2
M096441,2
M029750,2
M013492,2
M012232,2
M021135,2
M002947,2
M026318,2
M101292,2
M031668,2
M036219,2
M021864,2
M032001,2
M007490,2
M001499,2
M095636,2
M071315,2
M077697,2
M022845,2
M013429,2
M062763,2
M065004,2
M082384,2
M093657,2
M042008,2
M064512,2
M011935,2
M032560,2
M014508,2
M023752,2
M026292,2
M067577,2
M059507,2
M056824,2
M023499,2
M029626,2
M099197,2
M010636,2
M036402,2
M024590,2
M098249,2
M062656,2
M063019,2
M003232,2
M020970,2
M023369,2
M037138,2
M017419,2
M060985,2
M011309,2
M058473,2
M014826,2
M032302,2
M036474,2
M013016,2
M030599,2
M041159,2
M033768,2
M007992,2
M022311,2
M070998,2
M010976,2
M032094,2
M044107,2
M007952,2
M006349,2
M016089,2
M030520,2
M027221,2
M057961,2
M072840,2
M040880,2
M075433,2
M087216,2
M046095,2
M018344,2
M021810,2
M066663,2
M032661,2
M077414,2
M013761,2
M087482,2
M044636,2
M051406,2
M054006,2
M067036,2
M052919,2
M015993,2
M076252,2
M080380,2
M086264,2
M090511,2
M021805,2
M023717,2
M094935,2
M021761,2
M076780,2
M059824,2
M047362,2
M080586,2
M086455,2
M023753,2
M002696,2
M044191,2
M101618,2
M010425,2
M065794,2
M086232,2
M074480,2
M066161,2
M028838,2
M069255,2
M048744,2
M063998,2
M006308,2
M037207,2
M021875,2
M023176,2
M022617,2
M018929,2
M097604,2
M032246,2
M046989,2
M046761,2
M074321,2
M017353,2
M066917,2
M044487,2
M018028,2
M073150,2
M018949,2
M099786,2
M096180,2
M101440,2
M053888,2
M015815,2
M055529,2
M064574,2
M070268,2
M064963,2
M010083,2
M005848,2
M064515,2
M030749,2
M006363,2
M038277,2
M043399,2
M062792,2
M066298,2
M030776,2
M097506,2
M021136,2
M074862,2
M079949,2
M020803,2
M068430,2
M030727,2
M021111,2
M096747,2
M085248,2
M004465,2
M002744,2
M067226,2
M068798,2
M062321,2
M089991,2
M020520,2
M021817,2
M016700,2
M022193,2
M098733,2
M092981,2
M053434,2
M018384,2
M034187,2
M100449,2
M046309,2
M029022,2
M082289,2
M050736,2
M041547,2
M088885,2
M066678,2
M004240,2
M066392,2
M035726,2
M047645,2
M033826,2
M031786,2
M098316,2
M078726,2
M096542,2
M032314,2
M061172,2
M011897,2
M008661,2
M015335,2
M082855,2
M006854,2
M082019,2
M052399,2
M020012,2
M053226,2
M020269,2
M035279,2
M027712,2
M025007,2
M087125,2
M038788,2
M003997,2
M047297,2
M048656,2
M035765,2
M084215,2
M009221,2
M011249,2
M031770,2
M047791,2
M056265,2
M024186,2
M009188,2
M090787,2
M058837,2
M080298,2
M083790,2
M021368,2
M086546,2
M005844,2
M019165,2
M021112,2
M086144,2
M067551,2
M029119,2
M028562,2
M003692,2
M090446,2
M024344,2
M061637,2
M022421,2
M008463,2
M099355,2
M005762,2
M050022,2
M016412,2
M069096,2
M025565,2
M050459,2
M061581,2
M017380,2
M022629,2
M077503,2
M007140,2
M058359,2
M077711,2
M034083,2
M028472,2
M014072,2
M014071,2
M000476,2
M009262,2
M015716,2
M038086,2
M035555,2
M003559,2
M067960,2
M055245,2
M074724,2
M013872,2
M005773,2
M007740,2
M026749,2
M028876,2
M032660,2
M003506,2
M026002,2
M037630,2
M064874,2
M030056,2
M029507,2
M004822,2
M018751,2
M019890,2
M006711,2
M034290,2
M000364,2
M004248,2
M054600,2
M062287,2
M095391,2
M063734,2
M064850,2
M080902,2
M011611,2
M015903,2
M017744,2
M029847,2
M035526,2
M033472,2
M028731,2
M058075,2
M003988,2
M007277,2
M033679,2
M062153,2
M030049,2
M029611,2
M033343,2
M034077,2
M036167,2
M095004,2
M092578,2
M049133,2
M027719,2
M028923,2
M035276,2
M096745,2
M101576,2
M024999,2
M067742,2
M032520,2
M027278,2
M018771,2
M049926,2
M023720,2
M019943,2
M035182,2
M037769,2
M040849,2
M012591,2
M073599,2
M029580,2
M100091,2
M030738,2
M045911,2
M098409,2
M031655,2
M028592,2
M042476,2
M048639,2
M044629,2
M025991,2
M050126,2
M064546,2
M002496,2
M003230,2
M035021,2
M007557,2
M070322,2
M024329,2
M018446,2
M028395,2
M074483,2
M024674,2
M035171,2
M064854,2
M021105,2
M014331,2
M024814,2
M030255,2
M029167,2
M080577,2
M092554,2
M079108,2
M024486,2
M005593,2
M017121,2
M077609,2
M034839,2
M020619,2
M048813,2
M027119,2
M069019,2
M021114,2
M026202,2
M021535,2
M081878,2
M031106,2
M015703,2
M062933,2
M091645,2
M002522,2
M001988,2
M074131,2
M081093,2
M094061,2
M018726,2
M062973,2
M031996,2
M036169,2
M030447,2
M034691,2
M027010,2
M061220,2
M045357,2
M076745,2
M099917,2
M022579,2
M024780,2
M032044,2
M006587,2
M101071,2
M040690,2
M069986,2
M022520,2
M021650,2
M012895,2
M021214,2
M018816,2
M034958,2
M002500,2
M060125,2
M094948,2
M098819,2
M015758,2
M034181,2
M027450,2
M028066,2
M026920,2
M012427,2
M049568,2
M018047,2
M013836,2
M026051,2
M031055,2
M036736,2
M099886,2
M090636,2
M039268,2
M048768,2
M035036,2
M019463,2
M022828,2
M040926,2
M095247,2
M031563,2
M030142,2
M036345,2
M034903,2
M028576,2
M014176,2
M081608,2
M009568,2
M008253,2
M015567,2
M066848,2
M026395,2
M050571,2
M020404,2
M009377,2
M044489,2
M073515,2
M020934,2
M020495,2
M019081,2
M034744,2
M029474,2
M031653,2
M024785,2
M088702,2
M038826,2
M101109,2
M058290,2
M044497,2
M066292,2
M043440,2
M043769,2
M071983,2
M015031,2
M012496,2
M062038,2
M017716,2
M098860,2
M015357,2
M017028,2
M026306,2
M033643,2
M026875,2
M031580,2
M086263,2
M018380,2
M012503,2
M031355,2
M008274,2
M030309,2
M032823,2
M027399,2
M055442,2
M035606,2
M012352,2
M032545,2
M072871,2
M081692,2
M038604,2
M091792,2
M027976,2
M024491,2
M033429,2
M026126,2
M030928,2
M027920,2
M081310,2
M030150,2
M025121,2
M036485,2
M057458,2
M089305,2
M036181,2
M028599,2
M019699,2
M016270,2
M025241,2
M063566,2
M070866,2
M058159,2
M033174,2
M086518,2
M065324,2
M087836,2
M048608,2
M026949,2
M087041,2
M034853,2
M031540,2
M039584,2
M029453,2
M036104,2
M088195,2
M038416,2
M099982,2
M080064,2
M088310,2
M089183,2
M071598,2
M030431,2
M032209,2
M095259,2
M001552,2
M053586,2
M004862,2
M029531,2
M008874,2
M061159,2
M035762,2
M009131,2
M078786,2
M083826,2
M047011,2
M019799,2
M023859,2
M087206,2
M014406,2
M028959,2
M032612,2
M083180,2
M001278,2
M015635,2
M036162,2
M036176,2
M027135,2
M016349,2
M026957,2
M072521,2
M031625,2
M052657,2
M079453,2
M095486,2
M005283,2
M064996,2
M067737,2
M058285,2
M004392,2
M024508,2
M035804,2
M027483,2
M036468,2
M025342,2
M035302,2
M028645,2
M049587,2
M012277,2
M033165,2
M034031,2
M030617,2
M028276,2
M078264,2
M012692,2
M031927,2
M010817,2
M028060,2
M035846,2
M003365,2
M055973,2
M008431,2
M083967,2
M082453,2
M099320,2
M045005,2
M010049,2
M001626,2
M035521,2
M033749,2
M031503,2
M036225,2
M032606,2
M026886,2
M095626,2
M091824,2
M026601,2
M044616,2
M067506,2
M097492,2
M068875,2
M013610,2
M069621,2
M092913,2
M075345,2
M028274,2
M062457,2
M043625,2
M049791,2
M007409,2
M009776,2
M074770,2
M036381,2
M058543,2
M086158,2
M050056,2
M073373,2
M033117,2
M035338,2
M013023,2
M030458,2
M047228,2
M016877,2
M077301,2
M083175,2
M025391,2
M034688,2
M041461,2
M087009,2
M100195,2
M031559,2
M093197,2
M036299,2
M027343,2
M002999,2
M056836,2
M034231,2
M033189,2
M030445,2
M034724,2
M030151,2
M065228,2
M045533,2
M065690,2
M001500,2
M030001,2
M029050,2
M022831,2
M078541,2
M061791,2
M038696,2
M005196,2
M017632,2
M029004,2
M038167,2
M033797,2
M028101,2
M025759,2
M055607,2
M066648,2
M038523,2
M016870,2
M063285,2
M068085,2
M034435,2
M007985,2
M058755,2
M007750,2
M030251,2
M035237,2
M037637,2
M034768,2
M034499,2
M033043,2
M027813,2
M031193,2
M028391,2
M009677,2
M031113,2
M010349,2
M031240,2
M030023,2
M094342,2
M023766,2
M062375,2
M036373,2
M085629,2
M036405,2
M033584,2
M028701,2
M014298,2
M016655,2
M081912,2
M078586,2
M026249,2
M009358,2
M073265,2
M088126,2
M027847,2
M036324,2
M018144,2
M026234,2
M030312,2
M032066,2
M035190,2
M032964,2
M034761,2
M072002,2
M072208,2
M061995,2
M056733,2
M048281,2
M034053,2
M095534,2
M042454,2
M090774,2
M070356,2
M053671,2
M048738,2
M035891,2
M060146,2
M091091,2
M028917,2
M039051,2
M048084,2
M029115,2
M085752,2
M092277,2
M035092,2
M027108,2
M010622,2
M031126,2
M027429,2
M028952,2
M031619,2
M028554,2
M035932,2
M028406,2
M035296,2
M011646,2
M017257,2
M025860,2
M013756,2
M031032,2
M027001,2
M051691,2
M031792,2
M032330,2
M096246,2
M073645,2
M078005,2
M064355,2
M030849,2
M008359,2
M100070,2
M012285,2
M025237,2
M028139,2
M036376,2
M035934,2
M033298,2
M061870,2
M027704,2
M041174,2
M073297,2
M037438,2
M064774,2
M085815,2
M028334,2
M028129,2
M035552,2
M072130,2
M051485,2
M060588,2
M025037,2
M055989,2
M082168,2
M019261,2
M080688,2
M038864,2
M038082,2
M063828,2
M041496,2
M053956,2
M003838,2
M035236,2
M027769,2
M033352,2
M035706,2
M024716,2
M033634,2
M032020,2
M028650,2
M019508,2
M076663,2
M034636,2
M024315,2
M017150,2
M029550,2
M028603,2
M059133,2
M074949,2
M071629,2
M023277,2
M026366,2
M032873,2
M017674,2
M006537,2
M003290,2
M024811,2
M033794,2
M021437,2
M091241,2
M021028,2
M037816,2
M022955,2
M032853,2
M000681,2
M028521,2
M020686,2
M026929,2
M025593,2
M061451,2
M049179,2
M021154,2
M040517,2
M027361,2
M029732,2
M036021,2
M027173,2
M080438,2
M088933,2
M079424,2
M002861,2
M031487,2
M062545,2
M026037,2
M036675,2
M035121,2
M003689,2
M055864,2
M030296,2
M011008,2
M063407,2
M061173,2
M002296,2
M028989,2
M031379,2
M093435,2
M058354,2
M086829,2
M101053,2
M030099,2
M022465,2
M003931,2
M094392,2
M054502,2
M024771,2
M058705,2
M023658,2
M034386,2
M040961,2
M038602,2
M032306,2
M001827,2
M043281,2
M014595,2
M006819,2
M041629,2
M027086,2
M029143,2
M035065,2
M097037,2
M031183,2
M015638,2
M028949,2
M037125,2
M033183,2
M020603,2
M072272,2
M029769,2
M027936,2
M027003,2
M022571,2
M029986,2
M032475,2
M035684,2
M033873,2
M028997,2
M002954,2
M008316,2
M032090,2
M090681,2
M092156,2
M033379,2
M022777,2
M036166,2
M027817,2
M048675,2
M063424,2
M054382,2
M053098,2
M100442,2
M035214,2
M099614,2
M033073,2
M018893,2
M034410,2
M025434,2
M025170,2
M059750,2
M031471,2
M031178,2
M020601,2
M015272,2
M031849,2
M019374,2
M056464,2
M000675,2
M028509,2
M031647,2
M034949,2
M030528,2
M056460,2
M082202,2
M090103,2
M084896,2
M090669,2
M076088,2
M027980,2
M078593,2
M029633,2
M026595,2
M057714,2
M039859,2
M032940,2
M036641,2
M028813,2
M045260,2
M057452,2
M090268,2
M031971,2
M029173,2
M002898,2
M004066,2
M095063,2
M006207,2
M058645,2
M031910,2
M076105,2
M048415,2
M018624,2
M031094,2
M034426,2
M003094,2
M020071,2
M089202,2
M048122,2
M069195,2
M048427,2
M038006,2
M037787,2
M002385,2
M037141,2
M023121,2
M064096,2
M064412,2
M021182,2
M013506,2
M033547,2
M032894,2
M025708,2
M027110,2
M034040,2
M086229,2
M041186,2
M079035,2
M084434,2
M030594,2
M017547,2
M065299,2
M006389,2
M030677,2
M029014,2
M032338,2
M003199,2
M036617,2
M003705,2
M020610,2
M065680,2
M047334,2
M034980,2
M031618,2
M031198,2
M034286,2
M033098,2
M031546,2
M045394,2
M047309,2
M047214,2
M055990,2
M011016,2
M060181,2
M039206,2
M049060,2
M006143,2
M051147,2
M044520,2
M041814,2
M061840,2
M025704,2
M028885,2
M089062,2
M019454,2
M053824,2
M078791,2
M037873,2
M027958,2
M050131,2
M033057,2
M047253,2
M068225,2
M038309,2
M043107,2
M038148,2
M036813,2
M085038,2
M077309,2
M073230,2
M035655,2
M036019,2
M030568,2
M031521,2
M027491,2
M002278,2
M032967,2
M028392,2
M035536,2
M029451,2
M091765,2
M022052,2
M098654,2
M055567,2
M043575,2
M047292,2
M027560,2
M057249,2
M030047,2
M003207,2
M076624,2
M002117,2
M046538,2
M042171,2
M003752,2
M038023,2
M028413,2
M027801,2
M047899,2
M007107,2
M028981,2
M033067,2
M099029,2
M046956,2
M034222,2
M024753,2
M029073,2
M033203,2
M024558,2
M004434,2
M030042,2
M054168,2
M061226,2
M039246,2
M058910,2
M038998,2
M024505,2
M022158,2
M034338,2
M033316,2
M026970,2
M073768,2
M012595,2
M028137,2
M032786,2
M029446,2
M025863,2
M002767,2
M095050,2
M078441,2
M003282,2
M057704,2
M034436,2
M047382,2
M088285,2
M018629,2
M084204,2
M052338,2
M051012,2
M028158,2
M040390,2
M034016,2
M004227,2
M024226,2
M025116,2
M047964,2
M027850,2
M032171,2
M026298,2
M024861,2
M002487,2
M034725,2
M047610,2
M046683,2
M072544,2
M018901,2
M025468,2
M018863,2
M068332,2
M073071,2
M014626,2
M086009,2
M053247,2
M028132,2
M028434,2
M094174,2
M002697,2
M026656,2
M076280,2
M035734,2
M013373,2
M044392,2
M035228,2
M006197,2
M008001,2
M035084,2
M032312,2
M031634,2
M013869,2
M046820,2
M060579,2
M029706,2
M001748,2
M008722,2
M029089,2
M032346,2
M028710,2
M031165,2
M034129,2
M059230,2
M023463,2
M027903,2
M025428,2
M047066,2
M041815,2
M045077,2
M045539,2
M021829,2
M033293,2
M027034,2
M031699,2
M025395,2
M034003,2
M024692,2
M029358,2
M044783,2
M033176,2
M025865,2
M028807,2
M042930,2
M037851,2
M030038,2
M047475,2
M043665,2
M061643,2
M047984,2
M043087,2
M052746,2
M070908,2
M001876,2
M099181,2
M029023,2
M025350,2
M031771,2
M033880,2
M097926,2
M031633,2
M035412,2
M007993,2
M020127,2
M066087,2
M036054,2
M031278,2
M032420,2
M049417,2
M021074,2
M032273,2
M031090,2
M033446,2
M079859,2
M018240,2
M032819,2
M032509,2
M027175,2
M029600,2
M022548,2
M010950,2
M028318,2
M036151,2
M094016,2
M101066,2
M026084,2
M035474,2
M035001,2
M035723,2
M026296,2
M033680,2
M033958,2
M029325,2
M029814,2
M033719,2
M032023,2
M097078,2
M029068,2
M053353,2
M021644,2
M000982,2
M022561,2
M031757,2
M032388,2
M032756,2
M035278,2
M031903,2
M029063,2
M031187,2
M032162,2
M044849,2
M013290,2
M028192,2
M026581,2
M030247,2
M028631,2
M024143,2
M035871,2
M028934,2
M039982,2
M014319,2
M016385,2
M043398,2
M052705,2
M001459,2
M034201,2
M048867,2
M023256,2
M069460,2
M036188,2
M094936,2
M030089,2
M028234,2
M057342,2
M068867,2
M032522,2
M004997,2
M036347,2
M077263,2
M037783,2
M001395,2
M026127,2
M055815,2
M005381,2
M041762,2
M078515,2
M031245,2
M028396,2
M039069,2
M029927,2
M037353,2
M012702,2
M085685,2
M033168,2
M009557,2
M020510,2
M024549,2
M025246,2
M015319,2
M032687,2
M032112,2
M029046,2
M027981,2
M032729,2
M031343,2
M028141,2
M035848,2
M083928,2
M020809,2
M013026,2
M027767,2
M027818,2
M032323,2
M030169,2
M043761,2
M001479,2
M027342,2
M017105,2
M026003,2
M026080,2
M078742,2
M047893,2
M045082,2
M022600,2
M080011,2
M078223,2
M056711,2
M038685,2
M041202,2
M033867,2
M090187,2
M034819,2
M007459,2
M032502,2
M028907,2
M026676,2
M036674,2
M011633,2
M040051,2
M032515,2
M069251,2
M063600,2
M092667,2
M043872,2
M038897,2
M031384,2
M025308,2
M020532,2
M037854,2
M032156,2
M042125,2
M035285,2
M030887,2
M028280,2
M041081,2
M063314,2
M025831,2
M062617,2
M026348,2
M061022,2
M015988,2
M032914,2
M030980,2
M081840,2
M032431,2
M036538,2
M050993,2
M062401,2
M011681,2
M031584,2
M025258,2
M057225,2
M027380,2
M035817,2
M014527,2
M089661,2
M005308,2
M092953,2
M060653,2
M005783,2
M034452,2
M035501,2
M012298,2
M065114,2
M033727,2
M053903,2
M038705,2
M064726,2
M037032,2
M068685,2
M079696,2
M035363,2
M088642,2
M035234,2
M012186,2
M018811,2
M030422,2
M035896,2
M064532,2
M041350,2
M041759,2
M028802,2
M041009,2
M044284,2
M047589,2
M005394,2
M033149,2
M020963,2
M028085,2
M096990,2
M044889,2
M059968,2
M035097,2
M028316,2
M030941,2
M086026,2
M029950,2
M082694,2
M018058,2
M090585,2
M010079,2
M030015,2
M091808,2
M035962,2
M002472,2
M037167,2
M095542,2
M032984,2
M049754,2
M027161,2
M019772,2
M011420,2
M092662,2
M057574,2
M025224,2
M078029,2
M016409,2
M046457,2
M015912,2
M042685,2
M024699,2
M094960,2
M032994,2
M092130,2
M008401,2
M031987,2
M046444,2
M082178,2
M032587,2
M000530,2
M082473,2
M010496,2
M093041,2
M097758,2
M086409,2
M041442,2
M049666,2
M031719,2
M096478,2
M035959,2
M053152,2
M020092,2
M039071,2
M057898,2
M031146,2
M030273,2
M048805,2
M080587,2
M026725,2
M028452,2
M031925,2
M030191,2
M088883,2
M095654,2
M089249,2
M073023,2
M014653,2
M031840,2
M034618,2
M032585,2
M065544,2
M063236,2
M038161,2
M005936,2
M036411,2
M058386,2
M032915,2
M036298,2
M019749,2
M008205,2
M030045,2
M073009,2
M095147,2
M005044,2
M054937,2
M030901,2
M040201,2
M041979,2
M027498,2
M049204,2
M031893,2
M072498,2
M013867,2
M082485,2
M036899,2
M014733,2
M017460,2
M068682,2
M027858,2
M040043,2
M028061,2
M029598,2
M093890,2
M046195,2
M064753,2
M068147,2
M031310,2
M032506,2
M047102,2
M030917,2
M087255,2
M041568,2
M041167,2
M014629,2
M008062,2
M067533,2
M030772,2
M040536,2
M039318,2
M034589,2
M011492,2
M044543,2
M003294,2
M084622,2
M071221,2
M069258,2
M048885,2
M063095,2
M097066,2
M065027,2
M002563,2
M051814,2
M080700,2
M038529,2
M078094,2
M047550,2
M010040,2
M028284,2
M038127,2
M030963,2
M059849,2
M036994,2
M037498,2
M036296,2
M032795,2
M033370,2
M075271,2
M033118,2
M033512,2
M071485,2
M058981,2
M036595,2
M093418,2
M049144,2
M098111,2
M005297,2
M056955,2
M037287,2
M022126,2
M033598,2
M056782,2
M096544,2
M031624,2
M042503,2
M053032,2
M009605,2
M050351,2
M005513,2
M090157,2
M013134,2
M042837,2
M051786,2
M062452,2
M029647,2
M031714,2
M000696,2
M002058,2
M026496,2
M000135,2
M100252,2
M068030,2
M095252,2
M014456,2
M036608,2
M030269,2
M058463,2
M001588,2
M071117,2
M056893,2
M042609,2
M075060,2
M035957,2
M075150,2
M099901,2
M035987,2
M098514,2
M042799,2
M029281,2
M033230,2
M061696,2
M035909,2
M030260,2
M034574,2
M027584,2
M064242,2
M023884,2
M038123,2
M007871,2
M037182,2
M018122,2
M033051,2
M022141,2
M067989,2
M040129,2
M037382,2
M008943,2
M010077,2
M078580,2
M059775,2
M062262,2
M015807,2
M038629,2
M063269,2
M018258,2
M077482,2
M086372,2
M026416,2
M024840,2
M047930,2
M077857,2
M065640,2
M064127,2
M002279,2
M036352,2
M055932,2
M057915,2
M049812,2
M034169,2
M046977,2
M017132,2
M032738,2
M074047,2
M065966,2
M047203,2
M014033,2
M029509,2
M038509,2
M073939,2
M040005,2
M083583,2
M093760,2
M029306,2
M031904,2
M031311,2
M060950,2
M087939,2
M018594,2
M037010,2
M035233,2
M064055,2
M018172,2
M070584,2
M018152,2
M036005,2
M023477,2
M089564,2
M090558,2
M097658,2
M083551,2
M078340,2
M093635,2
M053826,2
M032850,2
M040647,2
M055087,2
M031690,2
M006118,2
M046831,2
M062333,2
M065692,2
M012736,2
M062556,2
M040095,2
M090504,2
M014306,2
M031905,2
M061556,2
M031713,2
M072212,2
M098772,2
M026184,2
M067956,2
M067260,2
M100377,2
M072654,2
M070171,2
M063578,2
M080225,2
M091596,2
M008969,2
M029257,2
M027311,2
M001913,2
M058757,2
M010668,2
M037280,2
M040867,2
M031972,2
M031192,2
M007904,2
M034686,2
M051611,2
M074811,2
M087165,2
M048982,2
M048315,2
M053696,2
M039765,2
M071732,2
M026259,2
M031911,2
M096169,2
M040310,2
M000849,2
M056647,2
M014106,2
M015012,2
M088870,2
M026435,2
M032567,2
M035818,2
M041649,2
M033820,2
M078429,2
M028836,2
M033858,2
M070880,2
M072097,2
M041731,2
M044141,2
M013691,2
M037762,2
M079595,2
M061562,2
M065208,2
M035308,2
M059556,2
M011263,2
M091195,2
M026872,2
M054969,2
M059061,2
M059765,2
M025954,2
M044500,2
M021839,2
M075836,2
M066983,2
M040082,2
M030975,2
M045349,2
M071712,2
M034934,2
M037109,2
M076470,2
M049096,2
M083663,2
M099682,2
M001777,2
M029422,2
M041173,2
M054015,2
M029673,2
M032237,2
M049940,2
M033479,2
M036639,2
M038658,2
M090303,2
M059695,2
M038168,2
M007131,2
M084818,2
M053386,2
M003022,2
M007628,2
M057018,2
M038727,2
M038728,2
M029136,2
M075050,2
M018753,2
M031530,2
M064699,2
M009146,2
M053962,2
M037119,2
M061099,2
M039322,2
M030750,2
M088379,2
M011113,2
M064602,2
M041427,2
M012309,2
M003834,2
M018889,2
M071655,2
M010325,2
M080691,2
M069914,2
M012562,2
M029914,2
M042954,2
M007387,2
M032135,2
M028531,2
M032412,2
M033337,2
M035386,2
M032452,2
M061626,2
M045626,2
M096382,2
M061866,2
M065928,2
M051538,2
M077877,2
M094800,2
M061876,2
M039963,2
M058305,2
M095815,2
M030896,2
M031795,2
M001405,2
M024767,2
M068859,2
M074919,2
M019439,2
M055262,2
M095090,2
M017106,2
M007043,2
M013047,2
M030540,2
M018062,2
M076519,2
M090407,2
M009229,2
M061960,2
M069330,2
M061901,2
M034912,2
M042540,2
M041095,2
M071571,2
M034019,2
M059128,2
M032218,2
M026931,2
M029967,2
M052789,2
M087239,2
M053209,2
M043127,2
M017972,2
M005154,2
M021757,2
M042288,2
M090728,2
M047773,2
M027523,2
M050384,2
M005628,2
M009648,2
M032160,2
M042218,2
M024808,2
M020205,2
M100040,2
M027881,2
M032662,2
M029494,2
M048082,2
M077260,2
M080634,2
M068824,2
M021318,2
M068003,2
M082385,2
M035979,2
M041932,2
M015442,2
M029830,2
M001862,2
M041269,2
M072863,2
M040481,2
M054892,2
M054072,2
M039263,2
M100294,2
M033527,2
M043601,2
M064303,2
M091444,2
M027141,2
M083910,2
M068518,2
M065803,2
M020573,2
M081194,2
M072176,2
M025100,2
M069570,2
M097802,2
M068073,2
M093618,2
M040462,2
M069289,2
M067484,2
M037911,2
M042701,2
M046129,2
M022006,2
M054167,2
M039055,2
M046853,2
M055545,2
M065155,2
M058826,2
M054455,2
M061410,2
M061832,2
M061481,2
M074267,2
M082747,2
M092351,2
M038646,2
M000058,2
M009049,2
M000749,2
M020064,2
M096002,2
M045034,2
M055464,2
M038774,2
M039086,2
M039927,2
M035446,2
M086481,2
M064232,2
M040225,2
M065726,2
M038744,2
M057240,2
M087689,2
M034741,2
M037739,2
M038596,2
M044261,2
M035637,2
M066208,2
M098996,2
M093177,2
M096215,2
M014712,2
M022144,2
M065746,2
M045127,2
M061113,2
M065816,2
M025544,2
M021521,2
M037810,2
M041954,2
M030854,2
M004402,2
M051039,2
M071332,2
M093752,2
M091124,2
M039485,2
M012886,2
M061014,2
M039117,2
M096658,2
M025551,2
M034308,2
M043739,2
M053869,2
M079160,2
M011812,2
M013077,2
M046411,2
M060446,2
M046521,2
M040588,2
M041913,2
M021410,2
M025136,2
M057807,2
M046233,2
M090623,2
M085255,2
M035801,2
M029417,2
M095593,2
M071258,2
M058269,2
M028557,2
M052461,2
M063809,2
M055003,2
M037572,2
M040934,2
M058703,2
M039400,2
M040744,2
M055386,2
M061089,2
M067142,2
M052484,2
M017671,2
M082010,2
M045080,2
M005964,2
M040713,2
M052735,2
M050738,2
M094377,2
M078326,2
M070218,2
M054187,2
M085919,2
M030299,2
M046081,2
M084516,2
M058508,2
M029490,2
M043664,2
M027833,2
M040595,2
M032462,2
M078834,2
M016410,2
M036554,2
M063798,2
M024285,2
M008108,2
M098388,2
M036173,2
M048758,2
M047279,2
M047532,2
M034385,2
M038233,2
M046785,2
M049675,2
M037764,2
M088729,2
M097297,2
M032241,2
M096681,2
M078693,2
M070273,2
M039341,2
M076551,2
M080898,2
M076028,2
M035220,2
M019611,2
M022700,2
M042429,2
M097848,2
M048291,2
M069182,2
M087705,2
M045614,2
M088344,2
M066351,2
M067958,2
M046130,2
M041681,2
M021880,2
M038803,2
M041515,2
M046850,2
M043491,2
M078895,2
M021510,2
M002001,2
M039573,2
M050704,2
M038800,2
M042746,2
M044157,2
M021223,2
M054649,2
M086897,2
M088328,2
M051442,2
M041601,2
M048016,2
M004161,2
M041019,2
M086929,2
M034907,2
M052804,2
M036834,2
M050835,2
M032198,2
M044870,2
M001493,2
M037544,2
M035701,2
M041097,2
M021049,2
M055549,2
M022350,2
M072353,2
M080728,2
M038965,2
M065862,2
M066688,2
M045041,2
M049872,2
M037480,2
M091936,2
M051107,2
M024068,2
M052617,2
M090087,2
M058799,2
M074995,2
M047206,2
M040268,2
M089303,2
M043767,2
M055822,2
M047148,2
M065642,2
M052706,2
M034475,2
M073671,2
M032123,2
M033493,2
M033146,2
M066971,2
M073787,2
M059541,2
M010703,2
M070178,2
M016871,2
M093866,2
M078123,2
M066918,2
M079063,2
M073314,2
M089355,2
M045027,2
M097785,2
M043166,2
M087740,2
M040023,2
M046025,2
M063815,2
M076364,2
M039747,2
M012098,2
M049911,2
M021271,2
M048988,2
M085341,2
M079118,2
M074488,2
M060466,2
M073623,2
M002679,2
M004319,2
M045705,2
M097019,2
M049567,2
M064159,2
M047857,2
M045257,2
M085981,2
M041960,2
M062750,2
M096401,2
M084512,2
M049317,2
M001918,2
M049218,2
M005922,2
M077403,2
M048017,2
M048382,2
M047886,2
M020983,2
M099066,2
M036450,2
M041400,2
M082811,2
M077902,2
M035071,2
M040161,2
M041261,2
M053433,2
M021853,2
M043358,2
M063926,2
M059872,2
M056724,2
M063276,2
M047225,2
M028790,2
M049859,2
M089583,2
M065374,2
M092238,2
M014775,2
M012057,2
M036227,2
M046507,2
M040309,2
M075026,2
M063897,2
M089582,2
M054024,2
M028611,2
M033583,2
M035786,2
M007087,2
M031086,2
M026516,2
M038505,2
M042949,2
M029679,2
M077008,2
M040547,2
M053311,2
M046440,2
M099714,2
M089891,2
M036437,2
M007301,2
M087539,2
M083901,2
M081807,2
M043098,2
M039604,2
M000248,2
M061067,2
M068005,2
M042266,2
M034281,2
M063938,2
M078011,2
M044376,2
M063754,2
M008586,2
M092890,2
M037237,2
M070337,2
M066989,2
M060909,2
M031946,2
M069539,2
M086399,2
M034719,2
M040099,2
M075865,2
M025548,2
M080908,2
M063467,2
M064923,2
M085173,2
M023839,2
M002646,2
M065543,2
M084962,2
M012921,2
M043726,2
M088862,2
M045253,2
M053875,2
M087329,2
M083562,2
M056767,2
M029009,2
M089061,2
M037690,2
M072298,2
M027470,2
M003629,2
M082133,2
M048246,2
M039306,2
M039439,2
M081939,2
M068455,2
M080965,2
M066683,2
M101250,2
M056992,2
M079492,2
M002036,2
M075933,2
M013195,2
M085133,2
M030767,2
M013037,2
M037484,2
M080630,2
M063384,2
M072516,2
M057736,2
M090373,2
M015899,2
M057904,2
M083120,2
M069129,2
M097052,2
M075602,2
M015861,2
M008476,2
M054232,2
M088365,2
M011558,2
M024426,2
M007333,2
M044094,2
M063679,2
M042560,2
M094183,2
M059623,2
M089421,2
M030539,2
M064828,2
M080911,2
M101353,2
M018236,2
M056649,2
M089005,2
M079099,2
M047855,2
M040135,2
M070683,2
M043058,2
M023882,2
M081009,2
M060811,2
M073627,2
M038663,2
M075178,2
M039529,2
M099339,2
M045817,2
M081377,2
M012926,2
M005277,2
M010472,2
M066065,2
M067012,2
M092808,2
M046787,2
M100339,2
M059347,2
M038944,2
M028134,2
M086627,2
M051024,2
M068613,2
M071626,2
M055896,2
M023551,2
M068041,2
M006791,2
M070910,2
M076249,2
M040121,2
M052138,2
M043062,2
M085557,2
M043788,2
M071849,2
M100878,2
M051398,2
M045638,2
M085023,2
M080039,2
M096312,2
M089048,2
M088518,2
M050681,2
M039693,2
M068263,2
M042730,2
M043673,2
M062158,2
M050310,2
M034034,2
M038423,2
M081686,2
M049682,2
M043697,2
M040912,2
M068610,2
M069910,2
M043652,2
M012797,2
M060851,2
M084719,2
M080468,2
M076239,2
M062211,2
M083049,2
M016710,2
M004966,2
M041558,2
M025173,2
M026545,2
M037791,2
M046210,2
M058851,2
M096079,2
M049951,2
M011259,2
M046587,2
M018937,2
M093398,2
M063816,2
M077360,2
M038830,2
M013579,2
M066221,2
M035761,2
M045958,2
M039054,2
M052756,2
M053857,2
M040261,2
M044951,2
M066988,2
M040428,2
M058785,2
M097951,2
M064460,2
M071965,2
M021422,2
M098225,2
M074363,2
M057651,2
M056017,2
M095097,2
M079943,2
M095564,2
M080830,2
M011568,2
M002672,2
M082809,2
M057817,2
M061903,2
M072385,2
M081169,2
M061578,2
M009808,2
M054206,2
M014644,2
M092147,2
M053117,2
M034455,2
M097830,2
M073783,2
M080092,2
M082871,2
M086052,2
M084850,2
M092053,2
M101516,2
M010171,2
M081006,2
M083485,2
M084685,2
M084664,2
M061560,2
M045120,2
M049265,2
M084335,2
M076244,2
M056973,2
M001290,2
M079357,2
M066000,2
M006464,2
M077621,2
M027124,2
M040466,2
M094129,2
M076405,2
M086848,2
M083368,2
M002226,2
M042675,2
M031519,2
M058854,2
M053620,2
M054820,2
M062286,2
M080735,2
M070966,2
M043553,2
M011463,2
M038692,2
M047012,2
M020840,2
M039735,2
M042795,2
M028891,2
M055414,2
M002155,2
M006220,2
M001944,2
M075564,2
M049742,2
M037910,2
M064089,2
M044858,2
M063857,2
M074230,2
M033996,2
M063223,2
M096584,2
M091631,2
M038856,2
M066288,2
M088094,2
M066040,2
M066713,2
M082828,2
M017536,2
M041763,2
M063006,2
M094287,2
M068318,2
M079204,2
M063518,2
M003600,2
M096515,2
M025592,2
M101178,2
M047943,2
M084524,2
M088948,2
M043570,2
M082239,2
M077572,2
M048962,2
M081705,2
M053159,2
M039828,2
M038301,2
M039898,2
M073756,2
M075974,2
M076465,2
M022781,2
M046160,2
M043142,2
M073666,2
M093759,2
M094030,2
M035018,2
M075773,2
M030624,2
M058388,2
M073391,2
M086944,2
M036978,2
M027870,2
M047728,2
M042602,2
M061689,2
M038632,2
M073104,2
M052186,2
M011453,2
M041632,2
M042902,2
M019684,2
M059008,2
M042271,2
M089463,2
M093388,2
M042309,2
M084527,2
M003394,2
M073021,2
M078285,2
M084258,2
M091904,2
M043346,2
M059698,2
M055172,2
M036627,2
M053519,2
M028988,2
M054636,2
M088352,2
M096693,2
M072381,2
M094756,2
M031367,2
M093874,2
M020711,2
M072765,2
M085560,2
M043542,2
M046147,2
M063939,2
M046143,2
M093661,2
M078389,2
M058121,2
M043366,2
M100179,2
M066445,2
M054494,2
M069162,2
M038273,2
M017563,2
M047988,2
M096627,2
M067814,2
M047299,2
M068448,2
M048237,2
M054249,2
M048493,2
M097760,2
M065103,2
M004885,2
M060104,2
M041950,2
M064451,2
M079350,2
M078354,2
M042710,2
M047172,2
M026940,2
M050044,2
M042539,2
M097803,2
M039366,2
M063504,2
M050170,2
M028460,2
M066670,2
M037519,2
M080254,2
M046054,2
M012688,2
M061234,2
M053258,2
M093910,2
M035380,2
M056040,2
M079008,2
M054802,2
M047156,2
M045996,2
M041142,2
M025896,2
M038989,2
M097069,2
M042482,2
M040915,2
M088614,2
M069163,2
M083847,2
M067597,2
M096087,2
M039421,2
M077140,2
M066707,2
M092357,2
M094958,2
M090961,2
M048660,2
M038895,2
M072414,2
M023789,2
M050276,2
M021968,2
M064669,2
M046888,2
M043534,2
M028653,2
M046954,2
M077304,2
M074755,2
M033407,2
M044100,2
M043751,2
M094012,2
M059291,2
M008835,2
M047167,2
M039789,2
M013487,2
M030795,2
M093624,2
M090235,2
M072453,2
M073672,2
M015664,2
M050982,2
M086577,2
M078142,2
M091560,2
M024733,2
M037817,2
M048938,2
M057936,2
M049780,2
M050449,2
M039426,2
M052160,2
M076019,2
M063455,2
M046069,2
M037941,2
M081408,2
M041856,2
M044590,2
M070522,2
M061935,2
M099529,2
M044669,2
M052323,2
M092551,2
M070021,2
M044530,2
M064771,2
M038870,2
M021798,2
M061730,2
M089588,2
M078208,2
M051238,2
M060282,2
M083107,2
M040105,2
M100829,2
M085062,2
M041373,2
M057380,2
M020611,2
M100917,2
M067004,2
M040264,2
M043835,2
M039380,2
M061110,2
M059282,2
M095468,2
M075728,2
M051265,2
M001872,2
M038621,2
M043251,2
M041560,2
M096885,2
M050328,2
M069443,2
M028169,2
M072547,2
M084105,2
M052643,2
M065393,2
M093705,2
M061640,2
M043699,2
M075065,2
M046084,2
M092373,2
M041881,2
M095757,2
M042677,2
M043485,2
M085542,2
M044901,2
M006921,2
M006040,2
M040270,2
M056516,2
M050922,2
M063023,2
M049092,2
M024287,2
M075222,2
M034576,2
M068227,2
M062690,2
M071089,2
M042090,2
M065239,2
M097416,2
M018622,2
M039869,2
M007362,2
M034362,2
M088253,2
M096982,2
M040358,2
M088555,2
M072203,2
M070487,2
M054008,2
M057522,2
M046011,2
M017935,2
M081140,2
M076065,2
M065820,2
M013644,2
M071225,2
M007085,2
M034432,2
M002245,2
M060054,2
M080805,2
M039912,2
M090604,2
M049397,2
M029423,2
M060656,2
M020426,2
M056586,2
M022116,2
M044788,2
M048251,2
M036477,2
M034871,2
M099129,2
M088214,2
M005209,2
M059193,2
M074797,2
M091930,2
M052776,2
M093556,2
M042772,2
M077100,2
M042298,2
M014971,2
M074685,2
M004331,2
M101161,2
M098080,2
M070725,2
M069389,2
M058921,2
M006175,2
M038196,2
M034679,2
M020304,2
M076679,2
M065757,2
M084735,2
M081441,2
M072691,2
M097719,2
M060521,2
M040907,2
M070214,2
M042760,2
M040651,2
M036120,2
M050251,2
M053227,2
M050456,2
M052556,2
M094698,2
M031394,2
M075502,2
M024338,2
M011745,2
M067077,2
M036213,2
M095015,2
M044505,2
M039019,2
M044791,2
M042788,2
M045823,2
M085935,2
M070305,2
M093113,2
M047019,2
M052505,2
M074875,2
M001256,2
M022010,2
M048817,2
M040741,2
M044004,2
M095570,2
M036854,2
M072099,2
M026645,2
M081076,2
M092296,2
M069257,2
M082370,2
M084175,2
M048282,2
M035632,2
M081649,2
M011981,2
M042262,2
M034028,2
M081812,2
M045388,2
M041654,2
M043380,2
M094179,2
M039645,2
M062562,2
M083133,2
M098134,2
M021727,2
M080480,2
M043541,2
M049975,2
M037083,2
M007198,2
M032851,2
M048353,2
M086192,2
M040933,2
M048488,2
M078372,2
M080776,2
M057135,2
M036567,2
M089635,2
M075387,2
M071535,2
M091058,2
M064991,2
M035007,2
M075494,2
M046014,2
M063650,2
M048555,2
M049930,2
M061939,2
M077385,2
M056848,2
M077826,2
M076279,2
M094513,2
M047026,2
M045835,2
M049610,2
M096434,2
M037136,2
M046344,2
M048619,2
M076803,2
M044715,2
M048698,2
M078420,2
M079520,2
M064069,2
M037031,2
M058044,2
M013233,2
M016472,2
M050419,2
M062056,2
M054851,2
M087395,2
M050388,2
M048682,2
M080167,2
M071185,2
M041525,2
M046200,2
M073997,2
M046357,2
M025408,2
M042231,2
M097798,2
M094930,2
M100417,2
M041917,2
M041850,2
M060265,2
M069365,2
M015208,2
M082173,2
M046749,2
M067868,2
M044983,2
M045503,2
M042873,2
M045562,2
M014614,2
M002805,2
M058279,2
M087295,2
M050243,2
M026959,2
M005249,2
M019906,2
M069538,2
M063242,2
M053567,2
M011938,2
M027890,2
M096574,2
M095670,2
M062884,2
M091591,2
M058779,2
M079329,2
M096790,2
M046714,2
M041616,2
M044730,2
M072335,2
M098495,2
M100020,2
M040954,2
M081457,2
M077878,2
M004787,2
M072488,2
M082789,2
M074924,2
M039142,2
M093340,2
M097022,2
M035935,2
M065727,2
M081908,2
M099576,2
M044871,2
M044608,2
M077743,2
M059501,2
M086134,2
M038116,2
M051949,2
M044637,2
M017863,2
M030874,2
M043862,2
M092005,2
M086878,2
M048482,2
M084893,2
M064119,2
M096924,2
M048662,2
M093291,2
M004897,2
M070402,2
M072108,2
M026728,2
M040368,2
M061276,2
M007739,2
M046700,2
M043274,2
M048598,2
M011007,2
M057341,2
M038014,2
M052969,2
M051286,2
M040295,2
M036982,2
M004678,2
M024644,2
M088397,2
M067777,2
M060660,2
M037857,2
M050539,2
M041781,2
M055678,2
M044924,2
M087969,2
M097578,2
M076367,2
M048182,2
M076788,2
M044519,2
M048771,2
M036621,2
M037251,2
M041622,2
M044589,2
M044947,2
M054652,2
M055805,2
M053520,2
M017404,2
M047491,2
M100083,2
M044111,2
M097662,2
M002557,2
M091522,2
M084998,2
M002102,2
M073486,2
M093918,2
M071974,2
M091761,2
M073462,2
M093733,2
M020284,2
M044384,2
M096817,2
M009915,2
M050125,2
M067277,2
M087451,2
M047127,2
M053951,2
M068172,2
M093029,2
M087764,2
M100583,2
M056122,2
M090439,2
M090518,2
M025728,2
M042524,2
M028191,2
M076232,2
M093087,2
M073415,2
M044454,2
M083518,2
M042557,2
M012320,2
M060520,2
M044662,2
M089467,2
M046214,2
M061116,2
M068679,2
M005029,2
M055683,2
M079210,2
M055475,2
M037299,2
M060013,2
M078454,2
M016092,2
M034616,2
M012242,2
M006855,2
M042325,2
M064779,2
M045427,2
M092209,2
M039958,2
M046525,2
M041254,2
M044465,2
M044168,2
M076140,2
M041816,2
M030559,2
M022654,2
M053408,2
M041567,2
M060199,2
M093094,2
M101385,2
M042830,2
M079264,2
M079195,2
M037159,2
M018473,2
M043261,2
M039252,2
M046971,2
M081755,2
M087417,2
M020259,2
M004587,2
M079068,2
M075135,2
M052817,2
M019036,2
M040879,2
M076643,2
M078569,2
M055991,2
M073425,2
M051403,2
M071358,2
M054475,2
M025601,2
M044993,2
M069450,2
M053503,2
M082329,2
M092623,2
M079507,2
M045169,2
M050031,2
M051715,2
M015126,2
M040780,2
M088886,2
M076047,2
M091349,2
M070175,2
M042626,2
M049591,2
M003444,2
M044525,2
M051835,2
M029666,2
M065734,2
M049553,2
M054534,2
M047247,2
M046343,2
M069270,2
M096662,2
M044689,2
M093457,2
M052142,2
M059502,2
M099988,2
M017603,2
M071664,2
M029918,2
M071677,2
M013471,2
M088009,2
M086707,2
M005200,2
M088559,2
M032190,2
M006612,2
M068018,2
M043393,2
M081735,2
M062571,2
M050756,2
M045437,2
M059496,2
M079305,2
M084283,2
M045276,2
M101515,2
M051827,2
M051141,2
M046886,2
M073948,2
M007905,2
M045288,2
M043209,2
M074442,2
M077442,2
M022942,2
M046501,2
M059191,2
M057084,2
M055391,2
M044147,2
M025714,2
M042997,2
M079265,2
M077518,2
M067954,2
M090829,2
M099733,2
M021628,2
M043880,2
M038822,2
M064351,2
M043057,2
M039544,2
M053400,2
M048684,2
M060039,2
M040477,2
M036996,2
M044076,2
M037925,2
M101280,2
M009743,2
M069773,2
M051931,2
M028018,2
M047710,2
M041538,2
M063603,2
M067152,2
M097814,2
M046911,2
M034093,2
M047566,2
M100182,2
M034247,2
M009891,2
M098405,2
M032980,2
M047778,2
M048267,2
M041253,2
M081160,2
M085595,2
M048754,2
M040584,2
M101111,2
M074032,2
M067972,2
M066662,2
M046498,2
M062420,2
M041115,2
M065634,2
M049004,2
M081302,2
M008223,2
M089394,2
M046851,2
M039794,2
M088314,2
M075651,2
M031201,2
M027924,2
M035597,2
M076355,2
M021725,2
M072380,2
M047195,2
M062132,2
M076380,2
M056181,2
M033654,2
M060828,2
M050071,2
M060420,2
M075908,2
M045045,2
M068575,2
M091139,2
M099764,2
M098494,2
M042255,2
M061401,2
M013721,2
M050326,2
M082344,2
M074527,2
M072595,2
M100333,2
M091175,2
M037346,2
M045110,2
M082542,2
M033644,2
M088802,2
M098912,2
M101592,2
M066277,2
M082618,2
M060286,2
M075924,2
M050964,2
M087626,2
M074133,2
M048290,2
M049254,2
M050290,2
M081929,2
M062483,2
M045475,2
M008945,2
M088678,2
M063503,2
M043937,2
M063658,2
M076549,2
M036132,2
M035567,2
M038089,2
M006448,2
M025111,2
M073867,2
M076033,2
M045684,2
M061309,2
M073183,2
M016364,2
M075833,2
M098666,2
M006982,2
M093373,2
M054098,2
M051499,2
M046511,2
M045397,2
M016066,2
M062001,2
M066450,2
M065555,2
M051040,2
M060149,2
M042792,2
M080103,2
M072500,2
M059583,2
M063895,2
M017895,2
M019573,2
M071259,2
M038120,2
M042041,2
M086705,2
M007982,2
M095606,2
M090559,2
M092669,2
M082668,2
M073129,2
M048548,2
M047363,2
M016907,2
M065733,2
M026698,2
M048687,2
M041004,2
M041726,2
M098578,2
M064354,2
M006557,2
M001310,2
M002870,2
M022240,2
M032196,2
M055339,2
M088332,2
M040327,2
M059244,2
M096425,2
M011347,2
M004124,2
M057112,2
M082864,2
M033138,2
M088243,2
M093030,2
M100675,2
M063728,2
M058207,2
M059890,2
M048053,2
M048048,2
M071111,2
M083991,2
M100073,2
M064122,2
M071693,2
M023408,2
M098923,2
M083092,2
M045321,2
M049147,2
M059672,2
M050215,2
M049350,2
M065268,2
M052066,2
M056854,2
M046122,2
M040921,2
M040823,2
M079950,2
M075952,2
M067747,2
M052837,2
M061784,2
M016485,2
M082108,2
M095838,2
M009204,2
M095033,2
M101069,2
M065346,2
M068060,2
M097562,2
M071607,2
M046359,2
M025578,2
M037869,2
M072220,2
M019820,2
M088727,2
M086850,2
M072678,2
M059425,2
M043654,2
M084602,2
M050806,2
M100426,2
M037195,2
M092775,2
M050239,2
M085953,2
M093535,2
M048051,2
M074129,2
M056086,2
M098298,2
M101408,2
M060490,2
M060383,2
M007738,2
M078881,2
M081630,2
M069906,2
M089532,2
M006060,2
M010089,2
M086108,2
M053882,2
M085363,2
M088239,2
M062961,2
M065769,2
M019403,2
M055642,2
M047628,2
M061649,2
M097347,2
M050038,2
M094305,2
M092475,2
M098470,2
M079435,2
M005961,2
M081348,2
M067953,2
M038957,2
M046660,2
M050210,2
M047801,2
M059641,2
M086873,2
M065589,2
M040198,2
M040807,2
M056592,2
M059673,2
M074497,2
M077782,2
M055645,2
M047874,2
M062859,2
M049389,2
M046264,2
M073905,2
M062392,2
M093464,2
M043020,2
M087088,2
M101156,2
M012501,2
M013248,2
M054515,2
M085746,2
M087233,2
M038668,2
M037992,2
M056312,2
M056275,2
M092800,2
M097364,2
M057517,2
M100903,2
M045863,2
M080793,2
M067634,2
M071155,2
M050711,2
M047591,2
M060889,2
M058511,2
M037139,2
M100642,2
M055277,2
M061180,2
M023483,2
M072757,2
M085793,2
M094361,2
M094890,2
M098207,2
M044037,2
M008967,2
M056195,2
M048259,2
M063841,2
M041583,2
M052107,2
M089436,2
M059326,2
M065125,2
M005525,2
M066095,2
M065706,2
M079288,2
M076603,2
M060220,2
M051894,2
M036560,2
M034876,2
M037864,2
M013658,2
M079232,2
M041834,2
M045050,2
M075583,2
M076131,2
M098314,2
M090397,2
M065075,2
M097701,2
M044972,2
M085481,2
M041625,2
M037169,2
M042185,2
M064777,2
M032720,2
M066272,2
M060090,2
M055977,2
M068229,2
M052769,2
M077922,2
M067967,2
M046475,2
M069999,2
M044337,2
M022878,2
M068204,2
M057739,2
M044300,2
M020212,2
M038366,2
M059645,2
M062172,2
M064271,2
M048864,2
M045556,2
M068618,2
M052541,2
M074728,2
M076254,2
M062890,2
M056141,2
M047953,2
M075355,2
M039036,2
M055573,2
M094486,2
M044686,2
M047274,2
M062729,2
M064558,2
M088005,2
M038811,2
M062587,2
M054358,2
M101680,2
M035631,2
M008488,2
M049353,2
M053103,2
M043966,2
M070960,2
M079420,2
M090653,2
M085519,2
M048457,2
M000869,2
M070242,2
M051373,2
M006330,2
M070698,2
M090347,2
M077446,2
M062664,2
M059112,2
M010716,2
M009575,2
M075772,2
M061798,2
M078840,2
M063875,2
M057997,2
M085857,2
M069742,2
M042919,2
M059172,2
M054943,2
M047190,2
M057355,2
M038174,2
M074300,2
M099065,2
M052425,2
M089367,2
M075413,2
M064772,2
M068593,2
M012741,2
M056622,2
M048219,2
M101589,2
M038263,2
M095201,2
M043041,2
M056096,2
M079396,2
M045421,2
M052428,2
M031151,2
M049172,2
M053854,2
M001393,2
M085382,2
M032048,2
M048269,2
M068343,2
M099376,2
M068280,2
M091852,2
M050852,2
M029103,2
M057300,2
M068175,2
M076185,2
M082213,2
M069185,2
M072804,2
M021551,2
M003247,2
M065762,2
M068409,2
M095559,2
M062815,2
M058740,2
M023878,2
M096815,2
M091528,2
M009192,2
M019044,2
M034298,2
M087976,2
M097851,2
M049541,2
M056658,2
M052398,2
M062030,2
M039082,2
M087658,2
M067492,2
M061751,2
M043693,2
M035510,2
M053108,2
M064529,2
M079514,2
M101756,2
M023545,2
M087275,2
M076399,2
M018503,2
M058471,2
M066274,2
M048298,2
M052108,2
M060840,2
M089523,2
M087582,2
M091902,2
M050473,2
M063461,2
M012453,2
M046805,2
M099816,2
M051853,2
M087974,2
M074276,2
M075030,2
M085007,2
M098890,2
M078497,2
M081992,2
M057552,2
M056680,2
M093689,2
M066101,2
M099697,2
M097874,2
M055141,2
M005075,2
M056977,2
M065902,2
M048636,2
M053505,2
M076877,2
M070754,2
M094722,2
M078412,2
M049771,2
M023413,2
M076872,2
M064405,2
M076846,2
M065352,2
M022175,2
M040443,2
M016696,2
M058960,2
M094587,2
M066448,2
M065345,2
M024018,2
M065101,2
M056738,2
M052456,2
M067101,2
M028212,2
M098278,2
M077673,2
M067520,2
M049182,2
M095315,2
M040693,2
M063712,2
M054758,2
M058249,2
M074083,2
M045599,2
M078058,2
M070143,2
M095696,2
M091973,2
M075337,2
M042334,2
M092482,2
M053992,2
M040637,2
M069373,2
M054699,2
M010475,2
M058385,2
M072815,2
M094532,2
M037362,2
M070231,2
M088530,2
M049425,2
M052342,2
M063224,2
M054655,2
M094934,2
M039131,2
M047860,2
M048895,2
M073333,2
M012793,2
M094227,2
M005244,2
M045430,2
M052822,2
M062837,2
M053269,2
M086859,2
M054908,2
M049719,2
M060859,2
M028516,2
M045850,2
M027621,2
M025381,2
M077502,2
M089702,2
M076649,2
M077517,2
M088506,2
M016363,2
M046303,2
M063318,2
M045464,2
M085727,2
M062648,2
M069391,2
M097909,2
M054852,2
M060351,2
M067839,2
M070824,2
M049355,2
M065558,2
M004832,2
M091997,2
M084913,2
M035370,2
M051178,2
M044738,2
M083460,2
M060984,2
M009991,2
M072514,2
M089808,2
M048499,2
M066939,2
M079254,2
M097159,2
M042143,2
M038599,2
M062848,2
M008382,2
M062430,2
M100297,2
M065889,2
M038414,2
M052294,2
M075946,2
M079273,2
M073789,2
M084240,2
M014585,2
M069383,2
M067869,2
M025525,2
M047764,2
M034469,2
M056681,2
M093896,2
M070815,2
M054042,2
M076606,2
M036200,2
M069310,2
M069407,2
M089664,2
M054673,2
M047746,2
M052055,2
M048842,2
M077933,2
M087575,2
M089135,2
M015409,2
M061708,2
M072903,2
M048949,2
M048386,2
M060165,2
M099771,2
M100136,2
M064329,2
M016994,2
M020916,2
M084292,2
M100929,2
M045790,2
M052033,2
M039907,2
M047140,2
M078751,2
M056111,2
M089802,2
M098811,2
M092556,2
M084979,2
M045662,2
M052922,2
M049050,2
M037848,2
M059675,2
M050078,2
M059745,2
M025344,2
M064611,2
M059083,2
M037693,2
M048589,2
M047171,2
M010795,2
M038304,2
M092494,2
M053183,2
M086132,2
M049574,2
M052330,2
M099747,2
M004103,2
M057497,2
M077368,2
M042647,2
M062674,2
M068965,2
M059182,2
M074855,2
M097082,2
M047478,2
M049589,2
M055858,2
M049369,2
M081739,2
M043545,2
M073655,2
M017656,2
M078595,2
M039293,2
M091988,2
M077231,2
M062373,2
M026657,2
M062968,2
M067216,2
M018984,2
M023033,2
M024823,2
M050338,2
M052686,2
M060297,2
M010060,2
M066371,2
M007766,2
M050289,2
M042709,2
M065284,2
M043529,2
M051581,2
M071414,2
M058873,2
M069116,2
M096764,2
M016480,2
M079016,2
M067916,2
M009550,2
M038310,2
M041992,2
M076300,2
M071780,2
M054934,2
M054642,2
M051759,2
M094259,2
M086976,2
M022002,2
M072219,2
M086123,2
M003890,2
M091840,2
M039465,2
M042515,2
M053690,2
M009781,2
M045829,2
M084789,2
M092927,2
M095113,2
M081927,2
M088864,2
M098652,2
M089630,2
M059111,2
M085001,2
M061977,2
M046198,2
M060506,2
M043036,2
M072543,2
M093815,2
M077756,2
M068606,2
M059233,2
M070932,2
M095665,2
M094747,2
M038634,2
M069192,2
M070184,2
M097370,2
M081157,2
M026481,2
M080979,2
M018587,2
M078827,2
M099640,2
M009326,2
M001445,2
M035020,2
M050143,2
M063055,2
M052115,2
M034394,2
M076976,2
M086958,2
M023784,2
M066725,2
M073046,2
M047481,2
M059485,2
M048634,2
M054697,2
M050810,2
M059267,2
M070792,2
M057079,2
M048853,2
M097519,2
M095334,2
M045002,2
M063785,2
M082963,2
M087296,2
M042543,2
M092328,2
M083287,2
M074740,2
M092632,2
M100181,2
M066517,2
M066842,2
M059223,2
M094142,2
M060218,2
M054175,2
M070736,2
M089724,2
M068931,2
M069086,2
M058324,2
M059839,2
M057979,2
M050722,2
M053327,2
M053766,2
M060032,2
M069165,2
M058010,2
M052609,2
M013615,2
M006299,2
M047872,2
M068680,2
M013234,2
M043779,2
M078548,2
M100915,2
M062563,2
M068790,2
M053732,2
M023580,2
M081046,2
M047906,2
M080961,2
M093548,2
M049109,2
M079745,2
M049159,2
M035230,2
M062557,2
M070078,2
M079941,2
M044737,2
M054028,2
M059932,2
M046707,2
M065400,2
M098754,2
M005051,2
M068650,2
M053303,2
M083514,2
M055418,2
M057431,2
M092227,2
M092582,2
M066881,2
M100177,2
M040316,2
M025048,2
M010943,2
M047967,2
M048732,2
M060081,2
M055717,2
M064441,2
M069000,2
M082477,2
M046367,2
M070477,2
M004256,2
M049686,2
M061776,2
M025259,2
M076593,2
M084977,2
M059253,2
M071384,2
M063840,2
M084793,2
M081717,2
M060230,2
M056376,2
M097048,2
M100343,2
M084297,2
M101043,2
M070733,2
M051550,2
M040540,2
M042842,2
M048784,2
M051848,2
M058465,2
M075416,2
M063688,2
M001817,2
M081979,2
M070378,2
M009707,2
M099694,2
M079691,2
M100690,2
M054614,2
M044894,2
M084472,2
M069046,2
M063777,2
M015668,2
M081815,2
M074097,2
M065464,2
M064468,2
M016813,2
M031115,2
M046873,2
M042023,2
M077512,2
M010389,2
M060194,2
M072600,2
M047462,2
M062318,2
M100639,2
M097105,2
M084707,2
M070357,2
M076570,2
M048632,2
M078900,2
M087827,2
M083685,2
M072598,2
M074186,2
M045549,2
M050932,2
M088787,2
M085982,2
M067454,2
M014539,2
M001112,2
M021275,2
M078692,2
M046332,2
M063410,2
M100325,2
M063209,2
M090141,2
M073881,2
M056545,2
M047582,2
M097012,2
M052564,2
M058534,2
M096760,2
M012655,2
M070949,2
M084828,2
M055591,2
M057020,2
M098433,2
M051974,2
M064034,2
M068853,2
M053744,2
M085369,2
M077365,2
M044521,2
M040070,2
M061341,2
M039409,2
M070041,2
M100899,2
M039030,2
M039873,2
M023703,2
M045157,2
M047603,2
M055910,2
M014930,2
M049304,2
M078767,2
M008858,2
M019581,2
M079896,2
M069661,2
M058107,2
M050257,2
M040703,2
M059127,2
M085993,2
M072266,2
M047393,2
M055505,2
M015593,2
M073531,2
M097449,2
M094863,2
M070504,2
M071173,2
M043852,2
M083464,2
M066025,2
M082858,2
M085517,2
M089885,2
M075458,2
M080263,2
M084688,2
M006778,2
M069971,2
M068258,2
M041355,2
M093913,2
M097957,2
M068567,2
M053139,2
M099212,2
M086493,2
M086305,2
M045809,2
M066160,2
M050039,2
M071205,2
M085114,2
M077652,2
M081555,2
M058277,2
M039868,2
M049455,2
M093032,2
M088440,2
M051576,2
M034973,2
M029943,2
M084615,2
M096262,2
M071095,2
M082259,2
M099761,2
M077546,2
M087225,2
M014491,2
M060470,2
M100384,2
M047661,2
M036276,2
M082389,2
M098120,2
M093060,2
M080305,2
M059005,2
M087778,2
M075426,2
M094391,2
M084056,2
M039087,2
M087638,2
M042183,2
M083130,2
M084628,2
M074989,2
M068595,2
M046488,2
M064573,2
M067031,2
M073203,2
M007747,2
M091553,2
M075503,2
M059815,2
M038691,2
M064787,2
M069084,2
M057560,2
M032163,2
M066227,2
M092036,2
M045333,2
M068629,2
M092728,2
M075557,2
M061102,2
M046662,2
M090300,2
M099595,2
M066749,2
M050906,2
M057683,2
M100388,2
M088401,2
M065011,2
M064311,2
M097093,2
M078894,2
M094875,2
M053762,2
M059517,2
M073070,2
M077569,2
M087495,2
M071728,2
M076900,2
M058871,2
M100819,2
M032401,2
M074390,2
M087871,2
M059396,2
M071882,2
M004355,2
M080021,2
M058530,2
M033899,2
M059355,2
M074918,2
M078689,2
M011494,2
M089391,2
M090270,2
M090679,2
M054105,2
M061820,2
M046375,2
M047612,2
M068462,2
M048128,2
M076829,2
M041374,2
M076984,2
M071325,2
M066290,2
M075629,2
M055375,2
M088457,2
M059649,2
M060500,2
M041732,2
M057246,2
M067691,2
M079592,2
M055596,2
M054525,2
M059743,2
M079985,2
M049243,2
M058581,2
M049002,2
M089752,2
M042909,2
M041513,2
M083726,2
M069534,2
M071623,2
M056166,2
M055432,2
M054020,2
M054507,2
M050260,2
M076750,2
M034776,2
M057494,2
M073049,2
M055959,2
M073857,2
M053971,2
M096095,2
M007782,2
M045789,2
M058389,2
M059951,2
M075451,2
M064042,2
M060267,2
M059399,2
M050613,2
M053387,2
M033322,2
M070517,2
M083321,2
M074412,2
M047821,2
M061267,2
M077596,2
M074759,2
M058392,2
M052531,2
M054471,2
M072075,2
M026830,2
M075845,2
M064894,2
M070992,2
M060341,2
M053349,2
M033756,2
M095845,2
M048776,2
M034009,2
M009651,2
M062138,2
M091879,2
M097394,2
M036433,2
M058038,2
M040062,2
M100554,2
M057605,2
M084607,2
M046320,2
M083720,2
M087978,2
M020513,2
M042819,2
M077241,2
M071092,2
M066165,2
M088658,2
M072992,2
M066677,2
M071029,2
M086871,2
M038904,2
M075992,2
M073562,2
M005946,2
M055915,2
M089933,2
M070600,2
M042015,2
M059691,2
M098462,2
M031236,2
M051596,2
M048031,2
M056755,2
M051881,2
M082910,2
M061241,2
M012625,2
M037072,2
M055793,2
M069401,2
M088213,2
M064852,2
M056889,2
M052335,2
M061040,2
M051726,2
M046290,2
M080597,2
M055383,2
M031973,2
M080505,2
M085032,2
M062975,2
M074401,2
M054831,2
M091483,2
M041703,2
M097915,2
M057699,2
M075972,2
M023475,2
M087668,2
M044793,2
M042319,2
M076620,2
M041226,2
M079480,2
M070822,2
M034864,2
M037876,2
M068938,2
M089768,2
M077228,2
M084379,2
M003751,2
M023411,2
M082486,2
M072695,2
M084155,2
M063701,2
M020781,2
M042167,2
M049162,2
M068944,2
M063779,2
M075377,2
M090851,2
M071294,2
M040956,2
M054310,2
M066697,2
M091188,2
M043909,2
M089898,2
M015457,2
M031372,2
M074070,2
M081450,2
M042280,2
M036179,2
M094379,2
M066428,2
M067881,2
M053872,2
M101347,2
M082177,2
M072340,2
M096890,2
M101321,2
M083253,2
M051273,2
M048635,2
M046619,2
M066355,2
M101175,2
M029915,2
M050423,2
M087835,2
M012334,2
M045534,2
M083604,2
M097408,2
M081640,2
M054536,2
M046818,2
M053362,2
M097495,2
M098441,2
M070155,2
M053806,2
M022398,2
M067981,2
M091052,2
M083388,2
M079543,2
M036097,2
M026285,2
M058594,2
M067843,2
M082288,2
M073909,2
M064739,2
M085463,2
M077109,2
M043486,2
M057217,2
M098730,2
M063704,2
M101669,2
M046622,2
M044374,2
M070589,2
M013704,2
M025086,2
M021693,2
M056185,2
M052157,2
M085745,2
M084136,2
M090038,2
M037040,2
M076831,2
M072137,2
M096543,2
M091007,2
M059354,2
M079522,2
M034670,2
M073213,2
M081993,2
M048780,2
M051205,2
M092162,2
M062010,2
M050988,2
M039403,2
M046397,2
M088939,2
M053709,2
M062035,2
M036159,2
M081291,2
M050383,2
M072486,2
M045914,2
M044011,2
M072824,2
M093955,2
M048179,2
M052999,2
M058619,2
M035261,2
M045965,2
M026269,2
M079935,2
M059708,2
M086773,2
M066692,2
M041071,2
M057690,2
M055034,2
M041811,2
M047958,2
M016989,2
M099167,2
M075157,2
M086671,2
M029697,2
M013862,2
M049135,2
M072720,2
M083258,2
M042754,2
M084236,2
M016216,2
M050552,2
M084655,2
M061107,2
M059388,2
M051283,2
M076281,2
M035187,2
M100116,2
M095065,2
M067833,2
M068736,2
M051560,2
M063638,2
M058080,2
M079621,2
M051214,2
M054432,2
M081473,2
M083773,2
M033439,2
M014318,2
M034847,2
M000517,2
M036487,2
M016498,2
M070610,2
M055478,2
M070232,2
M052002,2
M033607,2
M045657,2
M093620,2
M083018,2
M094294,2
M092984,2
M060668,2
M051272,2
M037000,2
M056363,2
M059955,2
M001327,2
M101654,2
M077145,2
M098150,2
M080674,2
M085408,2
M098689,2
M045780,2
M069512,2
M020878,2
M085479,2
M014677,2
M077298,2
M065545,2
M049636,2
M083235,2
M093662,2
M054481,2
M061073,2
M069107,2
M064685,2
M048411,2
M087492,2
M089226,2
M081040,2
M018004,2
M101253,2
M052855,2
M008567,2
M009837,2
M013647,2
M093048,2
M060073,2
M087421,2
M047191,2
M095111,2
M093473,2
M007175,2
M055606,2
M063663,2
M011612,2
M023562,2
M079464,2
M095588,2
M082284,2
M047300,2
M078382,2
M051537,2
M035321,2
M022135,2
M078167,2
M063321,2
M050719,2
M004210,2
M037142,2
M059724,2
M048508,2
M083243,2
M000595,2
M009874,2
M081907,2
M049737,2
M080081,2
M074249,2
M027997,2
M069338,2
M037673,2
M089491,2
M046100,2
M050329,2
M058203,2
M061521,2
M084397,2
M079671,2
M055241,2
M086115,2
M053639,2
M056653,2
M042931,2
M077612,2
M092805,2
M048540,2
M049909,2
M066063,2
M050453,2
M071644,2
M052149,2
M018995,2
M067096,2
M037468,2
M056562,2
M089103,2
M054837,2
M093461,2
M097044,2
M057021,2
M061121,2
M035093,2
M022786,2
M088068,2
M099744,2
M079933,2
M054443,2
M057295,2
M049912,2
M069101,2
M056479,2
M055434,2
M040623,2
M047342,2
M016515,2
M028226,2
M064083,2
M095407,2
M020368,2
M077470,2
M070476,2
M028115,2
M013501,2
M078977,2
M052475,2
M081531,2
M042173,2
M050026,2
M065025,2
M063227,2
M045693,2
M089576,2
M082978,2
M060378,2
M051912,2
M075011,2
M058490,2
M085693,2
M061663,2
M042353,2
M066647,2
M090183,2
M059832,2
M019661,2
M093132,2
M092244,2
M094350,2
M011954,2
M078458,2
M071083,2
M091222,2
M086079,2
M090079,2
M098892,2
M083633,2
M050759,2
M067305,2
M030263,2
M072867,2
M052507,2
M052935,2
M056389,2
M057482,2
M055473,2
M097358,2
M008239,2
M000755,2
M077399,2
M079783,2
M051728,2
M058727,2
M083780,2
M092394,2
M069935,2
M046393,2
M062793,2
M048686,2
M065323,2
M061227,2
M095376,2
M097325,2
M052103,2
M093158,2
M010881,2
M061454,2
M080346,2
M046093,2
M041981,2
M100216,2
M101570,2
M039016,2
M097312,2
M047384,2
M053927,2
M086320,2
M059386,2
M021121,2
M048004,2
M011920,2
M078137,2
M068507,2
M040217,2
M094879,2
M088008,2
M002094,2
M043185,2
M069419,2
M075021,2
M018072,2
M092171,2
M037940,2
M036540,2
M079519,2
M100650,2
M093419,2
M081500,2
M089505,2
M024148,2
M070447,2
M065186,2
M038678,2
M037305,2
M064490,2
M096132,2
M055538,2
M091328,2
M006331,2
M066665,2
M089753,2
M061855,2
M064231,2
M080723,2
M045056,2
M055427,2
M047199,2
M079153,2
M076143,2
M015400,2
M014014,2
M005362,2
M087855,2
M037197,2
M080329,2
M099812,2
M004533,2
M097640,2
M086797,2
M043387,2
M077940,2
M067922,2
M071275,2
M033950,2
M085683,2
M054185,2
M066393,2
M081701,2
M053105,2
M007418,2
M095884,2
M075579,2
M063279,2
M047403,2
M065578,2
M046302,2
M061250,2
M042802,2
M088770,2
M068783,2
M045928,2
M076781,2
M044265,2
M052276,2
M084382,2
M045767,2
M053747,2
M081011,2
M087819,2
M039242,2
M078808,2
M080019,2
M052043,2
M074353,2
M010334,2
M101342,2
M082070,2
M062303,2
M067250,2
M074446,2
M051171,2
M093789,2
M063494,2
M092663,2
M039495,2
M052246,2
M094145,2
M059646,2
M076109,2
M075702,2
M078383,2
M068317,2
M067511,2
M078134,2
M070674,2
M097314,2
M070778,2
M050368,2
M074963,2
M010525,2
M098869,2
M085596,2
M095688,2
M042891,2
M031677,2
M038833,2
M033558,2
M026032,2
M007220,2
M032433,2
M034319,2
M081638,2
M097704,2
M100534,2
M070538,2
M077581,2
M083809,2
M042800,2
M045313,2
M057023,2
M060689,2
M088701,2
M041067,2
M062809,2
M066081,2
M069248,2
M062941,2
M096453,2
M009540,2
M069088,2
M082305,2
M070311,2
M068565,2
M044473,2
M068392,2
M061746,2
M079130,2
M080590,2
M084578,2
M052811,2
M009836,2
M084711,2
M090699,2
M055663,2
M019791,2
M023923,2
M079039,2
M059395,2
M020669,2
M086503,2
M088345,2
M081284,2
M057579,2
M040516,2
M068165,2
M074565,2
M070852,2
M040141,2
M072471,2
M052054,2
M067790,2
M089329,2
M062225,2
M004317,2
M068609,2
M088221,2
M083629,2
M057859,2
M099170,2
M100735,2
M014655,2
M062183,2
M076079,2
M041835,2
M056837,2
M066036,2
M017853,2
M047794,2
M076822,2
M062491,2
M073453,2
M054895,2
M011197,2
M061907,2
M059663,2
M048192,2
M099849,2
M088960,2
M071455,2
M069812,2
M086560,2
M089184,2
M050061,2
M035875,2
M062960,2
M064267,2
M080009,2
M032604,2
M094013,2
M022567,2
M088900,2
M083786,2
M054353,2
M064519,2
M048984,2
M078844,2
M017290,2
M045964,2
M069933,2
M051325,2
M047471,2
M068877,2
M058273,2
M049968,2
M085980,2
M036847,2
M022986,2
M074386,2
M067816,2
M074671,2
M082667,2
M081104,2
M024760,2
M073519,2
M058524,2
M081758,2
M049523,2
M023079,2
M055587,2
M089522,2
M100508,2
M069566,2
M048510,2
M075155,2
M003748,2
M097817,2
M053871,2
M057203,2
M064443,2
M060289,2
M066593,2
M047796,2
M094637,2
M006737,2
M001018,2
M072958,2
M007806,2
M042828,2
M071342,2
M047666,2
M015626,2
M095964,2
M019289,2
M059739,2
M072267,2
M077484,2
M058698,2
M042692,2
M029754,2
M028532,2
M040305,2
M095720,2
M057728,2
M003617,2
M070030,2
M006272,2
M092146,2
M057387,2
M087236,2
M093819,2
M092873,2
M037736,2
M012901,2
M056455,2
M096332,2
M059161,2
M064592,2
M078687,2
M065194,2
M090934,2
M098185,2
M024927,2
M086096,2
M080544,2
M049156,2
M066420,2
M094075,2
M090987,2
M082970,2
M068530,2
M011109,2
M083913,2
M070708,2
M010550,2
M027375,2
M050892,2
M083390,2
M088399,2
M058181,2
M068336,2
M093887,2
M020107,2
M065767,2
M049647,2
M055016,2
M050567,2
M050998,2
M092741,2
M088591,2
M089373,2
M083874,2
M087841,2
M094556,2
M007467,2
M094893,2
M090993,2
M053672,2
M052682,2
M047546,2
M048253,2
M052883,2
M085338,2
M056822,2
M089109,2
M078178,2
M082608,2
M012090,2
M067336,2
M064327,2
M052113,2
M100164,2
M054322,2
M031627,2
M013776,2
M047955,2
M062806,2
M047304,2
M083894,2
M055968,2
M086665,2
M053170,2
M094184,2
M100632,2
M092640,2
M056321,2
M064970,2
M073775,2
M071925,2
M071048,2
M073165,2
M043472,2
M040593,2
M059489,2
M080101,2
M099834,2
M042700,2
M064887,2
M054364,2
M075523,2
M083170,2
M098138,2
M094348,2
M068274,2
M090548,2
M072619,2
M064776,2
M094639,2
M074075,2
M081333,2
M066748,2
M086005,2
M069399,2
M093265,2
M064114,2
M089149,2
M068836,2
M037425,2
M074354,2
M007331,2
M074562,2
M062726,2
M078675,2
M022707,2
M036607,2
M034356,2
M048725,2
M085272,2
M055866,2
M081481,2
M095998,2
M070839,2
M059993,2
M053965,2
M054592,2
M051434,2
M069619,2
M053828,2
M019967,2
M092120,2
M064350,2
M005431,2
M064708,2
M097568,2
M041407,2
M059258,2
M050794,2
M080541,2
M076151,2
M096270,2
M072628,2
M067478,2
M040645,2
M022681,2
M019741,2
M065297,2
M091756,2
M061260,2
M082723,2
M072277,2
M090362,2
M020337,2
M022566,2
M096810,2
M087992,2
M098591,2
M012110,2
M062701,2
M040447,2
M048809,2
M077088,2
M073473,2
M077544,2
M082534,2
M053181,2
M100843,2
M069597,2
M076818,2
M079136,2
M030146,2
M079724,2
M050873,2
M023263,2
M007068,2
M047901,2
M085399,2
M091895,2
M097841,2
M015257,2
M021561,2
M037496,2
M054727,2
M070872,2
M084013,2
M084955,2
M100345,2
M074589,2
M084765,2
M038970,2
M088978,2
M095661,2
M042372,2
M057460,2
M053966,2
M077239,2
M052000,2
M024165,2
M099187,2
M089512,2
M052161,2
M029808,2
M052085,2
M040852,2
M052998,2
M073494,2
M024169,2
M051125,2
M096083,2
M085181,2
M058867,2
M021038,2
M057787,2
M089047,2
M085619,2
M072324,2
M052904,2
M066191,2
M056764,2
M058944,2
M095569,2
M007306,2
M058170,2
M079888,2
M018683,2
M092155,2
M072448,2
M069951,2
M095612,2
M092846,2
M078477,2
M038739,2
M077059,2
M013912,2
M068599,2
M096894,2
M095068,2
M097162,2
M071872,2
M048392,2
M063131,2
M082386,2
M089848,2
M096108,2
M020076,2
M047956,2
M083259,2
M062980,2
M077810,2
M046383,2
M064664,2
M066919,2
M066898,2
M075547,2
M058334,2
M059187,2
M088725,2
M068475,2
M070660,2
M083431,2
M082169,2
M045622,2
M081124,2
M083537,2
M074745,2
M083542,2
M032310,2
M064920,2
M053263,2
M044449,2
M077014,2
M051671,2
M035352,2
M083351,2
M057252,2
M049736,2
M091841,2
M066386,2
M094431,2
M081631,2
M072599,2
M006973,2
M073485,2
M093738,2
M092456,2
M067257,2
M057176,2
M055042,2
M036662,2
M078709,2
M067343,2
M068016,2
M076816,2
M061667,2
M091224,2
M027464,2
M075674,2
M061041,2
M049649,2
M056603,2
M073328,2
M090763,2
M063165,2
M080574,2
M072228,2
M074091,2
M096914,2
M000001,2
M099648,2
M024146,2
M097479,2
M081453,2
M077724,2
M049681,2
M011907,2
M044342,2
M023442,2
M091295,2
M024196,2
M058620,2
M078923,2
M006083,2
M054479,2
M045587,2
M070894,2
M018674,2
M077211,2
M078242,2
M082374,2
M073305,2
M044626,2
M038862,2
M072614,2
M041265,2
M068075,2
M040689,2
M084632,2
M055288,2
M090096,2
M087494,2
M074991,2
M014312,2
M069483,2
M084882,2
M091006,2
M048104,2
M067385,2
M080550,2
M093280,2
M041363,2
M067955,2
M064941,2
M035683,2
M068287,2
M065049,2
M062320,2
M010735,2
M049716,2
M006139,2
M033513,2
M033241,2
M066114,2
M013896,2
M043049,2
M054005,2
M084277,2
M060596,2
M071916,2
M055278,2
M083159,2
M035198,2
M082075,2
M077491,2
M064348,2
M095375,2
M084224,2
M083652,2
M077300,2
M080139,2
M097746,2
M098233,2
M085464,2
M058117,2
M010214,2
M092450,2
M082894,2
M020522,2
M027191,2
M061042,2
M033790,2
M046933,2
M070298,2
M033814,2
M080232,2
M021556,2
M089671,2
M079855,2
M085037,2
M074577,2
M082545,2
M090019,2
M078554,2
M044104,2
M075792,2
M084020,2
M084606,2
M021084,2
M068017,2
M049435,2
M086981,2
M096660,2
M091817,2
M069801,2
M085841,2
M032769,2
M074965,2
M041119,2
M001398,2
M090035,2
M088202,2
M056253,2
M095865,2
M038396,2
M082325,2
M041793,2
M061678,2
M055035,2
M081239,2
M086847,2
M051371,2
M046392,2
M063137,2
M090777,2
M054230,2
M092859,2
M047178,2
M025992,2
M076505,2
M043197,2
M073653,2
M101545,2
M047698,2
M096497,2
M097736,2
M044886,2
M052260,2
M064819,2
M089655,2
M060308,2
M014113,2
M087943,2
M082954,2
M101368,2
M045237,2
M063103,2
M052458,2
M001300,2
M063852,2
M065524,2
M081336,2
M042908,2
M097991,2
M056188,2
M093543,2
M097597,2
M077467,2
M069636,2
M062066,2
M014107,2
M075486,2
M059559,2
M071166,2
M049163,2
M096056,2
M057601,2
M073000,2
M087387,2
M099770,2
M089398,2
M018088,2
M091399,2
M079840,2
M049605,2
M099126,2
M089115,2
M088983,2
M093747,2
M082642,2
M058302,2
M086406,2
M068914,2
M035144,2
M010982,2
M066135,2
M072910,2
M069714,2
M069346,2
M002182,2
M045316,2
M093825,2
M017014,2
M063976,2
M015684,2
M068431,2
M081799,2
M067571,2
M075844,2
M095190,2
M099945,2
M081741,2
M094592,2
M068764,2
M056063,2
M089433,2
M068423,2
M087532,2
M092430,2
M034114,2
M060735,2
M051951,2
M077419,2
M101749,2
M087289,2
M064891,2
M074516,2
M054545,2
M038036,2
M086656,2
M037366,2
M064455,2
M052982,2
M085729,2
M084659,2
M059682,2
M067047,2
M052302,2
M053558,2
M054327,2
M037845,2
M064230,2
M059837,2
M038925,2
M039699,2
M070898,2
M084550,2
M058002,2
M049378,2
M040377,2
M077830,2
M067428,2
M079751,2
M043125,2
M058345,2
M072001,2
M070161,2
M050226,2
M079467,2
M053030,2
M082188,2
M095892,2
M079121,2
M034580,2
M073581,2
M083029,2
M014153,2
M063112,2
M045337,2
M015551,2
M067669,2
M096971,2
M099107,2
M061793,2
M076813,2
M079977,2
M071933,2
M068217,2
M054186,2
M085388,2
M084883,2
M072778,2
M090484,2
M091987,2
M100720,2
M038467,2
M082520,2
M087102,2
M074418,2
M071708,2
M008173,2
M095643,2
M038735,2
M032463,2
M062594,2
M065097,2
M090377,2
M022472,2
M077703,2
M084815,2
M076793,2
M015104,2
M038315,2
M097976,2
M068210,2
M043647,2
M079194,2
M089439,2
M093567,2
M055347,2
M017289,2
M052386,2
M092870,2
M087447,2
M077656,2
M087258,2
M093800,2
M070460,2
M069017,2
M067312,2
M076605,2
M061219,2
M061910,2
M086024,2
M081731,2
M055222,2
M101381,2
M085443,2
M017765,2
M049699,2
M080343,2
M054056,2
M084731,2
M005660,2
M065112,2
M088301,2
M083125,2
M078355,2
M080434,2
M070592,2
M026468,2
M070334,2
M086198,2
M088758,2
M046368,2
M057178,2
M089888,2
M076676,2
M017755,2
M094205,2
M081003,2
M017645,2
M091918,2
M005026,2
M066972,2
M015967,2
M006849,2
M089497,2
M101366,2
M045175,2
M080810,2
M089074,2
M042333,2
M047139,2
M081789,2
M051906,2
M069853,2
M073550,2
M040734,2
M093712,2
M073801,2
M057453,2
M060300,2
M094421,2
M039237,2
M054013,2
M005107,2
M094583,2
M099402,2
M094812,2
M076599,2
M070970,2
M061727,2
M094874,2
M064938,2
M071280,2
M090036,2
M054645,2
M092683,2
M046341,2
M090289,2
M091088,2
M008913,2
M039702,2
M074569,2
M012357,2
M063677,2
M048045,2
M063602,2
M040409,2
M009702,2
M072853,2
M085430,2
M084712,2
M049207,2
M005742,2
M014110,2
M076671,2
M049577,2
M060569,2
M055965,2
M069161,2
M088288,2
M078280,2
M026108,2
M061295,2
M085165,2
M049884,2
M093238,2
M096096,2
M084328,2
M051873,2
M062022,2
M089876,2
M001245,2
M006541,2
M023624,2
M013036,2
M087749,2
M073974,2
M076430,2
M100117,2
M076290,2
M078777,2
M007811,2
M092670,2
M055963,2
M059475,2
M079987,2
M066770,2
M090399,2
M074731,2
M092380,2
M081716,2
M084855,2
M094446,2
M088089,2
M088880,2
M069302,2
M029708,2
M026437,2
M098507,2
M053192,2
M088819,2
M041146,2
M076943,2
M074806,2
M078266,2
M052299,2
M039049,2
M088533,2
M066703,2
M076059,2
M083823,2
M067388,2
M093876,2
M089295,2
M014845,2
M001303,2
M049511,2
M067771,2
M011471,2
M080622,2
M067999,2
M011256,2
M094688,2
M074337,2
M071223,2
M038010,2
M065511,2
M065415,2
M060893,2
M004827,2
M083557,2
M055254,2
M088265,2
M078371,2
M077795,2
M073877,2
M007173,2
M018102,2
M061292,2
M049936,2
M086607,2
M069441,2
M074350,2
M076857,2
M060175,2
M065279,2
M061403,2
M077362,2
M041631,2
M074835,2
M048586,2
M075520,2
M099934,2
M067556,2
M055873,2
M051192,2
M055458,2
M070261,2
M069946,2
M058882,2
M088745,2
M052709,2
M033460,2
M069565,2
M062966,2
M085066,2
M094522,2
M097227,2
M044572,2
M037621,2
M093281,2
M009608,2
M047062,2
M082437,2
M084225,2
M081449,2
M045530,2
M072334,2
M051635,2
M089903,2
M062730,2
M008106,2
M063643,2
M051722,2
M052449,2
M038130,2
M044586,2
M090490,2
M077722,2
M068247,2
M096123,2
M082853,2
M100261,2
M101103,2
M043900,2
M038252,2
M010357,2
M064523,2
M095297,2
M037226,2
M070497,2
M063772,2
M047888,2
M006629,2
M076997,2
M055173,2
M063261,2
M075819,2
M093086,2
M079542,2
M047412,2
M090476,2
M077137,2
M014793,2
M009359,2
M070977,2
M051305,2
M077797,2
M066979,2
M060584,2
M066999,2
M054518,2
M074001,2
M083221,2
M065917,2
M068369,2
M057002,2
M070601,2
M080198,2
M087564,2
M067591,2
M081774,2
M064491,2
M096860,2
M100919,2
M053479,2
M037708,2
M090025,2
M073232,2
M068394,2
M071622,2
M080642,2
M092427,2
M090854,2
M096969,2
M050735,2
M090190,2
M067270,2
M054800,2
M038073,2
M101105,2
M043184,2
M077367,2
M071150,2
M087443,2
M090398,2
M057762,2
M045474,2
M095689,2
M012518,2
M058568,2
M085008,2
M047709,2
M099444,2
M071773,2
M053402,2
M087874,2
M044008,2
M061835,2
M101436,2
M066173,2
M022531,2
M089545,2
M084747,2
M088086,2
M073894,2
M079841,2
M053999,2
M097919,2
M061624,2
M067476,2
M079181,2
M067080,2
M049594,2
M022885,2
M078080,2
M039333,2
M056612,2
M056623,2
M020925,2
M002084,2
M069070,2
M038173,2
M090491,2
M090982,2
M079199,2
M047841,2
M048794,2
M081388,2
M082124,2
M023729,2
M056152,2
M096057,2
M046422,2
M021747,2
M048641,2
M081277,2
M060553,2
M021949,2
M028438,2
M084018,2
M097240,2
M080846,2
M084341,2
M090573,2
M096099,2
M084817,2
M095895,2
M082207,2
M070593,2
M048511,2
M023553,2
M066270,2
M050572,2
M009023,2
M080150,2
M067263,2
M089197,2
M093043,2
M031755,2
M037427,2
M034280,2
M092585,2
M041943,2
M038603,2
M054941,2
M029473,2
M093104,2
M080812,2
M053021,2
M086267,2
M054173,2
M086542,2
M067493,2
M068411,2
M092660,2
M097897,2
M062703,2
M087683,2
M090601,2
M085465,2
M072896,2
M073321,2
M064320,2
M070096,2
M096028,2
M072119,2
M018021,2
M051865,2
M047703,2
M017934,2
M081482,2
M066183,2
M066906,2
M055769,2
M065833,2
M060973,2
M060899,2
M082276,2
M099741,2
M057498,2
M083701,2
M076901,2
M061972,2
M074355,2
M064389,2
M040509,2
M004903,2
M089204,2
M014505,2
M065933,2
M086863,2
M039221,2
M052916,2
M071754,2
M007449,2
M026271,2
M063635,2
M049491,2
M041375,2
M065832,2
M080170,2
M080787,2
M060709,2
M063087,2
M095284,2
M071863,2
M056261,2
M057649,2
M091092,2
M062575,2
M082418,2
M044394,2
M081201,2
M047863,2
M070645,2
M077375,2
M064107,2
M008940,2
M057306,2
M009789,2
M094909,2
M080313,2
M069114,2
M066808,2
M059413,2
M049976,2
M098055,2
M066098,2
M074258,2
M081545,2
M016112,2
M065939,2
M013417,2
M070200,2
M081451,2
M070648,2
M064511,2
M019425,2
M074887,2
M050687,2
M051379,2
M082229,2
M062052,2
M026665,2
M070107,2
M051573,2
M059356,2
M070797,2
M078743,2
M079444,2
M028930,2
M077550,2
M097843,2
M100402,2
M093219,2
M014891,2
M078842,2
M083204,2
M077643,2
M085585,2
M041200,2
M093500,2
M090366,2
M054209,2
M100616,2
M048765,2
M071668,2
M058769,2
M019827,2
M079448,2
M054957,2
M078670,2
M060555,2
M100038,2
M011617,2
M064653,2
M086269,2
M017883,2
M073679,2
M098972,2
M098477,2
M074236,2
M036911,2
M083104,2
M090329,2
M084960,2
M073985,2
M099545,2
M098490,2
M056607,2
M079292,2
M023029,2
M077620,2
M048108,2
M087324,2
M051638,2
M056922,2
M013274,2
M083830,2
M062216,2
M061433,2
M095218,2
M083656,2
M059782,2
M099038,2
M064133,2
M003079,2
M062489,2
M053205,2
M096973,2
M046994,2
M075261,2
M013605,2
M019139,2
M061007,2
M074791,2
M071871,2
M066358,2
M098710,2
M070365,2
M092513,2
M080007,2
M096530,2
M066946,2
M045413,2
M068626,2
M094813,2
M053910,2
M067540,2
M069642,2
M085871,2
M065338,2
M021883,2
M053398,2
M079685,2
M098592,2
M040790,2
M082176,2
M080366,2
M018620,2
M091228,2
M090939,2
M085697,2
M012505,2
M095908,2
M004821,2
M071356,2
M078440,2
M055379,2
M062922,2
M031742,2
M068447,2
M053929,2
M059404,2
M064798,2
M086368,2
M076851,2
M040313,2
M057947,2
M093696,2
M011498,2
M061257,2
M070751,2
M076590,2
M041105,2
M099686,2
M056858,2
M084947,2
M070911,2
M096758,2
M047244,2
M021591,2
M090276,2
M067491,2
M037875,2
M057745,2
M035252,2
M092297,2
M075501,2
M097992,2
M051943,2
M069408,2
M055251,2
M077051,2
M070215,2
M076728,2
M041012,2
M057268,2
M041987,2
M101763,2
M078962,2
M045440,2
M052354,2
M048272,2
M075074,2
M049645,2
M090638,2
M040923,2
M074180,2
M006882,2
M081427,2
M061132,2
M052295,2
M037137,2
M078633,2
M082343,2
M033944,2
M070117,2
M039386,2
M019652,2
M061693,2
M071749,2
M081184,2
M067202,2
M080930,2
M062725,2
M089010,2
M070781,2
M091210,2
M085603,2
M020516,2
M018191,2
M083192,2
M050642,2
M051259,2
M075091,2
M041778,2
M094128,2
M045875,2
M089211,2
M046466,2
M081826,2
M020868,2
M065462,2
M022453,2
M097527,2
M045877,2
M070794,2
M066528,2
M073262,2
M059259,2
M022215,2
M074750,2
M082081,2
M018559,2
M100154,2
M066519,2
M063981,2
M079138,2
M008214,2
M083312,2
M042216,2
M080824,2
M030141,2
M073218,2
M082777,2
M091004,2
M089101,2
M076024,2
M092812,2
M100653,2
M089950,2
M082759,2
M058605,2
M086318,2
M048225,2
M066431,2
M042418,2
M006875,2
M050062,2
M056350,2
M089085,2
M051051,2
M091719,2
M078121,2
M087585,2
M071428,2
M051200,2
M056512,2
M068149,2
M101097,2
M099367,2
M073654,2
M032589,2
M078160,2
M055094,2
M037830,2
M046465,2
M079445,2
M074407,2
M089533,2
M061928,2
M076309,2
M066213,2
M086932,2
M026212,2
M075554,2
M056910,2
M058670,2
M099223,2
M062396,2
M071549,2
M050444,2
M051233,2
M090469,2
M030728,2
M063230,2
M088968,2
M052451,2
M011275,2
M086202,2
M069076,2
M078862,2
M092811,2
M099571,2
M089449,2
M092769,2
M078386,2
M042769,2
M052592,2
M091983,2
M068042,2
M049620,2
M017346,2
M086343,2
M076207,2
M005746,2
M101459,2
M097886,2
M049219,2
M084935,2
M047165,2
M097831,2
M057370,2
M023420,2
M096592,2
M001363,2
M085825,2
M092858,2
M023156,2
M098706,2
M063147,2
M040311,2
M074771,2
M072708,2
M101548,2
M083747,2
M098704,2
M054728,2
M079125,2
M037883,2
M064016,2
M083591,2
M087542,2
M101152,2
M101153,2
M042133,2
M038307,2
M059168,2
M100356,2
M069203,2
M068446,2
M067104,2
M064946,2
M077337,2
M086548,2
M082045,2
M088647,2
M017471,2
M047117,2
M075983,2
M079388,2
M041660,2
M072672,2
M035928,2
M070625,2
M060012,2
M046520,2
M067267,2
M073699,2
M023870,2
M081379,2
M089675,2
M083443,2
M069641,2
M096916,2
M026546,2
M008459,2
M003254,2
M088550,2
M062883,2
M040972,2
M085885,2
M004333,2
M079022,2
M084553,2
M087189,2
M079473,2
M086822,2
M066044,2
M101319,2
M083723,2
M009543,2
M068818,2
M058913,2
M096320,2
M066449,2
M057516,2
M067689,2
M047142,2
M070381,2
M054981,2
M085901,2
M081498,2
M099516,2
M098199,2
M074463,2
M073075,2
M010033,2
M048577,2
M098920,2
M085913,2
M075847,2
M094200,2
M065717,2
M037342,2
M079574,2
M093584,2
M003994,2
M024149,2
M100575,2
M074712,2
M048377,2
M094423,2
M092214,2
M095121,2
M071182,2
M094105,2
M071178,2
M084798,2
M076529,2
M079487,2
M084348,2
M089570,2
M056324,2
M075744,2
M017012,2
M101086,2
M094442,2
M056676,2
M069745,2
M055207,2
M090967,2
M053573,2
M074767,2
M090375,2
M069949,2
M047222,2
M034293,2
M046907,2
M085305,2
M078042,2
M047578,2
M021879,2
M059277,2
M066283,2
M084447,2
M066049,2
M074734,2
M066251,2
M096508,2
M047238,2
M060041,2
M077013,2
M044173,2
M070297,2
M096578,2
M048165,2
M012261,2
M017929,2
M058810,2
M088233,2
M065373,2
M078012,2
M067234,2
M075799,2
M077626,2
M084104,2
M085927,2
M030021,2
M064665,2
M069753,2
M023570,2
M069462,2
M058369,2
M079223,2
M053463,2
M098803,2
M077997,2
M069925,2
M011572,2
M061752,2
M067616,2
M061971,2
M079066,2
M097498,2
M069543,2
M072074,2
M089207,2
M062952,2
M083191,2
M075548,2
M054371,2
M042917,2
M059222,2
M052579,2
M064830,2
M101417,2
M090705,2
M005373,2
M068816,2
M083740,2
M050793,2
M056965,2
M065184,2
M083430,2
M100104,2
M086077,2
M080940,2
M051390,2
M084728,2
M040159,2
M066138,2
M061323,2
M069905,2
M096111,2
M082835,2
M083664,2
M066783,2
M065894,2
M086439,2
M078990,2
M088593,2
M071283,2
M041439,2
M097702,2
M063329,2
M069831,2
M072780,2
M053224,2
M090307,2
M085900,2
M079959,2
M065327,2
M072798,2
M094049,2
M065152,2
M071866,2
M098929,2
M011516,2
M007398,2
M075411,2
M022767,2
M077033,2
M067378,2
M077510,2
M057773,2
M022169,2
M063715,2
M097740,2
M077681,2
M055300,2
M082439,2
M037069,2
M084471,2
M072930,2
M088962,2
M098907,2
M068532,2
M092183,2
M059493,2
M015238,2
M073221,2
M036390,2
M072434,2
M067082,2
M047835,2
M101345,2
M070331,2
M070092,2
M097056,2
M097344,2
M053251,2
M050928,2
M076598,2
M098941,2
M097729,2
M082037,2
M040052,2
M064008,2
M058906,2
M076454,2
M053401,2
M076805,2
M053212,2
M100531,2
M094751,2
M078753,2
M085356,2
M071755,2
M097337,2
M015844,2
M070944,2
M058912,2
M086097,2
M060783,2
M045064,2
M005545,2
M065054,2
M070002,2
M048897,2
M039566,2
M079314,2
M038936,2
M073695,2
M097752,2
M081047,2
M079955,2
M060764,2
M048206,2
M066246,2
M010464,2
M096937,2
M071770,2
M092109,2
M094605,2
M083486,2
M051639,2
M057544,2
M086418,2
M059865,2
M054781,2
M058964,2
M095631,2
M031871,2
M001465,2
M076467,2
M081515,2
M090560,2
M089623,2
M098594,2
M056610,2
M065536,2
M061321,2
M047437,2
M082869,2
M068995,2
M043222,2
M084163,2
M069579,2
M078591,2
M091518,2
M057627,2
M048654,2
M090711,2
M049111,2
M086785,2
M095150,2
M092355,2
M076336,2
M074215,2
M027022,2
M081647,2
M081198,2
M011581,2
M013655,2
M076823,2
M070070,2
M089239,2
M072542,2
M092290,2
M089137,2
M006770,2
M079598,2
M026130,2
M035202,2
M096159,2
M022131,2
M053922,2
M099774,2
M096091,2
M051555,2
M092894,2
M055232,2
M046019,2
M053055,2
M021012,2
M039961,2
M085933,2
M085339,2
M013249,2
M058650,2
M065435,2
M066980,2
M081386,2
M044019,2
M080142,2
M083402,2
M074840,2
M074170,2
M047411,2
M073823,2
M071679,2
M085080,2
M032562,2
M093792,2
M085333,2
M080763,2
M100918,2
M088413,2
M056226,2
M045505,2
M048517,2
M080271,2
M101532,2
M098240,2
M083090,2
M027893,2
M096319,2
M069282,2
M072503,2
M082815,2
M058908,2
M021912,2
M057396,2
M053616,2
M097641,2
M084523,2
M072200,2
M082872,2
M056062,2
M068760,2
M042059,2
M087476,2
M090496,2
M043807,2
M099387,2
M059948,2
M060122,2
M085457,2
M055594,2
M081209,2
M057383,2
M090916,2
M092279,2
M086038,2
M055598,2
M041017,2
M064962,2
M088578,2
M075212,2
M076680,2
M039232,2
M021228,2
M100123,2
M070481,2
M087902,2
M049871,2
M077709,2
M082222,2
M074311,2
M081754,2
M089984,2
M043903,2
M053915,2
M101074,2
M089325,2
M083842,2
M040549,2
M096362,2
M064199,2
M016958,2
M017918,2
M097643,2
M042856,2
M100271,2
M081769,2
M100046,2
M069547,2
M091691,2
M057665,2
M088648,2
M072518,2
M006151,2
M055936,2
M050844,2
M057421,2
M069967,2
M088309,2
M057197,2
M078961,2
M082250,2
M077318,2
M016591,2
M088671,2
M084514,2
M074988,2
M060066,2
M069375,2
M083818,2
M095327,2
M099515,2
M041798,2
M064334,2
M094354,2
M077766,2
M088085,2
M047375,2
M097646,2
M050315,2
M046283,2
M095871,2
M052832,2
M086412,2
M061305,2
M070306,2
M017384,2
M007063,2
M033299,2
M065722,2
M069851,2
M040173,2
M019663,2
M044944,2
M055832,2
M000746,2
M084916,2
M084942,2
M071711,2
M070618,2
M089177,2
M058410,2
M080608,2
M031964,2
M013392,2
M011311,2
M077462,2
M097928,2
M055983,2
M017589,2
M023226,2
M027067,2
M097879,2
M014115,2
M099655,2
M090256,2
M013700,2
M048077,2
M086956,2
M039387,2
M060560,2
M014399,2
M092389,2
M062828,2
M097262,2
M069241,2
M067327,2
M055274,2
M045794,2
M072942,2
M081138,2
M024818,2
M101341,2
M100664,2
M094950,2
M081019,2
M060406,2
M027763,2
M057622,2
M064234,2
M083721,2
M080801,2
M004379,2
M077558,2
M099067,2
M072876,2
M095018,2
M071081,2
M092231,2
M081014,2
M041664,2
M058330,2
M090720,2
M097811,2
M092826,2
M057751,2
M077076,2
M096477,2
M088653,2
M101036,2
M061487,2
M057637,2
M078205,2
M032271,2
M048021,2
M083196,2
M078335,2
M062799,2
M100381,2
M071839,2
M075013,2
M024500,2
M057149,2
M081100,2
M058672,2
M066089,2
M041426,2
M050635,2
M025015,2
M085121,2
M082909,2
M053384,2
M074245,2
M067671,2
M037624,2
M066218,2
M051063,2
M083071,2
M084313,2
M025517,2
M051749,2
M070551,2
M073906,2
M065349,2
M043446,2
M101176,2
M066739,2
M087956,2
M095129,2
M087784,2
M086462,2
M082781,2
M095849,2
M066816,2
M051015,2
M075635,2
M092110,2
M017043,2
M067404,2
M100667,2
M077613,2
M089299,2
M045402,2
M085691,2
M094737,2
M016646,2
M067485,2
M055352,2
M076912,2
M086646,2
M066990,2
M037935,2
M021691,2
M026325,2
M076884,2
M096431,2
M086258,2
M090075,2
M063191,2
M085977,2
M017524,2
M095000,2
M029987,2
M043482,2
M087362,2
M087184,2
M017821,2
M049066,2
M093448,2
M081629,2
M069950,2
M033248,2
M058112,2
M098439,2
M082677,2
M080872,2
M023831,2
M013096,2
M018572,2
M073766,2
M093199,2
M057391,2
M087261,2
M090965,2
M073669,2
M072106,2
M094700,2
M044661,2
M089573,2
M007420,2
M096541,2
M061020,2
M089716,2
M098178,2
M053545,2
M015416,2
M084693,2
M093801,2
M099132,2
M078873,2
M075886,2
M082307,2
M090409,2
M064878,2
M100399,2
M088075,2
M079366,2
M088262,2
M076827,2
M004815,2
M084165,2
M000063,2
M096624,2
M054037,2
M090454,2
M070409,2
M063687,2
M085284,2
M041030,2
M081403,2
M082992,2
M069402,2
M096941,2
M071613,2
M084326,2
M050203,2
M100278,2
M096188,2
M085425,2
M096074,2
M083398,2
M005745,2
M038595,2
M062295,2
M055244,2
M068305,2
M065908,2
M003221,2
M080032,2
M069686,2
M091369,2
M052235,2
M067242,2
M086880,2
M042582,2
M086720,2
M095130,2
M074225,2
M040209,2
M004165,2
M031525,2
M085230,2
M097988,2
M084152,2
M004231,2
M070892,2
M014577,2
M096991,2
M046193,2
M091548,2
M075077,2
M092493,2
M057055,2
M090302,2
M071376,2
M100956,2
M062838,2
M089544,2
M097806,2
M063994,2
M077761,2
M084282,2
M099921,2
M089650,2
M068319,2
M089692,2
M089817,2
M061568,2
M041539,2
M099952,2
M083162,2
M094238,2
M101695,2
M074491,2
M077027,2
M018743,2
M068363,2
M098155,2
M099057,2
M066773,2
M072941,2
M071033,2
M096572,2
M019512,2
M083479,2
M039417,2
M089759,2
M085657,2
M059509,2
M100551,2
M031000,2
M097481,2
M031392,2
M068486,2
M072927,2
M084899,2
M094143,2
M051494,2
M082922,2
M068748,2
M068570,2
M060972,2
M084742,2
M009066,2
M080736,2
M083060,2
M036970,2
M045686,2
M072040,2
M089534,2
M031635,2
M089128,2
M092768,2
M096923,2
M078306,2
M051407,2
M068972,2
M083356,2
M077765,2
M045574,2
M094710,2
M045831,2
M079652,2
M094713,2
M087710,2
M018176,2
M084461,2
M076381,2
M053249,2
M081887,2
M071139,2
M047005,2
M076321,2
M020534,2
M039228,2
M084451,2
M067192,2
M101760,2
M087813,2
M084045,2
M078660,2
M093934,2
M045723,2
M099865,2
M073975,2
M091094,2
M074482,2
M056523,2
M033671,2
M053605,2
M048933,2
M079899,2
M097818,2
M091326,2
M052424,2
M024606,2
M063936,2
M025849,2
M089969,2
M071665,2
M072155,2
M076657,2
M098687,2
M062600,2
M049342,2
M056333,2
M056217,2
M085869,2
M071446,2
M082559,2
M067178,2
M098391,2
M086335,2
M084181,2
M082219,2
M087686,2
M055803,2
M077809,2
M068236,2
M085150,2
M064527,2
M086655,2
M101087,2
M090415,2
M089425,2
M081712,2
M099844,2
M069778,2
M085145,2
M040419,2
M073510,2
M051027,2
M100316,2
M099975,2
M076543,2
M044890,2
M056728,2
M032419,2
M085141,2
M090809,2
M074085,2
M056499,2
M058492,2
M070687,2
M079856,2
M079650,2
M077141,2
M080234,2
M064577,2
M057147,2
M076263,2
M075058,2
M062041,2
M046654,2
M039608,2
M089141,2
M081654,2
M007715,2
M100923,2
M072196,2
M041597,2
M070249,2
M046779,2
M082482,2
M063941,2
M100788,2
M071219,2
M092172,2
M049650,2
M040513,2
M101640,2
M067009,2
M098432,2
M021627,2
M055341,2
M064145,2
M080762,2
M076340,2
M092105,2
M098864,2
M072998,2
M058378,2
M054804,2
M080224,2
M046513,2
M052158,2
M094385,2
M062247,2
M076675,2
M060574,2
M093476,2
M086266,2
M095647,2
M081523,2
M058489,2
M094100,2
M082726,2
M080353,2
M083802,2
M080596,2
M042921,2
M087220,2
M094314,2
M051101,2
M099528,2
M078956,2
M086423,2
M087322,2
M059366,2
M085391,2
M080050,2
M099729,2
M080437,2
M084441,2
M093655,2
M069222,2
M064471,2
M059152,2
M082535,2
M063343,2
M062179,2
M097634,2
M087588,2
M080389,2
M083286,2
M047198,2
M054821,2
M101007,2
M095303,2
M092059,2
M074749,2
M063744,2
M064000,2
M042224,2
M090404,2
M095903,2
M026695,2
M084230,2
M095658,2
M010752,2
M082561,2
M076886,2
M074694,2
M094455,2
M088552,2
M081349,2
M057914,2
M009987,2
M007115,2
M090304,2
M008127,2
M072490,2
M085030,2
M091777,2
M030149,2
M041195,2
M090040,2
M025693,2
M055563,2
M099707,2
M067718,2
M057226,2
M018617,2
M062299,2
M079796,2
M079569,2
M075630,2
M092459,2
M071179,2
M097975,2
M085298,2
M083982,2
M042583,2
M016462,2
M091692,2
M078549,2
M062128,2
M073197,2
M047937,2
M026326,2
M037333,2
M092121,2
M084052,2
M073412,2
M003720,2
M090159,2
M056972,2
M064214,2
M081464,2
M081477,2
M092757,2
M073933,2
M092054,2
M087751,2
M064985,2
M083622,2
M075966,2
M062039,2
M067606,2
M063182,2
M035407,2
M044628,2
M074068,2
M054379,2
M042432,2
M078435,2
M081069,2
M073995,2
M046741,2
M046685,2
M041040,2
M059938,2
M016232,2
M045395,2
M024458,2
M100495,2
M077356,2
M098734,2
M065542,2
M059965,2
M091861,2
M077694,2
M070906,2
M082319,2
M052401,2
M069175,2
M069283,2
M068844,2
M062034,2
M090044,2
M087143,2
M054038,2
M063135,2
M088631,2
M032975,2
M091223,2
M101668,2
M078837,2
M093834,2
M096970,2
M098960,2
M064011,2
M094676,2
M091709,2
M068692,2
M098406,2
M042438,2
M101135,2
M053894,2
M061994,2
M078814,2
M017634,2
M082879,2
M078903,2
M101274,2
M076345,2
M086692,2
M061912,2
M042081,2
M087085,2
M097868,2
M050305,2
M080687,2
M076607,2
M057951,2
M090026,2
M074302,2
M085245,2
M082929,2
M072739,2
M061530,2
M078540,2
M079655,2
M024189,2
M086301,2
M099551,2
M074540,2
M090498,2
M100854,2
M079291,2
M077775,2
M094866,2
M066859,2
M093731,2
M011778,2
M078030,2
M073225,2
M039315,2
M069868,2
M096261,2
M093622,2
M084288,2
M061459,2
M054935,2
M065248,2
M081867,2
M098020,2
M096348,2
M053084,2
M047663,2
M086564,2
M071465,2
M061958,2
M076206,2
M067147,2
M008826,2
M070237,2
M079228,2
M024828,2
M075145,2
M014679,2
M025196,2
M012637,2
M089447,2
M025166,2
M040208,2
M077599,2
M075048,2
M080816,2
M094590,2
M098549,2
M096906,2
M057424,2
M081997,2
M095142,2
M095311,2
M087678,2
M072729,2
M089217,2
M087241,2
M019737,2
M086926,2
M063444,2
M066877,2
M065146,2
M066478,2
M086879,2
M088357,2
M075180,2
M082109,2
M089114,2
M032259,2
M023902,2
M056450,2
M080901,2
M079147,2
M062298,2
M039502,2
M013123,2
M079836,2
M043373,2
M077685,2
M050429,2
M101558,2
M055130,2
M064613,2
M078168,2
M012567,2
M091291,2
M074347,2
M082003,2
M081235,2
M080364,2
M074832,2
M036383,2
M072682,2
M091458,2
M092821,2
M064631,2
M070571,2
M060679,2
M096460,2
M067663,2
M065976,2
M097545,2
M068338,2
M082680,2
M089083,2
M088390,2
M083304,2
M096371,2
M024012,2
M099480,2
M065149,2
M063868,2
M088380,2
M098885,2
M080309,2
M072293,2
M080727,2
M090996,2
M039749,2
M000939,2
M099492,2
M049058,2
M076670,2
M069845,2
M056778,2
M074708,2
M069852,2
M000872,2
M092939,2
M066356,2
M096511,2
M055373,2
M012007,2
M080963,2
M094702,2
M078589,2
M085699,2
M083579,2
M059252,2
M077669,2
M075913,2
M060486,2
M079717,2
M069559,2
M089051,2
M079600,2
M025230,2
M072918,2
M048956,2
M097945,2
M075490,2
M073292,2
M098720,2
M072419,2
M052894,2
M066007,2
M054997,2
M079384,2
M046906,2
M071909,2
M064472,2
M068193,2
M093023,2
M063020,2
M069123,2
M097016,2
M071090,2
M074632,2
M010288,2
M056887,2
M075295,2
M079692,2
M093539,2
M079218,2
M076516,2
M083669,2
M099327,2
M012778,2
M024057,2
M037878,2
M097765,2
M100875,2
M098873,2
M093279,2
M100718,2
M101237,2
M085611,2
M087259,2
M052926,2
M054832,2
M085004,2
M084306,2
M096698,2
M042129,2
M019942,2
M085511,2
M079298,2
M074638,2
M091780,2
M017052,2
M067750,2
M043742,2
M064390,2
M023764,2
M042751,2
M081311,2
M073711,2
M058201,2
M076233,2
M098534,2
M054549,2
M100848,2
M086067,2
M086633,2
M084469,2
M041026,2
M065900,2
M093345,2
M066504,2
M089767,2
M100973,2
M013678,2
M066611,2
M095248,2
M085327,2
M068519,2
M092463,2
M092921,2
M070067,2
M097905,2
M045476,2
M091507,2
M053969,2
M061146,2
M051007,2
M078187,2
M077654,2
M096789,2
M094562,2
M037753,2
M096442,2
M044550,2
M086081,2
M072262,2
M051584,2
M081255,2
M092971,2
M081971,2
M042631,2
M049992,2
M077418,2
M079367,2
M085904,2
M053016,2
M061617,2
M044685,2
M044532,2
M092792,2
M047401,2
M077153,2
M082359,2
M083211,2
M078186,2
M060767,2
M057239,2
M078175,2
M073210,2
M055100,2
M067743,2
M015516,2
M094594,2
M074405,2
M067475,2
M086629,2
M057799,2
M081120,2
M077905,2
M079086,2
M057502,2
M098847,2
M088762,2
M078102,2
M081163,2
M080815,2
M080213,2
M004935,2
M095166,2
M064754,2
M036286,2
M083903,2
M100017,2
M055025,2
M027796,2
M078514,2
M068160,2
M072630,2
M072473,2
M079248,2
M022793,2
M053343,2
M014975,2
M067884,2
M062502,2
M067899,2
M062923,2
M009626,2
M097326,2
M089452,2
M062462,2
M101263,2
M038363,2
M071955,2
M087851,2
M098791,2
M059762,2
M054772,2
M082823,2
M089555,2
M062202,2
M080151,2
M078033,2
M093059,2
M087832,2
M090744,2
M085158,2
M080955,2
M077763,2
M098350,2
M091067,2
M049236,2
M011523,2
M078339,2
M080123,2
M086160,2
M064335,2
M046479,2
M070490,2
M078980,2
M071191,2
M086427,2
M099215,2
M082981,2
M082179,2
M090116,2
M068166,2
M005821,2
M092258,2
M049696,2
M069410,2
M058945,2
M064508,2
M042145,2
M083880,2
M083440,2
M048284,2
M068553,2
M041968,2
M073348,2
M089041,2
M008688,2
M092674,2
M008425,2
M092589,2
M070851,2
M063392,2
M093764,2
M096173,2
M071682,2
M077691,2
M067470,2
M055331,2
M085510,2
M024054,2
M098054,2
M099426,2
M086770,2
M070276,2
M055681,2
M076483,2
M067354,2
M065040,2
M090694,2
M062495,2
M071047,2
M040016,2
M059199,2
M082682,2
M086057,2
M038484,2
M052688,2
M012024,2
M071435,2
M033035,2
M089989,2
M088437,2
M059378,2
M088759,2
M075586,2
M101382,2
M087339,2
M083973,2
M058325,2
M090766,2
M081394,2
M086540,2
M091919,2
M089148,2
M008550,2
M022152,2
M084148,2
M091527,2
M095003,2
M051100,2
M075866,2
M072843,2
M073087,2
M092306,2
M054225,2
M067849,2
M100482,2
M096232,2
M076111,2
M003286,2
M091022,2
M078968,2
M072366,2
M094865,2
M049384,2
M086717,2
M058566,2
M072000,2
M090370,2
M043572,2
M038793,2
M085790,2
M038488,2
M095009,2
M050595,2
M073754,2
M083126,2
M005339,2
M045637,2
M064370,2
M086017,2
M061558,2
M080651,2
M072288,2
M066719,2
M082210,2
M044915,2
M004041,2
M028441,2
M097828,2
M071781,2
M070667,2
M058662,2
M095969,2
M079070,2
M016745,2
M080026,2
M095041,2
M074922,2
M068851,2
M098853,2
M065824,2
M078722,2
M048037,2
M074696,2
M068137,2
M087996,2
M063018,2
M082741,2
M077954,2
M065134,2
M073141,2
M061850,2
M023832,2
M078690,2
M085650,2
M001432,2
M051704,2
M091344,2
M093267,2
M077040,2
M000031,2
M067636,2
M027285,2
M065822,2
M085647,2
M024617,2
M068564,2
M090980,2
M093808,2
M082237,2
M041289,2
M087119,2
M099383,2
M100744,2
M082254,2
M086698,2
M054677,2
M079956,2
M045993,2
M023868,2
M047041,2
M023466,2
M068391,2
M078199,2
M098211,2
M042561,2
M073012,2
M042411,2
M011698,2
M045392,2
M077344,2
M092191,2
M043868,2
M075717,2
M037325,2
M099868,2
M095855,2
M096921,2
M101524,2
M087333,2
M048408,2
M063540,2
M076875,2
M092865,2
M061480,2
M011583,2
M087549,2
M089806,2
M009663,2
M047082,2
M088897,2
M081609,2
M073301,2
M061311,2
M096426,2
M071834,2
M081261,2
M087480,2
M067951,2
M051008,2
M065654,2
M095313,2
M073912,2
M005659,2
M090927,2
M090135,2
M078173,2
M062901,2
M096714,2
M088242,2
M068552,2
M075427,2
M093762,2
M063509,2
M101326,2
M055498,2
M051041,2
M083598,2
M047926,2
M079618,2
M076941,2
M034246,2
M061826,2
M073533,2
M032490,2
M084807,2
M096502,2
M002111,2
M101244,2
M093610,2
M058156,2
M097940,2
M038438,2
M073908,2
M088947,2
M085742,2
M055707,2
M084209,2
M046812,2
M071237,2
M056491,2
M082599,2
M060971,2
M097645,2
M087897,2
M081226,2
M067195,2
M086881,2
M085702,2
M083522,2
M082902,2
M080871,2
M077657,2
M099872,2
M061821,2
M093828,2
M050854,2
M095128,2
M006472,2
M023930,2
M004486,2
M087452,2
M068237,2
M079995,2
M077574,2
M004016,2
M058591,2
M042490,2
M092743,2
M089657,2
M069634,2
M098034,2
M077220,2
M074883,2
M099024,2
M077698,2
M080917,2
M060159,2
M068244,2
M091606,2
M075910,2
M096334,2
M056975,2
M076072,2
M076172,2
M101437,2
M067891,2
M087474,2
M072210,2
M006941,2
M097015,2
M018392,2
M086101,2
M068584,2
M097411,2
M041527,2
M023047,2
M099239,2
M046353,2
M069486,2
M074447,2
M057763,2
M099705,2
M064945,2
M100813,2
M091101,2
M031166,2
M082752,2
M075869,2
M098438,2
M083704,2
M028772,2
M056066,2
M090666,2
M057286,2
M078052,2
M087301,2
M054286,2
M071059,2
M052305,2
M095240,2
M075467,2
M095099,2
M045820,2
M054978,2
M080633,2
M080332,2
M075226,2
M050762,2
M046527,2
M097894,2
M080514,2
M096376,2
M051825,2
M021858,2
M076438,2
M096235,2
M051843,2
M095010,2
M047580,2
M098285,2
M003987,2
M066232,2
M099700,2
M081614,2
M016637,2
M084657,2
M085148,2
M080083,2
M077018,2
M097759,2
M075028,2
M094959,2
M081921,2
M096249,2
M070046,2
M077840,2
M096064,2
M080583,2
M048573,2
M059923,2
M067272,2
M085996,2
M077804,2
M092656,2
M000290,2
M048974,2
M084050,2
M081008,2
M081512,2
M023646,2
M095982,2
M054530,2
M092064,2
M085946,2
M087063,2
M063550,2
M086084,2
M077254,2
M057822,2
M042809,2
M076478,2
M098852,2
M075095,2
M017854,2
M065845,2
M056058,2
M037042,2
M048175,2
M062844,2
M092228,2
M012651,2
M016626,2
M067446,2
M082421,2
M078942,2
M072065,2
M000368,2
M057510,2
M091430,2
M088769,2
M078729,2
M094530,2
M079414,2
M057393,2
M082291,2
M078954,2
M092103,2
M074587,2
M005286,2
M096033,2
M091611,2
M041652,2
M070541,2
M101574,2
M096492,2
M092395,2
M053310,2
M056679,2
M077635,2
M095853,2
M088817,2
M084681,2
M091314,2
M076304,2
M038382,2
M053373,2
M094092,2
M094557,2
M051367,2
M060847,2
M054283,2
M084384,2
M080856,2
M076847,2
M096529,2
M079321,2
M090071,2
M098337,2
M068583,2
M087272,2
M059857,2
M028420,2
M052806,2
M089316,2
M069267,2
M060388,2
M045674,2
M092369,2
M098951,2
M091534,2
M078329,2
M084673,2
M099915,2
M047280,2
M046171,2
M090167,2
M070355,2
M002618,2
M014035,2
M030701,2
M077264,2
M065056,2
M007256,2
M049588,2
M097766,2
M069444,2
M066657,2
M061914,2
M071612,2
M095984,2
M019893,2
M064765,2
M072530,2
M079831,2
M093790,2
M083686,2
M037770,2
M022371,2
M054959,2
M064287,2
M088840,2
M083985,2
M067173,2
M010902,2
M088410,2
M015884,2
M100468,2
M053099,2
M090124,2
M064900,2
M001461,2
M008000,2
M039767,2
M089317,2
M083919,2
M097298,2
M071874,2
M014238,2
M049313,2
M076083,2
M077559,2
M066718,2
M081628,2
M065931,2
M067799,2
M051237,2
M073083,2
M087927,2
M099050,2
M100147,2
M089049,2
M100584,2
M054862,2
M063335,2
M101158,2
M096832,2
M058630,2
M100428,2
M088101,2
M091288,2
M020975,2
M042004,2
M067030,2
M051381,2
M018243,2
M077276,2
M040687,2
M092922,2
M066016,2
M043827,2
M087169,2
M098564,2
M074859,2
M038314,2
M087120,2
M086030,2
M066931,2
M061894,2
M022783,2
M073503,2
M047814,2
M076272,2
M045103,2
M068756,2
M030835,2
M100015,2
M068089,2
M075210,2
M072179,2
M048959,2
M101351,2
M021564,2
M062536,2
M070702,2
M083571,2
M074662,2
M100141,2
M100244,2
M047233,2
M085036,2
M036455,2
M093038,2
M078893,2
M098685,2
M008464,2
M064403,2
M020339,2
M004059,2
M057753,2
M094465,2
M092030,2
M007012,2
M081894,2
M003702,2
M083969,2
M079356,2
M073537,2
M054730,2
M085908,2
M057489,2
M092046,2
M068693,2
M045678,2
M095408,2
M059790,2
M070732,2
M088527,2
M083458,2
M089283,2
M077755,2
M095955,2
M043084,2
M078403,2
M089097,2
M099535,2
M048664,2
M011968,2
M067393,2
M082845,2
M087713,2
M078043,2
M070514,2
M085440,2
M100137,2
M074398,2
M093930,2
M097213,2
M074389,2
M007100,2
M061278,2
M024358,2
M087424,2
M056747,2
M078183,2
M084595,2
M081446,2
M078162,2
M097328,2
M099604,2
M097756,2
M075973,2
M047979,2
M091970,2
M059532,2
M085025,2
M084847,2
M083393,2
M086539,2
M063116,2
M093427,2
M046313,2
M077194,2
M077204,2
M094886,2
M072887,2
M094947,2
M094078,2
M100139,2
M069043,2
M047830,2
M074583,2
M087569,2
M081501,2
M085259,2
M067667,2
M071077,2
M099434,2
M081423,2
M091297,2
M086415,2
M032503,2
M040149,2
M062987,2
M022638,2
M100540,2
M096455,2
M097925,2
M087095,2
M081045,2
M086527,2
M063100,2
M083861,2
M093336,2
M083062,2
M036895,2
M011889,2
M079828,2
M100319,2
M025420,2
M052766,2
M092485,2
M001523,2
M035314,2
M010533,2
M040235,2
M056682,2
M078089,2
M009584,2
M048866,2
M078104,2
M100299,2
M008570,2
M015135,2
M071784,2
M099351,2
M096489,2
M090380,2
M052185,2
M046272,2
M090645,2
M065883,2
M050209,2
M088712,2
M083364,2
M071888,2
M014179,2
M080697,2
M083600,2
M054647,2
M093182,2
M068132,2
M092196,2
M078640,2
M016267,2
M099910,2
M081059,2
M041947,2
M015418,2
M098006,2
M063065,2
M077178,2
M079403,2
M078769,2
M090715,2
M074721,2
M071980,2
M050996,2
M074421,2
M093997,2
M085923,2
M037239,2
M044970,2
M046173,2
M068424,2
M046995,2
M083109,2
M094116,2
M092842,2
M042134,2
M045707,2
M099888,2
M100473,2
M085211,2
M096643,2
M086345,2
M088501,2
M100303,2
M097302,2
M010637,2
M083997,2
M076786,2
M015450,2
M015316,2
M016327,2
M100146,2
M072549,2
M010705,2
M098742,2
M047726,2
M097883,2
M006206,2
M096190,2
M051585,2
M091662,2
M077396,2
M054110,2
M089205,2
M059367,2
M101107,2
M083754,2
M052605,2
M089057,2
M072046,2
M067639,2
M083862,2
M079282,2
M071502,2
M067859,2
M023726,2
M046670,2
M099754,2
M065650,2
M052389,2
M052109,2
M085000,2
M004260,2
M082461,2
M060163,2
M089353,2
M092490,2
M094119,2
M085945,2
M076356,2
M066372,2
M096766,2
M077808,2
M097041,2
M063739,2
M073637,2
M063342,2
M085436,2
M073061,2
M075333,2
M077412,2
M096686,2
M078939,2
M092863,2
M045546,2
M089330,2
M093167,2
M046263,2
M083806,2
M023039,2
M012471,2
M094157,2
M081242,2
M048689,2
M051986,2
M061880,2
M087718,2
M011464,2
M093717,2
M093165,2
M010905,2
M094045,2
M077271,2
M079860,2
M086519,2
M083266,2
M077394,2
M062584,2
M002528,2
M090841,2
M078725,2
M011141,2
M073369,2
M094993,2
M046295,2
M066194,2
M081424,2
M064896,2
M047487,2
M049016,2
M078835,2
M088029,2
M092774,2
M074648,2
M092422,2
M021653,2
M058544,2
M014627,2
M099224,2
M100301,2
M086086,2
M042821,2
M074636,2
M086008,2
M029713,2
M088435,2
M075384,2
M099364,2
M024951,2
M071703,2
M091011,2
M081222,2
M080241,2
M055450,2
M038204,2
M096667,2
M088432,2
M076696,2
M101373,2
M072248,2
M075556,2
M100274,2
M096329,2
M091838,2
M095896,2
M048777,2
M083367,2
M051057,2
M064360,2
M048150,2
M059907,2
M101307,2
M068445,2
M054827,2
M090386,2
M100839,2
M061801,2
M082691,2
M091408,2
M012243,2
M063441,2
M080427,2
M094155,2
M059780,2
M073565,2
M095450,2
M074998,2
M049482,2
M031337,2
M096692,2
M075049,2
M073659,2
M077794,2
M076180,2
M074999,2
M049704,2
M055058,2
M095453,2
M099344,2
M081679,2
M060029,2
M092443,2
M081642,2
M055754,2
M094278,2
M091954,2
M087153,2
M090802,2
M067006,2
M095242,2
M048312,2
M098277,2
M090945,2
M055548,2
M067977,2
M094243,2
M064954,2
M066033,2
M078523,2
M039663,2
M042952,2
M052575,2
M095924,2
M003468,2
M075170,2
M079975,2
M081995,2
M066674,2
M037841,2
M056470,2
M042154,2
M043825,2
M083214,2
M082988,2
M087693,2
M061155,2
M054552,2
M051148,2
M041828,2
M085017,2
M087914,2
M093554,2
M068303,2
M101450,2
M055518,2
M052583,2
M042914,2
M076890,2
M036799,2
M092478,2
M022091,2
M074822,2
M077957,2
M078966,2
M077481,2
M063830,2
M064659,2
M083185,2
M053515,2
M071262,2
M080118,2
M018853,2
M059490,2
M055263,2
M069715,2
M065055,2
M027058,2
M088484,2
M037270,2
M070973,2
M087548,2
M047948,2
M084490,2
M089499,2
M084506,2
M080037,2
M080620,2
M062643,2
M086702,2
M074322,2
M074149,2
M071065,2
M052831,2
M089013,2
M018568,2
M039933,2
M040833,2
M067044,2
M067768,2
M080621,2
M096163,2
M098770,2
M021848,2
M054456,2
M078902,2
M095717,2
M092249,2
M041334,2
M070055,2
M008964,2
M067690,2
M094822,2
M055846,2
M073718,2
M074611,2
M082580,2
M047879,2
M077071,2
M056146,2
M092291,2
M056138,2
M077358,2
M047743,2
M040654,2
M089432,2
M093793,2
M088655,2
M043257,2
M099887,2
M087594,2
M047982,2
M084207,2
M032282,2
M100999,2
M017523,2
M071354,2
M094165,2
M083151,2
M056695,2
M095505,2
M073311,2
M090271,2
M092006,2
M043354,2
M078140,2
M066800,2
M065932,2
M098937,2
M099683,2
M086938,2
M047043,2
M083403,2
M034416,2
M061559,2
M088605,2
M082539,2
M007065,2
M073233,2
M088855,2
M079758,2
M017684,2
M022295,2
M049167,2
M036354,2
M005057,2
M065318,2
M090630,2
M073177,2
M058984,2
M056574,2
M015854,2
M099782,2
M040252,2
M091415,2
M098107,2
M086390,2
M099883,2
M014377,2
M071615,2
M025658,2
M091961,2
M093372,2
M046575,2
M046698,2
M077443,2
M097461,2
M087211,2
M071352,2
M091771,2
M087044,2
M097311,2
M076274,2
M085227,2
M097153,2
M049782,2
M072030,2
M096253,2
M085973,2
M071525,2
M024450,2
M092500,2
M040441,2
M031697,2
M081065,2
M099020,2
M056548,2
M072900,2
M075069,2
M058390,2
M023746,2
M018232,2
M085301,2
M075806,2
M080038,2
M090687,2
M096395,2
M056900,2
M092587,2
M100178,2
M092729,2
M067697,2
M097154,2
M079094,2
M071282,2
M050897,2
M071581,2
M098861,2
M067976,2
M076891,2
M007532,2
M100729,2
M097471,2
M095518,2
M099114,2
M067959,2
M093355,2
M078249,2
M000761,1
M007029,1
M077577,1
M005349,1
M008329,1
M002040,1
M076717,1
M041818,1
M063525,1
M013128,1
M012647,1
M056929,1
M008308,1
M020863,1
M001537,1
M087470,1
M081902,1
M027389,1
M092081,1
M017568,1
M063197,1
M009406,1
M029779,1
M000803,1
M007338,1
M029484,1
M000283,1
M000966,1
M003413,1
M000971,1
M018466,1
M000769,1
M010418,1
M035950,1
M058310,1
M023109,1
M000240,1
M033324,1
M049424,1
M062076,1
M000560,1
M003376,1
M000214,1
M003561,1
M000559,1
M067389,1
M003193,1
M000497,1
M018977,1
M084877,1
M007188,1
M000458,1
M021480,1
M053285,1
M000351,1
M038916,1
M021614,1
M000636,1
M000714,1
M000358,1
M000195,1
M079897,1
M027473,1
M036843,1
M001292,1
M080410,1
M000144,1
M064028,1
M000604,1
M049558,1
M063678,1
M046294,1
M058434,1
M000955,1
M000634,1
M000702,1
M042063,1
M089386,1
M000905,1
M001213,1
M000974,1
M000344,1
M000377,1
M069575,1
M000882,1
M000471,1
M031777,1
M007857,1
M012617,1
M017820,1
M023425,1
M037495,1
M000980,1
M011579,1
M077456,1
M013781,1
M000602,1
M005978,1
M000322,1
M030932,1
M022613,1
M038448,1
M015868,1
M035682,1
M002231,1
M000200,1
M000354,1
M000875,1
M000393,1
M000126,1
M000453,1
M000615,1
M000807,1
M065235,1
M000669,1
M000237,1
M000325,1
M000398,1
M000793,1
M003892,1
M004446,1
M000473,1
M087930,1
M097927,1
M021498,1
M026222,1
M000186,1
M000967,1
M000423,1
M000515,1
M097710,1
M026276,1
M068769,1
M000193,1
M018666,1
M058967,1
M047466,1
M071152,1
M071627,1
M021206,1
M037191,1
M000536,1
M000418,1
M000275,1
M015244,1
M023352,1
M000688,1
M000616,1
M000857,1
M011544,1
M001583,1
M000760,1
M009488,1
M000028,1
M011272,1
M016299,1
M020190,1
M085814,1
M041472,1
M017450,1
M021732,1
M005070,1
M003258,1
M000926,1
M001881,1
M028757,1
M000243,1
M000306,1
M000909,1
M000261,1
M005410,1
M008985,1
M002348,1
M004143,1
M002406,1
M031205,1
M075745,1
M101413,1
M002951,1
M000991,1
M080709,1
M082277,1
M023439,1
M073814,1
M091273,1
M029668,1
M000532,1
M000161,1
M000785,1
M000522,1
M000147,1
M000256,1
M000828,1
M090811,1
M000809,1
M094730,1
M009630,1
M002692,1
M035442,1
M017874,1
M000132,1
M004786,1
M003065,1
M002060,1
M002333,1
M016726,1
M026303,1
M005711,1
M022007,1
M004542,1
M068356,1
M002416,1
M005926,1
M003551,1
M021173,1
M019918,1
M000906,1
M000455,1
M000513,1
M003653,1
M043221,1
M000557,1
M000920,1
M021783,1
M000611,1
M010339,1
M010369,1
M014819,1
M013323,1
M007882,1
M095145,1
M075368,1
M000887,1
M002133,1
M002483,1
M000834,1
M000498,1
M000277,1
M000851,1
M057942,1
M010379,1
M071540,1
M002314,1
M032293,1
M086047,1
M063872,1
M037916,1
M025387,1
M001270,1
M088761,1
M035866,1
M098426,1
M054678,1
M011811,1
M001601,1
M057788,1
M010324,1
M000391,1
M064570,1
M005252,1
M023564,1
M042576,1
M038105,1
M097076,1
M015186,1
M042887,1
M004031,1
M005820,1
M088571,1
M015909,1
M028938,1
M049420,1
M015398,1
M004212,1
M025615,1
M085531,1
M029844,1
M101045,1
M093641,1
M000775,1
M002246,1
M023193,1
M000815,1
M016451,1
M030754,1
M073839,1
M015220,1
M030246,1
M076558,1
M039770,1
M015014,1
M011752,1
M009109,1
M062141,1
M093062,1
M021828,1
M025742,1
M016461,1
M063817,1
M025883,1
M027312,1
M056332,1
M013585,1
M018069,1
M008620,1
M001965,1
M028086,1
M009927,1
M048827,1
M081909,1
M036192,1
M016707,1
M044528,1
M019929,1
M001054,1
M002188,1
M001043,1
M007284,1
M010492,1
M006652,1
M013408,1
M014986,1
M038219,1
M037958,1
M013777,1
M012900,1
M000024,1
M000718,1
M010143,1
M003528,1
M038627,1
M035111,1
M053375,1
M063293,1
M031861,1
M055629,1
M075081,1
M016983,1
M016095,1
M002224,1
M002196,1
M027401,1
M012862,1
M029821,1
M032095,1
M062458,1
M054370,1
M029707,1
M086224,1
M015883,1
M006754,1
M036032,1
M022039,1
M025076,1
M090138,1
M028912,1
M010754,1
M037482,1
M017801,1
M003179,1
M041718,1
M008008,1
M019418,1
M067011,1
M049404,1
M076595,1
M005610,1
M012697,1
M012483,1
M072935,1
M013965,1
M093542,1
M076616,1
M031084,1
M009852,1
M012742,1
M004009,1
M000671,1
M003849,1
M032809,1
M039145,1
M008589,1
M045132,1
M032275,1
M082217,1
M009933,1
M021791,1
M036369,1
M001404,1
M028890,1
M045652,1
M006014,1
M043458,1
M012701,1
M009451,1
M069104,1
M018322,1
M004776,1
M002468,1
M040221,1
M091158,1
M018260,1
M008572,1
M030179,1
M001990,1
M076147,1
M041826,1
M070027,1
M003856,1
M040203,1
M048071,1
M048968,1
M028065,1
M043040,1
M011630,1
M079380,1
M040013,1
M014844,1
M053816,1
M007912,1
M101241,1
M086061,1
M038435,1
M074395,1
M014149,1
M001550,1
M000670,1
M049472,1
M055550,1
M041677,1
M012355,1
M003959,1
M060974,1
M022867,1
M037403,1
M001696,1
M013360,1
M024876,1
M023423,1
M018723,1
M011278,1
M085308,1
M004258,1
M090459,1
M061050,1
M079042,1
M002286,1
M095575,1
M014480,1
M094858,1
M017938,1
M046642,1
M028048,1
M005845,1
M005721,1
M062812,1
M055179,1
M032652,1
M025212,1
M014927,1
M074445,1
M030024,1
M006558,1
M025443,1
M040084,1
M002309,1
M037113,1
M007774,1
M030894,1
M052552,1
M042615,1
M016620,1
M038205,1
M017856,1
M061218,1
M003624,1
M006169,1
M010320,1
M085228,1
M015496,1
M013708,1
M022339,1
M042461,1
M099370,1
M010888,1
M002691,1
M000709,1
M046751,1
M023250,1
M065844,1
M029831,1
M041037,1
M007479,1
M023707,1
M011642,1
M002411,1
M029124,1
M002130,1
M028383,1
M076561,1
M058332,1
M009830,1
M002149,1
M006903,1
M014034,1
M000990,1
M051446,1
M039740,1
M027167,1
M071243,1
M064179,1
M037311,1
M006954,1
M009435,1
M086334,1
M078727,1
M044549,1
M065590,1
M036537,1
M002025,1
M008513,1
M023896,1
M062164,1
M029001,1
M000662,1
M006109,1
M070875,1
M013806,1
M089982,1
M059730,1
M060613,1
M003870,1
M043059,1
M084489,1
M023302,1
M000653,1
M025398,1
M003025,1
M049745,1
M019580,1
M000838,1
M014926,1
M032118,1
M036514,1
M004704,1
M000767,1
M003160,1
M011803,1
M001917,1
M013493,1
M001369,1
M011406,1
M011913,1
M007374,1
M009223,1
M017041,1
M002849,1
M088597,1
M057409,1
M036503,1
M064022,1
M052838,1
M002454,1
M062993,1
M044199,1
M070509,1
M019041,1
M011702,1
M073545,1
M013402,1
M066615,1
M027531,1
M024059,1
M027640,1
M012169,1
M002964,1
M066601,1
M010465,1
M014638,1
M016005,1
M021094,1
M033461,1
M013830,1
M008306,1
M001534,1
M052710,1
M051334,1
M039266,1
M049210,1
M004930,1
M006832,1
M025005,1
M037509,1
M072237,1
M007777,1
M002714,1
M057992,1
M001402,1
M010352,1
M011550,1
M092713,1
M057830,1
M039440,1
M044981,1
M021578,1
M094845,1
M038476,1
M012757,1
M001472,1
M033399,1
M047896,1
M008505,1
M099756,1
M004499,1
M051404,1
M001325,1
M003106,1
M001490,1
M000599,1
M088784,1
M097933,1
M088113,1
M063096,1
M032372,1
M052787,1
M019888,1
M025451,1
M010618,1
M020277,1
M011546,1
M017229,1
M016399,1
M060441,1
M011229,1
M002937,1
M092798,1
M000743,1
M036937,1
M061409,1
M053363,1
M100224,1
M088279,1
M055068,1
M095736,1
M022079,1
M030960,1
M095602,1
M043791,1
M062058,1
M002897,1
M055602,1
M006624,1
M003016,1
M028552,1
M033058,1
M007919,1
M003462,1
M032986,1
M043182,1
M021942,1
M015410,1
M014356,1
M019447,1
M021309,1
M006466,1
M073603,1
M083811,1
M053273,1
M002305,1
M087647,1
M065123,1
M008260,1
M081983,1
M017006,1
M011474,1
M008528,1
M042148,1
M007709,1
M096879,1
M014530,1
M009534,1
M024555,1
M055065,1
M033085,1
M040857,1
M007892,1
M059108,1
M091813,1
M040877,1
M057044,1
M014878,1
M057702,1
M016748,1
M017272,1
M019505,1
M082918,1
M053153,1
M038335,1
M009641,1
M029454,1
M044224,1
M004526,1
M012613,1
M039874,1
M016597,1
M007786,1
M006011,1
M016866,1
M007361,1
M027269,1
M002719,1
M025274,1
M032634,1
M097457,1
M000810,1
M004134,1
M050781,1
M028150,1
M003187,1
M000756,1
M023356,1
M008357,1
M039818,1
M004528,1
M004069,1
M027121,1
M002665,1
M083954,1
M028667,1
M001737,1
M005006,1
M016900,1
M036965,1
M030384,1
M023445,1
M002365,1
M011478,1
M029610,1
M082134,1
M026998,1
M015983,1
M020517,1
M036272,1
M033373,1
M000725,1
M017361,1
M005093,1
M014126,1
M001152,1
M027679,1
M035359,1
M025574,1
M017649,1
M027160,1
M014094,1
M029040,1
M066465,1
M072171,1
M035971,1
M038078,1
M018408,1
M028626,1
M093266,1
M064216,1
M002337,1
M026316,1
M087244,1
M042984,1
M049017,1
M016104,1
M008961,1
M008538,1
M002842,1
M023830,1
M017630,1
M029394,1
M035705,1
M068383,1
M095465,1
M015183,1
M013020,1
M028047,1
M004943,1
M033939,1
M035714,1
M088639,1
M005559,1
M029168,1
M007927,1
M064703,1
M002379,1
M027357,1
M023217,1
M034722,1
M094641,1
M056921,1
M100823,1
M038230,1
M081796,1
M064827,1
M036058,1
M025080,1
M042922,1
M058017,1
M008456,1
M003136,1
M016599,1
M004430,1
M033452,1
M000293,1
M000805,1
M068801,1
M016040,1
M019672,1
M009196,1
M004967,1
M015558,1
M093096,1
M012798,1
M003446,1
M015029,1
M009962,1
M031980,1
M052045,1
M040445,1
M001701,1
M003244,1
M007059,1
M028353,1
M019688,1
M014514,1
M041678,1
M006582,1
M049560,1
M064837,1
M068937,1
M093377,1
M005108,1
M064931,1
M018437,1
M098799,1
M004597,1
M004675,1
M005765,1
M013774,1
M098644,1
M005199,1
M094229,1
M083401,1
M074045,1
M013190,1
M015330,1
M100841,1
M006480,1
M030420,1
M057107,1
M017696,1
M046976,1
M060883,1
M010980,1
M001450,1
M012677,1
M001222,1
M005293,1
M045698,1
M023874,1
M097021,1
M101706,1
M036657,1
M038131,1
M007955,1
M002096,1
M079485,1
M002991,1
M075732,1
M065023,1
M067432,1
M001053,1
M050452,1
M036127,1
M029714,1
M010117,1
M066162,1
M033599,1
M008501,1
M052713,1
M062028,1
M095104,1
M098042,1
M018710,1
M029462,1
M014148,1
M025681,1
M016706,1
M033785,1
M029380,1
M016172,1
M040699,1
M024241,1
M053475,1
M039369,1
M033772,1
M004039,1
M012369,1
M018472,1
M081314,1
M006510,1
M048202,1
M065791,1
M009356,1
M068257,1
M041219,1
M053255,1
M045912,1
M008643,1
M090064,1
M013785,1
M076133,1
M083132,1
M034143,1
M041857,1
M029270,1
M097901,1
M052907,1
M061485,1
M043287,1
M099944,1
M020026,1
M021185,1
M007354,1
M014304,1
M012602,1
M059977,1
M049110,1
M005666,1
M026412,1
M027412,1
M003636,1
M026042,1
M015762,1
M029985,1
M005195,1
M038097,1
M093169,1
M051151,1
M012525,1
M096462,1
M006818,1
M028905,1
M020891,1
M098342,1
M008077,1
M022657,1
M011428,1
M096729,1
M048429,1
M021825,1
M099191,1
M026081,1
M013154,1
M023333,1
M014868,1
M000564,1
M049561,1
M084915,1
M030482,1
M022180,1
M023342,1
M037338,1
M008577,1
M012889,1
M033476,1
M013786,1
M033326,1
M002479,1
M006507,1
M024494,1
M020648,1
M019901,1
M054337,1
M085021,1
M085109,1
M093638,1
M072686,1
M087019,1
M065628,1
M064583,1
M016547,1
M094309,1
M069521,1
M004860,1
M011227,1
M006811,1
M059585,1
M091301,1
M055470,1
M082355,1
M021481,1
M085475,1
M071168,1
M009169,1
M062559,1
M045467,1
M013003,1
M019496,1
M037439,1
M042037,1
M022469,1
M030787,1
M028931,1
M011101,1
M024602,1
M013055,1
M094596,1
M088016,1
M017146,1
M010738,1
M095498,1
M021926,1
M023458,1
M005719,1
M020732,1
M004121,1
M033753,1
M075264,1
M051436,1
M020906,1
M003448,1
M090478,1
M033697,1
M009848,1
M017259,1
M010130,1
M002016,1
M024378,1
M042089,1
M019858,1
M003051,1
M044512,1
M006799,1
M048960,1
M071385,1
M057934,1
M005099,1
M004451,1
M024299,1
M007681,1
M010665,1
M015603,1
M018165,1
M016950,1
M010243,1
M010202,1
M017810,1
M007861,1
M020645,1
M040415,1
M014808,1
M028455,1
M063119,1
M022854,1
M025629,1
M008298,1
M016957,1
M082852,1
M009751,1
M000376,1
M090795,1
M027310,1
M025836,1
M035304,1
M025786,1
M012319,1
M028030,1
M029154,1
M050858,1
M009094,1
M024509,1
M013469,1
M013146,1
M030176,1
M029005,1
M020312,1
M012442,1
M030057,1
M021965,1
M010096,1
M011620,1
M002306,1
M094755,1
M079405,1
M041780,1
M098575,1
M034038,1
M061790,1
M018798,1
M019398,1
M016648,1
M020799,1
M021717,1
M040451,1
M024848,1
M024765,1
M002057,1
M085138,1
M044051,1
M054669,1
M058723,1
M033737,1
M020387,1
M025680,1
M055778,1
M012083,1
M059434,1
M049586,1
M090051,1
M068053,1
M023418,1
M095172,1
M091256,1
M094241,1
M014788,1
M016805,1
M091432,1
M007279,1
M059132,1
M010260,1
M023172,1
M048957,1
M046717,1
M040484,1
M046134,1
M011024,1
M043782,1
M026751,1
M023918,1
M056775,1
M079047,1
M057881,1
M006919,1
M021385,1
M000728,1
M023507,1
M026322,1
M001408,1
M013664,1
M033703,1
M016249,1
M012869,1
M014329,1
M030574,1
M041152,1
M065758,1
M033469,1
M013995,1
M002777,1
M062012,1
M074838,1
M088543,1
M091156,1
M092431,1
M064445,1
M029710,1
M041094,1
M034829,1
M033281,1
M007847,1
M006225,1
M005113,1
M005560,1
M085606,1
M032607,1
M090556,1
M006408,1
M053075,1
M099182,1
M003601,1
M002031,1
M018841,1
M013258,1
M010893,1
M082309,1
M040791,1
M065621,1
M031550,1
M062176,1
M061904,1
M006075,1
M014650,1
M002426,1
M024706,1
M078434,1
M011208,1
M011066,1
M024821,1
M040162,1
M032709,1
M029367,1
M025678,1
M001377,1
M018800,1
M003411,1
M008865,1
M005208,1
M001275,1
M040321,1
M034035,1
M043990,1
M004381,1
M022805,1
M017117,1
M006338,1
M079563,1
M006707,1
M007870,1
M044254,1
M010686,1
M005796,1
M000184,1
M000036,1
M013019,1
M002145,1
M000900,1
M003023,1
M049186,1
M005389,1
M015429,1
M049705,1
M031274,1
M073967,1
M049609,1
M028992,1
M037635,1
M061491,1
M016072,1
M097629,1
M083953,1
M002322,1
M031322,1
M021621,1
M005352,1
M080423,1
M084392,1
M001942,1
M002410,1
M042292,1
M031991,1
M026888,1
M048614,1
M032126,1
M009551,1
M022798,1
M011366,1
M010028,1
M017887,1
M016121,1
M005590,1
M029903,1
M058559,1
M012680,1
M008926,1
M020463,1
M004257,1
M017109,1
M022958,1
M015197,1
M038427,1
M021171,1
M051707,1
M022643,1
M014824,1
M019544,1
M028100,1
M071409,1
M036361,1
M000488,1
M005677,1
M014190,1
M014301,1
M025802,1
M032565,1
M037540,1
M016780,1
M059284,1
M019660,1
M032817,1
M047633,1
M023214,1
M101070,1
M069747,1
M052669,1
M054498,1
M049706,1
M019801,1
M030999,1
M025624,1
M007096,1
M061434,1
M031879,1
M001419,1
M044954,1
M001784,1
M062702,1
M002729,1
M036716,1
M002730,1
M007428,1
M054859,1
M007867,1
M049042,1
M083389,1
M091656,1
M016351,1
M056397,1
M022668,1
M049545,1
M007083,1
M019159,1
M045784,1
M074416,1
M014779,1
M007878,1
M016441,1
M059930,1
M054945,1
M009054,1
M035724,1
M013963,1
M072169,1
M009511,1
M010940,1
M095383,1
M035809,1
M055767,1
M094400,1
M031430,1
M044185,1
M086130,1
M091244,1
M094818,1
M018818,1
M070726,1
M060930,1
M019255,1
M010408,1
M012358,1
M024924,1
M008876,1
M033409,1
M014090,1
M066861,1
M008986,1
M016819,1
M031330,1
M016544,1
M025626,1
M003318,1
M013984,1
M025935,1
M014676,1
M014766,1
M065089,1
M036575,1
M017451,1
M014801,1
M076691,1
M019677,1
M005617,1
M023964,1
M025133,1
M052941,1
M017209,1
M069981,1
M064143,1
M063178,1
M061206,1
M070759,1
M098386,1
M056054,1
M022081,1
M033209,1
M055313,1
M026262,1
M045194,1
M005474,1
M060745,1
M092726,1
M069630,1
M028081,1
M011192,1
M042195,1
M098935,1
M068905,1
M013945,1
M011927,1
M024945,1
M073917,1
M048894,1
M044845,1
M047488,1
M018196,1
M013021,1
M005575,1
M013168,1
M051315,1
M023462,1
M015086,1
M022500,1
M015629,1
M011477,1
M096386,1
M042591,1
M077335,1
M074307,1
M006301,1
M083176,1
M006630,1
M034096,1
M034787,1
M026284,1
M004184,1
M037732,1
M052116,1
M004925,1
M098296,1
M005116,1
M024432,1
M020367,1
M022656,1
M039972,1
M079864,1
M007610,1
M010350,1
M035563,1
M022816,1
M017127,1
M020238,1
M009530,1
M004280,1
M005489,1
M017343,1
M038329,1
M025456,1
M064227,1
M062108,1
M001873,1
M012046,1
M021520,1
M003683,1
M054262,1
M076041,1
M100440,1
M016647,1
M095587,1
M010539,1
M016886,1
M022431,1
M069239,1
M022096,1
M021477,1
M018484,1
M031202,1
M033087,1
M016495,1
M017145,1
M056137,1
M028278,1
M008103,1
M023684,1
M070831,1
M050095,1
M050168,1
M073209,1
M044117,1
M039879,1
M077721,1
M100021,1
M024009,1
M005232,1
M010236,1
M022575,1
M034294,1
M093081,1
M078245,1
M005438,1
M020660,1
M025776,1
M006082,1
M015436,1
M029262,1
M080789,1
M044718,1
M063803,1
M021770,1
M083433,1
M039404,1
M032501,1
M046904,1
M011866,1
M022517,1
M021924,1
M009271,1
M018848,1
M054789,1
M039675,1
M027619,1
M086643,1
M088566,1
M010870,1
M009817,1
M045272,1
M003779,1
M025493,1
M086753,1
M001799,1
M011682,1
M013788,1
M012337,1
M059989,1
M050545,1
M037466,1
M033394,1
M100003,1
M002291,1
M040704,1
M092577,1
M021155,1
M069913,1
M099512,1
M011977,1
M098627,1
M009310,1
M007768,1
M016798,1
M051213,1
M084131,1
M021819,1
M002502,1
M043464,1
M071301,1
M089312,1
M088966,1
M029835,1
M007228,1
M055808,1
M012528,1
M037889,1
M028493,1
M093178,1
M016454,1
M026189,1
M003651,1
M020804,1
M010042,1
M088632,1
M007589,1
M005876,1
M002372,1
M015990,1
M014625,1
M017606,1
M081510,1
M091750,1
M008676,1
M083800,1
M101667,1
M095843,1
M011819,1
M011398,1
M005613,1
M095728,1
M019536,1
M054983,1
M038313,1
M010058,1
M002391,1
M087092,1
M007034,1
M086173,1
M046682,1
M051251,1
M016473,1
M010086,1
M023592,1
M045648,1
M014643,1
M007538,1
M001607,1
M049086,1
M090846,1
M054861,1
M002950,1
M020701,1
M056445,1
M041916,1
M062814,1
M037676,1
M097839,1
M080015,1
M099041,1
M014984,1
M027812,1
M097584,1
M013229,1
M012977,1
M097211,1
M023631,1
M023519,1
M047884,1
M024504,1
M018535,1
M094906,1
M018438,1
M007292,1
M003392,1
M008145,1
M019393,1
M011442,1
M018518,1
M096142,1
M065744,1
M004785,1
M037328,1
M088308,1
M003316,1
M012255,1
M022665,1
M009276,1
M006252,1
M010493,1
M016025,1
M008563,1
M004650,1
M025614,1
M018526,1
M004920,1
M016446,1
M025348,1
M013659,1
M001045,1
M059031,1
M081035,1
M081610,1
M066693,1
M079818,1
M055088,1
M020779,1
M014425,1
M027264,1
M055028,1
M012139,1
M046618,1
M004663,1
M062393,1
M037444,1
M066230,1
M011150,1
M015820,1
M011864,1
M011495,1
M085830,1
M081871,1
M045840,1
M017760,1
M011586,1
M014253,1
M040773,1
M032507,1
M006149,1
M079970,1
M042669,1
M068179,1
M094937,1
M040726,1
M001399,1
M016487,1
M028723,1
M053981,1
M005404,1
M097150,1
M038075,1
M025697,1
M013377,1
M000023,1
M003500,1
M024842,1
M077943,1
M010608,1
M023016,1
M028963,1
M059495,1
M026713,1
M004287,1
M003314,1
M087663,1
M019168,1
M021816,1
M026029,1
M039812,1
M016624,1
M007507,1
M020994,1
M024282,1
M006788,1
M087959,1
M009838,1
M003826,1
M076146,1
M033909,1
M045193,1
M001823,1
M001896,1
M018716,1
M013175,1
M084082,1
M053237,1
M013191,1
M017998,1
M091696,1
M031191,1
M082727,1
M004030,1
M055342,1
M068139,1
M023215,1
M057054,1
M031320,1
M029223,1
M043745,1
M053568,1
M004010,1
M004501,1
M023190,1
M012640,1
M005612,1
M018511,1
M016456,1
M016529,1
M014215,1
M004401,1
M002282,1
M087042,1
M062311,1
M015417,1
M014522,1
M008115,1
M071064,1
M031994,1
M031951,1
M006022,1
M018423,1
M023826,1
M002491,1
M031204,1
M023437,1
M024278,1
M001683,1
M002465,1
M072243,1
M034005,1
M056752,1
M044606,1
M052454,1
M008339,1
M080566,1
M012666,1
M005062,1
M011254,1
M066870,1
M009535,1
M035160,1
M006860,1
M038812,1
M038081,1
M020085,1
M080534,1
M081820,1
M022473,1
M021587,1
M096725,1
M023686,1
M005268,1
M003427,1
M081534,1
M078676,1
M018582,1
M098589,1
M099690,1
M023711,1
M019342,1
M063451,1
M047934,1
M011317,1
M004136,1
M033055,1
M025738,1
M020217,1
M099495,1
M025886,1
M024094,1
M095629,1
M045195,1
M002165,1
M011435,1
M000179,1
M015307,1
M001119,1
M009453,1
M001092,1
M009107,1
M088054,1
M020687,1
M003990,1
M004459,1
M041882,1
M026977,1
M022961,1
M023750,1
M084453,1
M002063,1
M019601,1
M014754,1
M003977,1
M022326,1
M011739,1
M046047,1
M083074,1
M101179,1
M060371,1
M012896,1
M006228,1
M006763,1
M004004,1
M030704,1
M023716,1
M009664,1
M026472,1
M007813,1
M006110,1
M021199,1
M016909,1
M025010,1
M025487,1
M050124,1
M026373,1
M024369,1
M067090,1
M005548,1
M052858,1
M036824,1
M089791,1
M084336,1
M075199,1
M026343,1
M024279,1
M012849,1
M015168,1
M058437,1
M031101,1
M030291,1
M042394,1
M007326,1
M009241,1
M000308,1
M012958,1
M027654,1
M006640,1
M028755,1
M001911,1
M033096,1
M024519,1
M036828,1
M060354,1
M060643,1
M052864,1
M058452,1
M010844,1
M096243,1
M093405,1
M008758,1
M034301,1
M032465,1
M025207,1
M015596,1
M068505,1
M054576,1
M019256,1
M018616,1
M041448,1
M022776,1
M002891,1
M017837,1
M032181,1
M040841,1
M010956,1
M052547,1
M002845,1
M016298,1
M006005,1
M010126,1
M035288,1
M033655,1
M012306,1
M022544,1
M019752,1
M036820,1
M020082,1
M080053,1
M009340,1
M022461,1
M005640,1
M069783,1
M004728,1
M039521,1
M013518,1
M024557,1
M002735,1
M023574,1
M063966,1
M013423,1
M006245,1
M008204,1
M006313,1
M059936,1
M001456,1
M002316,1
M036658,1
M005202,1
M090326,1
M009393,1
M101168,1
M046085,1
M023270,1
M094681,1
M099346,1
M049078,1
M083483,1
M006521,1
M006423,1
M035140,1
M041905,1
M018814,1
M094519,1
M042890,1
M034781,1
M025577,1
M035274,1
M069315,1
M021352,1
M043940,1
M009283,1
M006043,1
M042676,1
M099202,1
M006431,1
M020003,1
M021170,1
M012690,1
M014686,1
M024537,1
M016697,1
M001366,1
M034042,1
M062024,1
M098340,1
M010544,1
M013928,1
M003625,1
M015413,1
M042422,1
M041764,1
M068355,1
M056176,1
M009178,1
M005847,1
M000791,1
M010216,1
M044226,1
M024137,1
M014745,1
M002759,1
M017235,1
M025457,1
M091471,1
M025882,1
M043469,1
M005115,1
M010805,1
M019835,1
M016973,1
M019659,1
M028682,1
M001914,1
M014357,1
M024937,1
M008511,1
M060301,1
M020183,1
M081489,1
M085971,1
M028948,1
M023736,1
M073578,1
M087788,1
M004396,1
M015502,1
M008079,1
M006062,1
M007822,1
M006524,1
M026478,1
M005136,1
M086177,1
M088087,1
M028574,1
M034718,1
M100974,1
M016211,1
M030743,1
M004178,1
M026564,1
M049756,1
M032026,1
M004268,1
M008185,1
M037926,1
M001679,1
M032197,1
M042579,1
M040692,1
M039686,1
M010962,1
M003887,1
M005386,1
M041139,1
M022528,1
M000753,1
M028207,1
M021772,1
M056429,1
M025570,1
M028536,1
M004999,1
M018210,1
M045348,1
M004769,1
M002569,1
M018302,1
M014660,1
M003511,1
M034404,1
M038051,1
M045968,1
M007636,1
M094284,1
M006378,1
M038316,1
M016827,1
M033312,1
M003090,1
M023337,1
M011941,1
M021512,1
M017660,1
M018858,1
M032331,1
M028851,1
M069863,1
M017111,1
M021461,1
M036510,1
M017654,1
M073932,1
M072279,1
M013005,1
M007064,1
M070742,1
M093568,1
M040303,1
M042866,1
M047424,1
M078838,1
M099427,1
M074939,1
M099260,1
M018193,1
M059090,1
M087578,1
M010200,1
M018673,1
M004525,1
M038062,1
M028482,1
M075114,1
M065111,1
M017602,1
M023735,1
M061281,1
M087033,1
M032716,1
M099722,1
M015203,1
M007133,1
M018730,1
M016386,1
M038360,1
M038240,1
M050565,1
M006955,1
M014108,1
M022162,1
M016759,1
M000042,1
M024676,1
M013772,1
M028533,1
M030853,1
M014333,1
M003735,1
M003297,1
M012183,1
M013986,1
M045764,1
M021466,1
M014060,1
M038378,1
M027294,1
M050253,1
M004534,1
M015685,1
M019104,1
M065641,1
M056763,1
M043730,1
M046077,1
M052830,1
M081780,1
M010781,1
M026916,1
M073271,1
M041000,1
M025171,1
M056191,1
M035540,1
M000122,1
M037655,1
M027471,1
M046096,1
M014465,1
M037135,1
M020707,1
M017749,1
M067451,1
M025532,1
M020049,1
M083268,1
M101446,1
M087229,1
M085692,1
M047180,1
M018033,1
M008670,1
M062807,1
M021353,1
M080049,1
M010217,1
M016720,1
M089275,1
M098702,1
M039816,1
M027432,1
M089430,1
M017780,1
M030439,1
M012685,1
M026790,1
M071061,1
M007280,1
M021785,1
M010661,1
M019647,1
M021365,1
M006803,1
M008263,1
M076563,1
M014325,1
M011563,1
M092910,1
M071924,1
M023231,1
M022186,1
M031356,1
M019703,1
M025730,1
M018938,1
M035805,1
M055817,1
M001802,1
M073014,1
M008303,1
M018970,1
M005258,1
M023919,1
M080338,1
M041852,1
M006221,1
M066286,1
M100535,1
M057507,1
M061202,1
M083634,1
M083492,1
M030841,1
M099962,1
M045561,1
M079174,1
M006487,1
M071147,1
M037252,1
M035006,1
M025210,1
M056821,1
M002597,1
M014396,1
M005968,1
M094939,1
M054220,1
M065174,1
M097679,1
M090920,1
M037530,1
M022400,1
M012770,1
M024556,1
M021688,1
M022063,1
M043318,1
M060234,1
M053066,1
M009643,1
M030608,1
M031389,1
M006725,1
M014124,1
M016674,1
M029669,1
M037206,1
M043157,1
M027701,1
M020632,1
M003883,1
M032913,1
M024103,1
M039239,1
M033332,1
M007466,1
M008818,1
M032494,1
M058521,1
M088931,1
M004949,1
M011733,1
M011816,1
M087440,1
M045213,1
M008542,1
M008358,1
M011871,1
M098671,1
M049532,1
M011670,1
M030492,1
M000951,1
M065696,1
M069850,1
M028515,1
M008327,1
M002769,1
M007554,1
M001307,1
M006916,1
M049502,1
M005573,1
M039347,1
M095314,1
M076659,1
M002676,1
M079237,1
M012203,1
M036979,1
M001666,1
M070074,1
M012520,1
M011342,1
M011202,1
M057917,1
M078880,1
M004032,1
M008579,1
M007146,1
M089972,1
M049009,1
M011142,1
M038575,1
M086484,1
M011665,1
M098977,1
M044320,1
M032650,1
M047731,1
M013145,1
M098297,1
M075703,1
M021678,1
M004378,1
M010991,1
M004792,1
M020152,1
M011518,1
M007669,1
M008561,1
M012349,1
M085424,1
M064734,1
M002041,1
M011053,1
M013344,1
M002447,1
M045360,1
M016843,1
M021307,1
M009529,1
M096626,1
M018378,1
M015314,1
M055814,1
M055695,1
M001995,1
M013893,1
M037051,1
M017070,1
M025426,1
M028832,1
M031369,1
M009098,1
M026209,1
M006974,1
M023362,1
M073793,1
M077310,1
M010921,1
M011092,1
M019974,1
M078305,1
M010926,1
M096154,1
M076821,1
M066588,1
M035478,1
M029695,1
M027045,1
M006071,1
M022580,1
M017324,1
M067020,1
M022915,1
M054316,1
M081435,1
M045240,1
M072082,1
M007574,1
M085632,1
M062775,1
M026150,1
M006634,1
M021312,1
M080280,1
M091043,1
M086147,1
M024888,1
M006581,1
M020873,1
M014413,1
M078332,1
M017956,1
M028566,1
M008707,1
M030604,1
M007769,1
M051222,1
M000098,1
M047373,1
M016478,1
M014641,1
M024112,1
M010035,1
M004952,1
M011029,1
M066654,1
M070713,1
M098085,1
M057858,1
M021449,1
M005681,1
M010270,1
M048532,1
M057744,1
M016052,1
M041941,1
M007041,1
M020261,1
M099721,1
M056461,1
M016852,1
M034444,1
M048556,1
M058223,1
M036807,1
M007135,1
M097531,1
M032174,1
M018373,1
M026401,1
M028303,1
M004393,1
M008549,1
M024543,1
M021980,1
M068987,1
M049866,1
M016939,1
M016990,1
M006527,1
M010234,1
M015989,1
M021215,1
M012418,1
M036460,1
M031589,1
M015299,1
M081181,1
M089468,1
M018712,1
M010680,1
M004195,1
M006247,1
M003796,1
M025769,1
M021881,1
M026788,1
M022045,1
M039410,1
M035448,1
M085044,1
M018669,1
M020046,1
M062913,1
M082357,1
M025389,1
M031073,1
M027068,1
M049071,1
M004878,1
M015997,1
M025970,1
M005579,1
M024413,1
M016569,1
M063870,1
M010603,1
M030367,1
M012245,1
M015803,1
M098403,1
M036574,1
M096506,1
M081940,1
M013927,1
M034786,1
M020751,1
M006255,1
M085637,1
M004088,1
M009904,1
M100169,1
M078904,1
M062717,1
M019587,1
M006416,1
M023030,1
M090824,1
M041915,1
M002968,1
M072836,1
M068889,1
M001502,1
M006174,1
M019867,1
M015864,1
M033978,1
M011217,1
M021050,1
M011806,1
M027414,1
M020174,1
M014069,1
M020502,1
M012812,1
M014981,1
M022172,1
M089174,1
M015822,1
M011470,1
M008646,1
M025359,1
M010178,1
M010747,1
M004987,1
M005190,1
M039058,1
M056514,1
M027484,1
M037408,1
M045909,1
M067062,1
M046213,1
M077316,1
M028385,1
M003215,1
M024819,1
M022097,1
M078682,1
M061911,1
M010285,1
M033829,1
M037733,1
M082744,1
M052355,1
M003725,1
M084549,1
M086762,1
M017797,1
M026765,1
M057213,1
M022687,1
M008983,1
M085874,1
M012606,1
M011738,1
M005621,1
M059749,1
M086094,1
M086245,1
M040146,1
M015451,1
M026164,1
M043554,1
M061732,1
M012291,1
M000051,1
M006210,1
M006449,1
M006797,1
M027261,1
M042473,1
M012432,1
M100016,1
M044748,1
M075880,1
M016375,1
M046596,1
M009067,1
M077880,1
M012730,1
M049022,1
M022693,1
M077377,1
M051563,1
M046022,1
M016800,1
M058640,1
M012703,1
M001015,1
M008201,1
M008243,1
M064707,1
M005123,1
M004452,1
M072727,1
M019002,1
M011896,1
M033834,1
M046841,1
M028109,1
M054350,1
M003905,1
M017984,1
M016209,1
M065337,1
M092877,1
M033623,1
M065663,1
M044026,1
M074898,1
M087709,1
M065388,1
M013935,1
M039976,1
M012748,1
M014288,1
M020553,1
M019004,1
M003928,1
M003200,1
M002795,1
M018973,1
M025985,1
M030589,1
M021429,1
M075900,1
M057334,1
M017178,1
M005347,1
M020417,1
M016079,1
M009339,1
M040743,1
M013482,1
M079679,1
M010481,1
M020257,1
M057284,1
M033239,1
M061970,1
M028773,1
M013530,1
M023245,1
M017600,1
M008996,1
M063382,1
M019613,1
M002993,1
M007183,1
M092308,1
M047987,1
M056456,1
M016613,1
M064224,1
M020505,1
M064493,1
M041581,1
M023575,1
M022297,1
M021634,1
M026893,1
M058199,1
M089634,1
M072631,1
M064452,1
M011031,1
M100258,1
M094646,1
M094604,1
M003827,1
M017562,1
M002476,1
M006642,1
M022907,1
M012338,1
M081168,1
M079488,1
M014352,1
M019273,1
M020536,1
M006935,1
M054464,1
M012597,1
M061906,1
M019021,1
M023166,1
M033764,1
M003780,1
M072275,1
M039070,1
M045665,1
M054824,1
M079641,1
M032558,1
M006486,1
M030518,1
M067005,1
M063551,1
M027234,1
M010946,1
M036708,1
M077328,1
M089568,1
M002109,1
M007437,1
M003537,1
M035649,1
M020001,1
M002802,1
M003041,1
M022675,1
M025603,1
M015048,1
M009542,1
M001189,1
M022149,1
M083736,1
M063059,1
M081060,1
M021921,1
M003948,1
M089694,1
M018778,1
M003980,1
M060605,1
M081905,1
M006424,1
M005871,1
M046410,1
M026258,1
M091888,1
M068884,1
M087141,1
M030756,1
M002752,1
M030003,1
M014645,1
M025988,1
M006163,1
M016028,1
M008840,1
M022516,1
M018292,1
M016268,1
M022376,1
M012588,1
M019012,1
M022519,1
M060901,1
M101052,1
M056732,1
M093546,1
M009998,1
M022078,1
M095919,1
M015830,1
M021792,1
M003540,1
M028199,1
M012112,1
M049044,1
M081208,1
M013150,1
M026927,1
M091378,1
M024971,1
M002268,1
M023670,1
M079579,1
M098916,1
M094102,1
M056578,1
M053995,1
M003967,1
M020579,1
M004654,1
M019871,1
M006191,1
M094454,1
M089781,1
M053862,1
M004907,1
M022905,1
M095513,1
M089387,1
M075854,1
M026606,1
M035188,1
M029365,1
M051224,1
M004046,1
M006306,1
M007668,1
M087463,1
M016811,1
M010161,1
M056729,1
M020171,1
M014272,1
M063004,1
M098769,1
M056307,1
M100559,1
M038948,1
M006829,1
M073918,1
M001855,1
M036234,1
M021409,1
M049530,1
M004279,1
M011257,1
M085689,1
M014137,1
M001097,1
M007569,1
M003530,1
M072126,1
M055013,1
M095021,1
M051418,1
M017107,1
M023730,1
M097029,1
M025345,1
M021789,1
M041288,1
M007714,1
M015550,1
M028300,1
M022829,1
M028454,1
M014533,1
M028416,1
M010748,1
M021434,1
M066130,1
M093074,1
M000110,1
M082282,1
M025271,1
M042205,1
M064036,1
M020609,1
M078370,1
M014250,1
M006202,1
M014123,1
M057577,1
M003020,1
M033179,1
M031748,1
M016810,1
M074325,1
M010289,1
M020525,1
M016325,1
M018665,1
M025964,1
M013809,1
M024086,1
M014435,1
M058533,1
M096368,1
M095291,1
M004040,1
M016649,1
M020166,1
M096474,1
M034188,1
M003377,1
M006696,1
M002654,1
M025484,1
M016169,1
M009286,1
M076372,1
M001451,1
M003550,1
M096938,1
M037686,1
M011392,1
M097963,1
M043976,1
M013716,1
M028173,1
M035681,1
M040292,1
M010428,1
M015766,1
M009539,1
M001658,1
M060426,1
M014809,1
M075082,1
M014261,1
M008473,1
M026818,1
M029041,1
M019968,1
M098750,1
M015374,1
M016808,1
M012175,1
M035994,1
M007595,1
M035823,1
M035851,1
M040644,1
M067613,1
M075555,1
M031051,1
M018845,1
M027922,1
M016393,1
M080393,1
M008119,1
M037639,1
M005457,1
M052147,1
M022458,1
M045244,1
M085251,1
M045568,1
M033243,1
M021515,1
M033905,1
M019484,1
M003845,1
M005520,1
M093735,1
M000768,1
M003729,1
M066728,1
M009839,1
M003747,1
M016109,1
M031025,1
M004681,1
M049970,1
M067615,1
M006451,1
M072240,1
M026139,1
M077980,1
M043388,1
M069857,1
M010258,1
M012384,1
M078239,1
M100920,1
M076517,1
M085329,1
M082161,1
M005604,1
M015452,1
M008002,1
M064654,1
M043205,1
M043815,1
M018311,1
M010119,1
M005906,1
M051854,1
M003816,1
M061068,1
M005282,1
M016559,1
M052515,1
M065569,1
M005090,1
M000977,1
M098366,1
M000427,1
M010804,1
M099918,1
M039107,1
M036702,1
M019812,1
M063254,1
M040401,1
M014592,1
M014061,1
M037210,1
M027482,1
M003785,1
M037767,1
M029442,1
M094945,1
M014276,1
M006052,1
M016675,1
M009607,1
M019298,1
M001536,1
M012313,1
M000801,1
M034738,1
M006086,1
M012027,1
M067815,1
M008901,1
M022202,1
M058192,1
M077727,1
M062950,1
M004518,1
M006320,1
M026101,1
M004705,1
M056618,1
M011438,1
M060208,1
M010281,1
M006554,1
M018655,1
M090953,1
M057274,1
M096372,1
M067872,1
M101400,1
M085846,1
M078776,1
M048107,1
M026758,1
M004273,1
M013939,1
M017131,1
M043225,1
M026535,1
M007356,1
M040762,1
M024908,1
M035284,1
M018720,1
M013255,1
M004527,1
M081889,1
M052411,1
M013122,1
M050664,1
M019288,1
M049788,1
M011128,1
M014259,1
M033934,1
M010678,1
M059186,1
M055557,1
M013006,1
M006983,1
M018234,1
M015304,1
M050158,1
M024816,1
M003151,1
M036043,1
M018926,1
M019334,1
M024614,1
M032867,1
M038901,1
M022887,1
M051421,1
M085994,1
M009661,1
M027862,1
M002961,1
M006995,1
M017860,1
M011242,1
M017845,1
M002284,1
M089629,1
M081484,1
M087537,1
M051558,1
M051601,1
M008599,1
M030783,1
M090182,1
M041335,1
M068230,1
M092220,1
M010074,1
M046705,1
M024670,1
M013186,1
M005008,1
M015522,1
M024597,1
M039427,1
M011542,1
M009031,1
M049434,1
M062362,1
M016822,1
M003048,1
M088338,1
M030229,1
M028911,1
M002727,1
M000211,1
M020364,1
M021010,1
M085820,1
M050579,1
M083084,1
M044682,1
M020296,1
M014847,1
M015010,1
M071360,1
M077034,1
M001603,1
M038780,1
M086342,1
M007653,1
M033134,1
M040122,1
M001148,1
M033953,1
M038850,1
M012144,1
M025315,1
M081488,1
M071136,1
M080193,1
M000816,1
M000411,1
M011014,1
M070909,1
M013959,1
M014418,1
M014874,1
M011843,1
M044950,1
M069749,1
M080439,1
M099399,1
M024339,1
M015781,1
M015731,1
M052618,1
M014392,1
M047638,1
M019783,1
M042950,1
M075052,1
M091794,1
M072120,1
M007023,1
M095353,1
M047183,1
M035395,1
M033426,1
M036264,1
M044541,1
M011454,1
M003788,1
M015958,1
M002000,1
M036944,1
M011593,1
M016094,1
M023895,1
M055741,1
M051654,1
M016824,1
M097144,1
M070656,1
M056309,1
M032731,1
M036571,1
M004271,1
M004894,1
M069449,1
M000459,1
M000499,1
M018766,1
M098158,1
M096801,1
M073119,1
M056513,1
M016081,1
M028666,1
M073216,1
M036064,1
M034020,1
M034133,1
M063032,1
M015280,1
M076744,1
M089501,1
M023314,1
M052597,1
M027352,1
M064383,1
M011065,1
M014450,1
M070329,1
M020101,1
M042660,1
M002627,1
M009676,1
M030554,1
M027458,1
M004836,1
M100480,1
M008504,1
M017126,1
M029303,1
M066413,1
M069542,1
M027197,1
M080292,1
M055558,1
M022087,1
M005118,1
M033722,1
M057317,1
M020065,1
M062092,1
M080369,1
M048131,1
M012267,1
M036759,1
M025657,1
M095614,1
M097561,1
M005342,1
M041379,1
M037212,1
M020946,1
M071804,1
M013174,1
M008776,1
M060273,1
M009133,1
M026068,1
M024410,1
M000324,1
M022069,1
M011414,1
M022085,1
M066219,1
M051244,1
M018046,1
M023632,1
M022414,1
M029539,1
M061749,1
M098475,1
M044757,1
M092793,1
M008904,1
M028672,1
M035325,1
M010367,1
M089636,1
M097307,1
M094675,1
M097776,1
M025255,1
M017548,1
M007946,1
M094356,1
M043536,1
M001205,1
M019826,1
M052303,1
M008742,1
M086562,1
M045527,1
M098245,1
M009602,1
M037131,1
M015682,1
M018996,1
M041893,1
M088161,1
M040353,1
M006042,1
M010224,1
M027978,1
M038012,1
M096804,1
M036471,1
M097031,1
M086520,1
M060914,1
M085291,1
M060057,1
M049314,1
M039784,1
M021854,1
M079858,1
M085140,1
M064442,1
M100375,1
M018377,1
M012419,1
M024421,1
M024167,1
M004082,1
M057439,1
M011481,1
M044169,1
M012820,1
M034463,1
M013955,1
M080573,1
M071310,1
M013143,1
M040120,1
M003368,1
M018817,1
M032199,1
M022235,1
M088217,1
M053587,1
M015710,1
M028527,1
M044432,1
M031324,1
M071718,1
M045879,1
M010732,1
M043971,1
M018035,1
M059710,1
M004282,1
M066212,1
M024870,1
M019658,1
M092042,1
M056183,1
M052021,1
M031020,1
M011992,1
M010763,1
M043781,1
M080017,1
M021313,1
M060310,1
M026004,1
M086145,1
M052550,1
M055295,1
M017718,1
M070282,1
M066031,1
M021354,1
M070565,1
M070626,1
M100501,1
M002922,1
M023415,1
M053471,1
M021750,1
M011511,1
M023169,1
M006752,1
M033227,1
M061672,1
M046656,1
M069968,1
M038906,1
M010293,1
M025028,1
M011077,1
M032320,1
M004275,1
M058730,1
M019237,1
M018173,1
M012592,1
M012318,1
M024868,1
M020689,1
M026592,1
M017808,1
M028282,1
M011629,1
M088119,1
M020545,1
M020584,1
M038837,1
M061536,1
M005504,1
M033044,1
M050668,1
M011111,1
M010188,1
M012835,1
M012511,1
M032837,1
M066910,1
M038192,1
M024342,1
M038125,1
M066933,1
M089858,1
M021820,1
M034473,1
M090646,1
M067042,1
M022721,1
M029782,1
M019811,1
M014050,1
M052521,1
M053864,1
M043295,1
M083791,1
M012080,1
M024520,1
M030256,1
M080223,1
M012252,1
M099437,1
M023550,1
M081570,1
M052419,1
M014575,1
M010941,1
M010225,1
M070292,1
M049291,1
M017155,1
M092659,1
M003583,1
M062193,1
M082410,1
M086031,1
M082366,1
M022775,1
M083922,1
M041990,1
M040583,1
M021751,1
M044382,1
M057524,1
M101615,1
M100692,1
M075227,1
M072010,1
M025656,1
M086831,1
M002981,1
M069835,1
M035937,1
M081792,1
M006196,1
M023700,1
M006728,1
M001741,1
M020147,1
M019696,1
M009997,1
M058636,1
M094792,1
M073810,1
M057368,1
M088609,1
M047640,1
M013549,1
M079421,1
M050385,1
M093310,1
M061886,1
M020378,1
M001551,1
M057644,1
M085034,1
M077545,1
M008912,1
M016350,1
M020653,1
M014438,1
M011467,1
M007158,1
M024028,1
M089513,1
M044136,1
M001483,1
M031526,1
M077556,1
M062021,1
M008863,1
M030424,1
M071400,1
M069759,1
M050800,1
M071492,1
M043228,1
M014673,1
M035748,1
M005674,1
M002623,1
M085300,1
M086552,1
M092540,1
M012953,1
M036408,1
M086472,1
M009576,1
M047351,1
M044704,1
M023050,1
M068871,1
M096396,1
M079702,1
M036631,1
M011496,1
M068582,1
M094452,1
M037161,1
M063906,1
M014781,1
M024708,1
M096689,1
M064319,1
M006869,1
M016580,1
M008222,1
M010440,1
M051219,1
M067890,1
M052775,1
M007735,1
M006256,1
M021166,1
M017008,1
M018110,1
M020794,1
M030575,1
M032965,1
M025703,1
M030731,1
M031414,1
M039013,1
M003344,1
M003008,1
M090166,1
M010619,1
M003097,1
M064960,1
M024618,1
M058312,1
M101304,1
M019804,1
M018971,1
M028724,1
M036765,1
M057093,1
M081844,1
M023967,1
M028149,1
M015696,1
M063097,1
M085620,1
M059002,1
M080601,1
M002448,1
M082967,1
M057851,1
M012932,1
M010433,1
M003240,1
M004497,1
M008117,1
M058724,1
M011614,1
M073482,1
M017858,1
M013127,1
M016192,1
M002423,1
M072052,1
M063738,1
M032194,1
M027075,1
M058866,1
M024799,1
M001012,1
M001244,1
M041753,1
M086103,1
M060965,1
M007110,1
M077420,1
M065265,1
M021345,1
M057016,1
M002906,1
M035377,1
M011838,1
M082053,1
M017550,1
M060712,1
M008130,1
M006925,1
M073987,1
M019110,1
M005788,1
M079255,1
M077885,1
M001614,1
M019493,1
M061021,1
M057318,1
M074378,1
M087960,1
M010750,1
M021898,1
M070668,1
M020681,1
M038283,1
M096102,1
M077226,1
M078770,1
M034921,1
M090778,1
M021710,1
M023170,1
M058880,1
M074090,1
M042639,1
M092542,1
M010906,1
M000570,1
M005376,1
M014077,1
M012308,1
M037931,1
M022165,1
M017773,1
M021069,1
M015485,1
M059249,1
M015137,1
M007856,1
M020649,1
M054176,1
M013488,1
M004506,1
M085967,1
M078384,1
M012239,1
M019648,1
M067734,1
M008116,1
M019841,1
M059376,1
M064201,1
M010724,1
M024268,1
M028858,1
M026525,1
M025630,1
M034142,1
M015817,1
M007791,1
M041892,1
M007696,1
M005672,1
M007211,1
M022795,1
M084032,1
M081661,1
M003332,1
M031164,1
M034405,1
M064270,1
M015124,1
M059901,1
M073089,1
M098872,1
M072283,1
M024225,1
M017448,1
M009500,1
M018480,1
M016807,1
M033240,1
M022508,1
M020356,1
M008955,1
M009673,1
M003084,1
M013794,1
M019742,1
M101106,1
M057311,1
M026760,1
M017037,1
M026618,1
M004156,1
M016902,1
M008422,1
M070727,1
M076573,1
M046959,1
M013627,1
M003480,1
M005503,1
M004828,1
M027446,1
M086545,1
M014311,1
M008478,1
M076352,1
M024411,1
M018975,1
M012838,1
M004144,1
M020466,1
M007816,1
M007935,1
M026132,1
M005067,1
M017255,1
M084617,1
M020221,1
M089287,1
M041418,1
M087721,1
M058004,1
M028637,1
M035900,1
M074261,1
M100926,1
M083608,1
M082212,1
M021443,1
M008499,1
M010268,1
M069057,1
M091798,1
M089543,1
M028062,1
M011127,1
M033770,1
M029083,1
M010237,1
M005256,1
M039129,1
M054717,1
M006769,1
M023102,1
M097622,1
M011947,1
M010011,1
M040898,1
M064158,1
M064840,1
M014700,1
M016535,1
M009646,1
M001139,1
M000984,1
M016414,1
M016737,1
M014344,1
M076385,1
M093325,1
M009803,1
M005582,1
M062011,1
M086087,1
M082950,1
M038588,1
M021417,1
M021639,1
M011501,1
M014042,1
M017499,1
M012728,1
M020072,1
M026898,1
M055052,1
M098492,1
M072925,1
M019192,1
M015111,1
M030786,1
M030994,1
M024302,1
M093824,1
M003057,1
M060314,1
M078070,1
M019642,1
M040339,1
M028958,1
M011767,1
M004580,1
M029405,1
M015701,1
M005111,1
M076002,1
M010541,1
M017046,1
M053595,1
M076917,1
M020103,1
M014731,1
M057747,1
M092088,1
M060787,1
M036094,1
M068737,1
M014182,1
M066764,1
M010585,1
M014143,1
M044809,1
M004101,1
M031248,1
M079336,1
M036890,1
M081860,1
M010579,1
M008381,1
M023018,1
M098143,1
M093783,1
M056779,1
M024652,1
M014619,1
M023340,1
M000865,1
M008560,1
M029116,1
M065776,1
M014282,1
M020886,1
M008925,1
M054522,1
M056290,1
M070731,1
M028424,1
M008231,1
M049774,1
M026467,1
M028573,1
M032681,1
M011560,1
M004685,1
M024761,1
M099908,1
M038671,1
M009348,1
M027716,1
M089747,1
M022941,1
M079252,1
M017786,1
M003395,1
M005732,1
M012093,1
M085195,1
M012119,1
M036555,1
M081667,1
M086962,1
M005931,1
M082646,1
M028008,1
M045473,1
M050132,1
M025944,1
M030571,1
M020019,1
M011270,1
M041682,1
M052954,1
M009145,1
M048261,1
M075029,1
M002952,1
M012541,1
M033902,1
M081804,1
M020930,1
M062707,1
M054898,1
M005343,1
M076768,1
M044313,1
M027714,1
M022756,1
M048640,1
M023357,1
M022061,1
M034664,1
M080802,1
M004680,1
M002211,1
M052314,1
M083141,1
M011904,1
M008134,1
M070350,1
M002442,1
M039258,1
M053575,1
M021485,1
M028901,1
M028887,1
M060754,1
M101303,1
M094736,1
M051514,1
M032694,1
M062017,1
M061069,1
M026779,1
M073536,1
M083516,1
M006047,1
M100521,1
M005435,1
M021869,1
M005453,1
M082048,1
M068710,1
M071843,1
M060185,1
M061423,1
M051332,1
M015067,1
M004454,1
M039338,1
M086855,1
M040707,1
M069746,1
M006343,1
M074409,1
M017855,1
M063729,1
M005494,1
M034525,1
M078088,1
M083033,1
M006029,1
M028027,1
M003246,1
M062897,1
M072102,1
M004900,1
M016789,1
M048046,1
M089008,1
M020015,1
M040969,1
M098810,1
M032097,1
M063538,1
M023457,1
M077754,1
M021676,1
M017161,1
M048733,1
M014950,1
M018079,1
M069411,1
M068580,1
M028688,1
M067022,1
M064072,1
M049290,1
M040069,1
M025301,1
M043803,1
M007687,1
M020401,1
M024701,1
M007006,1
M007208,1
M005441,1
M010366,1
M018259,1
M007655,1
M018487,1
M012479,1
M024325,1
M026272,1
M011577,1
M011120,1
M069155,1
M018458,1
M023979,1
M075273,1
M089322,1
M017892,1
M037945,1
M019868,1
M008466,1
M074851,1
M069094,1
M019271,1
M099673,1
M006848,1
M020242,1
M092315,1
M082002,1
M075683,1
M022766,1
M098310,1
M030257,1
M001785,1
M027894,1
M026769,1
M074703,1
M085878,1
M040980,1
M010056,1
M007722,1
M024350,1
M088394,1
M079171,1
M080883,1
M065801,1
M022026,1
M003857,1
M095158,1
M079999,1
M061363,1
M043520,1
M009227,1
M084206,1
M053725,1
M088700,1
M018745,1
M016772,1
M035660,1
M028423,1
M018767,1
M032996,1
M088051,1
M020182,1
M041889,1
M091303,1
M016829,1
M012569,1
M015172,1
M008853,1
M019664,1
M021603,1
M007237,1
M025731,1
M091537,1
M048819,1
M008046,1
M067073,1
M101146,1
M001956,1
M027638,1
M005398,1
M009027,1
M034668,1
M035561,1
M036306,1
M035303,1
M034672,1
M016310,1
M013873,1
M014715,1
M018691,1
M010789,1
M011655,1
M039510,1
M026649,1
M087815,1
M016332,1
M009177,1
M033224,1
M015129,1
M038279,1
M046453,1
M074508,1
M022769,1
M020777,1
M022035,1
M010323,1
M006899,1
M069939,1
M006326,1
M068441,1
M037312,1
M095985,1
M007832,1
M009029,1
M022882,1
M099172,1
M077104,1
M025403,1
M018405,1
M004861,1
M018685,1
M040408,1
M091235,1
M039890,1
M078615,1
M026619,1
M018124,1
M007102,1
M024078,1
M083012,1
M009870,1
M045772,1
M002747,1
M090031,1
M011098,1
M074519,1
M016934,1
M029165,1
M013225,1
M003429,1
M031590,1
M096495,1
M036470,1
M069994,1
M002970,1
M045849,1
M041495,1
M034666,1
M037101,1
M081085,1
M098208,1
M043253,1
M026932,1
M055874,1
M068330,1
M021534,1
M017743,1
M081970,1
M009619,1
M050191,1
M035742,1
M038390,1
M037388,1
M017047,1
M025509,1
M002837,1
M005829,1
M009586,1
M073330,1
M067087,1
M022452,1
M034065,1
M085563,1
M049385,1
M021759,1
M083289,1
M086821,1
M038796,1
M041967,1
M014682,1
M034075,1
M033538,1
M047128,1
M052072,1
M008146,1
M023932,1
M099568,1
M076156,1
M079939,1
M018667,1
M007210,1
M003869,1
M025649,1
M030494,1
M069291,1
M089254,1
M074706,1
M051239,1
M044992,1
M075645,1
M011312,1
M019972,1
M039773,1
M022850,1
M084513,1
M041822,1
M061715,1
M058980,1
M088170,1
M031596,1
M010479,1
M011677,1
M022479,1
M022812,1
M016712,1
M083082,1
M019029,1
M012167,1
M002705,1
M063543,1
M008951,1
M029486,1
M016009,1
M017069,1
M035807,1
M073483,1
M001611,1
M026543,1
M021851,1
M017431,1
M011070,1
M026843,1
M025975,1
M068465,1
M091340,1
M055905,1
M015712,1
M100471,1
M052270,1
M022130,1
M023732,1
M091766,1
M014469,1
M016653,1
M011994,1
M013445,1
M035602,1
M052914,1
M044425,1
M014461,1
M032891,1
M018242,1
M020837,1
M012648,1
M000496,1
M067014,1
M005216,1
M013098,1
M004309,1
M068437,1
M042593,1
M070826,1
M046327,1
M001943,1
M095153,1
M011515,1
M013824,1
M025293,1
M034224,1
M031081,1
M027962,1
M090073,1
M004617,1
M091488,1
M070312,1
M070904,1
M025125,1
M026476,1
M003493,1
M008743,1
M005852,1
M089526,1
M065788,1
M009170,1
M098030,1
M039623,1
M052967,1
M034783,1
M068755,1
M034595,1
M007258,1
M019189,1
M003490,1
M017373,1
M043980,1
M035049,1
M079317,1
M016817,1
M018452,1
M003648,1
M001516,1
M018397,1
M002104,1
M063437,1
M023164,1
M093467,1
M071069,1
M100095,1
M004500,1
M013582,1
M020093,1
M045600,1
M086604,1
M030923,1
M032734,1
M081392,1
M047998,1
M014211,1
M000637,1
M000543,1
M026172,1
M099958,1
M086374,1
M019878,1
M094125,1
M065855,1
M052620,1
M043304,1
M016744,1
M003312,1
M020858,1
M002825,1
M019052,1
M031650,1
M059109,1
M015745,1
M001669,1
M008614,1
M001440,1
M022325,1
M003777,1
M014617,1
M012138,1
M005325,1
M047495,1
M083463,1
M074213,1
M019507,1
M028178,1
M007153,1
M026183,1
M010903,1
M041443,1
M037152,1
M049246,1
M017844,1
M077031,1
M089912,1
M040630,1
M027254,1
M058139,1
M003184,1
M042441,1
M039632,1
M008302,1
M036699,1
M037942,1
M004089,1
M014240,1
M007276,1
M056891,1
M015037,1
M009506,1
M001636,1
M000800,1
M071308,1
M085829,1
M041189,1
M019049,1
M024910,1
M028119,1
M030582,1
M009496,1
M043576,1
M031740,1
M087411,1
M027447,1
M002762,1
M035665,1
M018440,1
M092298,1
M013206,1
M019401,1
M024777,1
M041412,1
M013656,1
M053890,1
M047637,1
M050090,1
M006907,1
M014664,1
M004020,1
M029890,1
M012043,1
M007078,1
M029477,1
M034134,1
M019629,1
M023649,1
M088412,1
M038725,1
M020954,1
M049760,1
M026156,1
M044883,1
M019257,1
M009013,1
M008066,1
M026804,1
M017705,1
M096712,1
M036830,1
M049628,1
M037215,1
M007863,1
M008721,1
M019432,1
M025018,1
M004726,1
M008041,1
M009983,1
M020575,1
M007165,1
M010374,1
M003894,1
M007711,1
M020332,1
M048666,1
M071423,1
M006292,1
M032427,1
M002213,1
M018943,1
M001415,1
M025654,1
M015385,1
M014897,1
M027061,1
M083030,1
M055677,1
M039787,1
M034124,1
M079088,1
M023198,1
M055951,1
M068098,1
M008529,1
M040821,1
M066591,1
M034953,1
M020039,1
M086544,1
M066967,1
M008590,1
M075704,1
M069010,1
M011218,1
M030785,1
M012470,1
M006035,1
M001726,1
M061683,1
M053204,1
M022077,1
M047326,1
M024806,1
M086125,1
M009079,1
M004348,1
M036277,1
M020121,1
M012327,1
M002323,1
M012865,1
M036677,1
M034902,1
M057096,1
M005874,1
M012975,1
M000291,1
M033019,1
M019095,1
M025219,1
M015838,1
M076775,1
M021822,1
M005337,1
M088979,1
M076726,1
M011170,1
M027804,1
M054405,1
M041710,1
M054462,1
M074415,1
M012260,1
M036929,1
M053589,1
M038348,1
M090876,1
M001613,1
M060313,1
M014507,1
M022673,1
M013495,1
M061462,1
M012082,1
M010138,1
M013116,1
M020703,1
M032451,1
M000181,1
M057718,1
M029117,1
M033319,1
M060854,1
M009809,1
M001491,1
M034422,1
M019872,1
M054883,1
M006784,1
M017367,1
M070118,1
M037285,1
M048326,1
M076687,1
M018073,1
M060759,1
M006450,1
M060193,1
M047989,1
M022896,1
M017947,1
M004272,1
M053199,1
M059554,1
M010551,1
M021269,1
M026552,1
M099214,1
M053663,1
M050211,1
M004532,1
M017459,1
M036044,1
M008888,1
M016345,1
M017291,1
M019005,1
M010822,1
M003370,1
M038834,1
M029660,1
M099993,1
M020145,1
M025869,1
M011490,1
M021837,1
M008432,1
M002924,1
M009739,1
M020972,1
M022751,1
M024187,1
M011944,1
M031587,1
M005756,1
M009786,1
M004018,1
M025803,1
M010417,1
M022962,1
M016705,1
M034058,1
M028916,1
M080339,1
M050853,1
M092201,1
M004340,1
M005173,1
M035921,1
M097512,1
M057322,1
M094577,1
M015816,1
M045843,1
M087654,1
M012751,1
M020620,1
M063837,1
M006502,1
M007773,1
M069582,1
M025989,1
M015819,1
M010247,1
M040260,1
M074630,1
M012968,1
M066690,1
M039653,1
M012248,1
M012077,1
M019503,1
M052633,1
M020635,1
M011950,1
M006932,1
M086278,1
M018455,1
M044469,1
M045217,1
M006967,1
M012230,1
M046518,1
M062026,1
M004226,1
M089620,1
M068419,1
M030457,1
M029564,1
M049411,1
M058414,1
M058641,1
M002743,1
M073154,1
M096055,1
M072779,1
M055797,1
M000863,1
M068955,1
M007965,1
M012887,1
M025419,1
M017839,1
M015888,1
M040180,1
M003685,1
M018470,1
M043849,1
M090438,1
M012510,1
M015283,1
M012426,1
M035691,1
M092875,1
M023484,1
M011575,1
M030985,1
M096247,1
M043711,1
M003978,1
M010412,1
M019829,1
M062886,1
M100359,1
M093027,1
M053746,1
M005618,1
M025137,1
M020293,1
M010573,1
M013266,1
M011074,1
M015222,1
M002173,1
M023044,1
M010945,1
M025711,1
M096390,1
M012673,1
M007950,1
M010429,1
M034118,1
M054607,1
M020324,1
M004284,1
M052668,1
M053350,1
M053845,1
M009842,1
M019319,1
M020623,1
M041569,1
M078367,1
M037901,1
M048975,1
M034661,1
M022127,1
M073962,1
M049952,1
M051260,1
M024933,1
M098833,1
M043426,1
M013887,1
M017807,1
M026312,1
M016319,1
M031897,1
M013453,1
M031167,1
M028474,1
M024628,1
M064889,1
M049880,1
M006212,1
M001598,1
M019735,1
M013243,1
M099538,1
M083981,1
M070763,1
M027377,1
M007057,1
M028144,1
M036035,1
M027392,1
M017143,1
M010055,1
M005816,1
M015008,1
M011451,1
M010206,1
M028543,1
M072642,1
M002843,1
M061224,1
M069275,1
M043952,1
M052312,1
M024071,1
M008899,1
M016577,1
M040995,1
M086040,1
M036182,1
M043317,1
M006057,1
M010456,1
M009297,1
M027949,1
M019802,1
M008059,1
M088649,1
M001200,1
M022948,1
M028239,1
M027652,1
M034306,1
M024981,1
M015526,1
M073461,1
M079938,1
M054881,1
M017140,1
M048346,1
M029487,1
M015846,1
M020258,1
M046537,1
M027608,1
M035556,1
M097036,1
M058188,1
M092138,1
M075604,1
M075675,1
M051520,1
M000164,1
M013822,1
M048339,1
M004955,1
M095520,1
M091402,1
M096896,1
M001749,1
M092055,1
M020673,1
M005990,1
M026125,1
M006429,1
M062119,1
M051357,1
M032068,1
M029249,1
M022011,1
M026504,1
M063238,1
M094790,1
M034851,1
M034303,1
M018942,1
M050501,1
M020986,1
M051060,1
M063252,1
M060550,1
M076522,1
M017055,1
M016545,1
M042617,1
M068482,1
M004329,1
M018381,1
M027040,1
M009051,1
M023805,1
M041326,1
M064212,1
M040332,1
M018330,1
M023447,1
M013882,1
M050063,1
M009727,1
M016144,1
M074718,1
M075647,1
M009805,1
M018781,1
M077522,1
M010068,1
M014147,1
M018959,1
M015748,1
M087989,1
M051665,1
M013172,1
M068150,1
M066886,1
M022663,1
M032609,1
M001511,1
M045921,1
M030954,1
M026935,1
M021013,1
M029371,1
M018722,1
M033359,1
M078976,1
M050195,1
M014207,1
M011809,1
M013811,1
M005487,1
M027169,1
M018768,1
M049701,1
M060957,1
M059004,1
M059568,1
M087396,1
M008443,1
M011945,1
M056671,1
M002189,1
M078803,1
M082743,1
M008636,1
M036517,1
M041193,1
M003566,1
M013284,1
M008097,1
M023071,1
M010518,1
M002832,1
M002649,1
M005444,1
M025162,1
M025976,1
M048369,1
M099456,1
M015058,1
M100757,1
M099800,1
M020731,1
M026137,1
M082773,1
M014999,1
M054744,1
M009864,1
M070100,1
M021195,1
M020359,1
M009157,1
M010441,1
M045814,1
M100907,1
M013112,1
M016716,1
M004187,1
M022354,1
M005988,1
M069854,1
M074043,1
M085631,1
M100902,1
M017002,1
M019448,1
M051355,1
M062583,1
M067151,1
M092361,1
M034752,1
M033666,1
M040966,1
M043681,1
M049773,1
M063860,1
M075752,1
M066202,1
M035578,1
M015262,1
M027329,1
M055026,1
M039134,1
M010302,1
M015265,1
M020232,1
M012367,1
M030597,1
M097417,1
M060741,1
M067901,1
M032682,1
M004368,1
M017672,1
M087089,1
M047523,1
M064612,1
M018801,1
M051508,1
M070734,1
M082394,1
M064408,1
M064404,1
M071127,1
M041124,1
M012071,1
M081206,1
M084364,1
M071115,1
M064673,1
M041910,1
M049815,1
M089392,1
M006377,1
M099627,1
M023255,1
M019349,1
M027070,1
M029841,1
M024690,1
M067509,1
M086559,1
M093329,1
M029048,1
M081287,1
M081081,1
M064875,1
M033754,1
M023308,1
M050018,1
M027898,1
M008611,1
M009061,1
M069452,1
M082378,1
M035310,1
M034094,1
M027916,1
M074990,1
M065574,1
M073361,1
M071840,1
M081460,1
M006529,1
M072579,1
M006068,1
M018668,1
M023180,1
M016165,1
M017620,1
M004455,1
M059260,1
M024170,1
M004888,1
M004036,1
M014334,1
M001984,1
M009959,1
M020602,1
M051785,1
M015472,1
M044200,1
M100365,1
M083282,1
M014714,1
M031067,1
M010121,1
M013915,1
M027591,1
M008040,1
M001709,1
M017508,1
M008687,1
M021832,1
M021047,1
M022049,1
M021574,1
M015426,1
M004917,1
M068653,1
M047734,1
M039943,1
M075439,1
M076746,1
M068866,1
M039718,1
M006570,1
M041493,1
M033238,1
M061012,1
M019694,1
M065440,1
M057281,1
M042317,1
M089276,1
M037568,1
M026493,1
M005533,1
M021285,1
M017997,1
M011567,1
M013316,1
M018194,1
M010006,1
M094353,1
M048463,1
M073824,1
M016908,1
M023392,1
M020680,1
M018531,1
M064881,1
M012302,1
M023293,1
M018758,1
M015969,1
M021509,1
M033810,1
M022840,1
M010974,1
M099131,1
M047614,1
M046271,1
M031542,1
M004514,1
M008886,1
M021430,1
M057092,1
M020600,1
M012924,1
M018043,1
M014553,1
M065711,1
M024849,1
M013651,1
M048538,1
M059138,1
M008831,1
M011246,1
M029850,1
M030078,1
M013648,1
M015071,1
M001236,1
M098984,1
M062939,1
M005506,1
M061806,1
M009992,1
M050558,1
M030100,1
M010358,1
M026846,1
M028405,1
M067448,1
M038222,1
M027273,1
M016875,1
M003817,1
M091193,1
M037969,1
M034183,1
M039287,1
M008793,1
M018491,1
M059629,1
M021295,1
M035993,1
M012853,1
M003088,1
M029255,1
M067660,1
M095691,1
M062134,1
M026637,1
M034662,1
M017352,1
M053973,1
M039835,1
M052471,1
M066681,1
M016139,1
M024638,1
M017103,1
M035494,1
M008942,1
M005606,1
M004557,1
M014164,1
M018564,1
M042014,1
M024803,1
M026026,1
M065211,1
M073574,1
M046123,1
M097801,1
M034693,1
M037144,1
M036919,1
M003114,1
M031664,1
M009260,1
M067361,1
M026203,1
M080809,1
M078565,1
M095381,1
M089286,1
M056852,1
M013285,1
M017220,1
M021065,1
M028855,1
M029328,1
M061178,1
M018485,1
M018956,1
M064792,1
M039944,1
M090111,1
M020832,1
M012608,1
M035696,1
M017382,1
M014264,1
M029431,1
M012478,1
M027646,1
M022340,1
M039567,1
M043179,1
M082529,1
M065020,1
M010485,1
M024264,1
M022916,1
M013253,1
M055876,1
M056688,1
M048481,1
M002453,1
M010327,1
M066805,1
M020108,1
M049475,1
M040544,1
M043621,1
M037794,1
M031494,1
M014637,1
M033279,1
M046184,1
M091046,1
M087995,1
M050083,1
M022424,1
M059466,1
M032593,1
M017605,1
M032663,1
M062509,1
M048041,1
M025201,1
M013381,1
M011688,1
M038236,1
M028534,1
M044725,1
M002107,1
M026735,1
M024746,1
M043679,1
M051169,1
M078320,1
M018864,1
M017258,1
M002918,1
M099411,1
M000361,1
M015298,1
M009725,1
M065496,1
M006662,1
M011562,1
M046637,1
M037803,1
M019627,1
M002237,1
M033561,1
M028264,1
M033560,1
M021969,1
M021922,1
M004991,1
M004961,1
M002568,1
M002828,1
M046097,1
M077939,1
M030637,1
M037316,1
M001514,1
M004315,1
M057256,1
M024802,1
M012814,1
M007624,1
M024219,1
M023996,1
M009850,1
M020193,1
M019745,1
M006891,1
M057219,1
M016450,1
M028677,1
M021714,1
M042080,1
M009537,1
M076534,1
M004244,1
M003224,1
M076003,1
M026551,1
M019489,1
M083527,1
M040621,1
M096143,1
M022893,1
M021445,1
M024867,1
M013940,1
M064934,1
M056423,1
M084243,1
M023007,1
M021979,1
M013640,1
M015581,1
M014834,1
M037539,1
M021707,1
M002541,1
M002682,1
M008082,1
M036893,1
M076512,1
M008129,1
M070075,1
M017408,1
M010029,1
M060846,1
M006107,1
M049174,1
M051988,1
M060929,1
M002737,1
M021581,1
M051758,1
M068896,1
M014657,1
M011036,1
M022384,1
M011437,1
M066359,1
M045822,1
M008050,1
M008585,1
M011010,1
M010328,1
M019396,1
M025335,1
M027320,1
M094324,1
M055362,1
M020728,1
M064958,1
M060769,1
M006345,1
M022611,1
M089611,1
M054302,1
M066992,1
M013948,1
M002138,1
M056588,1
M012709,1
M044223,1
M041410,1
M022068,1
M022752,1
M016682,1
M004128,1
M013871,1
M001901,1
M015767,1
M025625,1
M034242,1
M093218,1
M061015,1
M021871,1
M095368,1
M042894,1
M016666,1
M017454,1
M035023,1
M014699,1
M041123,1
M094204,1
M044545,1
M019470,1
M095321,1
M080896,1
M099664,1
M081975,1
M023654,1
M022820,1
M036093,1
M033578,1
M037261,1
M056082,1
M008490,1
M080147,1
M021796,1
M019721,1
M024434,1
M050116,1
M077513,1
M088717,1
M068521,1
M021760,1
M082648,1
M050286,1
M011557,1
M067055,1
M071828,1
M008294,1
M099728,1
M016154,1
M001332,1
M087703,1
M023269,1
M022589,1
M023073,1
M021801,1
M044106,1
M011775,1
M036416,1
M085840,1
M034667,1
M002745,1
M057566,1
M088244,1
M022866,1
M023536,1
M023067,1
M002892,1
M012433,1
M098078,1
M053455,1
M009282,1
M040117,1
M005370,1
M052010,1
M098255,1
M064318,1
M094558,1
M021220,1
M024579,1
M040894,1
M021287,1
M002383,1
M001165,1
M008126,1
M042898,1
M020988,1
M007707,1
M083507,1
M078983,1
M012331,1
M086729,1
M022399,1
M026069,1
M018763,1
M070362,1
M007514,1
M047844,1
M013410,1
M067245,1
M038133,1
M012064,1
M034926,1
M100737,1
M090448,1
M018370,1
M082256,1
M016064,1
M027194,1
M023013,1
M001772,1
M051180,1
M019790,1
M001635,1
M060197,1
M010139,1
M032705,1
M030913,1
M023384,1
M019045,1
M012532,1
M068666,1
M001769,1
M070769,1
M027855,1
M091768,1
M038818,1
M083261,1
M033783,1
M037972,1
M024463,1
M076864,1
M092645,1
M092024,1
M072007,1
M002124,1
M020535,1
M075896,1
M004931,1
M053733,1
M056182,1
M076552,1
M005419,1
M053585,1
M085113,1
M080743,1
M012713,1
M076160,1
M026086,1
M015218,1
M017064,1
M020561,1
M002778,1
M051184,1
M083224,1
M099261,1
M059611,1
M027496,1
M005903,1
M003799,1
M012911,1
M005500,1
M074938,1
M064498,1
M007045,1
M037132,1
M055069,1
M083338,1
M058237,1
M023326,1
M081202,1
M026145,1
M090640,1
M022488,1
M002067,1
M043007,1
M032649,1
M080839,1
M016688,1
M093022,1
M000949,1
M002414,1
M052196,1
M012551,1
M073019,1
M010648,1
M088500,1
M024731,1
M101336,1
M073227,1
M023639,1
M029776,1
M067453,1
M078655,1
M020529,1
M032998,1
M028627,1
M020920,1
M012561,1
M017625,1
M026060,1
M017281,1
M072214,1
M015512,1
M047185,1
M068946,1
M043579,1
M002300,1
M082472,1
M066819,1
M064410,1
M056365,1
M002602,1
M001477,1
M068076,1
M002733,1
M007525,1
M015681,1
M014339,1
M096980,1
M014118,1
M036951,1
M031615,1
M019227,1
M020439,1
M056640,1
M078179,1
M019412,1
M022695,1
M023387,1
M053905,1
M096250,1
M092356,1
M054078,1
M025383,1
M046974,1
M020805,1
M028283,1
M091976,1
M024197,1
M036508,1
M008915,1
M028518,1
M068313,1
M008480,1
M078781,1
M020410,1
M083377,1
M023620,1
M005358,1
M019174,1
M039939,1
M096067,1
M050263,1
M062731,1
M002579,1
M040719,1
M093669,1
M048000,1
M023031,1
M023897,1
M025119,1
M024915,1
M001760,1
M045973,1
M009760,1
M051458,1
M006514,1
M003350,1
M074167,1
M024180,1
M049487,1
M002193,1
M016890,1
M051592,1
M009401,1
M022238,1
M004684,1
M026738,1
M032918,1
M023278,1
M022282,1
M033577,1
M001993,1
M008355,1
M026237,1
M018831,1
M008896,1
M029160,1
M038402,1
M004844,1
M011849,1
M014095,1
M082326,1
M082230,1
M055843,1
M088868,1
M029421,1
M067649,1
M013125,1
M035689,1
M010729,1
M021629,1
M024122,1
M022027,1
M005333,1
M013007,1
M009790,1
M019491,1
M092141,1
M081547,1
M008257,1
M070989,1
M040476,1
M089279,1
M047453,1
M032345,1
M052526,1
M018974,1
M001178,1
M009082,1
M026279,1
M023615,1
M093454,1
M023771,1
M002667,1
M039833,1
M053132,1
M064561,1
M007473,1
M011574,1
M014006,1
M088041,1
M037015,1
M012840,1
M007619,1
M023556,1
M070762,1
M042350,1
M069953,1
M014159,1
M060014,1
M022903,1
M047670,1
M023151,1
M014894,1
M014378,1
M060064,1
M066912,1
M024168,1
M099365,1
M016595,1
M038564,1
M086128,1
M076375,1
M084597,1
M066525,1
M023975,1
M040012,1
M041340,1
M024525,1
M093354,1
M073131,1
M101425,1
M069884,1
M009865,1
M013565,1
M014946,1
M085198,1
M092701,1
M070861,1
M007442,1
M024208,1
M013065,1
M063201,1
M010286,1
M015391,1
M002564,1
M036161,1
M030957,1
M078246,1
M095208,1
M064261,1
M088558,1
M019494,1
M049492,1
M040853,1
M067864,1
M008230,1
M013763,1
M025743,1
M100970,1
M044437,1
M023629,1
M011883,1
M021988,1
M096384,1
M097166,1
M101479,1
M063086,1
M062622,1
M023049,1
M014023,1
M036804,1
M014721,1
M022192,1
M075856,1
M081880,1
M051662,1
M057423,1
M000919,1
M039783,1
M072952,1
M068117,1
M089359,1
M017452,1
M024393,1
M090440,1
M079699,1
M070630,1
M057379,1
M042246,1
M013356,1
M013348,1
M018177,1
M026578,1
M059513,1
M031648,1
M026215,1
M018517,1
M006702,1
M016695,1
M051382,1
M043604,1
M088779,1
M068587,1
M053478,1
M009351,1
M025810,1
M002780,1
M041773,1
M021986,1
M033554,1
M034117,1
M015978,1
M084416,1
M009905,1
M027738,1
M025455,1
M014058,1
M030840,1
M036239,1
M029955,1
M027956,1
M075521,1
M012638,1
M031783,1
M015259,1
M021031,1
M067514,1
M025806,1
M031168,1
M013535,1
M016285,1
M099716,1
M004851,1
M001060,1
M021906,1
M043829,1
M053162,1
M056366,1
M025933,1
M035947,1
M029095,1
M026287,1
M030722,1
M036479,1
M032693,1
M030950,1
M031360,1
M049795,1
M007577,1
M011123,1
M027751,1
M033963,1
M053076,1
M035858,1
M045896,1
M024721,1
M085453,1
M081350,1
M080737,1
M022719,1
M056694,1
M047981,1
M011397,1
M013876,1
M085120,1
M079866,1
M005542,1
M033955,1
M018156,1
M003532,1
M023037,1
M007606,1
M049928,1
M042030,1
M078614,1
M028921,1
M031877,1
M024017,1
M094761,1
M068560,1
M043997,1
M032765,1
M017631,1
M051071,1
M051140,1
M088686,1
M060834,1
M010462,1
M033725,1
M031303,1
M064732,1
M066258,1
M078020,1
M016511,1
M065710,1
M050637,1
M013330,1
M084483,1
M043571,1
M006492,1
M000533,1
M027966,1
M018925,1
M090840,1
M088304,1
M011552,1
M031206,1
M007721,1
M032036,1
M016652,1
M020763,1
M059728,1
M085078,1
M063827,1
M089730,1
M100430,1
M092710,1
M043841,1
M025194,1
M017328,1
M041137,1
M080934,1
M005701,1
M021317,1
M015282,1
M058132,1
M018830,1
M012431,1
M004953,1
M021372,1
M017236,1
M079746,1
M031009,1
M058629,1
M037426,1
M044222,1
M017567,1
M022200,1
M007286,1
M024656,1
M034492,1
M064326,1
M007116,1
M047288,1
M036511,1
M087883,1
M083053,1
M056474,1
M055030,1
M012540,1
M027758,1
M035664,1
M058045,1
M015692,1
M007094,1
M024827,1
M023213,1
M021735,1
M094254,1
M025522,1
M020419,1
M006145,1
M006309,1
M088067,1
M097336,1
M022671,1
M011857,1
M019596,1
M029970,1
M029687,1
M018789,1
M026515,1
M015040,1
M016692,1
M031812,1
M034203,1
M026031,1
M027800,1
M040996,1
M000298,1
M039194,1
M096420,1
M010316,1
M048712,1
M001425,1
M010152,1
M029489,1
M091539,1
M031652,1
M039549,1
M058041,1
M040913,1
M078400,1
M036114,1
M030264,1
M003898,1
M037633,1
M028388,1
M010371,1
M028683,1
M027031,1
M048539,1
M006870,1
M032862,1
M008547,1
M058195,1
M046031,1
M040055,1
M041318,1
M034329,1
M033310,1
M022440,1
M004288,1
M032060,1
M028865,1
M011797,1
M019196,1
M098839,1
M027696,1
M030238,1
M035880,1
M035498,1
M028402,1
M035057,1
M029728,1
M018298,1
M029084,1
M041125,1
M000897,1
M075738,1
M024528,1
M026850,1
M003092,1
M008498,1
M019322,1
M001384,1
M001517,1
M094786,1
M001000,1
M025372,1
M011685,1
M042052,1
M023696,1
M085916,1
M017180,1
M018237,1
M026300,1
M032601,1
M029965,1
M012616,1
M021915,1
M020565,1
M020753,1
M043229,1
M045309,1
M029911,1
M025366,1
M004242,1
M003064,1
M019184,1
M017050,1
M045499,1
M056477,1
M023140,1
M001779,1
M003210,1
M028489,1
M032470,1
M017982,1
M025309,1
M053884,1
M039647,1
M029248,1
M066813,1
M022334,1
M005723,1
M068192,1
M048880,1
M078779,1
M087732,1
M056642,1
M067347,1
M069220,1
M091880,1
M019716,1
M006368,1
M004770,1
M032289,1
M030977,1
M010758,1
M001622,1
M002236,1
M024113,1
M033249,1
M003403,1
M058968,1
M084358,1
M039807,1
M075016,1
M040896,1
M051409,1
M054823,1
M010167,1
M039259,1
M025667,1
M017503,1
M023417,1
M033402,1
M030485,1
M030868,1
M043893,1
M018082,1
M035676,1
M011554,1
M019586,1
M013073,1
M014133,1
M002874,1
M001186,1
M043528,1
M081414,1
M056341,1
M051792,1
M080059,1
M094414,1
M061391,1
M009362,1
M047585,1
M030073,1
M062077,1
M035165,1
M073331,1
M097257,1
M075492,1
M013607,1
M028271,1
M066637,1
M016496,1
M090162,1
M098367,1
M013362,1
M018099,1
M048651,1
M016905,1
M012965,1
M091885,1
M026984,1
M024847,1
M070950,1
M010959,1
M016563,1
M040730,1
M049063,1
M029461,1
M098317,1
M005320,1
M015018,1
M016101,1
M037963,1
M085789,1
M018190,1
M018078,1
M068061,1
M052927,1
M053978,1
M043162,1
M026450,1
M099165,1
M037784,1
M025890,1
M020294,1
M017176,1
M020845,1
M048902,1
M012016,1
M057052,1
M025973,1
M036201,1
M042164,1
M046296,1
M059746,1
M013516,1
M013039,1
M065606,1
M092186,1
M077398,1
M023389,1
M004344,1
M032292,1
M019220,1
M036243,1
M087023,1
M080449,1
M013864,1
M030403,1
M020712,1
M096968,1
M087873,1
M055995,1
M037050,1
M013840,1
M082450,1
M022957,1
M035079,1
M035712,1
M027497,1
M027764,1
M035312,1
M034500,1
M005005,1
M034139,1
M033745,1
M018752,1
M041644,1
M091603,1
M059038,1
M030781,1
M035747,1
M017806,1
M019236,1
M071936,1
M033892,1
M098330,1
M017704,1
M031566,1
M024775,1
M086387,1
M054742,1
M045735,1
M087413,1
M074733,1
M019221,1
M029656,1
M033236,1
M011547,1
M070770,1
M015383,1
M036282,1
M005000,1
M056175,1
M034072,1
M002577,1
M013355,1
M009753,1
M028277,1
M047089,1
M086135,1
M014122,1
M022507,1
M081264,1
M079030,1
M009122,1
M012583,1
M015763,1
M033156,1
M017113,1
M004096,1
M005667,1
M084061,1
M034846,1
M005130,1
M048989,1
M039748,1
M019520,1
M021139,1
M034454,1
M026070,1
M028628,1
M005267,1
M022263,1
M068785,1
M087349,1
M023243,1
M040214,1
M021948,1
M017646,1
M021021,1
M052580,1
M026973,1
M013239,1
M009843,1
M029980,1
M028537,1
M024420,1
M044294,1
M039516,1
M037885,1
M030197,1
M024375,1
M032355,1
M026821,1
M018627,1
M019469,1
M018245,1
M011734,1
M041859,1
M026945,1
M033945,1
M051666,1
M063157,1
M070923,1
M037880,1
M087651,1
M082731,1
M028183,1
M010303,1
M032467,1
M001498,1
M052741,1
M024713,1
M035307,1
M025645,1
M054348,1
M031985,1
M058725,1
M012018,1
M045320,1
M101332,1
M020776,1
M029483,1
M071389,1
M076930,1
M013151,1
M031161,1
M037821,1
M032394,1
M078491,1
M077057,1
M008623,1
M061777,1
M021889,1
M052759,1
M053704,1
M060556,1
M078756,1
M046091,1
M044765,1
M027236,1
M059289,1
M013244,1
M021131,1
M027415,1
M048840,1
M009616,1
M006036,1
M008328,1
M038753,1
M002758,1
M019089,1
M099273,1
M054995,1
M077108,1
M064590,1
M042228,1
M065881,1
M074794,1
M008482,1
M007353,1
M007039,1
M006704,1
M088623,1
M097480,1
M051552,1
M042852,1
M027356,1
M034619,1
M055887,1
M016251,1
M015065,1
M041680,1
M000500,1
M071017,1
M089528,1
M045455,1
M028859,1
M014803,1
M027967,1
M025191,1
M013254,1
M004495,1
M015043,1
M026930,1
M001078,1
M083661,1
M100213,1
M043371,1
M006417,1
M051121,1
M019457,1
M078228,1
M037604,1
M001778,1
M099219,1
M095032,1
M005246,1
M084599,1
M048755,1
M017368,1
M009150,1
M001684,1
M017971,1
M089241,1
M017213,1
M016201,1
M082462,1
M031080,1
M029120,1
M005801,1
M028428,1
M021824,1
M006834,1
M004947,1
M065771,1
M035857,1
M032083,1
M033736,1
M097837,1
M050909,1
M012326,1
M098793,1
M078120,1
M075612,1
M028394,1
M008364,1
M030126,1
M029929,1
M031709,1
M061982,1
M037809,1
M079965,1
M085041,1
M054952,1
M074798,1
M024565,1
M083569,1
M045326,1
M032775,1
M046046,1
M027218,1
M035960,1
M035600,1
M028389,1
M025762,1
M063353,1
M075686,1
M094578,1
M084390,1
M081273,1
M084637,1
M062221,1
M047816,1
M039398,1
M028873,1
M000173,1
M048721,1
M009684,1
M056776,1
M070955,1
M000047,1
M082778,1
M047160,1
M043490,1
M049978,1
M040330,1
M030283,1
M050399,1
M011184,1
M078496,1
M053043,1
M026925,1
M031388,1
M034464,1
M015964,1
M034929,1
M015547,1
M024065,1
M073611,1
M097346,1
M026813,1
M009304,1
M094645,1
M027028,1
M026891,1
M020288,1
M009369,1
M043939,1
M029279,1
M030562,1
M020621,1
M013321,1
M023343,1
M033819,1
M035997,1
M031359,1
M020138,1
M020095,1
M019040,1
M066103,1
M021918,1
M036147,1
M031765,1
M031461,1
M025546,1
M008377,1
M020931,1
M099942,1
M017908,1
M017969,1
M034806,1
M011513,1
M020671,1
M081768,1
M034419,1
M025404,1
M033509,1
M035366,1
M029523,1
M026013,1
M009895,1
M052134,1
M023613,1
M034838,1
M007801,1
M017723,1
M010669,1
M006820,1
M029401,1
M016130,1
M095497,1
M028197,1
M073384,1
M025920,1
M055732,1
M010765,1
M010562,1
M004871,1
M020209,1
M008972,1
M031415,1
M002444,1
M032619,1
M021408,1
M027702,1
M023929,1
M013688,1
M029761,1
M089681,1
M028230,1
M045001,1
M057481,1
M034792,1
M026666,1
M017076,1
M036891,1
M026426,1
M038510,1
M013375,1
M035697,1
M028652,1
M016093,1
M024323,1
M030477,1
M002721,1
M049391,1
M027784,1
M031989,1
M013111,1
M032532,1
M018681,1
M028828,1
M019767,1
M029258,1
M011825,1
M035557,1
M032559,1
M030204,1
M014936,1
M028363,1
M034060,1
M015511,1
M022101,1
M071361,1
M022348,1
M024330,1
M019460,1
M010401,1
M066178,1
M040196,1
M035143,1
M065230,1
M047061,1
M035485,1
M040059,1
M030675,1
M026650,1
M035297,1
M028121,1
M033777,1
M016592,1
M036017,1
M029877,1
M024926,1
M035335,1
M033267,1
M099772,1
M008178,1
M022345,1
M026418,1
M028351,1
M034919,1
M035074,1
M027532,1
M029350,1
M003759,1
M048941,1
M031976,1
M029930,1
M017168,1
M009960,1
M060078,1
M084046,1
M089881,1
M004746,1
M029909,1
M063613,1
M009097,1
M064226,1
M019382,1
M013447,1
M057038,1
M007663,1
M045452,1
M037048,1
M082348,1
M071914,1
M045629,1
M065064,1
M027369,1
M034685,1
M100898,1
M026746,1
M023593,1
M034272,1
M032329,1
M028315,1
M034862,1
M028606,1
M032698,1
M074960,1
M009077,1
M018477,1
M029851,1
M015427,1
M015456,1
M028238,1
M029099,1
M012263,1
M036238,1
M038210,1
M037343,1
M033270,1
M014222,1
M045512,1
M031434,1
M030085,1
M033784,1
M056377,1
M020959,1
M032070,1
M024324,1
M034659,1
M032519,1
M007627,1
M025181,1
M027567,1
M034567,1
M033593,1
M027518,1
M031368,1
M008621,1
M028970,1
M028662,1
M028685,1
M027556,1
M035060,1
M039545,1
M026386,1
M014665,1
M064182,1
M035041,1
M033861,1
M035138,1
M031756,1
M034721,1
M029088,1
M035605,1
M092047,1
M030389,1
M009906,1
M096656,1
M089129,1
M038224,1
M029753,1
M008929,1
M027541,1
M033887,1
M028825,1
M026434,1
M009010,1
M034858,1
M028775,1
M023836,1
M032774,1
M028514,1
M015091,1
M009578,1
M062435,1
M042574,1
M015655,1
M064994,1
M005883,1
M087437,1
M097943,1
M056221,1
M022467,1
M037551,1
M030386,1
M034723,1
M029963,1
M029784,1
M027566,1
M025885,1
M087584,1
M033857,1
M030315,1
M030563,1
M033030,1
M024092,1
M028857,1
M021999,1
M026451,1
M032669,1
M007002,1
M097986,1
M010917,1
M079976,1
M033635,1
M027678,1
M036012,1
M008900,1
M042765,1
M078909,1
M028925,1
M031386,1
M035836,1
M024276,1
M025364,1
M088635,1
M016452,1
M076128,1
M062466,1
M027878,1
M039960,1
M101101,1
M053648,1
M030865,1
M035064,1
M030340,1
M031120,1
M032029,1
M009399,1
M043667,1
M016246,1
M088025,1
M056951,1
M035956,1
M035537,1
M029107,1
M026623,1
M019035,1
M036031,1
M028108,1
M012041,1
M065532,1
M035132,1
M004596,1
M009835,1
M045085,1
M029872,1
M055106,1
M029038,1
M028506,1
M006905,1
M031572,1
M014449,1
M030472,1
M028943,1
M000099,1
M041462,1
M032354,1
M100105,1
M058720,1
M041156,1
M027240,1
M011189,1
M030274,1
M036050,1
M034145,1
M045905,1
M028488,1
M024865,1
M025644,1
M031638,1
M021494,1
M007431,1
M036185,1
M033391,1
M034091,1
M040234,1
M021917,1
M028313,1
M075535,1
M014670,1
M031257,1
M030683,1
M028856,1
M033872,1
M028324,1
M034939,1
M008212,1
M014607,1
M025868,1
M016175,1
M018421,1
M079309,1
M030940,1
M077336,1
M027183,1
M097554,1
M018027,1
M022264,1
M041127,1
M012310,1
M009893,1
M075516,1
M039006,1
M011635,1
M000997,1
M005477,1
M087681,1
M069681,1
M004793,1
M034732,1
M028000,1
M029694,1
M039317,1
M032278,1
M035460,1
M035157,1
M036100,1
M033032,1
M032810,1
M028914,1
M007298,1
M099819,1
M061327,1
M078728,1
M040341,1
M027880,1
M026911,1
M031887,1
M028854,1
M025482,1
M033103,1
M028870,1
M025547,1
M007291,1
M093243,1
M006372,1
M036029,1
M021184,1
M021321,1
M027107,1
M035903,1
M036385,1
M028404,1
M033113,1
M035176,1
M027448,1
M088693,1
M088017,1
M095604,1
M018699,1
M005028,1
M032659,1
M025229,1
M019621,1
M088497,1
M027126,1
M028690,1
M028347,1
M036581,1
M024386,1
M028045,1
M027016,1
M032443,1
M056933,1
M066419,1
M017162,1
M072095,1
M029842,1
M032153,1
M035295,1
M028281,1
M005519,1
M028260,1
M033930,1
M010026,1
M032539,1
M020582,1
M015800,1
M016306,1
M005805,1
M037410,1
M019958,1
M072472,1
M024069,1
M027827,1
M030258,1
M069731,1
M076042,1
M057097,1
M064109,1
M026761,1
M083748,1
M036464,1
M027852,1
M027961,1
M017666,1
M024905,1
M029163,1
M047842,1
M034974,1
M046076,1
M031170,1
M048649,1
M013498,1
M054936,1
M029366,1
M027768,1
M041500,1
M035770,1
M028853,1
M045680,1
M033505,1
M033569,1
M036913,1
M027627,1
M089822,1
M098186,1
M055700,1
M014631,1
M097755,1
M028842,1
M070451,1
M033327,1
M033971,1
M012686,1
M034105,1
M071935,1
M031863,1
M073847,1
M081639,1
M019549,1
M017261,1
M028500,1
M027129,1
M044023,1
M017570,1
M004014,1
M016067,1
M029467,1
M026491,1
M005493,1
M005345,1
M005114,1
M017260,1
M011299,1
M027525,1
M002804,1
M072635,1
M026741,1
M047749,1
M033566,1
M031628,1
M016932,1
M093412,1
M020554,1
M023474,1
M031979,1
M054339,1
M061630,1
M019975,1
M001352,1
M008265,1
M034751,1
M093121,1
M030379,1
M004255,1
M049099,1
M086056,1
M040957,1
M100239,1
M011817,1
M035204,1
M043245,1
M035108,1
M027443,1
M073229,1
M037021,1
M036986,1
M034905,1
M031448,1
M035046,1
M030405,1
M018606,1
M080653,1
M039034,1
M048373,1
M067970,1
M021513,1
M063961,1
M036014,1
M047116,1
M044323,1
M045898,1
M055008,1
M044257,1
M031500,1
M045061,1
M027421,1
M025447,1
M080654,1
M030154,1
M019907,1
M029383,1
M024794,1
M030117,1
M025606,1
M025279,1
M061984,1
M029348,1
M033082,1
M028127,1
M026479,1
M033572,1
M009338,1
M020990,1
M040478,1
M065978,1
M052309,1
M006471,1
M016271,1
M044671,1
M008089,1
M001193,1
M013118,1
M002840,1
M063469,1
M091100,1
M039959,1
M019857,1
M077853,1
M023798,1
M013210,1
M029654,1
M012731,1
M066798,1
M041249,1
M054247,1
M015961,1
M034632,1
M035534,1
M086370,1
M006113,1
M053414,1
M033609,1
M035784,1
M033530,1
M059271,1
M034109,1
M040559,1
M027522,1
M038264,1
M028104,1
M022685,1
M049180,1
M028678,1
M028759,1
M029259,1
M099557,1
M029978,1
M045892,1
M005066,1
M037372,1
M045834,1
M027043,1
M017400,1
M029536,1
M001099,1
M019899,1
M013176,1
M046245,1
M031856,1
M028457,1
M025729,1
M099425,1
M039084,1
M041833,1
M035721,1
M017249,1
M024292,1
M031898,1
M006513,1
M025065,1
M086300,1
M001231,1
M032424,1
M032366,1
M019195,1
M031598,1
M011137,1
M038045,1
M028602,1
M029869,1
M028915,1
M004153,1
M085978,1
M044097,1
M018398,1
M043948,1
M026001,1
M058764,1
M081221,1
M026921,1
M097675,1
M086496,1
M075932,1
M028578,1
M043086,1
M041232,1
M003557,1
M029528,1
M047028,1
M035907,1
M030860,1
M030907,1
M096317,1
M046120,1
M041364,1
M050919,1
M042706,1
M029799,1
M015924,1
M007743,1
M033471,1
M100643,1
M052087,1
M034257,1
M032818,1
M027552,1
M035031,1
M026869,1
M024496,1
M032328,1
M035098,1
M024627,1
M026442,1
M014448,1
M027529,1
M008897,1
M001098,1
M054590,1
M035991,1
M023426,1
M007987,1
M027703,1
M063358,1
M018070,1
M032898,1
M034546,1
M026997,1
M030630,1
M030890,1
M039600,1
M037626,1
M020424,1
M003632,1
M018871,1
M033987,1
M027874,1
M018997,1
M015804,1
M059412,1
M076117,1
M054461,1
M026407,1
M090725,1
M010649,1
M059785,1
M063626,1
M036499,1
M059086,1
M026121,1
M084123,1
M015594,1
M031611,1
M012179,1
M032822,1
M030947,1
M028075,1
M038905,1
M049294,1
M035139,1
M032866,1
M008658,1
M049967,1
M038461,1
M086771,1
M060307,1
M072570,1
M029419,1
M021003,1
M051064,1
M044940,1
M030328,1
M005392,1
M002559,1
M053599,1
M046044,1
M064721,1
M012992,1
M044309,1
M016643,1
M025871,1
M031759,1
M028544,1
M032531,1
M030801,1
M030395,1
M031149,1
M036209,1
M026965,1
M005902,1
M059029,1
M032736,1
M043999,1
M028820,1
M007575,1
M043223,1
M030939,1
M090443,1
M032449,1
M058998,1
M012025,1
M043960,1
M072499,1
M054751,1
M011753,1
M096761,1
M009854,1
M065491,1
M037707,1
M078783,1
M061013,1
M005546,1
M035808,1
M005641,1
M084993,1
M089883,1
M030471,1
M020754,1
M031852,1
M062553,1
M030491,1
M017308,1
M001375,1
M031473,1
M036497,1
M026195,1
M027666,1
M001985,1
M016163,1
M017587,1
M042278,1
M050749,1
M034275,1
M037049,1
M026647,1
M004318,1
M032074,1
M024002,1
M035404,1
M033093,1
M025737,1
M078091,1
M008666,1
M033191,1
M031581,1
M032766,1
M087587,1
M086619,1
M083867,1
M037102,1
M028261,1
M028541,1
M024039,1
M025673,1
M029827,1
M032290,1
M032957,1
M025421,1
M034896,1
M017133,1
M003726,1
M005189,1
M037077,1
M030137,1
M045625,1
M029825,1
M037606,1
M067091,1
M077326,1
M048519,1
M036307,1
M033710,1
M024341,1
M002083,1
M096189,1
M036546,1
M032665,1
M029686,1
M073838,1
M066630,1
M090127,1
M027046,1
M052809,1
M005460,1
M003716,1
M046497,1
M005401,1
M051530,1
M029028,1
M033700,1
M035656,1
M088122,1
M040919,1
M030461,1
M027959,1
M026734,1
M035551,1
M020910,1
M046106,1
M037756,1
M047364,1
M028985,1
M026899,1
M028896,1
M100160,1
M035439,1
M030392,1
M091823,1
M028974,1
M033975,1
M092492,1
M011006,1
M053169,1
M027303,1
M001641,1
M036576,1
M043144,1
M036586,1
M028736,1
M029216,1
M027586,1
M029082,1
M060824,1
M027246,1
M028213,1
M013953,1
M069349,1
M025411,1
M034112,1
M041275,1
M045155,1
M046380,1
M038828,1
M081883,1
M073013,1
M033883,1
M005250,1
M101571,1
M049732,1
M024817,1
M044909,1
M058451,1
M048349,1
M015505,1
M040910,1
M028797,1
M017818,1
M032512,1
M032351,1
M021995,1
M011289,1
M019465,1
M031377,1
M009692,1
M025453,1
M034870,1
M002815,1
M028846,1
M029406,1
M029025,1
M064332,1
M028805,1
M037454,1
M058224,1
M068942,1
M035766,1
M049879,1
M001968,1
M040030,1
M008873,1
M030555,1
M089488,1
M040694,1
M061699,1
M100183,1
M028433,1
M028564,1
M025291,1
M013509,1
M030293,1
M033762,1
M028665,1
M029121,1
M031841,1
M030134,1
M063062,1
M033552,1
M031735,1
M054205,1
M043505,1
M059078,1
M032941,1
M007650,1
M016801,1
M002429,1
M093532,1
M059886,1
M023526,1
M027864,1
M028615,1
M034967,1
M024070,1
M038056,1
M010937,1
M062107,1
M032175,1
M087472,1
M100106,1
M034746,1
M004072,1
M090383,1
M048255,1
M094721,1
M070113,1
M036157,1
M031588,1
M094860,1
M049689,1
M057862,1
M037844,1
M065915,1
M040975,1
M035062,1
M008685,1
M035178,1
M028358,1
M026696,1
M033291,1
M029174,1
M034608,1
M031663,1
M030020,1
M024020,1
M098425,1
M085182,1
M052038,1
M015290,1
M014368,1
M098562,1
M041689,1
M024539,1
M017245,1
M028071,1
M035008,1
M006673,1
M031913,1
M031914,1
M037677,1
M004887,1
M038005,1
M030468,1
M037419,1
M023606,1
M036764,1
M095646,1
M066377,1
M038276,1
M008027,1
M025120,1
M027292,1
M031194,1
M016600,1
M037451,1
M051102,1
M053835,1
M010567,1
M033837,1
M071135,1
M007840,1
M030808,1
M025431,1
M030310,1
M027834,1
M060752,1
M012841,1
M019387,1
M081122,1
M031148,1
M047912,1
M032911,1
M032391,1
M053913,1
M030531,1
M033307,1
M027639,1
M027752,1
M033049,1
M040222,1
M032446,1
M035924,1
M029308,1
M027661,1
M028903,1
M054000,1
M032843,1
M065178,1
M056646,1
M061237,1
M035150,1
M031806,1
M032295,1
M033964,1
M013810,1
M008565,1
M030028,1
M005726,1
M022030,1
M022099,1
M039115,1
M032537,1
M037949,1
M037348,1
M040548,1
M031119,1
M009780,1
M030693,1
M032130,1
M034938,1
M025081,1
M031819,1
M032191,1
M017383,1
M011244,1
M038706,1
M022088,1
M034399,1
M019599,1
M001423,1
M015855,1
M031145,1
M034421,1
M022033,1
M020780,1
M018051,1
M090991,1
M039384,1
M051402,1
M017962,1
M004289,1
M033084,1
M047804,1
M009391,1
M003707,1
M053246,1
M030344,1
M042818,1
M030262,1
M027564,1
M022201,1
M027373,1
M010508,1
M025160,1
M029984,1
M043263,1
M031211,1
M054618,1
M032454,1
M026074,1
M034866,1
M036410,1
M028352,1
M027839,1
M034080,1
M029468,1
M052258,1
M040299,1
M002178,1
M026748,1
M003441,1
M001642,1
M036210,1
M032718,1
M016449,1
M028763,1
M037570,1
M025284,1
M025402,1
M029576,1
M027267,1
M092132,1
M097023,1
M024820,1
M022649,1
M037934,1
M002866,1
M093804,1
M013762,1
M077576,1
M086853,1
M033550,1
M028706,1
M028342,1
M028267,1
M031246,1
M032039,1
M027362,1
M032365,1
M034048,1
M030209,1
M024686,1
M031445,1
M028468,1
M032348,1
M030959,1
M081317,1
M039222,1
M030789,1
M031230,1
M031286,1
M035560,1
M030104,1
M036168,1
M031312,1
M094271,1
M017747,1
M077183,1
M004429,1
M062410,1
M023986,1
M031464,1
M019344,1
M024445,1
M055075,1
M034920,1
M036222,1
M022652,1
M041754,1
M033969,1
M033729,1
M033853,1
M032127,1
M026277,1
M035593,1
M015205,1
M018599,1
M027663,1
M032785,1
M008495,1
M054950,1
M026337,1
M008981,1
M032442,1
M027190,1
M032638,1
M034562,1
M011417,1
M029650,1
M004522,1
M031333,1
M035019,1
M018675,1
M092108,1
M055648,1
M039574,1
M038560,1
M021296,1
M081567,1
M004666,1
M066271,1
M031319,1
M033981,1
M034987,1
M025872,1
M035961,1
M036022,1
M099249,1
M017342,1
M033119,1
M025112,1
M035841,1
M031567,1
M035175,1
M033546,1
M024991,1
M033313,1
M027742,1
M028496,1
M032421,1
M030718,1
M028581,1
M026230,1
M029759,1
M004993,1
M030419,1
M070771,1
M048781,1
M093477,1
M031616,1
M036033,1
M030513,1
M029737,1
M030646,1
M042416,1
M039921,1
M084267,1
M097233,1
M004736,1
M013845,1
M022124,1
M001579,1
M096563,1
M062448,1
M040229,1
M093598,1
M028092,1
M019178,1
M001407,1
M007037,1
M002648,1
M004154,1
M002632,1
M007686,1
M037163,1
M094188,1
M045532,1
M025361,1
M082686,1
M007657,1
M015340,1
M064867,1
M017889,1
M092247,1
M049336,1
M060586,1
M051964,1
M084479,1
M031280,1
M034465,1
M060895,1
M046194,1
M054838,1
M037581,1
M066722,1
M071999,1
M065559,1
M096048,1
M021400,1
M038100,1
M025878,1
M045740,1
M032468,1
M033417,1
M029310,1
M070251,1
M030227,1
M004229,1
M029061,1
M026527,1
M036141,1
M001216,1
M026979,1
M043737,1
M019830,1
M064972,1
M053252,1
M035667,1
M033742,1
M029899,1
M022860,1
M024807,1
M026946,1
M031143,1
M095251,1
M012852,1
M017851,1
M033793,1
M023626,1
M024530,1
M028242,1
M030514,1
M026559,1
M035427,1
M039127,1
M035604,1
M098697,1
M089686,1
M036692,1
M030903,1
M025745,1
M024800,1
M070485,1
M061893,1
M028549,1
M034488,1
M005160,1
M028094,1
M009879,1
M022222,1
M023038,1
M074393,1
M030132,1
M028600,1
M016428,1
M045344,1
M071824,1
M037218,1
M037775,1
M041942,1
M039973,1
M038191,1
M067598,1
M044343,1
M047913,1
M101229,1
M030729,1
M056011,1
M000452,1
M027888,1
M032108,1
M065032,1
M040124,1
M065682,1
M036659,1
M063298,1
M050879,1
M030162,1
M036506,1
M034156,1
M030976,1
M035925,1
M085241,1
M097966,1
M005825,1
M036939,1
M032710,1
M039493,1
M043480,1
M003447,1
M003575,1
M098033,1
M022624,1
M095261,1
M052009,1
M029086,1
M033716,1
M027739,1
M035519,1
M034490,1
M038775,1
M016955,1
M029645,1
M032725,1
M002425,1
M078085,1
M027479,1
M023127,1
M041894,1
M037429,1
M069128,1
M031864,1
M089307,1
M001314,1
M013541,1
M082518,1
M024216,1
M013051,1
M028107,1
M005527,1
M010670,1
M027508,1
M035206,1
M028343,1
M028219,1
M052041,1
M035268,1
M060497,1
M100215,1
M013227,1
M029684,1
M010652,1
M036953,1
M026742,1
M028298,1
M035397,1
M021141,1
M032571,1
M013588,1
M066439,1
M033647,1
M033866,1
M026922,1
M027909,1
M076537,1
M055560,1
M031399,1
M032762,1
M012416,1
M085771,1
M057996,1
M057430,1
M036838,1
M036016,1
M030307,1
M035559,1
M035659,1
M003875,1
M034906,1
M006552,1
M038956,1
M032117,1
M033448,1
M091967,1
M058184,1
M014129,1
M035410,1
M027606,1
M061024,1
M010232,1
M058600,1
M026992,1
M027943,1
M093235,1
M002661,1
M100590,1
M066497,1
M095645,1
M031948,1
M075742,1
M090572,1
M034008,1
M074720,1
M051696,1
M095751,1
M012611,1
M010189,1
M065457,1
M030883,1
M031622,1
M031420,1
M023147,1
M017734,1
M025809,1
M000948,1
M023980,1
M029137,1
M013473,1
M026160,1
M025506,1
M081340,1
M030118,1
M043809,1
M023069,1
M039871,1
M020289,1
M025157,1
M045417,1
M061872,1
M014165,1
M031815,1
M086746,1
M017710,1
M074367,1
M096471,1
M083533,1
M028508,1
M067314,1
M034248,1
M095613,1
M025617,1
M033580,1
M036866,1
M016721,1
M070144,1
M024391,1
M024887,1
M046335,1
M023851,1
M083174,1
M030304,1
M021887,1
M039954,1
M052255,1
M003089,1
M034831,1
M052319,1
M028007,1
M028198,1
M039530,1
M094970,1
M020491,1
M040050,1
M013470,1
M026248,1
M020938,1
M031712,1
M024835,1
M020408,1
M021382,1
M095653,1
M052284,1
M019162,1
M031458,1
M021152,1
M026845,1
M034771,1
M017463,1
M015402,1
M032009,1
M029330,1
M031404,1
M043203,1
M029797,1
M005162,1
M061199,1
M029532,1
M035361,1
M029271,1
M026809,1
M032529,1
M009248,1
M030113,1
M031785,1
M026533,1
M032202,1
M008909,1
M032653,1
M026038,1
M028732,1
M036941,1
M036842,1
M013989,1
M027441,1
M025300,1
M025616,1
M026206,1
M019640,1
M041821,1
M054053,1
M004230,1
M048250,1
M031725,1
M029699,1
M026947,1
M097261,1
M024862,1
M094917,1
M005380,1
M078115,1
M028044,1
M024255,1
M029323,1
M032111,1
M045067,1
M019173,1
M030551,1
M033515,1
M008768,1
M029716,1
M027133,1
M031339,1
M032895,1
M017172,1
M013303,1
M025338,1
M017018,1
M086918,1
M076882,1
M096126,1
M021254,1
M019411,1
M017397,1
M019487,1
M031412,1
M024402,1
M002862,1
M005869,1
M029545,1
M029425,1
M034144,1
M008725,1
M036326,1
M035192,1
M011570,1
M039395,1
M043979,1
M028015,1
M027845,1
M099840,1
M037956,1
M040315,1
M033157,1
M040212,1
M024000,1
M092077,1
M060435,1
M082231,1
M026659,1
M040993,1
M038208,1
M043720,1
M048385,1
M088792,1
M026718,1
M032845,1
M025826,1
M032513,1
M032820,1
M034665,1
M025602,1
M031686,1
M022250,1
M089261,1
M004504,1
M009207,1
M009420,1
M021238,1
M036081,1
M081223,1
M055490,1
M090693,1
M089269,1
M012978,1
M032839,1
M007343,1
M061698,1
M088958,1
M068207,1
M098817,1
M095589,1
M026240,1
M020471,1
M026762,1
M065243,1
M031702,1
M034791,1
M021180,1
M032335,1
M020605,1
M025227,1
M029295,1
M091499,1
M094650,1
M062189,1
M081382,1
M054960,1
M053102,1
M005802,1
M012192,1
M041216,1
M052956,1
M091206,1
M027935,1
M016153,1
M020189,1
M097520,1
M062904,1
M034928,1
M055831,1
M010061,1
M004092,1
M033633,1
M035531,1
M027901,1
M045639,1
M031483,1
M021943,1
M054463,1
M050795,1
M028972,1
M036231,1
M035342,1
M092421,1
M012193,1
M059398,1
M067387,1
M086667,1
M024903,1
M028367,1
M008104,1
M042679,1
M001934,1
M040683,1
M018022,1
M091671,1
M030655,1
M036334,1
M099938,1
M020511,1
M032362,1
M030848,1
M007921,1
M088336,1
M006080,1
M031362,1
M025800,1
M014903,1
M057694,1
M007313,1
M029375,1
M022254,1
M039278,1
M009440,1
M060196,1
M074676,1
M017629,1
M094407,1
M041796,1
M031137,1
M021387,1
M029203,1
M024743,1
M013091,1
M033219,1
M013795,1
M036245,1
M034006,1
M033603,1
M029809,1
M035622,1
M031711,1
M020985,1
M019570,1
M036003,1
M024643,1
M028196,1
M065264,1
M082584,1
M092992,1
M040144,1
M026494,1
M030081,1
M026640,1
M024286,1
M029777,1
M031595,1
M030205,1
M031459,1
M036025,1
M026954,1
M036313,1
M087336,1
M033985,1
M031219,1
M031829,1
M027998,1
M040569,1
M018613,1
M045238,1
M028792,1
M076310,1
M008675,1
M003325,1
M040366,1
M044790,1
M038145,1
M002820,1
M020186,1
M025022,1
M042178,1
M032304,1
M034305,1
M030876,1
M015900,1
M028849,1
M031836,1
M089346,1
M078271,1
M090668,1
M036285,1
M040778,1
M025707,1
M020549,1
M019397,1
M056110,1
M031492,1
M035122,1
M025067,1
M027775,1
M031990,1
M032471,1
M027816,1
M026842,1
M099193,1
M003345,1
M008788,1
M005914,1
M026841,1
M033632,1
M041109,1
M008203,1
M007448,1
M012508,1
M029437,1
M034863,1
M032613,1
M035090,1
M031921,1
M032497,1
M036399,1
M032333,1
M024837,1
M027318,1
M034708,1
M096458,1
M037450,1
M071293,1
M034614,1
M037003,1
M028630,1
M036195,1
M041715,1
M096124,1
M098963,1
M032500,1
M034348,1
M029625,1
M077680,1
M063233,1
M050685,1
M050247,1
M015774,1
M015441,1
M019354,1
M084254,1
M027330,1
M028221,1
M035216,1
M036874,1
M032131,1
M029232,1
M046555,1
M007334,1
M029969,1
M034164,1
M025249,1
M034878,1
M018762,1
M027948,1
M039283,1
M015667,1
M035492,1
M027409,1
M036431,1
M027050,1
M024308,1
M036367,1
M036142,1
M083738,1
M030736,1
M027908,1
M063453,1
M031810,1
M033047,1
M025155,1
M033782,1
M035373,1
M003485,1
M005945,1
M005859,1
M017868,1
M037222,1
M086064,1
M037175,1
M024997,1
M085414,1
M070123,1
M031724,1
M027786,1
M028670,1
M035426,1
M053577,1
M016526,1
M072475,1
M101491,1
M092925,1
M072970,1
M003259,1
M040989,1
M054539,1
M025820,1
M070425,1
M057717,1
M098162,1
M058494,1
M034184,1
M055326,1
M040064,1
M027166,1
M024990,1
M032092,1
M025897,1
M033416,1
M019083,1
M004360,1
M101693,1
M098039,1
M036509,1
M030326,1
M029294,1
M015077,1
M034161,1
M053001,1
M051308,1
M059825,1
M076122,1
M030541,1
M095331,1
M013029,1
M062125,1
M027171,1
M035619,1
M036270,1
M028181,1
M033075,1
M035728,1
M046089,1
M049276,1
M035617,1
M035482,1
M031632,1
M030270,1
M034322,1
M039068,1
M014596,1
M058246,1
M021885,1
M026808,1
M025334,1
M072826,1
M060799,1
M072783,1
M041756,1
M016763,1
M026239,1
M033290,1
M061147,1
M040101,1
M011929,1
M005483,1
M030503,1
M017681,1
M065903,1
M005913,1
M014598,1
M063317,1
M026111,1
M071501,1
M078490,1
M082304,1
M082101,1
M070266,1
M055200,1
M013589,1
M058406,1
M035115,1
M050547,1
M028339,1
M038166,1
M011875,1
M028033,1
M027658,1
M031244,1
M007775,1
M030109,1
M027306,1
M051248,1
M029356,1
M027829,1
M088491,1
M036999,1
M037702,1
M064411,1
M036754,1
M028572,1
M035416,1
M049183,1
M040280,1
M086892,1
M031212,1
M027212,1
M030851,1
M012747,1
M098918,1
M028973,1
M032220,1
M096208,1
M021116,1
M059512,1
M066080,1
M038494,1
M010851,1
M096296,1
M031022,1
M084871,1
M076295,1
M053044,1
M078638,1
M024719,1
M029015,1
M035898,1
M030793,1
M083653,1
M030284,1
M024447,1
M026280,1
M035783,1
M022552,1
M022764,1
M093172,1
M066129,1
M062926,1
M039028,1
M057011,1
M000267,1
M010376,1
M001848,1
M025958,1
M016750,1
M032210,1
M024983,1
M029018,1
M032360,1
M006911,1
M005367,1
M084857,1
M082738,1
M056036,1
M071658,1
M065386,1
M053613,1
M056335,1
M031746,1
M037204,1
M045806,1
M038487,1
M078959,1
M074376,1
M034365,1
M009055,1
M049619,1
M032754,1
M060505,1
M029975,1
M029742,1
M035291,1
M034573,1
M024548,1
M032937,1
M032594,1
M036870,1
M037154,1
M068500,1
M070867,1
M053014,1
M038857,1
M036652,1
M015252,1
M037919,1
M036101,1
M088045,1
M001715,1
M010336,1
M053038,1
M095307,1
M025373,1
M012381,1
M031802,1
M043650,1
M040413,1
M025974,1
M030621,1
M029445,1
M034178,1
M036340,1
M024857,1
M033166,1
M031741,1
M073033,1
M099858,1
M046879,1
M031013,1
M008558,1
M029391,1
M002021,1
M039819,1
M037038,1
M050533,1
M092175,1
M038584,1
M040674,1
M026680,1
M031457,1
M033470,1
M025197,1
M093578,1
M076560,1
M048730,1
M035488,1
M041244,1
M036665,1
M051711,1
M005846,1
M031108,1
M032778,1
M036322,1
M032061,1
M031545,1
M030476,1
M082541,1
M093880,1
M049309,1
M034918,1
M001789,1
M002550,1
M064044,1
M057028,1
M029867,1
M101458,1
M003241,1
M024431,1
M019226,1
M032834,1
M033911,1
M093466,1
M064137,1
M068328,1
M047902,1
M038223,1
M034805,1
M039357,1
M063823,1
M039125,1
M019919,1
M022890,1
M062283,1
M033924,1
M040300,1
M092727,1
M012727,1
M013560,1
M036588,1
M088300,1
M023202,1
M037209,1
M089308,1
M028560,1
M026908,1
M028867,1
M054632,1
M036346,1
M041846,1
M032059,1
M032781,1
M030577,1
M037432,1
M045187,1
M029181,1
M030872,1
M037374,1
M045167,1
M038038,1
M016757,1
M016855,1
M067256,1
M030349,1
M084164,1
M081892,1
M053500,1
M062218,1
M044777,1
M046189,1
M055906,1
M040928,1
M017038,1
M051593,1
M056033,1
M053422,1
M018823,1
M017023,1
M100599,1
M014717,1
M075266,1
M067971,1
M012766,1
M007676,1
M044840,1
M033738,1
M008015,1
M015977,1
M072971,1
M068433,1
M059908,1
M037600,1
M064210,1
M051031,1
M043834,1
M063919,1
M097732,1
M062759,1
M021997,1
M101379,1
M018271,1
M094772,1
M054017,1
M020896,1
M021280,1
M080094,1
M098458,1
M037887,1
M020501,1
M035539,1
M018359,1
M068251,1
M040658,1
M095536,1
M068226,1
M030441,1
M052350,1
M019966,1
M037303,1
M073319,1
M073596,1
M016572,1
M019923,1
M043321,1
M055085,1
M019151,1
M035004,1
M090997,1
M051350,1
M093884,1
M008640,1
M050581,1
M036130,1
M093420,1
M094027,1
M079205,1
M031891,1
M031726,1
M029663,1
M029807,1
M057663,1
M075789,1
M047087,1
M047725,1
M048512,1
M060333,1
M019067,1
M032283,1
M095020,1
M051069,1
M027914,1
M039488,1
M041769,1
M033766,1
M027570,1
M066844,1
M066516,1
M029355,1
M051999,1
M061046,1
M008258,1
M016460,1
M054243,1
M031256,1
M080598,1
M089613,1
M074839,1
M003363,1
M033123,1
M005718,1
M001478,1
M065086,1
M046842,1
M032129,1
M038387,1
M025760,1
M021336,1
M001733,1
M033221,1
M042973,1
M035949,1
M050425,1
M049229,1
M049263,1
M026482,1
M098599,1
M053570,1
M051005,1
M030072,1
M031830,1
M055164,1
M031326,1
M035430,1
M052068,1
M000619,1
M044070,1
M052209,1
M033946,1
M053236,1
M083777,1
M036559,1
M033748,1
M055684,1
M019353,1
M002134,1
M044216,1
M050467,1
M065876,1
M033842,1
M045151,1
M064820,1
M001508,1
M038611,1
M039850,1
M100961,1
M095298,1
M086249,1
M044673,1
M045697,1
M067463,1
M069200,1
M055202,1
M085502,1
M041978,1
M027315,1
M041675,1
M047588,1
M076733,1
M022360,1
M022182,1
M070570,1
M088538,1
M051080,1
M024609,1
M093527,1
M030325,1
M068173,1
M007246,1
M035381,1
M071232,1
M085808,1
M060654,1
M080045,1
M019962,1
M045004,1
M044762,1
M070327,1
M065808,1
M009321,1
M007476,1
M060871,1
M012373,1
M029291,1
M083434,1
M051208,1
M050023,1
M059380,1
M036536,1
M078381,1
M042762,1
M033457,1
M042104,1
M098808,1
M044544,1
M041805,1
M039326,1
M058733,1
M007235,1
M100641,1
M035409,1
M069068,1
M027651,1
M018990,1
M036732,1
M004901,1
M037070,1
M014697,1
M033011,1
M057073,1
M081944,1
M056598,1
M077400,1
M070740,1
M013405,1
M038417,1
M031061,1
M042588,1
M064987,1
M083549,1
M063713,1
M060956,1
M062714,1
M058297,1
M032234,1
M051440,1
M047759,1
M029590,1
M082079,1
M050699,1
M043048,1
M062700,1
M015637,1
M101224,1
M008032,1
M043749,1
M063053,1
M045074,1
M040244,1
M087803,1
M099400,1
M030098,1
M084074,1
M011318,1
M043385,1
M001255,1
M046050,1
M018560,1
M095775,1
M008982,1
M073773,1
M023246,1
M029074,1
M013389,1
M041180,1
M001979,1
M071762,1
M043750,1
M085269,1
M073931,1
M077663,1
M077287,1
M049457,1
M090947,1
M042741,1
M032258,1
M022456,1
M015090,1
M054633,1
M043640,1
M087692,1
M071011,1
M070254,1
M058732,1
M093521,1
M031282,1
M043619,1
M008744,1
M008855,1
M006900,1
M035538,1
M001545,1
M076370,1
M068903,1
M038300,1
M056766,1
M011037,1
M040861,1
M041328,1
M020340,1
M094962,1
M007703,1
M082594,1
M032568,1
M034759,1
M005767,1
M053546,1
M095943,1
M046663,1
M016867,1
M068058,1
M057835,1
M057103,1
M084713,1
M039883,1
M018944,1
M094624,1
M054340,1
M053697,1
M063762,1
M061587,1
M044387,1
M063745,1
M040555,1
M041110,1
M033832,1
M036075,1
M006053,1
M081779,1
M050585,1
M064458,1
M090411,1
M038110,1
M036152,1
M045303,1
M057827,1
M041605,1
M038107,1
M044329,1
M054451,1
M034393,1
M001334,1
M002329,1
M062585,1
M040150,1
M012101,1
M042759,1
M001306,1
M024365,1
M026590,1
M029638,1
M088676,1
M037514,1
M048587,1
M017677,1
M037334,1
M023596,1
M041580,1
M062070,1
M062905,1
M034807,1
M051742,1
M045489,1
M045115,1
M037177,1
M037178,1
M066143,1
M038649,1
M015987,1
M038165,1
M030667,1
M014769,1
M057677,1
M064832,1
M034795,1
M081810,1
M051014,1
M020374,1
M088847,1
M001047,1
M090083,1
M022382,1
M066387,1
M048668,1
M070658,1
M080507,1
M099684,1
M053194,1
M000217,1
M043188,1
M038039,1
M037723,1
M050011,1
M054048,1
M080248,1
M037515,1
M066977,1
M029861,1
M068958,1
M036103,1
M040942,1
M030833,1
M043005,1
M090608,1
M046199,1
M094523,1
M096488,1
M055457,1
M034018,1
M083851,1
M087646,1
M011419,1
M081467,1
M025911,1
M066945,1
M101063,1
M100587,1
M056542,1
M077440,1
M054577,1
M086678,1
M065608,1
M048563,1
M015542,1
M045059,1
M055134,1
M043755,1
M010337,1
M020398,1
M023032,1
M071696,1
M076009,1
M073524,1
M063559,1
M065309,1
M040987,1
M076625,1
M074339,1
M099489,1
M001309,1
M044085,1
M073106,1
M058760,1
M044593,1
M065609,1
M049839,1
M065171,1
M079747,1
M044670,1
M043961,1
M091829,1
M043927,1
M041205,1
M002373,1
M009840,1
M037957,1
M003626,1
M008537,1
M048389,1
M001660,1
M049213,1
M040504,1
M039695,1
M045597,1
M032772,1
M076789,1
M041533,1
M043364,1
M044163,1
M003641,1
M043410,1
M062240,1
M024175,1
M010568,1
M069343,1
M020725,1
M045008,1
M045441,1
M035845,1
M044601,1
M011379,1
M006690,1
M081165,1
M055726,1
M073767,1
M096836,1
M048096,1
M047774,1
M030347,1
M075793,1
M052223,1
M007691,1
M010792,1
M050082,1
M025439,1
M011115,1
M031955,1
M000598,1
M003739,1
M036495,1
M035838,1
M056150,1
M015170,1
M055291,1
M058119,1
M080154,1
M025534,1
M090985,1
M064770,1
M030636,1
M036720,1
M056687,1
M035086,1
M054561,1
M022355,1
M038892,1
M056027,1
M066306,1
M040485,1
M001597,1
M048891,1
M039044,1
M085220,1
M093730,1
M059539,1
M100276,1
M085212,1
M037246,1
M033908,1
M068827,1
M002301,1
M040631,1
M043617,1
M042758,1
M049929,1
M004842,1
M048437,1
M027785,1
M041970,1
M062411,1
M090923,1
M072663,1
M057255,1
M034975,1
M035173,1
M039997,1
M026662,1
M066375,1
M051050,1
M059227,1
M063899,1
M094288,1
M040582,1
M064942,1
M030641,1
M061170,1
M093252,1
M093098,1
M079115,1
M066412,1
M062235,1
M087401,1
M042985,1
M084265,1
M055747,1
M055448,1
M086136,1
M052222,1
M036822,1
M065646,1
M004954,1
M045751,1
M060444,1
M030426,1
M075132,1
M040110,1
M042049,1
M020949,1
M046159,1
M044082,1
M038719,1
M051564,1
M031238,1
M033746,1
M035933,1
M023045,1
M088382,1
M051061,1
M039628,1
M041272,1
M021075,1
M050287,1
M060176,1
M063259,1
M037224,1
M035242,1
M001976,1
M065761,1
M085709,1
M041076,1
M093162,1
M072838,1
M073892,1
M024207,1
M027465,1
M030460,1
M013105,1
M018835,1
M014300,1
M014251,1
M014032,1
M001690,1
M036435,1
M040945,1
M075922,1
M040661,1
M063199,1
M015785,1
M089756,1
M071628,1
M044115,1
M083179,1
M038881,1
M076842,1
M039120,1
M031393,1
M032227,1
M002686,1
M053179,1
M026399,1
M066171,1
M052628,1
M045541,1
M077720,1
M058000,1
M101641,1
M093259,1
M033818,1
M036342,1
M050947,1
M070686,1
M047839,1
M051590,1
M098419,1
M044438,1
M019822,1
M055343,1
M060275,1
M059795,1
M087561,1
M056604,1
M063155,1
M094981,1
M074388,1
M078009,1
M025004,1
M052719,1
M021897,1
M043757,1
M076251,1
M037927,1
M083242,1
M036898,1
M071684,1
M043069,1
M054380,1
M017814,1
M030337,1
M031909,1
M033028,1
M058193,1
M016601,1
M060396,1
M076771,1
M015038,1
M101285,1
M030096,1
M043312,1
M009756,1
M081825,1
M006657,1
M037478,1
M021831,1
M020483,1
M086801,1
M068304,1
M098692,1
M015241,1
M056527,1
M039638,1
M059349,1
M068110,1
M058440,1
M086566,1
M039639,1
M033974,1
M097285,1
M065566,1
M101372,1
M016257,1
M041365,1
M065667,1
M012344,1
M003940,1
M076084,1
M042723,1
M033894,1
M038899,1
M045398,1
M056987,1
M037103,1
M036995,1
M035865,1
M065258,1
M040063,1
M032767,1
M037295,1
M051110,1
M025965,1
M002097,1
M039701,1
M058805,1
M008368,1
M052554,1
M011832,1
M043783,1
M021768,1
M003750,1
M037602,1
M101476,1
M089461,1
M064361,1
M062909,1
M055238,1
M074710,1
M064696,1
M049019,1
M022119,1
M097952,1
M023153,1
M020191,1
M040487,1
M086849,1
M038569,1
M063597,1
M095489,1
M095966,1
M067465,1
M017457,1
M061592,1
M017552,1
M041611,1
M097525,1
M014408,1
M099373,1
M037766,1
M040367,1
M050157,1
M093840,1
M082867,1
M043336,1
M038351,1
M060428,1
M053924,1
M056794,1
M042529,1
M045182,1
M045615,1
M076544,1
M057071,1
M076987,1
M069573,1
M064846,1
M097467,1
M066583,1
M091589,1
M080196,1
M024010,1
M040093,1
M095637,1
M041209,1
M046908,1
M052251,1
M041695,1
M099457,1
M083689,1
M023377,1
M084848,1
M093935,1
M072915,1
M063037,1
M043934,1
M021137,1
M034793,1
M003821,1
M021415,1
M049257,1
M019817,1
M052119,1
M061402,1
M071694,1
M074959,1
M092058,1
M005374,1
M041854,1
M080027,1
M090129,1
M001430,1
M042776,1
M002900,1
M068485,1
M058333,1
M069639,1
M080501,1
M041100,1
M097409,1
M017688,1
M017278,1
M051703,1
M018707,1
M010918,1
M098052,1
M082162,1
M020407,1
M065759,1
M090226,1
M062380,1
M038407,1
M036074,1
M082121,1
M072330,1
M019568,1
M096614,1
M011973,1
M006824,1
M072602,1
M031661,1
M030285,1
M031729,1
M010183,1
M081561,1
M029567,1
M009899,1
M004882,1
M077113,1
M032947,1
M056069,1
M057726,1
M005481,1
M074786,1
M050249,1
M039059,1
M050782,1
M077134,1
M065687,1
M042528,1
M042785,1
M073957,1
M059957,1
M054706,1
M039158,1
M071215,1
M053334,1
M058557,1
M054579,1
M046794,1
M091003,1
M075754,1
M035232,1
M000922,1
M043898,1
M082578,1
M042484,1
M018390,1
M064374,1
M023779,1
M043839,1
M043070,1
M059225,1
M046140,1
M024312,1
M041736,1
M000752,1
M032919,1
M002004,1
M043614,1
M045093,1
M098894,1
M078426,1
M018928,1
M060738,1
M008634,1
M044854,1
M086349,1
M001620,1
M001587,1
M040785,1
M021670,1
M042627,1
M026985,1
M067554,1
M009826,1
M045200,1
M017348,1
M038683,1
M072495,1
M090706,1
M013515,1
M067380,1
M099926,1
M069151,1
M063462,1
M055945,1
M038614,1
M036452,1
M034992,1
M074944,1
M061156,1
M008526,1
M003198,1
M006254,1
M066316,1
M035471,1
M063631,1
M034531,1
M072309,1
M024003,1
M079140,1
M037731,1
M040154,1
M016741,1
M055920,1
M010353,1
M062537,1
M016483,1
M088730,1
M073163,1
M068574,1
M074431,1
M037441,1
M000196,1
M090342,1
M075282,1
M065154,1
M040904,1
M052863,1
M005793,1
M025753,1
M083523,1
M010552,1
M092333,1
M080879,1
M098663,1
M039146,1
M057326,1
M003347,1
M092770,1
M067345,1
M058917,1
M085349,1
M005521,1
M074298,1
M056791,1
M031241,1
M034957,1
M029131,1
M034107,1
M039532,1
M034590,1
M079852,1
M047125,1
M069448,1
M036442,1
M005074,1
M041757,1
M059351,1
M054810,1
M051399,1
M045957,1
M076536,1
M100437,1
M029806,1
M055049,1
M034396,1
M079689,1
M030219,1
M026671,1
M030996,1
M041700,1
M061316,1
M038247,1
M043194,1
M085621,1
M064308,1
M005808,1
M037806,1
M052177,1
M049396,1
M020926,1
M028265,1
M041311,1
M048837,1
M031365,1
M041536,1
M071169,1
M099352,1
M041007,1
M037826,1
M042731,1
M040895,1
M079710,1
M045616,1
M098173,1
M052430,1
M042904,1
M048008,1
M094132,1
M012989,1
M010744,1
M052396,1
M051620,1
M042518,1
M042201,1
M094463,1
M073532,1
M097944,1
M075498,1
M069199,1
M034760,1
M025084,1
M012784,1
M015136,1
M020838,1
M094999,1
M073366,1
M066255,1
M047954,1
M021118,1
M002318,1
M072311,1
M093144,1
M036902,1
M037669,1
M035089,1
M038455,1
M022513,1
M002655,1
M035391,1
M012662,1
M003920,1
M013388,1
M032610,1
M058311,1
M003672,1
M005557,1
M075619,1
M046810,1
M040824,1
M042315,1
M090865,1
M055618,1
M061008,1
M002514,1
M065083,1
M071318,1
M041149,1
M037560,1
M046827,1
M063859,1
M001847,1
M060797,1
M054705,1
M025796,1
M022817,1
M038094,1
M036669,1
M022288,1
M033397,1
M047624,1
M001980,1
M002012,1
M000424,1
M068701,1
M093806,1
M078815,1
M023872,1
M085495,1
M091103,1
M032405,1
M072415,1
M040627,1
M039243,1
M046957,1
M038182,1
M093012,1
M047376,1
M002121,1
M020821,1
M055660,1
M064539,1
M023229,1
M037502,1
M016897,1
M026629,1
M045203,1
M038295,1
M056949,1
M040342,1
M030317,1
M022496,1
M046952,1
M089738,1
M075344,1
M045969,1
M047468,1
M063475,1
M001813,1
M093092,1
M038820,1
M099250,1
M052961,1
M034059,1
M046239,1
M077215,1
M036850,1
M071707,1
M039356,1
M067148,1
M045773,1
M052169,1
M067131,1
M067188,1
M045287,1
M025696,1
M061475,1
M068151,1
M027999,1
M037071,1
M039806,1
M040025,1
M018601,1
M047613,1
M092072,1
M049867,1
M034800,1
M066608,1
M046782,1
M060576,1
M006413,1
M040137,1
M041383,1
M084095,1
M092301,1
M030827,1
M023216,1
M091892,1
M037370,1
M038863,1
M071260,1
M075291,1
M051013,1
M040454,1
M022750,1
M045695,1
M022129,1
M008311,1
M018772,1
M049974,1
M021164,1
M066388,1
M006439,1
M043237,1
M004739,1
M006133,1
M001013,1
M081756,1
M046553,1
M052422,1
M058315,1
M062307,1
M033929,1
M041471,1
M078699,1
M034773,1
M060339,1
M038413,1
M034315,1
M098362,1
M014523,1
M036936,1
M057896,1
M013200,1
M043124,1
M041861,1
M051685,1
M051746,1
M060959,1
M048306,1
M077384,1
M067897,1
M043310,1
M064183,1
M027064,1
M073879,1
M050281,1
M058925,1
M095742,1
M088645,1
M099710,1
M090406,1
M048321,1
M037373,1
M095831,1
M088003,1
M044186,1
M042077,1
M030633,1
M091026,1
M083538,1
M012538,1
M008622,1
M068170,1
M037789,1
M048564,1
M045014,1
M040345,1
M021262,1
M008189,1
M011447,1
M039447,1
M098528,1
M032570,1
M048274,1
M033091,1
M080002,1
M060568,1
M039474,1
M038456,1
M078801,1
M044674,1
M025057,1
M037905,1
M042761,1
M038777,1
M016540,1
M067518,1
M096559,1
M047617,1
M040193,1
M019297,1
M093110,1
M058997,1
M054116,1
M075987,1
M040032,1
M044968,1
M038723,1
M073945,1
M100657,1
M040446,1
M081068,1
M005247,1
M030370,1
M009318,1
M031056,1
M011440,1
M072280,1
M086470,1
M052691,1
M017104,1
M038183,1
M052245,1
M020105,1
M037897,1
M020124,1
M043515,1
M051879,1
M076904,1
M098967,1
M091881,1
M068033,1
M004802,1
M071328,1
M085731,1
M016457,1
M035844,1
M036835,1
M043075,1
M030829,1
M085156,1
M068352,1
M042414,1
M039053,1
M047687,1
M060601,1
M057316,1
M053972,1
M058625,1
M049323,1
M040847,1
M002518,1
M045139,1
M073477,1
M044830,1
M089399,1
M090047,1
M085310,1
M041411,1
M063496,1
M089176,1
M077091,1
M047114,1
M087453,1
M074778,1
M097815,1
M024532,1
M023785,1
M044043,1
M060610,1
M002027,1
M019562,1
M061563,1
M072301,1
M095312,1
M061087,1
M040164,1
M088373,1
M021072,1
M086348,1
M082627,1
M037893,1
M047008,1
M057003,1
M003266,1
M013998,1
M086480,1
M039946,1
M045565,1
M029575,1
M006984,1
M099296,1
M043117,1
M075518,1
M043379,1
M040410,1
M060964,1
M048249,1
M001063,1
M099208,1
M018425,1
M059268,1
M002848,1
M038515,1
M060794,1
M039804,1
M038299,1
M055135,1
M007263,1
M055880,1
M086069,1
M040169,1
M039707,1
M041565,1
M049857,1
M039212,1
M015813,1
M086293,1
M063889,1
M082502,1
M097295,1
M101337,1
M044194,1
M092349,1
M034694,1
M037960,1
M065431,1
M087944,1
M033201,1
M054564,1
M047170,1
M048468,1
M045523,1
M026744,1
M044803,1
M101555,1
M099494,1
M048977,1
M074582,1
M051167,1
M052629,1
M016307,1
M044648,1
M041844,1
M045124,1
M041192,1
M098623,1
M079786,1
M053594,1
M039662,1
M038355,1
M042755,1
M042114,1
M075940,1
M013828,1
M039431,1
M020351,1
M038432,1
M036488,1
M057882,1
M037938,1
M033348,1
M069689,1
M058484,1
M058461,1
M059934,1
M078397,1
M069975,1
M064628,1
M043748,1
M042740,1
M035603,1
M065200,1
M039640,1
M092917,1
M011154,1
M056892,1
M053752,1
M085143,1
M093264,1
M063775,1
M056269,1
M018273,1
M016531,1
M091810,1
M047239,1
M009134,1
M009140,1
M092745,1
M004155,1
M031321,1
M019740,1
M057569,1
M069301,1
M018118,1
M040386,1
M075764,1
M093456,1
M039772,1
M066256,1
M023976,1
M009772,1
M034317,1
M093031,1
M064951,1
M021367,1
M070664,1
M075902,1
M045754,1
M045015,1
M038805,1
M003173,1
M043932,1
M023017,1
M031727,1
M075217,1
M049842,1
M098485,1
M041702,1
M098824,1
M063491,1
M056097,1
M067695,1
M077079,1
M039435,1
M056801,1
M031643,1
M045961,1
M042396,1
M043353,1
M032288,1
M045634,1
M049900,1
M044182,1
M097000,1
M044959,1
M042395,1
M046934,1
M074581,1
M050825,1
M088155,1
M044934,1
M032812,1
M075110,1
M007674,1
M013620,1
M063024,1
M087908,1
M093728,1
M098335,1
M071434,1
M013918,1
M058742,1
M062310,1
M035832,1
M031450,1
M034397,1
M015467,1
M080992,1
M066032,1
M043305,1
M097977,1
M076196,1
M078414,1
M057755,1
M064863,1
M040039,1
M064735,1
M037267,1
M073324,1
M040078,1
M077198,1
M037479,1
M030199,1
M018252,1
M033054,1
M046533,1
M075313,1
M043511,1
M100543,1
M036330,1
M052211,1
M039808,1
M013974,1
M076495,1
M038269,1
M072109,1
M037358,1
M067157,1
M063068,1
M058655,1
M035269,1
M074024,1
M046634,1
M003727,1
M046967,1
M036782,1
M023218,1
M048455,1
M057392,1
M026801,1
M051303,1
M026884,1
M076363,1
M075010,1
M047648,1
M040061,1
M078773,1
M057608,1
M077450,1
M077552,1
M063511,1
M030631,1
M027298,1
M012642,1
M022714,1
M072587,1
M055813,1
M038162,1
M018285,1
M010581,1
M007997,1
M056678,1
M010415,1
M069364,1
M042033,1
M012754,1
M034663,1
M043518,1
M043629,1
M063240,1
M031570,1
M034522,1
M042311,1
M058522,1
M054748,1
M041858,1
M084443,1
M066259,1
M039141,1
M073057,1
M055859,1
M041047,1
M031480,1
M047456,1
M053058,1
M049007,1
M041029,1
M039443,1
M040461,1
M054269,1
M098911,1
M039752,1
M070264,1
M002073,1
M054408,1
M061937,1
M027417,1
M003145,1
M056101,1
M093766,1
M033941,1
M052543,1
M086632,1
M049653,1
M064432,1
M031571,1
M011763,1
M043516,1
M075634,1
M060867,1
M030201,1
M067382,1
M099583,1
M073252,1
M041161,1
M038540,1
M076770,1
M068432,1
M054357,1
M047107,1
M038765,1
M040700,1
M041305,1
M046859,1
M041683,1
M038405,1
M041078,1
M043662,1
M090542,1
M080394,1
M084112,1
M003699,1
M024333,1
M040243,1
M098532,1
M003470,1
M018802,1
M079809,1
M044339,1
M052151,1
M097027,1
M062500,1
M041645,1
M090078,1
M096049,1
M081745,1
M008133,1
M061758,1
M019331,1
M005647,1
M057025,1
M055116,1
M016174,1
M040799,1
M042370,1
M050343,1
M098451,1
M028910,1
M063311,1
M037849,1
M025375,1
M065120,1
M089418,1
M047286,1
M040455,1
M086585,1
M094823,1
M046460,1
M062989,1
M004326,1
M038554,1
M028148,1
M027872,1
M045752,1
M023806,1
M058138,1
M060789,1
M058241,1
M005233,1
M058857,1
M036430,1
M064821,1
M058427,1
M040044,1
M029345,1
M070569,1
M044466,1
M090160,1
M080012,1
M079432,1
M074933,1
M076887,1
M100891,1
M024296,1
M047312,1
M099124,1
M043562,1
M062902,1
M058243,1
M070284,1
M029247,1
M047212,1
M045277,1
M040568,1
M077166,1
M047218,1
M062251,1
M024117,1
M025807,1
M055790,1
M026192,1
M062628,1
M100380,1
M069190,1
M098642,1
M042612,1
M086090,1
M092700,1
M086714,1
M076538,1
M041797,1
M033709,1
M042462,1
M075666,1
M073609,1
M100222,1
M016019,1
M044997,1
M059402,1
M075094,1
M038913,1
M098466,1
M063645,1
M045291,1
M010488,1
M074535,1
M041518,1
M040396,1
M007010,1
M017896,1
M010963,1
M012345,1
M075352,1
M017128,1
M008775,1
M095873,1
M096309,1
M051291,1
M004875,1
M000988,1
M037554,1
M090858,1
M033365,1
M005736,1
M060110,1
M045791,1
M038754,1
M068438,1
M079784,1
M042485,1
M089356,1
M062548,1
M046621,1
M087667,1
M060124,1
M034714,1
M071893,1
M021478,1
M088620,1
M075528,1
M067138,1
M059906,1
M063732,1
M059072,1
M004266,1
M016553,1
M043724,1
M001208,1
M033450,1
M061647,1
M077507,1
M022633,1
M025550,1
M035083,1
M005183,1
M086280,1
M044417,1
M047467,1
M070647,1
M071610,1
M044923,1
M053679,1
M079010,1
M044812,1
M037667,1
M083172,1
M095354,1
M044409,1
M039063,1
M013832,1
M042735,1
M052574,1
M015216,1
M009085,1
M043858,1
M042907,1
M038951,1
M032939,1
M051075,1
M042664,1
M094232,1
M042874,1
M046169,1
M042777,1
M049667,1
M056400,1
M094724,1
M079481,1
M040646,1
M086414,1
M051049,1
M082760,1
M050053,1
M076038,1
M042139,1
M009472,1
M010420,1
M052714,1
M011807,1
M090339,1
M054468,1
M041592,1
M058409,1
M054803,1
M099941,1
M069889,1
M017362,1
M007646,1
M094854,1
M037231,1
M051870,1
M036710,1
M042290,1
M043271,1
M057367,1
M066893,1
M057533,1
M041524,1
M057459,1
M017941,1
M030207,1
M038616,1
M022758,1
M061494,1
M050146,1
M088733,1
M058222,1
M058689,1
M041386,1
M034507,1
M029054,1
M035414,1
M001295,1
M050516,1
M055243,1
M027419,1
M019131,1
M041628,1
M034563,1
M075800,1
M005737,1
M050237,1
M041271,1
M101279,1
M093054,1
M017478,1
M044597,1
M055488,1
M061418,1
M070720,1
M030206,1
M051391,1
M039001,1
M034837,1
M020770,1
M020822,1
M019327,1
M047418,1
M013713,1
M044696,1
M076317,1
M051864,1
M010717,1
M085210,1
M070124,1
M043456,1
M084124,1
M073614,1
M042880,1
M049643,1
M002360,1
M064714,1
M067045,1
M091390,1
M096191,1
M095221,1
M084069,1
M031195,1
M063328,1
M064060,1
M070818,1
M017435,1
M047159,1
M066553,1
M089843,1
M003618,1
M017700,1
M004831,1
M070523,1
M070026,1
M018945,1
M039191,1
M047444,1
M041242,1
M093609,1
M044214,1
M045223,1
M073891,1
M057354,1
M083544,1
M078300,1
M101414,1
M003043,1
M065964,1
M087300,1
M036695,1
M019047,1
M070039,1
M040450,1
M047236,1
M053164,1
M078630,1
M056259,1
M053420,1
M066396,1
M062246,1
M033463,1
M075127,1
M075589,1
M091655,1
M043083,1
M044431,1
M041742,1
M094915,1
M042470,1
M044210,1
M038959,1
M072246,1
M004546,1
M062079,1
M091180,1
M054531,1
M057480,1
M076245,1
M043475,1
M050478,1
M081920,1
M073192,1
M079338,1
M040177,1
M039987,1
M012253,1
M091597,1
M017375,1
M047929,1
M022944,1
M039846,1
M093007,1
M068039,1
M093209,1
M032397,1
M057519,1
M018575,1
M033242,1
M095310,1
M055714,1
M039713,1
M075089,1
M064047,1
M075446,1
M013235,1
M036654,1
M004182,1
M017753,1
M021681,1
M075109,1
M035912,1
M031079,1
M013446,1
M005831,1
M020717,1
M000683,1
M001755,1
M000478,1
M008545,1
M045161,1
M075578,1
M047605,1
M101271,1
M027155,1
M066594,1
M067778,1
M041369,1
M081634,1
M015572,1
M044680,1
M037063,1
M038802,1
M050976,1
M021923,1
M075325,1
M041813,1
M038831,1
M035443,1
M034330,1
M085582,1
M081653,1
M009246,1
M076448,1
M091337,1
M010675,1
M051108,1
M003645,1
M037752,1
M050371,1
M072788,1
M075739,1
M042155,1
M045410,1
M045046,1
M033234,1
M001857,1
M011690,1
M017130,1
M041323,1
M071013,1
M068498,1
M048314,1
M055830,1
M071905,1
M060436,1
M019631,1
M020559,1
M079402,1
M091559,1
M030564,1
M062732,1
M028382,1
M033453,1
M078574,1
M001776,1
M037608,1
M089614,1
M040363,1
M024441,1
M058185,1
M041342,1
M025071,1
M010380,1
M034956,1
M034568,1
M048030,1
M094526,1
M039754,1
M041171,1
M100695,1
M078398,1
M011605,1
M071149,1
M036763,1
M014518,1
M046832,1
M040248,1
M069022,1
M073400,1
M039402,1
M069897,1
M074950,1
M029810,1
M039294,1
M062152,1
M024254,1
M071546,1
M042712,1
M050590,1
M040594,1
M001162,1
M087921,1
M042410,1
M085672,1
M022709,1
M006622,1
M024429,1
M008240,1
M058607,1
M082548,1
M008605,1
M007128,1
M071721,1
M037387,1
M036837,1
M038152,1
M026129,1
M095877,1
M009272,1
M079887,1
M013566,1
M009737,1
M081962,1
M060329,1
M051866,1
M054369,1
M013890,1
M013153,1
M069290,1
M052285,1
M043158,1
M080546,1
M055198,1
M023671,1
M077847,1
M031036,1
M071396,1
M029925,1
M065190,1
M020322,1
M085774,1
M067501,1
M058613,1
M040893,1
M046032,1
M042545,1
M052343,1
M057539,1
M000413,1
M041315,1
M006222,1
M078472,1
M093097,1
M087187,1
M081037,1
M047009,1
M041847,1
M038497,1
M061347,1
M038538,1
M025410,1
M047762,1
M049497,1
M067997,1
M009828,1
M061060,1
M095471,1
M043079,1
M022214,1
M047321,1
M075923,1
M087684,1
M010725,1
M017031,1
M042750,1
M044941,1
M043072,1
M047620,1
M045548,1
M039981,1
M079025,1
M085721,1
M013968,1
M099064,1
M087038,1
M099813,1
M095512,1
M063742,1
M035436,1
M009519,1
M035113,1
M035449,1
M040523,1
M033780,1
M065426,1
M046577,1
M043239,1
M044850,1
M089731,1
M075843,1
M083937,1
M047213,1
M047959,1
M003811,1
M018773,1
M016995,1
M045538,1
M097693,1
M024724,1
M015792,1
M053011,1
M054092,1
M074788,1
M047506,1
M087726,1
M092878,1
M074876,1
M075267,1
M082651,1
M072278,1
M090505,1
M044476,1
M061346,1
M051905,1
M006407,1
M046496,1
M050206,1
M049387,1
M059251,1
M075892,1
M038722,1
M095051,1
M071369,1
M071110,1
M093451,1
M054630,1
M003112,1
M038740,1
M041745,1
M065068,1
M039612,1
M030672,1
M094623,1
M033029,1
M039454,1
M027082,1
M056059,1
M042562,1
M053210,1
M060334,1
M056051,1
M074320,1
M061932,1
M064428,1
M066602,1
M055022,1
M061436,1
M055076,1
M030846,1
M071054,1
M091991,1
M081049,1
M060065,1
M038707,1
M041414,1
M083436,1
M087027,1
M092646,1
M037955,1
M005663,1
M073367,1
M042717,1
M042079,1
M022216,1
M099892,1
M049494,1
M047472,1
M048987,1
M011293,1
M020574,1
M081917,1
M084278,1
M086884,1
M074642,1
M061109,1
M044128,1
M049272,1
M038814,1
M046230,1
M045480,1
M051450,1
M032102,1
M038083,1
M005729,1
M049816,1
M057162,1
M048268,1
M049241,1
M051454,1
M101486,1
M042896,1
M032961,1
M042340,1
M076798,1
M055502,1
M055671,1
M064156,1
M052645,1
M046993,1
M055226,1
M082562,1
M009063,1
M037641,1
M053935,1
M075420,1
M043487,1
M045507,1
M068087,1
M004425,1
M028332,1
M029264,1
M027569,1
M038367,1
M037820,1
M083939,1
M051875,1
M070835,1
M070433,1
M078252,1
M063297,1
M015112,1
M037253,1
M101603,1
M045416,1
M075801,1
M029665,1
M080340,1
M058834,1
M017831,1
M084783,1
M048706,1
M081357,1
M034702,1
M044050,1
M050418,1
M050763,1
M044378,1
M045950,1
M061332,1
M058158,1
M052293,1
M080345,1
M075707,1
M062016,1
M082083,1
M061962,1
M049566,1
M012172,1
M056125,1
M043509,1
M077393,1
M061492,1
M043555,1
M089906,1
M080616,1
M025778,1
M063864,1
M072480,1
M052755,1
M044060,1
M045812,1
M041483,1
M095600,1
M075208,1
M053958,1
M063761,1
M036401,1
M039841,1
M085128,1
M011934,1
M032932,1
M024790,1
M060471,1
M014622,1
M005973,1
M010624,1
M005888,1
M034359,1
M024131,1
M004551,1
M058500,1
M099894,1
M005830,1
M082251,1
M041712,1
M000687,1
M088986,1
M063425,1
M048476,1
M012722,1
M097244,1
M050262,1
M018065,1
M063431,1
M022555,1
M066223,1
M046830,1
M049767,1
M098896,1
M066820,1
M078017,1
M018523,1
M012829,1
M039771,1
M091745,1
M042736,1
M007580,1
M016896,1
M070209,1
M018527,1
M041062,1
M041143,1
M062816,1
M090238,1
M014608,1
M056916,1
M007372,1
M043771,1
M046258,1
M061712,1
M090316,1
M087065,1
M052136,1
M015036,1
M011258,1
M017094,1
M074420,1
M060902,1
M081657,1
M046975,1
M016915,1
M101554,1
M066515,1
M062105,1
M036636,1
M066229,1
M050442,1
M042039,1
M063005,1
M054604,1
M022227,1
M043846,1
M063639,1
M079587,1
M086611,1
M088237,1
M086796,1
M048834,1
M031122,1
M031078,1
M017164,1
M047378,1
M058604,1
M066127,1
M065721,1
M038890,1
M070613,1
M072644,1
M090296,1
M013411,1
M046000,1
M088404,1
M101455,1
M053214,1
M064004,1
M098971,1
M099311,1
M054044,1
M038441,1
M037456,1
M077433,1
M087604,1
M026006,1
M084541,1
M088951,1
M044797,1
M040876,1
M073079,1
M002255,1
M008054,1
M064148,1
M059169,1
M057179,1
M098338,1
M098987,1
M086302,1
M044987,1
M051579,1
M000073,1
M062620,1
M088980,1
M081507,1
M045966,1
M090830,1
M095262,1
M078291,1
M004491,1
M004568,1
M030771,1
M043037,1
M058690,1
M058292,1
M054404,1
M029617,1
M073025,1
M054155,1
M097463,1
M049277,1
M044699,1
M061127,1
M030319,1
M095309,1
M055293,1
M101021,1
M063364,1
M065115,1
M079387,1
M048970,1
M044904,1
M047576,1
M070303,1
M017274,1
M065935,1
M007802,1
M087484,1
M059295,1
M076614,1
M062754,1
M026776,1
M095340,1
M056868,1
M057436,1
M083019,1
M042613,1
M015566,1
M010894,1
M056193,1
M061947,1
M092087,1
M039514,1
M038695,1
M082943,1
M061351,1
M044396,1
M041561,1
M071864,1
M067651,1
M068289,1
M051700,1
M053449,1
M097865,1
M050280,1
M087799,1
M068220,1
M084581,1
M050507,1
M051354,1
M050591,1
M065283,1
M009159,1
M004550,1
M094322,1
M082654,1
M084650,1
M055542,1
M088010,1
M045457,1
M054583,1
M049925,1
M048713,1
M051618,1
M083293,1
M006589,1
M058141,1
M091205,1
M028968,1
M051948,1
M037855,1
M042264,1
M041779,1
M062382,1
M038275,1
M034707,1
M075025,1
M057719,1
M040227,1
M098464,1
M076876,1
M060109,1
M036796,1
M040846,1
M001337,1
M015627,1
M090118,1
M031227,1
M016330,1
M021692,1
M048942,1
M094529,1
M007204,1
M054342,1
M067792,1
M044772,1
M013141,1
M072295,1
M002515,1
M037571,1
M036661,1
M051188,1
M062752,1
M042599,1
M044978,1
M038327,1
M047522,1
M031642,1
M049392,1
M091324,1
M093368,1
M054977,1
M064187,1
M071355,1
M038808,1
M038445,1
M076479,1
M043701,1
M068154,1
M007529,1
M054018,1
M020060,1
M093069,1
M055092,1
M097217,1
M065183,1
M008165,1
M082443,1
M026631,1
M010391,1
M046389,1
M095617,1
M022342,1
M045800,1
M029408,1
M044991,1
M049168,1
M050088,1
M058118,1
M047644,1
M087722,1
M090191,1
M046478,1
M015047,1
M076331,1
M056511,1
M050382,1
M034709,1
M051072,1
M027791,1
M046562,1
M095053,1
M045097,1
M026684,1
M022274,1
M042684,1
M010646,1
M013119,1
M097538,1
M042958,1
M093058,1
M067772,1
M070695,1
M039469,1
M038946,1
M076087,1
M065624,1
M068578,1
M082215,1
M025369,1
M049116,1
M009121,1
M042356,1
M026180,1
M043377,1
M062560,1
M040434,1
M076581,1
M034570,1
M072342,1
M058935,1
M039321,1
M044564,1
M076716,1
M075786,1
M046992,1
M075497,1
M001225,1
M023991,1
M000779,1
M000148,1
M009404,1
M051056,1
M023583,1
M005177,1
M025724,1
M008450,1
M091706,1
M065084,1
M057282,1
M018433,1
M054499,1
M065313,1
M046136,1
M045022,1
M038542,1
M077190,1
M050598,1
M097923,1
M056080,1
M032703,1
M030576,1
M063077,1
M061085,1
M053877,1
M053863,1
M054291,1
M052569,1
M067723,1
M084176,1
M094821,1
M077291,1
M041487,1
M083225,1
M057925,1
M092383,1
M044522,1
M028034,1
M052731,1
M036739,1
M041085,1
M039797,1
M031778,1
M037434,1
M065977,1
M023274,1
M049670,1
M030569,1
M014421,1
M033143,1
M032578,1
M059558,1
M027172,1
M076688,1
M088049,1
M050612,1
M050771,1
M064366,1
M012272,1
M029791,1
M007011,1
M064285,1
M083905,1
M008441,1
M075374,1
M067702,1
M056212,1
M089380,1
M051512,1
M035029,1
M071298,1
M099541,1
M063710,1
M019582,1
M057374,1
M044422,1
M056872,1
M049881,1
M057343,1
M063122,1
M013132,1
M071343,1
M094549,1
M023481,1
M037877,1
M052761,1
M060620,1
M055410,1
M046247,1
M037743,1
M076935,1
M095508,1
M090741,1
M100180,1
M079346,1
M070204,1
M060626,1
M034911,1
M055394,1
M005390,1
M056028,1
M011045,1
M007727,1
M048168,1
M009797,1
M072969,1
M047025,1
M074735,1
M066094,1
M098749,1
M005382,1
M053230,1
M037601,1
M007981,1
M100768,1
M047586,1
M077359,1
M086255,1
M063111,1
M082577,1
M039856,1
M093755,1
M018456,1
M064017,1
M083046,1
M073878,1
M046505,1
M071686,1
M077792,1
M067928,1
M094095,1
M007184,1
M046750,1
M073980,1
M099794,1
M092724,1
M037828,1
M043694,1
M061204,1
M046519,1
M049184,1
M031515,1
M042443,1
M004148,1
M049476,1
M080378,1
M072723,1
M044315,1
M056572,1
M009613,1
M032376,1
M002186,1
M058631,1
M024653,1
M065009,1
M057688,1
M061843,1
M058565,1
M094728,1
M019079,1
M040115,1
M034116,1
M045434,1
M044634,1
M084410,1
M042727,1
M092387,1
M071614,1
M039834,1
M037703,1
M065043,1
M041220,1
M042108,1
M020240,1
M056825,1
M089775,1
M065401,1
M090416,1
M073336,1
M008682,1
M006028,1
M071372,1
M067169,1
M013666,1
M047676,1
M062451,1
M037047,1
M046179,1
M072113,1
M058481,1
M101396,1
M088752,1
M050817,1
M071151,1
M052699,1
M049534,1
M066077,1
M048888,1
M066651,1
M057137,1
M055616,1
M031676,1
M069610,1
M047353,1
M057363,1
M068196,1
M034068,1
M094208,1
M014511,1
M007410,1
M016991,1
M047819,1
M076396,1
M042748,1
M060719,1
M060093,1
M018852,1
M046802,1
M060742,1
M062608,1
M046768,1
M050666,1
M096884,1
M048471,1
M046806,1
M082266,1
M063686,1
M065092,1
M043397,1
M062367,1
M048655,1
M023345,1
M071948,1
M082141,1
M049783,1
M051528,1
M068686,1
M053100,1
M057411,1
M062619,1
M067961,1
M100353,1
M026828,1
M072098,1
M069097,1
M062274,1
M056207,1
M063121,1
M047669,1
M048146,1
M052503,1
M073362,1
M074912,1
M064711,1
M062762,1
M073586,1
M082913,1
M013731,1
M091569,1
M058013,1
M095640,1
M025382,1
M045553,1
M075443,1
M096432,1
M075080,1
M051327,1
M048909,1
M049924,1
M056976,1
M052198,1
M099877,1
M081176,1
M044953,1
M084301,1
M011349,1
M097026,1
M083497,1
M101000,1
M059409,1
M051143,1
M017480,1
M045985,1
M053361,1
M055650,1
M086013,1
M094277,1
M054873,1
M026968,1
M087070,1
M075448,1
M089088,1
M078099,1
M100711,1
M051678,1
M037099,1
M010704,1
M042477,1
M036424,1
M057172,1
M092888,1
M070052,1
M050669,1
M085966,1
M058449,1
M036786,1
M094404,1
M054794,1
M041572,1
M059852,1
M035179,1
M026438,1
M052393,1
M097035,1
M093190,1
M048210,1
M018797,1
M071300,1
M005096,1
M055745,1
M060264,1
M071303,1
M001467,1
M064966,1
M086952,1
M029604,1
M062798,1
M085784,1
M097747,1
M097329,1
M061759,1
M085417,1
M094224,1
M043930,1
M010958,1
M087937,1
M053689,1
M008990,1
M021421,1
M061057,1
M079172,1
M066453,1
M068492,1
M023354,1
M088561,1
M013117,1
M014540,1
M068526,1
M024372,1
M071415,1
M019352,1
M095143,1
M047897,1
M071898,1
M010664,1
M006023,1
M082688,1
M089472,1
M092125,1
M040577,1
M011643,1
M087987,1
M045786,1
M031358,1
M049406,1
M042674,1
M085355,1
M048139,1
M077138,1
M001157,1
M069039,1
M062722,1
M008683,1
M021835,1
M047333,1
M044617,1
M044529,1
M043016,1
M054123,1
M068020,1
M045959,1
M051653,1
M076394,1
M045925,1
M048507,1
M048424,1
M015749,1
M076190,1
M063373,1
M088039,1
M042407,1
M030290,1
M002065,1
M062479,1
M083226,1
M061122,1
M043334,1
M083909,1
M086716,1
M100235,1
M082166,1
M089600,1
M046418,1
M091747,1
M046984,1
M001272,1
M023376,1
M101586,1
M078846,1
M041724,1
M000693,1
M000192,1
M004637,1
M096723,1
M076176,1
M045407,1
M080187,1
M085256,1
M100076,1
M045016,1
M082371,1
M089082,1
M099326,1
M065081,1
M015915,1
M028323,1
M051324,1
M060021,1
M029021,1
M062912,1
M045994,1
M076429,1
M061756,1
M051369,1
M065999,1
M060696,1
M053045,1
M016149,1
M057646,1
M014254,1
M026173,1
M006353,1
M025558,1
M003386,1
M101394,1
M022226,1
M041233,1
M041196,1
M099742,1
M066408,1
M078024,1
M092738,1
M044805,1
M078443,1
M093754,1
M034700,1
M057228,1
M088384,1
M095499,1
M059770,1
M045918,1
M005271,1
M068269,1
M061360,1
M091807,1
M053123,1
M034182,1
M036578,1
M003357,1
M070119,1
M066038,1
M051780,1
M004840,1
M084831,1
M066403,1
M035717,1
M094923,1
M064409,1
M009908,1
M089707,1
M098168,1
M098447,1
M037081,1
M048357,1
M063854,1
M054336,1
M005239,1
M005833,1
M043337,1
M101462,1
M062801,1
M041999,1
M067213,1
M094537,1
M047735,1
M075874,1
M048129,1
M035420,1
M041820,1
M088783,1
M049830,1
M041509,1
M090306,1
M060023,1
M085554,1
M099268,1
M086231,1
M046438,1
M031331,1
M031180,1
M090941,1
M041287,1
M062194,1
M054922,1
M026252,1
M018558,1
M031692,1
M057828,1
M060270,1
M082510,1
M084274,1
M092467,1
M046814,1
M057134,1
M068496,1
M100809,1
M058505,1
M072151,1
M000972,1
M079648,1
M003588,1
M032400,1
M051196,1
M052445,1
M050956,1
M093897,1
M062497,1
M035508,1
M064500,1
M056342,1
M007520,1
M068470,1
M085704,1
M028306,1
M026682,1
M093118,1
M100751,1
M056666,1
M030333,1
M047137,1
M003285,1
M051387,1
M063128,1
M092883,1
M092750,1
M095108,1
M059149,1
M052220,1
M046314,1
M057000,1
M055902,1
M052067,1
M058422,1
M016739,1
M011531,1
M010474,1
M078955,1
M006971,1
M065530,1
M018096,1
M053596,1
M063417,1
M087767,1
M028346,1
M064869,1
M049149,1
M061136,1
M062436,1
M053489,1
M097225,1
M067788,1
M051851,1
M061498,1
M022825,1
M059727,1
M100635,1
M074754,1
M046003,1
M056000,1
M004211,1
M036836,1
M043030,1
M059135,1
M040835,1
M049388,1
M046789,1
M057427,1
M063351,1
M045691,1
M001239,1
M002746,1
M073038,1
M005694,1
M003950,1
M083035,1
M020900,1
M088080,1
M063802,1
M076800,1
M043238,1
M027096,1
M048402,1
M062578,1
M033445,1
M036547,1
M089412,1
M048677,1
M081945,1
M088143,1
M092342,1
M042362,1
M049248,1
M055693,1
M050514,1
M096678,1
M094518,1
M012726,1
M100895,1
M067796,1
M016645,1
M017458,1
M008906,1
M029141,1
M004552,1
M081275,1
M101649,1
M063599,1
M050363,1
M049038,1
M023133,1
M064750,1
M059189,1
M030595,1
M016159,1
M044517,1
M084460,1
M070508,1
M061865,1
M048746,1
M063995,1
M026877,1
M057655,1
M073296,1
M069656,1
M061805,1
M040850,1
M065479,1
M051343,1
M072426,1
M037856,1
M003369,1
M002596,1
M076511,1
M015465,1
M030208,1
M003542,1
M024488,1
M057100,1
M056401,1
M100099,1
M044475,1
M085312,1
M094134,1
M057287,1
M055093,1
M028939,1
M038369,1
M023179,1
M005669,1
M077844,1
M051115,1
M068511,1
M030058,1
M062426,1
M057484,1
M079159,1
M063189,1
M085868,1
M056118,1
M058862,1
M055855,1
M040291,1
M047003,1
M073601,1
M042204,1
M060595,1
M094383,1
M049617,1
M098087,1
M063177,1
M049804,1
M061576,1
M069093,1
M098336,1
M038731,1
M076046,1
M048304,1
M018257,1
M089827,1
M075003,1
M056487,1
M092533,1
M062974,1
M063470,1
M060145,1
M050824,1
M043455,1
M064788,1
M057638,1
M074187,1
M050945,1
M088852,1
M089593,1
M067840,1
M075241,1
M043343,1
M034606,1
M054133,1
M092097,1
M074874,1
M034622,1
M018991,1
M050670,1
M059683,1
M064999,1
M003007,1
M033161,1
M076085,1
M001204,1
M081461,1
M099084,1
M054091,1
M082146,1
M070446,1
M081051,1
M078584,1
M032440,1
M062550,1
M031916,1
M043908,1
M053051,1
M040107,1
M073228,1
M068991,1
M098313,1
M042215,1
M040422,1
M036668,1
M052415,1
M092976,1
M031255,1
M054985,1
M038600,1
M047065,1
M034202,1
M051650,1
M050177,1
M066020,1
M078484,1
M003863,1
M087660,1
M009898,1
M083150,1
M084302,1
M048667,1
M089171,1
M049451,1
M057596,1
M099263,1
M021217,1
M057847,1
M077471,1
M001841,1
M047489,1
M060077,1
M016630,1
M093653,1
M044328,1
M024601,1
M042203,1
M089331,1
M051480,1
M007858,1
M017531,1
M003053,1
M097773,1
M079524,1
M049810,1
M084161,1
M080253,1
M088156,1
M091428,1
M051712,1
M050336,1
M034482,1
M076594,1
M079561,1
M067443,1
M045058,1
M044034,1
M048944,1
M056884,1
M062561,1
M061138,1
M049856,1
M066347,1
M097836,1
M088004,1
M016846,1
M063930,1
M065417,1
M031688,1
M056471,1
M055806,1
M072501,1
M006723,1
M075931,1
M043800,1
M004801,1
M035467,1
M069119,1
M053127,1
M056330,1
M060733,1
M057800,1
M056691,1
M040011,1
M092374,1
M072264,1
M098133,1
M032016,1
M060734,1
M035819,1
M074618,1
M050498,1
M006387,1
M092403,1
M064480,1
M070406,1
M088683,1
M092803,1
M101399,1
M058356,1
M025521,1
M038844,1
M101141,1
M040581,1
M100856,1
M008756,1
M047642,1
M019180,1
M063797,1
M039650,1
M019576,1
M039536,1
M018385,1
M025069,1
M094399,1
M072837,1
M082690,1
M100978,1
M061931,1
M048366,1
M050122,1
M043871,1
M099991,1
M061126,1
M060536,1
M066955,1
M046139,1
M023743,1
M010187,1
M047146,1
M049211,1
M020043,1
M055110,1
M082818,1
M022789,1
M065132,1
M094438,1
M014561,1
M096528,1
M054040,1
M087796,1
M045275,1
M055033,1
M058182,1
M064760,1
M081294,1
M064098,1
M075566,1
M092594,1
M034633,1
M076223,1
M099071,1
M089618,1
M081601,1
M069985,1
M013137,1
M094497,1
M042138,1
M032803,1
M085497,1
M089471,1
M097197,1
M095117,1
M017423,1
M021407,1
M027216,1
M059684,1
M013178,1
M056826,1
M046439,1
M069844,1
M082432,1
M076626,1
M057212,1
M068986,1
M049251,1
M095082,1
M043095,1
M024374,1
M095746,1
M026083,1
M025158,1
M101242,1
M097230,1
M013017,1
M065480,1
M015662,1
M048305,1
M062257,1
M054570,1
M058635,1
M041296,1
M075257,1
M037179,1
M085917,1
M047867,1
M064123,1
M078809,1
M009794,1
M047316,1
M044820,1
M029912,1
M004199,1
M002497,1
M028748,1
M084704,1
M068746,1
M084287,1
M038720,1
M050487,1
M099591,1
M088318,1
M052195,1
M005648,1
M081372,1
M090244,1
M015617,1
M071771,1
M046471,1
M052040,1
M039671,1
M086654,1
M069717,1
M100060,1
M015586,1
M035258,1
M005633,1
M048789,1
M050839,1
M022821,1
M077781,1
M006138,1
M068751,1
M099532,1
M015288,1
M052229,1
M067526,1
M063194,1
M071902,1
M054710,1
M058049,1
M037017,1
M034218,1
M087325,1
M006426,1
M090995,1
M082180,1
M029071,1
M011510,1
M045338,1
M068364,1
M068581,1
M049652,1
M048543,1
M067041,1
M042000,1
M053315,1
M076069,1
M059372,1
M052834,1
M016379,1
M074773,1
M061176,1
M081960,1
M041593,1
M026082,1
M052748,1
M069318,1
M040250,1
M039455,1
M040973,1
M087971,1
M052701,1
M009373,1
M013847,1
M081934,1
M050092,1
M044638,1
M053447,1
M075551,1
M100688,1
M038395,1
M090360,1
M050610,1
M004720,1
M065090,1
M069351,1
M070131,1
M070471,1
M033467,1
M089864,1
M095900,1
M018946,1
M045819,1
M052491,1
M010294,1
M050008,1
M083517,1
M073872,1
M054059,1
M081760,1
M076043,1
M032410,1
M015461,1
M056614,1
M009795,1
M083016,1
M038854,1
M048554,1
M036407,1
M035396,1
M048851,1
M049305,1
M023708,1
M056336,1
M052351,1
M012270,1
M004640,1
M092804,1
M022247,1
M093903,1
M046778,1
M065607,1
M051990,1
M055592,1
M040579,1
M094994,1
M079643,1
M018610,1
M073865,1
M037269,1
M041519,1
M063834,1
M044554,1
M068907,1
M012079,1
M048925,1
M059984,1
M028495,1
M003291,1
M085082,1
M075706,1
M048910,1
M050553,1
M063397,1
M066157,1
M036235,1
M039081,1
M037107,1
M092448,1
M058179,1
M033494,1
M013484,1
M073438,1
M077325,1
M067059,1
M060204,1
M074132,1
M044802,1
M057461,1
M088273,1
M046877,1
M043193,1
M066278,1
M063582,1
M072193,1
M053025,1
M061908,1
M101587,1
M051681,1
M066086,1
M051397,1
M067266,1
M051212,1
M065135,1
M074602,1
M067728,1
M059329,1
M061735,1
M062791,1
M073928,1
M060514,1
M085743,1
M057897,1
M036762,1
M065475,1
M087471,1
M068345,1
M060820,1
M052532,1
M097895,1
M003972,1
M095402,1
M064065,1
M072233,1
M061571,1
M027717,1
M061157,1
M022515,1
M069235,1
M059960,1
M020347,1
M027268,1
M094817,1
M055976,1
M018659,1
M088509,1
M057457,1
M080675,1
M076496,1
M013755,1
M082715,1
M070136,1
M082558,1
M007205,1
M015100,1
M035558,1
M029631,1
M019214,1
M015057,1
M062239,1
M027736,1
M063951,1
M081734,1
M078262,1
M078972,1
M058512,1
M096043,1
M058819,1
M049905,1
M054097,1
M055294,1
M008042,1
M093630,1
M055903,1
M068371,1
M088348,1
M087636,1
M052282,1
M067908,1
M039956,1
M062075,1
M065466,1
M055415,1
M028245,1
M079065,1
M019143,1
M097148,1
M038816,1
M083425,1
M043031,1
M032972,1
M090565,1
M078022,1
M087702,1
M019558,1
M100406,1
M047207,1
M082848,1
M062709,1
M095095,1
M016073,1
M002351,1
M045273,1
M064801,1
M095778,1
M099989,1
M069378,1
M085884,1
M029017,1
M076820,1
M066503,1
M073074,1
M049642,1
M060632,1
M063176,1
M078125,1
M033300,1
M020169,1
M056762,1
M050885,1
M065424,1
M060628,1
M023603,1
M089552,1
M036454,1
M066296,1
M078479,1
M023529,1
M042763,1
M078762,1
M100525,1
M048283,1
M060729,1
M003245,1
M094944,1
M055367,1
M098947,1
M076420,1
M101658,1
M081466,1
M016708,1
M046212,1
M093295,1
M069664,1
M013797,1
M036680,1
M061764,1
M039930,1
M051680,1
M087665,1
M067337,1
M079726,1
M066581,1
M052842,1
M093047,1
M092358,1
M072537,1
M081590,1
M062074,1
M024462,1
M089763,1
M061337,1
M081967,1
M042112,1
M066894,1
M063851,1
M095467,1
M063275,1
M012396,1
M095123,1
M061697,1
M062836,1
M029968,1
M043374,1
M084647,1
M088585,1
M060328,1
M053217,1
M071881,1
M068640,1
M012956,1
M016010,1
M065046,1
M007299,1
M060778,1
M053000,1
M087591,1
M082953,1
M076991,1
M090624,1
M069499,1
M074498,1
M064924,1
M089676,1
M014528,1
M101213,1
M056584,1
M084034,1
M049025,1
M027931,1
M094898,1
M080861,1
M058054,1
M049763,1
M002638,1
M061619,1
M068994,1
M010587,1
M027109,1
M078438,1
M016530,1
M065316,1
M002677,1
M039105,1
M098888,1
M049324,1
M099981,1
M024646,1
M068049,1
M023558,1
M041693,1
M083578,1
M090757,1
M061435,1
M094493,1
M051429,1
M077497,1
M061377,1
M054362,1
M077562,1
M017326,1
M079666,1
M056337,1
M070146,1
M011042,1
M069649,1
M066851,1
M069590,1
M063207,1
M057201,1
M007877,1
M017761,1
M048576,1
M052143,1
M030899,1
M044630,1
M002539,1
M099433,1
M052727,1
M015932,1
M081144,1
M003859,1
M040953,1
M058800,1
M026090,1
M043286,1
M100623,1
M041090,1
M052920,1
M059062,1
M080334,1
M075870,1
M050888,1
M082353,1
M100057,1
M027340,1
M001767,1
M020614,1
M047942,1
M092323,1
M061682,1
M049446,1
M007666,1
M082592,1
M080034,1
M067870,1
M054966,1
M081605,1
M087825,1
M086143,1
M007269,1
M007365,1
M084120,1
M016196,1
M017617,1
M074502,1
M074940,1
M061859,1
M068527,1
M060931,1
M059655,1
M045438,1
M095396,1
M071816,1
M073266,1
M039174,1
M063805,1
M052974,1
M054222,1
M030598,1
M050129,1
M062116,1
M066267,1
M054906,1
M012307,1
M004806,1
M049904,1
M097845,1
M098520,1
M010770,1
M047776,1
M066262,1
M066787,1
M082775,1
M076067,1
M059278,1
M099369,1
M061731,1
M067289,1
M094686,1
M057220,1
M058793,1
M088673,1
M098334,1
M031779,1
M038115,1
M061051,1
M051753,1
M061365,1
M013771,1
M048343,1
M001991,1
M086350,1
M074504,1
M042645,1
M082159,1
M069427,1
M060302,1
M058637,1
M059452,1
M011013,1
M095556,1
M047622,1
M099589,1
M081191,1
M080920,1
M086744,1
M098598,1
M050236,1
M027279,1
M071989,1
M100335,1
M055356,1
M092991,1
M048405,1
M089607,1
M018867,1
M023924,1
M076437,1
M054313,1
M062914,1
M044810,1
M021120,1
M091447,1
M074544,1
M098044,1
M076646,1
M051872,1
M066986,1
M089958,1
M079085,1
M012639,1
M098635,1
M051279,1
M032200,1
M075964,1
M078418,1
M034014,1
M052934,1
M056404,1
M058583,1
M072247,1
M007152,1
M046114,1
M075324,1
M001745,1
M054712,1
M049500,1
M060792,1
M054413,1
M073747,1
M057328,1
M029177,1
M042221,1
M064615,1
M096410,1
M050086,1
M052064,1
M094831,1
M091869,1
M079183,1
M008036,1
M078116,1
M040389,1
M046728,1
M062949,1
M099929,1
M080349,1
M017166,1
M062789,1
M009996,1
M016848,1
M057138,1
M050828,1
M021224,1
M096854,1
M049766,1
M065821,1
M035703,1
M082735,1
M059995,1
M044139,1
M091056,1
M046607,1
M064256,1
M045584,1
M054566,1
M072756,1
M056310,1
M094345,1
M066414,1
M052018,1
M097502,1
M041432,1
M047371,1
M014478,1
M071992,1
M084708,1
M048002,1
M056957,1
M101710,1
M086512,1
M085415,1
M075598,1
M011675,1
M085043,1
M043499,1
M019048,1
M050311,1
M065222,1
M037866,1
M090793,1
M055420,1
M005758,1
M023691,1
M052870,1
M080291,1
M048857,1
M059021,1
M015121,1
M073372,1
M060326,1
M048295,1
M049113,1
M021654,1
M017812,1
M021856,1
M086502,1
M006067,1
M084669,1
M056050,1
M085054,1
M012539,1
M093924,1
M073742,1
M085451,1
M099220,1
M063923,1
M080404,1
M051278,1
M074700,1
M055061,1
M071242,1
M042854,1
M029499,1
M012966,1
M086194,1
M059726,1
M101395,1
M042047,1
M098088,1
M069434,1
M093617,1
M091937,1
M081444,1
M035368,1
M070994,1
M067620,1
M093590,1
M055654,1
M036864,1
M052995,1
M073024,1
M052866,1
M091259,1
M082501,1
M084734,1
M068699,1
M092193,1
M041974,1
M071167,1
M042048,1
M045756,1
M023443,1
M006878,1
M100270,1
M083900,1
M024752,1
M059456,1
M048821,1
M098931,1
M025662,1
M011095,1
M054863,1
M091557,1
M059255,1
M045988,1
M072508,1
M039307,1
M045112,1
M054081,1
M047474,1
M055666,1
M002261,1
M041382,1
M051292,1
M059786,1
M073008,1
M052417,1
M006746,1
M094892,1
M006279,1
M082965,1
M056626,1
M060868,1
M080016,1
M025642,1
M097706,1
M087419,1
M011858,1
M071165,1
M097110,1
M086468,1
M053943,1
M100831,1
M063423,1
M056745,1
M017304,1
M024468,1
M023379,1
M049274,1
M063054,1
M047696,1
M055676,1
M046463,1
M075436,1
M048005,1
M064775,1
M078943,1
M040636,1
M073003,1
M063741,1
M058715,1
M056107,1
M053694,1
M053786,1
M076248,1
M027746,1
M058079,1
M062994,1
M029787,1
M030826,1
M045011,1
M063109,1
M050413,1
M071144,1
M059442,1
M101371,1
M078645,1
M050472,1
M068309,1
M034017,1
M015069,1
M002436,1
M088035,1
M071727,1
M050057,1
M045456,1
M041421,1
M090128,1
M056251,1
M018590,1
M026819,1
M019837,1
M073753,1
M076838,1
M072633,1
M051467,1
M091024,1
M006283,1
M014979,1
M066543,1
M077807,1
M045304,1
M047870,1
M038063,1
M049339,1
M014931,1
M065240,1
M068845,1
M051921,1
M047010,1
M018713,1
M041600,1
M058747,1
M004968,1
M071720,1
M053313,1
M026512,1
M003782,1
M068382,1
M082471,1
M062891,1
M019028,1
M074098,1
M091446,1
M028524,1
M098707,1
M060437,1
M040565,1
M078505,1
M100254,1
M043928,1
M011072,1
M014498,1
M036329,1
M096037,1
M044922,1
M063072,1
M041234,1
M096859,1
M046636,1
M068007,1
M083640,1
M045517,1
M038662,1
M058308,1
M081436,1
M073015,1
M067102,1
M049284,1
M005171,1
M005053,1
M095367,1
M067921,1
M018213,1
M034071,1
M068850,1
M067745,1
M055123,1
M010711,1
M028676,1
M039184,1
M003080,1
M001372,1
M044452,1
M043113,1
M016524,1
M032369,1
M062317,1
M101748,1
M058037,1
M072138,1
M014338,1
M056902,1
M052844,1
M082031,1
M058133,1
M086376,1
M043618,1
M096446,1
M087899,1
M083713,1
M044857,1
M026257,1
M039698,1
M050017,1
M034754,1
M064102,1
M089963,1
M055283,1
M041494,1
M049311,1
M056809,1
M045887,1
M027305,1
M043080,1
M049259,1
M028377,1
M055101,1
M060346,1
M046216,1
M065137,1
M052058,1
M079202,1
M039983,1
M056565,1
M002801,1
M013941,1
M092476,1
M063553,1
M036131,1
M036417,1
M091221,1
M097192,1
M039756,1
M055947,1
M052545,1
M052965,1
M053739,1
M054306,1
M042992,1
M089625,1
M085405,1
M039025,1
M044488,1
M058362,1
M036010,1
M053279,1
M049564,1
M007566,1
M057803,1
M046961,1
M065615,1
M064349,1
M066343,1
M056205,1
M098264,1
M039606,1
M043605,1
M042009,1
M059915,1
M004774,1
M004879,1
M050788,1
M055875,1
M047828,1
M049160,1
M053171,1
M055004,1
M057247,1
M024906,1
M080764,1
M058865,1
M058843,1
M066279,1
M061103,1
M064670,1
M067200,1
M069050,1
M056117,1
M048230,1
M068162,1
M051111,1
M059015,1
M050962,1
M015779,1
M086246,1
M048252,1
M097341,1
M060842,1
M065088,1
M059905,1
M062937,1
M020907,1
M008852,1
M047435,1
M057152,1
M049648,1
M070211,1
M086328,1
M078144,1
M044975,1
M043797,1
M083414,1
M067362,1
M059555,1
M084547,1
M009379,1
M045550,1
M056943,1
M065429,1
M081220,1
M085254,1
M098105,1
M042600,1
M039605,1
M033199,1
M021005,1
M003568,1
M082790,1
M002864,1
M064847,1
M068435,1
M071279,1
M050678,1
M026351,1
M073785,1
M097067,1
M051677,1
M043181,1
M045364,1
M036133,1
M096999,1
M061838,1
M081331,1
M075549,1
M045694,1
M067301,1
M056959,1
M040742,1
M044250,1
M074169,1
M087690,1
M085175,1
M062770,1
M013546,1
M060394,1
M054773,1
M054520,1
M057433,1
M019235,1
M064174,1
M036808,1
M013826,1
M058901,1
M065281,1
M064563,1
M068402,1
M064365,1
M049983,1
M054501,1
M051832,1
M058488,1
M035948,1
M056952,1
M086723,1
M051796,1
M095246,1
M069455,1
M019358,1
M007189,1
M091608,1
M076200,1
M039553,1
M041750,1
M007357,1
M048924,1
M045557,1
M060544,1
M025319,1
M044480,1
M095336,1
M081204,1
M093499,1
M081964,1
M075810,1
M005125,1
M088977,1
M057635,1
M054113,1
M002275,1
M092534,1
M023175,1
M098331,1
M014587,1
M018387,1
M045114,1
M076706,1
M068688,1
M050274,1
M075152,1
M021256,1
M074381,1
M067682,1
M037317,1
M018512,1
M090085,1
M005406,1
M033579,1
M006931,1
M043152,1
M012146,1
M098010,1
M094589,1
M090936,1
M021616,1
M043560,1
M074039,1
M064344,1
M019268,1
M072466,1
M067498,1
M055670,1
M047423,1
M042385,1
M036917,1
M077322,1
M006667,1
M065613,1
M039906,1
M060268,1
M075762,1
M090862,1
M042558,1
M097303,1
M050779,1
M072509,1
M082923,1
M028742,1
M056555,1
M082952,1
M092677,1
M062060,1
M034789,1
M045904,1
M047409,1
M053879,1
M065105,1
M077770,1
M051155,1
M002249,1
M033088,1
M075062,1
M089064,1
M009971,1
M051361,1
M063548,1
M008944,1
M060347,1
M053341,1
M008946,1
M064284,1
M053510,1
M048599,1
M040008,1
M076257,1
M066505,1
M087950,1
M030832,1
M027105,1
M034363,1
M044542,1
M066627,1
M013263,1
M058092,1
M008960,1
M013053,1
M101124,1
M071966,1
M041247,1
M050876,1
M058455,1
M073800,1
M060233,1
M069976,1
M069052,1
M056895,1
M021944,1
M101733,1
M041061,1
M060841,1
M047431,1
M052124,1
M055763,1
M080945,1
M060418,1
M076455,1
M047876,1
M095092,1
M011411,1
M061694,1
M053156,1
M066520,1
M090068,1
M068362,1
M011050,1
M039233,1
M059024,1
M050954,1
M027283,1
M067688,1
M047986,1
M083326,1
M079067,1
M045279,1
M070478,1
M051000,1
M045869,1
M069952,1
M087833,1
M087519,1
M099871,1
M077955,1
M101202,1
M094759,1
M046436,1
M019948,1
M086620,1
M053321,1
M064103,1
M000295,1
M078896,1
M021755,1
M078594,1
M067472,1
M087748,1
M050193,1
M026508,1
M088224,1
M054801,1
M022888,1
M051481,1
M055159,1
M057537,1
M057774,1
M066484,1
M094263,1
M032651,1
M037563,1
M050523,1
M061957,1
M077453,1
M077058,1
M099003,1
M089959,1
M073688,1
M059604,1
M043394,1
M045346,1
M065718,1
M044928,1
M034067,1
M063124,1
M022972,1
M042391,1
M041014,1
M045312,1
M021978,1
M044403,1
M052859,1
M047712,1
M052966,1
M043497,1
M037255,1
M035462,1
M070579,1
M055161,1
M040802,1
M059624,1
M009167,1
M088583,1
M081399,1
M001258,1
M075209,1
M011391,1
M061671,1
M091820,1
M099621,1
M013804,1
M059069,1
M045197,1
M063958,1
M054597,1
M012039,1
M026246,1
M091814,1
M039511,1
M018700,1
M008653,1
M006998,1
M045608,1
M035254,1
M083729,1
M086185,1
M077750,1
M047287,1
M001830,1
M014131,1
M051090,1
M066310,1
M040566,1
M066059,1
M093083,1
M000783,1
M093615,1
M039865,1
M054508,1
M046675,1
M081159,1
M038268,1
M058444,1
M094011,1
M024328,1
M074646,1
M058167,1
M060667,1
M058128,1
M069519,1
M067785,1
M089844,1
M087812,1
M027578,1
M095753,1
M042207,1
M076081,1
M060076,1
M081897,1
M025946,1
M027891,1
M045987,1
M095295,1
M001638,1
M056120,1
M014713,1
M074165,1
M065647,1
M082172,1
M041170,1
M053729,1
M031184,1
M055020,1
M018785,1
M038143,1
M056896,1
M057264,1
M094766,1
M101720,1
M084858,1
M077991,1
M070290,1
M036208,1
M029456,1
M010931,1
M046377,1
M091146,1
M052145,1
M060510,1
M009289,1
M051791,1
M029077,1
M004747,1
M026612,1
M059678,1
M023002,1
M090132,1
M051642,1
M094895,1
M066871,1
M092246,1
M090611,1
M069761,1
M091305,1
M051240,1
M065170,1
M053601,1
M087080,1
M057378,1
M090588,1
M018499,1
M049233,1
M066513,1
M005231,1
M014817,1
M065564,1
M087056,1
M005226,1
M094536,1
M038521,1
M025619,1
M044895,1
M020917,1
M038338,1
M016589,1
M084856,1
M009549,1
M065504,1
M068271,1
M042924,1
M050173,1
M092487,1
M100732,1
M072890,1
M029153,1
M068469,1
M018761,1
M051718,1
M058335,1
M028002,1
M070737,1
M055231,1
M047961,1
M031288,1
M045913,1
M068294,1
M050659,1
M057611,1
M046484,1
M083581,1
M048144,1
M021742,1
M066840,1
M038579,1
M079653,1
M048083,1
M051466,1
M054514,1
M064937,1
M023117,1
M095084,1
M058283,1
M080431,1
M094512,1
M086098,1
M084048,1
M096104,1
M081303,1
M060009,1
M055863,1
M056846,1
M092495,1
M059516,1
M043309,1
M007379,1
M047161,1
M066712,1
M057504,1
M049671,1
M034148,1
M009392,1
M089955,1
M049989,1
M012734,1
M083876,1
M060433,1
M078072,1
M042798,1
M039190,1
M088619,1
M045897,1
M049264,1
M046099,1
M050653,1
M083585,1
M051924,1
M053133,1
M059007,1
M046109,1
M090574,1
M065175,1
M052812,1
M064434,1
M089624,1
M059408,1
M056478,1
M057861,1
M066485,1
M082681,1
M046808,1
M081454,1
M046486,1
M004585,1
M024489,1
M059339,1
M040779,1
M026816,1
M023523,1
M005440,1
M011818,1
M005131,1
M056906,1
M062827,1
M089685,1
M013426,1
M036761,1
M040145,1
M075620,1
M001401,1
M058896,1
M098244,1
M037944,1
M015182,1
M078368,1
M091922,1
M068522,1
M053318,1
M050994,1
M076212,1
M004140,1
M060812,1
M030691,1
M055562,1
M033518,1
M073588,1
M090827,1
M045946,1
M086452,1
M009846,1
M007289,1
M069690,1
M014142,1
M003029,1
M045801,1
M039560,1
M039496,1
M050630,1
M100250,1
M072786,1
M011760,1
M056414,1
M087536,1
M067717,1
M051874,1
M088181,1
M098722,1
M083332,1
M012882,1
M067996,1
M068169,1
M056953,1
M073236,1
M086885,1
M081385,1
M092264,1
M097220,1
M062190,1
M055271,1
M058797,1
M073765,1
M029919,1
M035599,1
M098942,1
M053945,1
M065223,1
M096206,1
M070239,1
M050834,1
M068559,1
M004608,1
M048115,1
M034424,1
M092255,1
M070719,1
M045192,1
M080909,1
M074364,1
M016058,1
M021938,1
M067120,1
M049178,1
M072706,1
M011658,1
M089721,1
M059561,1
M049843,1
M067962,1
M095755,1
M052325,1
M056473,1
M002161,1
M054444,1
M048611,1
M058109,1
M048054,1
M090790,1
M008267,1
M066167,1
M087114,1
M066804,1
M065344,1
M092497,1
M056077,1
M072047,1
M060079,1
M097149,1
M037289,1
M063990,1
M002239,1
M058920,1
M075399,1
M077633,1
M057703,1
M047909,1
M036504,1
M050119,1
M063800,1
M071649,1
M070507,1
M082774,1
M080324,1
M062785,1
M023097,1
M024687,1
M049868,1
M067069,1
M008272,1
M045323,1
M048033,1
M062476,1
M066796,1
M067130,1
M070099,1
M069167,1
M093352,1
M057413,1
M008859,1
M027561,1
M071284,1
M090886,1
M051578,1
M058475,1
M036930,1
M069821,1
M019251,1
M010076,1
M020663,1
M083767,1
M054720,1
M070135,1
M025257,1
M050430,1
M078747,1
M061412,1
M049091,1
M084444,1
M042341,1
M036294,1
M001864,1
M043096,1
M042871,1
M073435,1
M084616,1
M086111,1
M069929,1
M026707,1
M037904,1
M037223,1
M049087,1
M032103,1
M061466,1
M010719,1
M033612,1
M044644,1
M003188,1
M095397,1
M086219,1
M059658,1
M094242,1
M044664,1
M090918,1
M074209,1
M086749,1
M040033,1
M095388,1
M096590,1
M043324,1
M061474,1
M061258,1
M079310,1
M052144,1
M048995,1
M051727,1
M065189,1
M030372,1
M047619,1
M066632,1
M040983,1
M020564,1
M029464,1
M000701,1
M029502,1
M001548,1
M046545,1
M005815,1
M021006,1
M038782,1
M083933,1
M054419,1
M005290,1
M003893,1
M101358,1
M026724,1
M047275,1
M089116,1
M046628,1
M052600,1
M101344,1
M082034,1
M059363,1
M071005,1
M065751,1
M000074,1
M014067,1
M060254,1
M090155,1
M014346,1
M056446,1
M070243,1
M033922,1
M050356,1
M061108,1
M053097,1
M041741,1
M039475,1
M071075,1
M033454,1
M030288,1
M004324,1
M053381,1
M031419,1
M072945,1
M001902,1
M023871,1
M051673,1
M044914,1
M080857,1
M052336,1
M048659,1
M018328,1
M088431,1
M051194,1
M020302,1
M063056,1
M027677,1
M040943,1
M058848,1
M007251,1
M059707,1
M100871,1
M099732,1
M024979,1
M090263,1
M047023,1
M069393,1
M070499,1
M038555,1
M095055,1
M087963,1
M022236,1
M087742,1
M050107,1
M037039,1
M014295,1
M064204,1
M061294,1
M066830,1
M016445,1
M086513,1
M057980,1
M095698,1
M004515,1
M078636,1
M072948,1
M065941,1
M077003,1
M055897,1
M069768,1
M023336,1
M101504,1
M072416,1
M075652,1
M064163,1
M039880,1
M086630,1
M061899,1
M027488,1
M093307,1
M079258,1
M076141,1
M014978,1
M019533,1
M056469,1
M101496,1
M081373,1
M091742,1
M056558,1
M063714,1
M006934,1
M035434,1
M037636,1
M085781,1
M032805,1
M071233,1
M062867,1
M071230,1
M088037,1
M048865,1
M079262,1
M086355,1
M081112,1
M081396,1
M058070,1
M035642,1
M044349,1
M040552,1
M030958,1
M041221,1
M031592,1
M098628,1
M029881,1
M055227,1
M001224,1
M021043,1
M038431,1
M041777,1
M078174,1
M084054,1
M022540,1
M088153,1
M008817,1
M062735,1
M056783,1
M044467,1
M045173,1
M085656,1
M080136,1
M091865,1
M080933,1
M070748,1
M085811,1
M020935,1
M029079,1
M009800,1
M010642,1
M075117,1
M076297,1
M087010,1
M074742,1
M097617,1
M071076,1
M062043,1
M049146,1
M002960,1
M001818,1
M037954,1
M022358,1
M009482,1
M014420,1
M018755,1
M095045,1
M004738,1
M006956,1
M058023,1
M067121,1
M077488,1
M060917,1
M032688,1
M101191,1
M056888,1
M054300,1
M043174,1
M051186,1
M084312,1
M062008,1
M074623,1
M069363,1
M053681,1
M076303,1
M033732,1
M039459,1
M021990,1
M073380,1
M081470,1
M089987,1
M076341,1
M039466,1
M078250,1
M061953,1
M049056,1
M072351,1
M063345,1
M048695,1
M007616,1
M003140,1
M025349,1
M048541,1
M038436,1
M075625,1
M062046,1
M088228,1
M070632,1
M023534,1
M046964,1
M084633,1
M077593,1
M020960,1
M035820,1
M035754,1
M100237,1
M049608,1
M074439,1
M047096,1
M096120,1
M056171,1
M038851,1
M034892,1
M021040,1
M038625,1
M004407,1
M056254,1
M056539,1
M054334,1
M019713,1
M039499,1
M080251,1
M008740,1
M046704,1
M014678,1
M035798,1
M055944,1
M073750,1
M089917,1
M082896,1
M070990,1
M079089,1
M098318,1
M058144,1
M058710,1
M101159,1
M064280,1
M070986,1
M005425,1
M056025,1
M015468,1
M061287,1
M032596,1
M018519,1
M099076,1
M062117,1
M035883,1
M004695,1
M059598,1
M070459,1
M019984,1
M096986,1
M055854,1
M087779,1
M078932,1
M094678,1
M007758,1
M087698,1
M069353,1
M045641,1
M057867,1
M095954,1
M055437,1
M006297,1
M045761,1
M023494,1
M094059,1
M074288,1
M077702,1
M050907,1
M023241,1
M012311,1
M049059,1
M033188,1
M067494,1
M031644,1
M090898,1
M020969,1
M023594,1
M010220,1
M074162,1
M035616,1
M097543,1
M041258,1
M089224,1
M004880,1
M094369,1
M071072,1
M054281,1
M053175,1
M003009,1
M065493,1
M100300,1
M017151,1
M079508,1
M072479,1
M051114,1
M064477,1
M051705,1
M101318,1
M065214,1
M062542,1
M065362,1
M082626,1
M044015,1
M058807,1
M075454,1
M099008,1
M046354,1
M086686,1
M069105,1
M085744,1
M040947,1
M097821,1
M058915,1
M079904,1
M006979,1
M043710,1
M093183,1
M040453,1
M039942,1
M080746,1
M008065,1
M054023,1
M061946,1
M059003,1
M030700,1
M074400,1
M070717,1
M063767,1
M077478,1
M017060,1
M074147,1
M064362,1
M038868,1
M043702,1
M055962,1
M055701,1
M080317,1
M075277,1
M036475,1
M002807,1
M015700,1
M067767,1
M097214,1
M063346,1
M027060,1
M006270,1
M060967,1
M063541,1
M014996,1
M055307,1
M075461,1
M054285,1
M067364,1
M078302,1
M088483,1
M073622,1
M090255,1
M089997,1
M096137,1
M040440,1
M041526,1
M068460,1
M086777,1
M065922,1
M045518,1
M070646,1
M072717,1
M048889,1
M054054,1
M036962,1
M017885,1
M056424,1
M064282,1
M009569,1
M051081,1
M101251,1
M049855,1
M029384,1
M058546,1
M083753,1
M048674,1
M065518,1
M060629,1
M041393,1
M084736,1
M071304,1
M066273,1
M069807,1
M047554,1
M068002,1
M045815,1
M098794,1
M043876,1
M063160,1
M067940,1
M054272,1
M018972,1
M064756,1
M085617,1
M082793,1
M006614,1
M051765,1
M088351,1
M079299,1
M051030,1
M037363,1
M091184,1
M099851,1
M098349,1
M093151,1
M034041,1
M034767,1
M074812,1
M066617,1
M070054,1
M087534,1
M050926,1
M050870,1
M061350,1
M062631,1
M017987,1
M043630,1
M028013,1
M095159,1
M052549,1
M036872,1
M077010,1
M020526,1
M076674,1
M097984,1
M029765,1
M082085,1
M058043,1
M061549,1
M068780,1
M047730,1
M050644,1
M035672,1
M083451,1
M001276,1
M096803,1
M043233,1
M101188,1
M039554,1
M062459,1
M068368,1
M067403,1
M058595,1
M058358,1
M085880,1
M048808,1
M077251,1
M067163,1
M014970,1
M059124,1
M089102,1
M050677,1
M049343,1
M050120,1
M055417,1
M089971,1
M043468,1
M068157,1
M066342,1
M066048,1
M077494,1
M079552,1
M022108,1
M019200,1
M056067,1
M091316,1
M062282,1
M101257,1
M041303,1
M095414,1
M053582,1
M021877,1
M052513,1
M053750,1
M005632,1
M048720,1
M075662,1
M056903,1
M095857,1
M070064,1
M020778,1
M056157,1
M076681,1
M093431,1
M058728,1
M031104,1
M074666,1
M062943,1
M026061,1
M007425,1
M086095,1
M059160,1
M099857,1
M065835,1
M004305,1
M075529,1
M041058,1
M078279,1
M042774,1
M043946,1
M001360,1
M098028,1
M099450,1
M068726,1
M097334,1
M031200,1
M097441,1
M023557,1
M047339,1
M053988,1
M061539,1
M074510,1
M039253,1
M062126,1
M056431,1
M017462,1
M041838,1
M053688,1
M068557,1
M047038,1
M054138,1
M052872,1
M046176,1
M067123,1
M073180,1
M067438,1
M053614,1
M059469,1
M071286,1
M068742,1
M079676,1
M046558,1
M016194,1
M084548,1
M005794,1
M022494,1
M012777,1
M040620,1
M012498,1
M084289,1
M065109,1
M048739,1
M042064,1
M016561,1
M057153,1
M091520,1
M016313,1
M001020,1
M020771,1
M035910,1
M091074,1
M070289,1
M007066,1
M049743,1
M076905,1
M089610,1
M095100,1
M058827,1
M086862,1
M075775,1
M081831,1
M061569,1
M051609,1
M061098,1
M042980,1
M032508,1
M094591,1
M046817,1
M072627,1
M028155,1
M085717,1
M007415,1
M065792,1
M057874,1
M059595,1
M039667,1
M045508,1
M088724,1
M085887,1
M096146,1
M048903,1
M082984,1
M100296,1
M046581,1
M027647,1
M002513,1
M057562,1
M008313,1
M046015,1
M067326,1
M047562,1
M061272,1
M099899,1
M064725,1
M057793,1
M018544,1
M096684,1
M060715,1
M002354,1
M009142,1
M080594,1
M067676,1
M081092,1
M015489,1
M067296,1
M069184,1
M001269,1
M027971,1
M065708,1
M071751,1
M096027,1
M015324,1
M016864,1
M015544,1
M098802,1
M003001,1
M000103,1
M040459,1
M040561,1
M075230,1
M019338,1
M093951,1
M085537,1
M078610,1
M046319,1
M058649,1
M062204,1
M078313,1
M045579,1
M053610,1
M092461,1
M082813,1
M073752,1
M064843,1
M077281,1
M057670,1
M051880,1
M012773,1
M006697,1
M033372,1
M038227,1
M001299,1
M041240,1
M085728,1
M038590,1
M077445,1
M007888,1
M060581,1
M037398,1
M063265,1
M057130,1
M072808,1
M040524,1
M056216,1
M038430,1
M054740,1
M063925,1
M090910,1
M010514,1
M064975,1
M051935,1
M077542,1
M009173,1
M038259,1
M039543,1
M031285,1
M027322,1
M049348,1
M066037,1
M062521,1
M058825,1
M047525,1
M070351,1
M030931,1
M069323,1
M058701,1
M036620,1
M007817,1
M075290,1
M055419,1
M002185,1
M084387,1
M087597,1
M061330,1
M072916,1
M041228,1
M052074,1
M060240,1
M051294,1
M060575,1
M043712,1
M095272,1
M020665,1
M054747,1
M094861,1
M052653,1
M067033,1
M039588,1
M006050,1
M017604,1
M072519,1
M071625,1
M061264,1
M037973,1
M039872,1
M057636,1
M037761,1
M065814,1
M043969,1
M040550,1
M059642,1
M011847,1
M057348,1
M080003,1
M048645,1
M047450,1
M092619,1
M045661,1
M016049,1
M046766,1
M084889,1
M046689,1
M095532,1
M008626,1
M046522,1
M046277,1
M037638,1
M062330,1
M044821,1
M050799,1
M057184,1
M096787,1
M068707,1
M023814,1
M005025,1
M085845,1
M068671,1
M065625,1
M073245,1
M078964,1
M096145,1
M097962,1
M074253,1
M052991,1
M060316,1
M058822,1
M077130,1
M100705,1
M044829,1
M037996,1
M022298,1
M034333,1
M051477,1
M080363,1
M004207,1
M031743,1
M019861,1
M001257,1
M050493,1
M066116,1
M060343,1
M052662,1
M052125,1
M060849,1
M081752,1
M081729,1
M047518,1
M046094,1
M080470,1
M074748,1
M052014,1
M051344,1
M046455,1
M073176,1
M012157,1
M076642,1
M087680,1
M056443,1
M039949,1
M047123,1
M054009,1
M043139,1
M039734,1
M040567,1
M039571,1
M054656,1
M061304,1
M074464,1
M073951,1
M095690,1
M085910,1
M060126,1
M051181,1
M082128,1
M047544,1
M087717,1
M048470,1
M009872,1
M032386,1
M091133,1
M080066,1
M074774,1
M020091,1
M076515,1
M053145,1
M058654,1
M086666,1
M007537,1
M053698,1
M083349,1
M048831,1
M059450,1
M048311,1
M025479,1
M000002,1
M087619,1
M018312,1
M055374,1
M085723,1
M058789,1
M101657,1
M064189,1
M047723,1
M041727,1
M064855,1
M011792,1
M073246,1
M057146,1
M067952,1
M000523,1
M060379,1
M073480,1
M060227,1
M038876,1
M073006,1
M072566,1
M076835,1
M083727,1
M005543,1
M027741,1
M063080,1
M095517,1
M087442,1
M067097,1
M057216,1
M085381,1
M085155,1
M038096,1
M070081,1
M003274,1
M037837,1
M045939,1
M056856,1
M059045,1
M059917,1
M054274,1
M095105,1
M039658,1
M059312,1
M067159,1
M063140,1
M063445,1
M049469,1
M088959,1
M081736,1
M081660,1
M068283,1
M065185,1
M029000,1
M058256,1
M047767,1
M044776,1
M095459,1
M066250,1
M083288,1
M065383,1
M056472,1
M060062,1
M051977,1
M007984,1
M030350,1
M077184,1
M003801,1
M024041,1
M083678,1
M023683,1
M090803,1
M003844,1
M043038,1
M071953,1
M025951,1
M070611,1
M048531,1
M070779,1
M053046,1
M079894,1
M050548,1
M007218,1
M088461,1
M089357,1
M096731,1
M089259,1
M007496,1
M067547,1
M089255,1
M097131,1
M006601,1
M016356,1
M066043,1
M082051,1
M057696,1
M094246,1
M058563,1
M054094,1
M050292,1
M064085,1
M066628,1
M054301,1
M042184,1
M074016,1
M061426,1
M087511,1
M045076,1
M069221,1
M037886,1
M084368,1
M067830,1
M030435,1
M026781,1
M014134,1
M009261,1
M060538,1
M092740,1
M045702,1
M043123,1
M072405,1
M032575,1
M035231,1
M052670,1
M065806,1
M014363,1
M015421,1
M005273,1
M008467,1
M081607,1
M083586,1
M054688,1
M017576,1
M098218,1
M023748,1
M067644,1
M056001,1
M067278,1
M051234,1
M077868,1
M094640,1
M047510,1
M017735,1
M098565,1
M060501,1
M054850,1
M076734,1
M098016,1
M093135,1
M043066,1
M022504,1
M044912,1
M099199,1
M015473,1
M019654,1
M023051,1
M035106,1
M015953,1
M060732,1
M057785,1
M037868,1
M029572,1
M056322,1
M063776,1
M011310,1
M025770,1
M003746,1
M096556,1
M058949,1
M051335,1
M082919,1
M056716,1
M040100,1
M003465,1
M100672,1
M091665,1
M049826,1
M048080,1
M067049,1
M081402,1
M053578,1
M098488,1
M049046,1
M081171,1
M058734,1
M065242,1
M072251,1
M067238,1
M034757,1
M014139,1
M039715,1
M059234,1
M072962,1
M040652,1
M099252,1
M091018,1
M019945,1
M092170,1
M080028,1
M054685,1
M087848,1
M054813,1
M037413,1
M064868,1
M058101,1
M048361,1
M062166,1
M050171,1
M099980,1
M004761,1
M049122,1
M095748,1
M068442,1
M007178,1
M097388,1
M077587,1
M057394,1
M008519,1
M049537,1
M014967,1
M016895,1
M053358,1
M060645,1
M053535,1
M056963,1
M084674,1
M050584,1
M087768,1
M062446,1
M053144,1
M064678,1
M059165,1
M051182,1
M017413,1
M038641,1
M000007,1
M050530,1
M092839,1
M067751,1
M002118,1
M074836,1
M046318,1
M090625,1
M050540,1
M099656,1
M049555,1
M090206,1
M064606,1
M009798,1
M075107,1
M099368,1
M024502,1
M066364,1
M087250,1
M059523,1
M063672,1
M060276,1
M050470,1
M055054,1
M054679,1
M086806,1
M093812,1
M079669,1
M076428,1
M064297,1
M057365,1
M054453,1
M065160,1
M050544,1
M098837,1
M069679,1
M043995,1
M095543,1
M049709,1
M049656,1
M039970,1
M025341,1
M016809,1
M038511,1
M101160,1
M059157,1
M040475,1
M031850,1
M012580,1
M072607,1
M061411,1
M009244,1
M035759,1
M004975,1
M025815,1
M087399,1
M083567,1
M020056,1
M073504,1
M096819,1
M061003,1
M066490,1
M027066,1
M062756,1
M078978,1
M022826,1
M053351,1
M057590,1
M050350,1
M096892,1
M040897,1
M035629,1
M065369,1
M037890,1
M017610,1
M057797,1
M088411,1
M052497,1
M073416,1
M072020,1
M062374,1
M052020,1
M083186,1
M058791,1
M058775,1
M063361,1
M068346,1
M009990,1
M101354,1
M099569,1
M071835,1
M082320,1
M057921,1
M049801,1
M065453,1
M075123,1
M072013,1
M062741,1
M062715,1
M044759,1
M060688,1
M041415,1
M007388,1
M054971,1
M048394,1
M024288,1
M065920,1
M039091,1
M079382,1
M042889,1
M077883,1
M066260,1
M057050,1
M072136,1
M071646,1
M072772,1
M080926,1
M006530,1
M055091,1
M058612,1
M004440,1
M066864,1
M093192,1
M092433,1
M091012,1
M079516,1
M101549,1
M069154,1
M077829,1
M063415,1
M082287,1
M045468,1
M021667,1
M023970,1
M045529,1
M017565,1
M070706,1
M085943,1
M074604,1
M024179,1
M071097,1
M090197,1
M044236,1
M052433,1
M058408,1
M053807,1
M057549,1
M059506,1
M074051,1
M075607,1
M026604,1
M070001,1
M044502,1
M033827,1
M049464,1
M017473,1
M025417,1
M033693,1
M087581,1
M063464,1
M090218,1
M076852,1
M061106,1
M062170,1
M085797,1
M097623,1
M056674,1
M046128,1
M065843,1
M036338,1
M053767,1
M084169,1
M071879,1
M022000,1
M075834,1
M100936,1
M094191,1
M083337,1
M074260,1
M046641,1
M082604,1
M082032,1
M085184,1
M098656,1
M001828,1
M041914,1
M033171,1
M046185,1
M051619,1
M058048,1
M003093,1
M042180,1
M003163,1
M071661,1
M078054,1
M044878,1
M099277,1
M082524,1
M090713,1
M043772,1
M044986,1
M083493,1
M042808,1
M094286,1
M040562,1
M019123,1
M044263,1
M026390,1
M072525,1
M073900,1
M034908,1
M057041,1
M008139,1
M080286,1
M052889,1
M083602,1
M098079,1
M046462,1
M017465,1
M050137,1
M075131,1
M046445,1
M046396,1
M076458,1
M101530,1
M063946,1
M026225,1
M044676,1
M090494,1
M022985,1
M055330,1
M052455,1
M097546,1
M014407,1
M013372,1
M078284,1
M039464,1
M063183,1
M051301,1
M043389,1
M088302,1
M032908,1
M009438,1
M057061,1
M073558,1
M080638,1
M056279,1
M092614,1
M097709,1
M099272,1
M057014,1
M046503,1
M039889,1
M046013,1
M083768,1
M055113,1
M077037,1
M089966,1
M066418,1
M070982,1
M057323,1
M001959,1
M029976,1
M051690,1
M010275,1
M067357,1
M060651,1
M045647,1
M052738,1
M083835,1
M067477,1
M064668,1
M037520,1
M089572,1
M088715,1
M090222,1
M063862,1
M073777,1
M043025,1
M066346,1
M099990,1
M052563,1
M035186,1
M074726,1
M059524,1
M045627,1
M061964,1
M055761,1
M081042,1
M007177,1
M096831,1
M081793,1
M037785,1
M089315,1
M070376,1
M040365,1
M065498,1
M059092,1
M067299,1
M095392,1
M089225,1
M096122,1
M082931,1
M035615,1
M100598,1
M008765,1
M003326,1
M086457,1
M054703,1
M039343,1
M091625,1
M059246,1
M074154,1
M057806,1
M090168,1
M079238,1
M074074,1
M053548,1
M027088,1
M050646,1
M014827,1
M023234,1
M045113,1
M047261,1
M029624,1
M062873,1
M097900,1
M074077,1
M002811,1
M080923,1
M081279,1
M087934,1
M088973,1
M060153,1
M050141,1
M005855,1
M062515,1
M049301,1
M097777,1
M078365,1
M078793,1
M023261,1
M071690,1
M066928,1
M086791,1
M090341,1
M063787,1
M049221,1
M076443,1
M004412,1
M036375,1
M004235,1
M085244,1
M047792,1
M084237,1
M037008,1
M063049,1
M024125,1
M038312,1
M029428,1
M023023,1
M006850,1
M045836,1
M061770,1
M077531,1
M055108,1
M093713,1
M071553,1
M069744,1
M071046,1
M047272,1
M050720,1
M013624,1
M068761,1
M020066,1
M020848,1
M061268,1
M084839,1
M008449,1
M052993,1
M000792,1
M056127,1
M075887,1
M023875,1
M098043,1
M037092,1
M039685,1
M052022,1
M024380,1
M008761,1
M079703,1
M039990,1
M086401,1
M097142,1
M015260,1
M057375,1
M062871,1
M038694,1
M043523,1
M061470,1
M042126,1
M057223,1
M002554,1
M077413,1
M089880,1
M074894,1
M044413,1
M041243,1
M062839,1
M054395,1
M074713,1
M061438,1
M059981,1
M061719,1
M094644,1
M023365,1
M004307,1
M042323,1
M100494,1
M052506,1
M081371,1
M076159,1
M069188,1
M055424,1
M087915,1
M041571,1
M041153,1
M050882,1
M046657,1
M096727,1
M093725,1
M058863,1
M072721,1
M049061,1
M082171,1
M071287,1
M099418,1
M067211,1
M060038,1
M067286,1
M048998,1
M065842,1
M029796,1
M014525,1
M050216,1
M067647,1
M094884,1
M010806,1
M015633,1
M060781,1
M019667,1
M057233,1
M072966,1
M068624,1
M097869,1
M073066,1
M034252,1
M074374,1
M050201,1
M060364,1
M067612,1
M070825,1
M050012,1
M060832,1
M082199,1
M061196,1
M048494,1
M064276,1
M092460,1
M022363,1
M063439,1
M043504,1
M073082,1
M083087,1
M019987,1
M024797,1
M057232,1
M094611,1
M014654,1
M069874,1
M049847,1
M048946,1
M062640,1
M054546,1
M075778,1
M001267,1
M044218,1
M079127,1
M089745,1
M046218,1
M030965,1
M088266,1
M089706,1
M062015,1
M042106,1
M038893,1
M000946,1
M081175,1
M047526,1
M095685,1
M023725,1
M022305,1
M075401,1
M077787,1
M048423,1
M093873,1
M028990,1
M063419,1
M037842,1
M008641,1
M023178,1
M058200,1
M059310,1
M026243,1
M059925,1
M023444,1
M095358,1
M040720,1
M034310,1
M002264,1
M006902,1
M009108,1
M100438,1
M003123,1
M050880,1
M036563,1
M080742,1
M063673,1
M063698,1
M047446,1
M065274,1
M091587,1
M073904,1
M097496,1
M098328,1
M074686,1
M050471,1
M096648,1
M065321,1
M063943,1
M060457,1
M053498,1
M044917,1
M059074,1
M066338,1
M090855,1
M037406,1
M031869,1
M003539,1
M004295,1
M056805,1
M055699,1
M066586,1
M034046,1
M046780,1
M049524,1
M004400,1
M029736,1
M025472,1
M097864,1
M081659,1
M058149,1
M004213,1
M074816,1
M099519,1
M012760,1
M001572,1
M044280,1
M094632,1
M026721,1
M043921,1
M048526,1
M033966,1
M002652,1
M060961,1
M067128,1
M085715,1
M052266,1
M076014,1
M041136,1
M096749,1
M051892,1
M093161,1
M048710,1
M089835,1
M054165,1
M089026,1
M077272,1
M043008,1
M013507,1
M099018,1
M064595,1
M031469,1
M032796,1
M069090,1
M070192,1
M091279,1
M023428,1
M087045,1
M057894,1
M074727,1
M082987,1
M053110,1
M087526,1
M057047,1
M051778,1
M056369,1
M100367,1
M095078,1
M056247,1
M068353,1
M003805,1
M100656,1
M052674,1
M089172,1
M093018,1
M045703,1
M024657,1
M068019,1
M004803,1
M060958,1
M004790,1
M047744,1
M050667,1
M072478,1
M084976,1
M097024,1
M099503,1
M090635,1
M084781,1
M085157,1
M072096,1
M058965,1
M047449,1
M069886,1
M037232,1
M068228,1
M067179,1
M056252,1
M064110,1
M038908,1
M050117,1
M043648,1
M079969,1
M066247,1
M101439,1
M009749,1
M007207,1
M047073,1
M066694,1
M079795,1
M074528,1
M096960,1
M067499,1
M056919,1
M050374,1
M048167,1
M024160,1
M047410,1
M042373,1
M093509,1
M043064,1
M089003,1
M042782,1
M041423,1
M058839,1
M022949,1
M082876,1
M085921,1
M088356,1
M084356,1
M053174,1
M068135,1
M054363,1
M064462,1
M068112,1
M076794,1
M059073,1
M054356,1
M069696,1
M049328,1
M040416,1
M077199,1
M087394,1
M080093,1
M088305,1
M071463,1
M098767,1
M059458,1
M101698,1
M098051,1
M085317,1
M037913,1
M001924,1
M029584,1
M088918,1
M055523,1
M055931,1
M057837,1
M095132,1
M079142,1
M054261,1
M047827,1
M051510,1
M068116,1
M048486,1
M048186,1
M072879,1
M044264,1
M096785,1
M003807,1
M038721,1
M073239,1
M072129,1
M052826,1
M047295,1
M091198,1
M002818,1
M048872,1
M033362,1
M095318,1
M044546,1
M080912,1
M068262,1
M086836,1
M049509,1
M047503,1
M073359,1
M049064,1
M051249,1
M086946,1
M047549,1
M048094,1
M066584,1
M061620,1
M067441,1
M046174,1
M047447,1
M031050,1
M008100,1
M101397,1
M045676,1
M090039,1
M022779,1
M043280,1
M026503,1
M019756,1
M002688,1
M057499,1
M091302,1
M041877,1
M046944,1
M065465,1
M069110,1
M073146,1
M063246,1
M071309,1
M057725,1
M072947,1
M069453,1
M100504,1
M027049,1
M087237,1
M074723,1
M069671,1
M067716,1
M055408,1
M058228,1
M085865,1
M036473,1
M050692,1
M010163,1
M030523,1
M013194,1
M069020,1
M037377,1
M050850,1
M097073,1
M089334,1
M039106,1
M062758,1
M038666,1
M081054,1
M081965,1
M081988,1
M063616,1
M056099,1
M038066,1
M045765,1
M068199,1
M034753,1
M093749,1
M079709,1
M014249,1
M046052,1
M075211,1
M053493,1
M038981,1
M046679,1
M099306,1
M076881,1
M043982,1
M076673,1
M057474,1
M068861,1
M047343,1
M062666,1
M029233,1
M014258,1
M092543,1
M024928,1
M087274,1
M040163,1
M055497,1
M089251,1
M064172,1
M062334,1
M053122,1
M028024,1
M071558,1
M017963,1
M080669,1
M083644,1
M074371,1
M093207,1
M031474,1
M073677,1
M079249,1
M006440,1
M073064,1
M087955,1
M067367,1
M079665,1
M056931,1
M083205,1
M072321,1
M091547,1
M040900,1
M041162,1
M018711,1
M054470,1
M010571,1
M061998,1
M011708,1
M047558,1
M048515,1
M054043,1
M082200,1
M010623,1
M058042,1
M094757,1
M065394,1
M040017,1
M057666,1
M047427,1
M043926,1
M075372,1
M070256,1
M046165,1
M079167,1
M059414,1
M065481,1
M015448,1
M075687,1
M064841,1
M090937,1
M096600,1
M005598,1
M090250,1
M080387,1
M021524,1
M008238,1
M056393,1
M003647,1
M019423,1
M089649,1
M059427,1
M002120,1
M090091,1
M100785,1
M005319,1
M039094,1
M010209,1
M057251,1
M060363,1
M045592,1
M052217,1
M050883,1
M047571,1
M041795,1
M072076,1
M029880,1
M016283,1
M014760,1
M084088,1
M093811,1
M038922,1
M088746,1
M010677,1
M032675,1
M099033,1
M050798,1
M025858,1
M015794,1
M056219,1
M094628,1
M080579,1
M038421,1
M049779,1
M042487,1
M084743,1
M082426,1
M044561,1
M066964,1
M078618,1
M063735,1
M089185,1
M088902,1
M044695,1
M047232,1
M096976,1
M086622,1
M024461,1
M098195,1
M020027,1
M081691,1
M037219,1
M053235,1
M089956,1
M071457,1
M050706,1
M047858,1
M066061,1
M045670,1
M067414,1
M075563,1
M055440,1
M079465,1
M037471,1
M080561,1
M068857,1
M024901,1
M083435,1
M010617,1
M060994,1
M042019,1
M070434,1
M032170,1
M009434,1
M060483,1
M053026,1
M090295,1
M077381,1
M063372,1
M083385,1
M044311,1
M091911,1
M011770,1
M048110,1
M064501,1
M098544,1
M055748,1
M054860,1
M094166,1
M016305,1
M051923,1
M054093,1
M038758,1
M022712,1
M014063,1
M080664,1
M039290,1
M043765,1
M041155,1
M067220,1
M074380,1
M082901,1
M010135,1
M010596,1
M017364,1
M003654,1
M024736,1
M062412,1
M092507,1
M087806,1
M077431,1
M059497,1
M072882,1
M032712,1
M044149,1
M037497,1
M045720,1
M065551,1
M090592,1
M093423,1
M095413,1
M059820,1
M040079,1
M062217,1
M069892,1
M088857,1
M041687,1
M024608,1
M037721,1
M024680,1
M086856,1
M005324,1
M054551,1
M028840,1
M001586,1
M100265,1
M052469,1
M011308,1
M099061,1
M058683,1
M084438,1
M073592,1
M072589,1
M030440,1
M002753,1
M073231,1
M052667,1
M094525,1
M094487,1
M029964,1
M018162,1
M023186,1
M084309,1
M036451,1
M083199,1
M079372,1
M080612,1
M055416,1
M099751,1
M055119,1
M042698,1
M098554,1
M086912,1
M090554,1
M040604,1
M043400,1
M099669,1
M015963,1
M053290,1
M011002,1
M049528,1
M040939,1
M009298,1
M002613,1
M006766,1
M050392,1
M036681,1
M077949,1
M015223,1
M025583,1
M047563,1
M049338,1
M090963,1
M075956,1
M080941,1
M069430,1
M084575,1
M075476,1
M003992,1
M044653,1
M061171,1
M057572,1
M018749,1
M004126,1
M057885,1
M038342,1
M001151,1
M034076,1
M028436,1
M047033,1
M081082,1
M074112,1
M083257,1
M031052,1
M082016,1
M012249,1
M034462,1
M019981,1
M084198,1
M065261,1
M074155,1
M066629,1
M008075,1
M061262,1
M080465,1
M092409,1
M041131,1
M048521,1
M040612,1
M062252,1
M045881,1
M054886,1
M065447,1
M083369,1
M060395,1
M100996,1
M003076,1
M055738,1
M049118,1
M033678,1
M082825,1
M015693,1
M001940,1
M019186,1
M099091,1
M081178,1
M025142,1
M096240,1
M065241,1
M025264,1
M062850,1
M053901,1
M056644,1
M085609,1
M095909,1
M063105,1
M086288,1
M069535,1
M034311,1
M046855,1
M007854,1
M052557,1
M050098,1
M063274,1
M051929,1
M028847,1
M099652,1
M071730,1
M084405,1
M020695,1
M075115,1
M018678,1
M042275,1
M071710,1
M036705,1
M079014,1
M075020,1
M014414,1
M074370,1
M070988,1
M041107,1
M076524,1
M056090,1
M050491,1
M038762,1
M059918,1
M077004,1
M061967,1
M081395,1
M090045,1
M096287,1
M071617,1
M071669,1
M045725,1
M022441,1
M031173,1
M100309,1
M087139,1
M014464,1
M060118,1
M100807,1
M052519,1
M100142,1
M088999,1
M058062,1
M067490,1
M079523,1
M019839,1
M095816,1
M087117,1
M050163,1
M069044,1
M037320,1
M039723,1
M066545,1
M049769,1
M008262,1
M100959,1
M079973,1
M066180,1
M038200,1
M045494,1
M070777,1
M046345,1
M097616,1
M099435,1
M079626,1
M051957,1
M058936,1
M093515,1
M064762,1
M079865,1
M032177,1
M026044,1
M071452,1
M086241,1
M092295,1
M062555,1
M076205,1
M079515,1
M016673,1
M002556,1
M044804,1
M065339,1
M048028,1
M068026,1
M024718,1
M035142,1
M083572,1
M059389,1
M087655,1
M041767,1
M060572,1
M022372,1
M065312,1
M062868,1
M052202,1
M069977,1
M074958,1
M076553,1
M047818,1
M048966,1
M071299,1
M089847,1
M055566,1
M050069,1
M055209,1
M032214,1
M049287,1
M051930,1
M049447,1
M079401,1
M071306,1
M076492,1
M002831,1
M004237,1
M079113,1
M081695,1
M065285,1
M054693,1
M063313,1
M063979,1
M051509,1
M096013,1
M083139,1
M035136,1
M015654,1
M072894,1
M058627,1
M041433,1
M067693,1
M065203,1
M066385,1
M100694,1
M076899,1
M093356,1
M080962,1
M052601,1
M071084,1
M043677,1
M069262,1
M064413,1
M098279,1
M040359,1
M006205,1
M079450,1
M064506,1
M045609,1
M040666,1
M063063,1
M040771,1
M051444,1
M007958,1
M072806,1
M029725,1
M070775,1
M088865,1
M064813,1
M024620,1
M020877,1
M026213,1
M028490,1
M076860,1
M056215,1
M051175,1
M055384,1
M073159,1
M065896,1
M087674,1
M015616,1
M009901,1
M011195,1
M051616,1
M072420,1
M067307,1
M049583,1
M080044,1
M037375,1
M050583,1
M045497,1
M017518,1
M063456,1
M082390,1
M000077,1
M099815,1
M092813,1
M026661,1
M098180,1
M091318,1
M076386,1
M020044,1
M084372,1
M005897,1
M009728,1
M089292,1
M081599,1
M034389,1
M060986,1
M065277,1
M074078,1
M001026,1
M073476,1
M040228,1
M082145,1
M097521,1
M068677,1
M055428,1
M093508,1
M067561,1
M096046,1
M088327,1
M066562,1
M062946,1
M093787,1
M025918,1
M080755,1
M070154,1
M092486,1
M049690,1
M070174,1
M006906,1
M042841,1
M075483,1
M071691,1
M052933,1
M023876,1
M049957,1
M087113,1
M081337,1
M053832,1
M009502,1
M100810,1
M068133,1
M086391,1
M071560,1
M076407,1
M047751,1
M086626,1
M054235,1
M036150,1
M086425,1
M041409,1
M087876,1
M097579,1
M078631,1
M062180,1
M015177,1
M051472,1
M082090,1
M003772,1
M100910,1
M074830,1
M096349,1
M036178,1
M038332,1
M013950,1
M015590,1
M053818,1
M048986,1
M004108,1
M026214,1
M097393,1
M067371,1
M055142,1
M069240,1
M047502,1
M067259,1
M067938,1
M071216,1
M076767,1
M079605,1
M077202,1
M044052,1
M022647,1
M038987,1
M100826,1
M065291,1
M054665,1
M044694,1
M069782,1
M099291,1
M057042,1
M097141,1
M096830,1
M064063,1
M058397,1
M054050,1
M072885,1
M078442,1
M045460,1
M003401,1
M053488,1
M098993,1
M085861,1
M091726,1
M052377,1
M083461,1
M085951,1
M056399,1
M004545,1
M053004,1
M067983,1
M016360,1
M094834,1
M042681,1
M066873,1
M098761,1
M087074,1
M079775,1
M055511,1
M080371,1
M049105,1
M058466,1
M060716,1
M036976,1
M065521,1
M091850,1
M051036,1
M062860,1
M067333,1
M060298,1
M005569,1
M026770,1
M067948,1
M067534,1
M021071,1
M072494,1
M071109,1
M074614,1
M089926,1
M075449,1
M059091,1
M055162,1
M058229,1
M060044,1
M062305,1
M065912,1
M054202,1
M048428,1
M048936,1
M085362,1
M047765,1
M088492,1
M088656,1
M072621,1
M069394,1
M087052,1
M052105,1
M098776,1
M056667,1
M053822,1
M056849,1
M055877,1
M062147,1
M070032,1
M024298,1
M067352,1
M089350,1
M094551,1
M029335,1
M071207,1
M071408,1
M094749,1
M070115,1
M058515,1
M076584,1
M052555,1
M098531,1
M064070,1
M062673,1
M046979,1
M064171,1
M058574,1
M081696,1
M092458,1
M079169,1
M004564,1
M092908,1
M062378,1
M055886,1
M051927,1
M054103,1
M063508,1
M054266,1
M011030,1
M078333,1
M067803,1
M061334,1
M020487,1
M080261,1
M024897,1
M092895,1
M066307,1
M072868,1
M079468,1
M075173,1
M001071,1
M073899,1
M067657,1
M075695,1
M095506,1
M068001,1
M036096,1
M045554,1
M003951,1
M046119,1
M074524,1
M083229,1
M089175,1
M062944,1
M047392,1
M096038,1
M022992,1
M012876,1
M013633,1
M016430,1
M007243,1
M050009,1
M067936,1
M018790,1
M060400,1
M048099,1
M050745,1
M090883,1
M081485,1
M050556,1
M046204,1
M066224,1
M099845,1
M084504,1
M046170,1
M097405,1
M099391,1
M065421,1
M079651,1
M058238,1
M089163,1
M100861,1
M094777,1
M015063,1
M075889,1
M069421,1
M084683,1
M072934,1
M081842,1
M017312,1
M010530,1
M013479,1
M058569,1
M080625,1
M053959,1
M004413,1
M063790,1
M063430,1
M095516,1
M081043,1
M078393,1
M093822,1
M063953,1
M052316,1
M053480,1
M049104,1
M067912,1
M059016,1
M086002,1
M046493,1
M081699,1
M093410,1
M046395,1
M048856,1
M058905,1
M086550,1
M092989,1
M069297,1
M076164,1
M087016,1
M087176,1
M095131,1
M082806,1
M068919,1
M066446,1
M063484,1
M058276,1
M046905,1
M002276,1
M064640,1
M088633,1
M072348,1
M025706,1
M093958,1
M017921,1
M030979,1
M057523,1
M042628,1
M024962,1
M026501,1
M029482,1
M085786,1
M092202,1
M061905,1
M015863,1
M098353,1
M080617,1
M053459,1
M056159,1
M059552,1
M080182,1
M075084,1
M075404,1
M072680,1
M041398,1
M047014,1
M059586,1
M045666,1
M095193,1
M083387,1
M084791,1
M066858,1
M090589,1
M101252,1
M068611,1
M038485,1
M041297,1
M097205,1
M069146,1
M072328,1
M081234,1
M046568,1
M097237,1
M073446,1
M024224,1
M093239,1
M049232,1
M067052,1
M040728,1
M077641,1
M098015,1
M017475,1
M072450,1
M031452,1
M091350,1
M062595,1
M091130,1
M060134,1
M084029,1
M054384,1
M067268,1
M074257,1
M003708,1
M041223,1
M077645,1
M079905,1
M002223,1
M062931,1
M047256,1
M022910,1
M010762,1
M047639,1
M096220,1
M007268,1
M072665,1
M077979,1
M075409,1
M070207,1
M073392,1
M025947,1
M043000,1
M098182,1
M051934,1
M059591,1
M009288,1
M089726,1
M097452,1
M089907,1
M070089,1
M075715,1
M001453,1
M002281,1
M085087,1
M092535,1
M056304,1
M060002,1
M076554,1
M053993,1
M029674,1
M084767,1
M063781,1
M095359,1
M069675,1
M078545,1
M099709,1
M093650,1
M045340,1
M049114,1
M050578,1
M077899,1
M095885,1
M085775,1
M024199,1
M014105,1
M023721,1
M014683,1
M090107,1
M067181,1
M050270,1
M071335,1
M011138,1
M068219,1
M061594,1
M066337,1
M097770,1
M073620,1
M089877,1
M073886,1
M068466,1
M015609,1
M066714,1
M062516,1
M056596,1
M064542,1
M007564,1
M012698,1
M039038,1
M070457,1
M060796,1
M035491,1
M078308,1
M020098,1
M062405,1
M093965,1
M094827,1
M081067,1
M067317,1
M050331,1
M065600,1
M069412,1
M049408,1
M065740,1
M093362,1
M016738,1
M038278,1
M073158,1
M093520,1
M058766,1
M060622,1
M072292,1
M095681,1
M007355,1
M069604,1
M053946,1
M046476,1
M072603,1
M063466,1
M077714,1
M025313,1
M097652,1
M034115,1
M043925,1
M047692,1
M044668,1
M098130,1
M051095,1
M087719,1
M082372,1
M064457,1
M083448,1
M034940,1
M049169,1
M096909,1
M069051,1
M063799,1
M015653,1
M082065,1
M087011,1
M096448,1
M052460,1
M051657,1
M077964,1
M054923,1
M050826,1
M052181,1
M073080,1
M087409,1
M075733,1
M053270,1
M087415,1
M071897,1
M036143,1
M040348,1
M070387,1
M076979,1
M082339,1
M052538,1
M055942,1
M066948,1
M084184,1
M064078,1
M024023,1
M042131,1
M041293,1
M075459,1
M050837,1
M094389,1
M090475,1
M067567,1
M099712,1
M095801,1
M056123,1
M097414,1
M055619,1
M089684,1
M071514,1
M042330,1
M002356,1
M076235,1
M096486,1
M068590,1
M058693,1
M066240,1
M076819,1
M001187,1
M037710,1
M088064,1
M059017,1
M077142,1
M074457,1
M074269,1
M050480,1
M055632,1
M015874,1
M055755,1
M093708,1
M081179,1
M073696,1
M087759,1
M053360,1
M070437,1
M013261,1
M052199,1
M035736,1
M023727,1
M082457,1
M059036,1
M003504,1
M084001,1
M021113,1
M072194,1
M094127,1
M088843,1
M080184,1
M073495,1
M049694,1
M069225,1
M074837,1
M056328,1
M060907,1
M101359,1
M059345,1
M098637,1
M081635,1
M063773,1
M035582,1
M036671,1
M083681,1
M028806,1
M082449,1
M067607,1
M064074,1
M070029,1
M092796,1
M065778,1
M057554,1
M000705,1
M011743,1
M098766,1
M082397,1
M008723,1
M008049,1
M025189,1
M014202,1
M056515,1
M083359,1
M069537,1
M058623,1
M091040,1
M061217,1
M061783,1
M027376,1
M046887,1
M023642,1
M053314,1
M058177,1
M069140,1
M038260,1
M052112,1
M060892,1
M019043,1
M065093,1
M099284,1
M072009,1
M082041,1
M079601,1
M088169,1
M066962,1
M092794,1
M087369,1
M036378,1
M091740,1
M023394,1
M079378,1
M064575,1
M100997,1
M059705,1
M018870,1
M069888,1
M005112,1
M040449,1
M037659,1
M048123,1
M072089,1
M075475,1
M079495,1
M079588,1
M074038,1
M075506,1
M061631,1
M049697,1
M071841,1
M061061,1
M070853,1
M034208,1
M039915,1
M094469,1
M085018,1
M069386,1
M033475,1
M050823,1
M053388,1
M072545,1
M079988,1
M067793,1
M100557,1
M058299,1
M074640,1
M085802,1
M060672,1
M054381,1
M037782,1
M090639,1
M092591,1
M031272,1
M069902,1
M074286,1
M087616,1
M084139,1
M011119,1
M014990,1
M091609,1
M033862,1
M097127,1
M075588,1
M085466,1
M063969,1
M072997,1
M072496,1
M035469,1
M066325,1
M101495,1
M091947,1
M083834,1
M052567,1
M073350,1
M079120,1
M034288,1
M079293,1
M074207,1
M064067,1
M057852,1
M010615,1
M048262,1
M039978,1
M073929,1
M079663,1
M055997,1
M066882,1
M070597,1
M069869,1
M044161,1
M046363,1
M070202,1
M086638,1
M033935,1
M082063,1
M026555,1
M052651,1
M042559,1
M059438,1
M051976,1
M088294,1
M065007,1
M096828,1
M095148,1
M037612,1
M088478,1
M091800,1
M020733,1
M050632,1
M019535,1
M093469,1
M035628,1
M057818,1
M076021,1
M082572,1
M084631,1
M051544,1
M061564,1
M065582,1
M089277,1
M027975,1
M059620,1
M045979,1
M010938,1
M098332,1
M050318,1
M092929,1
M099723,1
M092849,1
M072612,1
M086323,1
M074172,1
M097413,1
M095774,1
M038763,1
M073395,1
M070380,1
M092786,1
M004463,1
M061923,1
M047785,1
M056204,1
M058816,1
M099245,1
M083680,1
M004601,1
M089099,1
M078406,1
M096195,1
M013315,1
M068566,1
M014704,1
M077708,1
M069577,1
M069321,1
M084794,1
M072017,1
M062429,1
M047248,1
M064401,1
M094161,1
M066994,1
M087546,1
M020094,1
M073007,1
M041469,1
M066943,1
M053720,1
M039914,1
M071366,1
M069764,1
M070540,1
M069213,1
M030152,1
M067360,1
M097395,1
M093436,1
M068045,1
M002856,1
M001618,1
M029637,1
M026302,1
M070616,1
M059309,1
M079698,1
M019956,1
M023414,1
M032952,1
M067557,1
M066062,1
M084129,1
M061526,1
M089677,1
M093989,1
M017750,1
M003861,1
M056525,1
M048358,1
M088329,1
M092178,1
M098626,1
M077432,1
M039486,1
M030053,1
M033936,1
M030864,1
M073056,1
M099562,1
M072392,1
M082452,1
M070828,1
M032230,1
M001032,1
M100814,1
M089131,1
M017135,1
M023072,1
M073498,1
M064626,1
M066825,1
M077223,1
M077422,1
M100762,1
M038250,1
M097319,1
M095732,1
M079323,1
M057563,1
M063747,1
M066880,1
M094366,1
M099174,1
M016904,1
M085103,1
M035168,1
M052799,1
M021402,1
M023694,1
M055234,1
M077693,1
M034123,1
M059520,1
M100886,1
M047527,1
M043406,1
M082754,1
M084303,1
M061664,1
M100287,1
M036549,1
M035888,1
M036171,1
M075215,1
M056597,1
M069567,1
M101112,1
M083283,1
M053031,1
M040138,1
M017394,1
M086073,1
M082103,1
M068833,1
M040951,1
M030123,1
M087811,1
M012266,1
M067279,1
M048896,1
M068957,1
M083916,1
M068097,1
M027378,1
M078612,1
M048436,1
M001133,1
M045443,1
M074668,1
M100000,1
M064641,1
M081998,1
M055484,1
M054735,1
M080361,1
M070314,1
M081079,1
M052805,1
M071618,1
M058293,1
M087745,1
M066876,1
M100528,1
M056780,1
M069792,1
M078222,1
M084185,1
M015640,1
M096536,1
M091503,1
M027185,1
M074568,1
M064627,1
M002736,1
M077728,1
M051290,1
M051386,1
M061499,1
M089511,1
M044656,1
M065472,1
M091978,1
M061076,1
M072465,1
M082270,1
M042592,1
M061449,1
M010745,1
M043240,1
M045252,1
M036404,1
M089104,1
M071903,1
M099572,1
M068577,1
M076785,1
M051437,1
M035904,1
M011076,1
M008391,1
M004524,1
M069875,1
M026615,1
M044367,1
M073464,1
M023974,1
M060988,1
M063624,1
M039179,1
M045737,1
M080806,1
M061629,1
M055552,1
M036756,1
M052743,1
M070588,1
M069171,1
M069879,1
M069964,1
M064247,1
M050222,1
M090258,1
M085710,1
M075187,1
M091150,1
M074417,1
M089520,1
M016060,1
M092673,1
M039153,1
M071527,1
M078360,1
M100036,1
M080640,1
M054164,1
M055477,1
M058007,1
M071636,1
M004820,1
M101682,1
M068913,1
M027657,1
M078161,1
M084978,1
M086339,1
M049215,1
M091932,1
M022239,1
M099381,1
M017881,1
M071068,1
M070793,1
M033410,1
M039788,1
M073381,1
M078828,1
M094806,1
M021401,1
M048980,1
M070812,1
M069837,1
M075159,1
M069568,1
M069361,1
M093943,1
M074232,1
M082487,1
M059314,1
M090857,1
M072761,1
M040684,1
M031069,1
M074525,1
M024248,1
M077371,1
M046848,1
M003814,1
M010570,1
M068661,1
M068745,1
M052718,1
M009518,1
M075709,1
M062137,1
M043212,1
M068190,1
M066174,1
M062540,1
M056298,1
M069781,1
M059197,1
M044535,1
M010164,1
M069809,1
M032101,1
M055850,1
M074153,1
M073825,1
M084744,1
M078359,1
M093481,1
M060527,1
M069063,1
M086661,1
M093607,1
M057786,1
M079021,1
M014914,1
M095431,1
M050842,1
M002393,1
M002886,1
M080952,1
M056536,1
M050511,1
M083654,1
M014954,1
M046474,1
M100824,1
M054412,1
M088081,1
M085694,1
M065259,1
M023459,1
M000049,1
M000008,1
M035384,1
M008502,1
M082445,1
M079547,1
M084886,1
M054767,1
M071058,1
M080733,1
M059071,1
M023119,1
M100820,1
M063651,1
M077459,1
M093586,1
M059247,1
M065237,1
M062777,1
M038135,1
M063400,1
M083735,1
M078668,1
M057586,1
M059720,1
M092453,1
M056601,1
M092621,1
M068158,1
M063649,1
M100305,1
M099957,1
M064252,1
M101754,1
M096722,1
M070160,1
M084981,1
M078732,1
M076841,1
M050605,1
M096687,1
M046788,1
M044443,1
M099207,1
M081406,1
M086371,1
M003252,1
M001197,1
M040448,1
M065409,1
M090761,1
M080998,1
M067862,1
M079306,1
M019452,1
M074844,1
M011363,1
M067316,1
M045995,1
M060722,1
M094461,1
M051652,1
M099075,1
M086734,1
M049206,1
M062249,1
M040541,1
M039802,1
M094961,1
M022167,1
M097279,1
M087620,1
M041438,1
M094194,1
M000788,1
M085528,1
M004038,1
M079681,1
M093154,1
M050915,1
M068360,1
M012614,1
M074780,1
M076017,1
M069637,1
M070755,1
M096781,1
M016608,1
M071405,1
M047385,1
M090184,1
M068344,1
M064448,1
M063873,1
M075148,1
M080065,1
M099329,1
M085442,1
M038265,1
M057465,1
M076322,1
M019138,1
M016634,1
M014884,1
M011732,1
M092574,1
M100983,1
M085749,1
M065116,1
M078848,1
M034680,1
M000891,1
M068483,1
M037582,1
M061988,1
M048931,1
M061431,1
M022538,1
M004628,1
M048176,1
M014471,1
M068947,1
M047085,1
M064882,1
M090992,1
M080233,1
M099154,1
M058160,1
M069176,1
M086984,1
M068531,1
M082140,1
M086979,1
M096768,1
M074060,1
M080164,1
M034074,1
M008648,1
M052481,1
M048858,1
M064157,1
M056289,1
M076927,1
M018642,1
M079151,1
M043577,1
M031127,1
M050043,1
M053259,1
M007995,1
M058899,1
M001880,1
M100363,1
M057488,1
M039226,1
M039140,1
M093409,1
M101531,1
M018567,1
M078757,1
M060608,1
M090677,1
M085376,1
M100191,1
M073748,1
M075749,1
M041640,1
M094215,1
M040716,1
M056223,1
M016320,1
M066078,1
M051116,1
M093565,1
M088022,1
M100682,1
M098324,1
M099356,1
M037108,1
M086602,1
M056346,1
M073607,1
M098709,1
M080785,1
M063378,1
M060983,1
M059800,1
M077805,1
M088485,1
M052378,1
M030147,1
M064340,1
M085568,1
M024361,1
M060222,1
M043935,1
M042906,1
M084417,1
M078473,1
M077454,1
M004060,1
M051257,1
M099111,1
M097576,1
M097399,1
M094738,1
M072364,1
M061376,1
M070197,1
M093379,1
M092707,1
M085411,1
M078065,1
M051299,1
M096820,1
M080048,1
M085602,1
M029110,1
M076191,1
M067141,1
M091405,1
M091309,1
M065709,1
M093137,1
M072968,1
M046633,1
M099932,1
M061676,1
M084876,1
M056665,1
M089728,1
M013570,1
M015095,1
M078450,1
M057875,1
M025979,1
M021115,1
M091167,1
M041934,1
M080082,1
M073058,1
M073734,1
M057584,1
M019003,1
M070038,1
M073883,1
M093341,1
M094788,1
M047815,1
M083696,1
M059643,1
M091085,1
M067732,1
M073813,1
M099959,1
M074121,1
M083679,1
M015922,1
M081342,1
M051246,1
M081811,1
M054485,1
M094382,1
M040239,1
M076652,1
M071340,1
M098061,1
M048622,1
M085513,1
M056656,1
M098128,1
M031188,1
M005720,1
M095243,1
M076170,1
M062580,1
M044152,1
M089925,1
M079477,1
M087635,1
M054427,1
M021298,1
M090422,1
M043065,1
M074435,1
M098703,1
M079219,1
M031645,1
M064674,1
M098581,1
M073780,1
M080072,1
M054654,1
M014581,1
M002797,1
M045368,1
M003592,1
M060352,1
M077212,1
M010196,1
M070537,1
M018609,1
M045949,1
M069861,1
M037332,1
M072976,1
M084142,1
M036698,1
M059560,1
M051131,1
M082143,1
M081571,1
M095273,1
M082657,1
M054143,1
M096239,1
M100097,1
M065938,1
M039691,1
M088996,1
M020455,1
M082933,1
M090983,1
M068586,1
M096139,1
M039904,1
M035476,1
M058272,1
M051588,1
M101072,1
M084256,1
M032702,1
M086381,1
M049267,1
M048581,1
M084173,1
M042211,1
M055756,1
M024154,1
M084813,1
M001596,1
M079891,1
M069319,1
M081522,1
M045628,1
M073920,1
M077103,1
M085777,1
M016269,1
M036483,1
M062623,1
M090351,1
M077023,1
M085541,1
M031959,1
M080835,1
M073439,1
M082484,1
M008074,1
M092115,1
M063681,1
M095234,1
M036748,1
M067190,1
M099059,1
M090282,1
M084126,1
M096081,1
M086303,1
M073749,1
M098204,1
M074201,1
M086920,1
M021598,1
M084724,1
M090718,1
M008379,1
M073452,1
M078785,1
M007294,1
M062602,1
M072159,1
M074533,1
M074546,1
M088611,1
M058562,1
M070922,1
M052205,1
M001482,1
M003142,1
M065407,1
M007515,1
M010162,1
M006559,1
M043044,1
M089695,1
M066500,1
M082728,1
M084795,1
M028752,1
M064672,1
M009074,1
M091508,1
M042034,1
M100002,1
M076294,1
M080996,1
M088118,1
M087631,1
M089484,1
M000745,1
M052661,1
M057170,1
M098013,1
M048951,1
M071975,1
M085328,1
M084912,1
M090994,1
M012234,1
M044659,1
M068187,1
M070745,1
M090509,1
M059784,1
M070964,1
M097374,1
M095035,1
M076446,1
M093462,1
M019940,1
M093926,1
M063913,1
M098393,1
M088464,1
M046211,1
M066334,1
M046835,1
M011372,1
M059058,1
M086909,1
M076411,1
M086001,1
M011121,1
M054543,1
M092134,1
M056702,1
M099077,1
M087302,1
M084059,1
M087334,1
M051190,1
M090808,1
M078492,1
M086718,1
M085684,1
M065397,1
M051922,1
M015968,1
M044458,1
M077762,1
M068156,1
M068420,1
M062734,1
M039627,1
M070360,1
M100167,1
M030125,1
M056402,1
M047907,1
M081216,1
M080454,1
M051271,1
M063689,1
M081148,1
M009441,1
M063661,1
M015002,1
M074233,1
M095077,1
M081319,1
M068668,1
M101735,1
M091090,1
M085769,1
M012719,1
M069254,1
M068398,1
M012257,1
M073020,1
M047738,1
M069894,1
M101627,1
M083631,1
M000167,1
M075544,1
M076929,1
M084487,1
M093928,1
M040029,1
M056236,1
M017867,1
M001647,1
M000456,1
M002469,1
M090621,1
M061831,1
M005901,1
M053508,1
M042120,1
M040535,1
M073812,1
M068123,1
M024403,1
M044811,1
M076287,1
M018727,1
M071633,1
M079177,1
M095462,1
M080488,1
M093201,1
M018741,1
M074184,1
M101144,1
M051869,1
M005080,1
M052416,1
M013100,1
M067377,1
M074536,1
M055651,1
M022051,1
M076461,1
M076149,1
M071593,1
M016171,1
M062635,1
M071431,1
M079553,1
M101266,1
M077106,1
M078553,1
M045729,1
M032374,1
M084661,1
M023154,1
M033277,1
M100448,1
M064229,1
M001962,1
M084900,1
M092334,1
M079707,1
M012684,1
M070399,1
M023549,1
M096510,1
M009599,1
M099195,1
M076489,1
M041468,1
M052976,1
M075055,1
M081633,1
M052912,1
M037698,1
M040511,1
M060362,1
M076376,1
M046958,1
M041308,1
M076114,1
M088867,1
M044441,1
M089077,1
M069230,1
M077849,1
M076597,1
M078225,1
M047249,1
M079612,1
M074895,1
M022956,1
M098261,1
M071264,1
M040281,1
M070347,1
M072236,1
M054276,1
M100520,1
M082463,1
M073041,1
M078861,1
M006940,1
M061603,1
M045768,1
M045433,1
M007524,1
M091190,1
M000410,1
M049307,1
M041341,1
M060132,1
M073554,1
M066390,1
M006037,1
M076792,1
M011503,1
M062095,1
M002310,1
M045488,1
M062242,1
M041534,1
M030039,1
M074865,1
M060591,1
M083565,1
M098858,1
M057766,1
M020678,1
M096125,1
M082001,1
M089460,1
M068647,1
M099074,1
M011386,1
M052981,1
M045900,1
M052649,1
M064936,1
M012322,1
M100556,1
M075265,1
M036875,1
M077900,1
M083615,1
M096279,1
M036859,1
M100264,1
M098457,1
M081026,1
M073487,1
M099396,1
M086747,1
M057466,1
M055848,1
M083381,1
M059942,1
M082261,1
M043968,1
M046987,1
M019245,1
M077832,1
M004690,1
M045728,1
M099838,1
M054402,1
M088182,1
M038072,1
M058616,1
M098737,1
M043494,1
M091341,1
M010160,1
M101243,1
M067848,1
M007054,1
M018092,1
M005203,1
M073432,1
M083504,1
M043986,1
M077945,1
M047807,1
M085192,1
M089402,1
M018341,1
M079720,1
M042567,1
M050836,1
M058474,1
M086117,1
M088102,1
M055480,1
M086274,1
M046430,1
M011925,1
M066380,1
M047944,1
M084790,1
M015625,1
M022708,1
M068245,1
M095119,1
M091646,1
M081612,1
M006517,1
M097924,1
M025311,1
M095894,1
M045188,1
M002521,1
M061670,1
M085576,1
M084546,1
M056164,1
M073833,1
M070247,1
M074753,1
M076391,1
M056566,1
M060597,1
M068951,1
M100311,1
M003228,1
M093974,1
M087469,1
M076145,1
M076494,1
M001094,1
M101392,1
M086385,1
M099855,1
M042424,1
M087991,1
M062645,1
M070145,1
M090522,1
M073254,1
M057218,1
M060115,1
M083112,1
M014546,1
M073383,1
M024788,1
M036626,1
M091485,1
M076296,1
M065378,1
M076644,1
M056135,1
M062230,1
M094094,1
M025698,1
M063371,1
M085012,1
M053763,1
M095485,1
M075363,1
M069956,1
M044472,1
M036191,1
M024272,1
M101401,1
M067892,1
M090028,1
M097458,1
M089032,1
M043507,1
M054352,1
M089911,1
M093973,1
M055157,1
M057126,1
M044838,1
M100228,1
M087775,1
M100184,1
M096940,1
M026824,1
M086913,1
M088782,1
M011644,1
M047442,1
M009306,1
M016928,1
M009595,1
M080821,1
M074893,1
M062162,1
M084323,1
M015823,1
M018549,1
M013269,1
M018345,1
M009301,1
M044646,1
M054130,1
M051432,1
M064909,1
M041904,1
M088823,1
M077455,1
M053448,1
M065805,1
M047202,1
M076057,1
M096443,1
M097128,1
M077273,1
M089285,1
M088468,1
M098990,1
M073605,1
M079790,1
M078696,1
M020543,1
M083785,1
M082942,1
M042694,1
M092874,1
M095086,1
M069268,1
M087344,1
M054912,1
M097406,1
M075816,1
M099190,1
M059899,1
M073512,1
M088665,1
M065372,1
M088377,1
M092563,1
M078292,1
M084310,1
M090863,1
M095219,1
M086921,1
M096264,1
M023797,1
M096018,1
M097878,1
M062501,1
M079879,1
M041362,1
M068902,1
M026393,1
M063245,1
M082722,1
M065789,1
M069706,1
M057408,1
M049878,1
M085462,1
M085816,1
M085359,1
M073185,1
M078004,1
M042187,1
M059898,1
M073098,1
M038326,1
M012184,1
M031573,1
M048643,1
M008797,1
M081924,1
M051812,1
M044625,1
M048829,1
M020204,1
M086928,1
M050936,1
M035465,1
M052029,1
M084229,1
M034979,1
M042970,1
M068788,1
M062354,1
M042844,1
M004723,1
M073034,1
M008138,1
M037983,1
M098029,1
M093103,1
M091634,1
M064778,1
M002749,1
M051087,1
M069226,1
M069469,1
M098453,1
M092744,1
M099864,1
M094458,1
M014013,1
M086556,1
M095762,1
M021812,1
M006531,1
M024294,1
M095960,1
M088662,1
M092254,1
M038815,1
M049728,1
M075766,1
M069442,1
M040527,1
M015980,1
M048422,1
M045145,1
M078906,1
M075473,1
M040155,1
M075783,1
M045284,1
M039301,1
M016512,1
M081364,1
M089719,1
M091787,1
M006887,1
M053254,1
M030496,1
M090816,1
M013504,1
M067083,1
M090971,1
M092061,1
M075532,1
M084217,1
M094643,1
M022755,1
M054260,1
M018314,1
M002347,1
M041549,1
M068297,1
M080158,1
M090102,1
M076262,1
M088920,1
M074432,1
M088928,1
M063819,1
M006962,1
M071093,1
M034495,1
M035699,1
M084940,1
M095374,1
M006200,1
M039159,1
M040027,1
M053370,1
M063219,1
M051010,1
M101026,1
M068250,1
M058688,1
M073706,1
M023595,1
M070874,1
M007700,1
M086793,1
M062955,1
M091679,1
M093141,1
M046086,1
M082391,1
M067421,1
M044575,1
M004958,1
M008340,1
M075330,1
M074238,1
M068386,1
M059976,1
M002738,1
M085295,1
M069038,1
M064925,1
M082414,1
M048852,1
M098513,1
M040560,1
M072182,1
M081766,1
M009375,1
M050609,1
M055323,1
M030066,1
M018299,1
M060464,1
M063796,1
M079649,1
M043196,1
M065622,1
M009462,1
M076937,1
M083827,1
M020661,1
M077580,1
M098779,1
M072625,1
M070391,1
M089586,1
M052477,1
M039858,1
M074522,1
M060809,1
M053436,1
M041106,1
M073723,1
M075743,1
M080490,1
M077557,1
M060325,1
M088975,1
M098546,1
M095352,1
M059563,1
M044201,1
M051903,1
M075511,1
M098104,1
M037597,1
M026616,1
M056842,1
M062678,1
M017307,1
M085449,1
M089530,1
M010059,1
M039894,1
M016794,1
M071248,1
M094862,1
M051241,1
M098276,1
M098373,1
M065244,1
M090561,1
M068982,1
M101736,1
M087657,1
M049188,1
M005180,1
M090449,1
M041669,1
M080215,1
M060524,1
M097343,1
M082792,1
M073162,1
M086453,1
M095921,1
M021698,1
M087351,1
M044494,1
M042044,1
M089438,1
M058988,1
M013576,1
M082801,1
M058870,1
M094069,1
M082232,1
M002505,1
M008615,1
M090030,1
M085274,1
M091723,1
M095200,1
M090935,1
M038710,1
M094381,1
M070532,1
M072960,1
M059578,1
M033918,1
M094534,1
M051029,1
M008426,1
M085088,1
M091762,1
M032933,1
M013911,1
M062679,1
M075534,1
M063718,1
M092215,1
M094570,1
M085459,1
M081996,1
M087048,1
M098292,1
M077746,1
M041467,1
M053507,1
M035262,1
M032749,1
M094625,1
M045088,1
M066058,1
M071650,1
M044464,1
M087853,1
M084459,1
M078913,1
M064693,1
M059472,1
M073755,1
M091790,1
M049948,1
M058971,1
M053829,1
M050013,1
M055350,1
M040797,1
M043847,1
M075825,1
M016048,1
M039112,1
M043687,1
M075805,1
M073648,1
M050217,1
M051675,1
M020710,1
M058194,1
M085354,1
M019653,1
M050448,1
M090581,1
M086099,1
M034634,1
M091257,1
M043519,1
M044511,1
M075481,1
M019635,1
M065661,1
M069665,1
M041766,1
M072533,1
M100415,1
M046326,1
M043163,1
M091248,1
M022923,1
M081568,1
M076810,1
M065219,1
M068385,1
M096679,1
M030061,1
M005259,1
M004462,1
M080818,1
M099482,1
M043289,1
M086625,1
M016781,1
M013403,1
M066209,1
M000061,1
M011038,1
M039381,1
M063963,1
M043845,1
M061479,1
M095209,1
M074052,1
M020849,1
M021909,1
M014942,1
M085821,1
M064902,1
M019739,1
M012351,1
M049235,1
M076571,1
M072938,1
M086852,1
M095902,1
M058367,1
M088416,1
M098515,1
M059357,1
M026599,1
M061296,1
M095470,1
M073201,1
M011277,1
M070776,1
M091799,1
M045379,1
M100110,1
M083715,1
M081057,1
M075691,1
M056174,1
M051719,1
M058208,1
M025952,1
M009337,1
M064692,1
M088407,1
M048142,1
M071822,1
M044652,1
M087770,1
M035005,1
M031215,1
M088074,1
M095028,1
M034451,1
M027063,1
M046156,1
M055186,1
M094667,1
M049394,1
M083299,1
M096659,1
M043585,1
M088807,1
M098676,1
M079510,1
M074248,1
M064136,1
M046928,1
M065047,1
M074466,1
M023454,1
M086489,1
M052723,1
M097753,1
M044065,1
M062285,1
M079567,1
M074591,1
M069962,1
M053101,1
M074461,1
M082489,1
M090736,1
M089423,1
M024547,1
M010620,1
M010213,1
M018815,1
M039668,1
M091573,1
M092151,1
M017884,1
M081442,1
M097287,1
M072185,1
M083056,1
M067930,1
M097551,1
M088446,1
M047679,1
M047154,1
M043764,1
M074509,1
M099258,1
M004693,1
M065328,1
M071789,1
M057395,1
M101493,1
M091463,1
M061361,1
M076783,1
M075161,1
M055750,1
M049708,1
M082403,1
M030388,1
M083891,1
M087632,1
M078666,1
M051610,1
M040788,1
M088257,1
M083832,1
M042287,1
M095299,1
M097694,1
M067244,1
M056074,1
M086889,1
M095787,1
M098882,1
M088128,1
M076705,1
M048391,1
M070313,1
M048876,1
M068890,1
M076921,1
M094046,1
M079457,1
M081919,1
M025055,1
M062057,1
M092699,1
M088354,1
M087808,1
M057870,1
M076493,1
M034513,1
M076441,1
M058125,1
M098301,1
M089990,1
M099032,1
M089086,1
M051139,1
M019875,1
M088433,1
M031053,1
M051971,1
M078996,1
M068596,1
M044260,1
M085487,1
M084970,1
M082105,1
M078026,1
M042507,1
M040679,1
M085131,1
M085427,1
M100679,1
M084695,1
M095836,1
M036542,1
M096265,1
M054954,1
M064752,1
M061531,1
M071516,1
M033758,1
M049468,1
M059888,1
M032137,1
M079407,1
M082396,1
M043890,1
M081327,1
M081529,1
M050004,1
M014393,1
M086193,1
M075103,1
M018978,1
M034833,1
M084749,1
M059060,1
M067065,1
M063507,1
M009892,1
M016203,1
M099831,1
M085558,1
M049470,1
M016477,1
M071683,1
M013397,1
M038049,1
M056475,1
M049489,1
M065849,1
M101232,1
M018108,1
M078465,1
M050592,1
M086213,1
M016471,1
M020236,1
M043265,1
M003137,1
M052570,1
M080556,1
M067572,1
M059596,1
M067456,1
M089598,1
M070359,1
M087248,1
M078243,1
M026400,1
M059075,1
M099839,1
M062297,1
M014200,1
M064796,1
M026236,1
M083534,1
M101625,1
M076944,1
M098701,1
M081556,1
M082233,1
M091045,1
M097748,1
M039646,1
M078822,1
M023866,1
M096179,1
M060900,1
M014007,1
M019643,1
M019305,1
M038375,1
M072231,1
M045352,1
M084226,1
M007112,1
M063221,1
M053166,1
M069654,1
M028152,1
M038669,1
M097907,1
M086187,1
M015224,1
M051709,1
M080838,1
M074684,1
M101704,1
M097917,1
M088831,1
M006324,1
M026885,1
M038345,1
M071388,1
M067819,1
M076695,1
M077150,1
M021289,1
M040123,1
M064968,1
M088316,1
M021876,1
M083378,1
M099791,1
M085010,1
M082049,1
M041621,1
M057724,1
M046399,1
M023734,1
M073966,1
M081254,1
M061207,1
M086816,1
M100958,1
M077742,1
M100700,1
M005738,1
M049335,1
M008672,1
M059423,1
M065893,1
M101076,1
M066444,1
M027866,1
M007084,1
M023461,1
M009153,1
M081233,1
M084140,1
M046710,1
M091875,1
M090903,1
M088625,1
M067027,1
M058614,1
M100981,1
M067943,1
M001394,1
M071250,1
M081021,1
M100192,1
M059670,1
M094826,1
M087765,1
M098603,1
M051795,1
M093901,1
M065683,1
M088640,1
M063257,1
M012005,1
M098863,1
M064701,1
M066079,1
M027009,1
M054387,1
M055197,1
M085313,1
M004856,1
M087282,1
M041907,1
M007659,1
M099180,1
M022468,1
M066901,1
M082945,1
M077388,1
M083342,1
M069750,1
M088428,1
M076924,1
M095044,1
M077147,1
M099039,1
M079182,1
M050112,1
M053073,1
M007567,1
M060251,1
M050912,1
M048633,1
M011762,1
M009357,1
M067832,1
M000644,1
M067703,1
M037711,1
M064600,1
M044573,1
M070091,1
M074608,1
M063844,1
M039270,1
M036967,1
M098152,1
M065799,1
M095424,1
M087156,1
M028292,1
M101634,1
M026500,1
M099752,1
M073001,1
M074485,1
M093035,1
M034558,1
M052824,1
M013413,1
M017485,1
M070918,1
M087455,1
M077426,1
M087780,1
M097168,1
M049082,1
M091903,1
M065891,1
M058633,1
M018469,1
M097808,1
M068416,1
M047985,1
M039026,1
M072482,1
M085045,1
M085371,1
M097720,1
M074905,1
M058304,1
M023361,1
M085660,1
M088832,1
M034450,1
M082429,1
M079193,1
M055938,1
M058860,1
M090709,1
M079213,1
M100190,1
M056128,1
M031558,1
M064180,1
M032422,1
M011326,1
M019559,1
M072252,1
M074058,1
M066521,1
M057017,1
M070366,1
M038398,1
M043592,1
M094943,1
M008564,1
M098899,1
M033642,1
M061331,1
M051130,1
M036525,1
M101348,1
M092977,1
M018224,1
M091380,1
M050254,1
M100592,1
M096998,1
M017756,1
M042012,1
M069284,1
M031791,1
M055056,1
M096763,1
M075921,1
M015933,1
M054726,1
M007126,1
M070269,1
M078950,1
M084249,1
M080825,1
M078345,1
M078620,1
M098849,1
M084465,1
M065626,1
M085648,1
M101187,1
M071579,1
M050182,1
M072083,1
M028718,1
M089739,1
M015508,1
M045212,1
M095907,1
M061342,1
M063942,1
M041352,1
M059694,1
M089986,1
M062136,1
M073144,1
M044663,1
M095860,1
M076086,1
M074210,1
M091053,1
M068341,1
M016482,1
M062326,1
M091119,1
M063695,1
M005541,1
M012547,1
M100727,1
M074951,1
M050871,1
M037134,1
M056163,1
M011176,1
M018698,1
M030434,1
M071368,1
M093191,1
M038334,1
M098165,1
M042719,1
M051640,1
M087954,1
M024678,1
M077121,1
M068036,1
M097979,1
M098682,1
M089831,1
M089846,1
M087221,1
M042742,1
M078888,1
M067258,1
M024174,1
M060393,1
M080085,1
M077234,1
M060177,1
M096911,1
M011956,1
M064943,1
M044866,1
M082767,1
M085199,1
M069049,1
M058979,1
M081367,1
M093846,1
M020460,1
M024917,1
M073222,1
M099730,1
M099954,1
M071938,1
M037585,1
M074937,1
M035286,1
M069658,1
M039473,1
M087677,1
M023011,1
M019770,1
M096374,1
M075824,1
M091613,1
M099414,1
M051323,1
M077073,1
M081687,1
M004659,1
M039373,1
M087018,1
M067685,1
M041555,1
M049154,1
M086755,1
M101758,1
M080678,1
M039611,1
M089800,1
M043060,1
M045954,1
M043902,1
M074449,1
M100645,1
M075362,1
M090333,1
M052176,1
M090770,1
M042001,1
M041168,1
M037117,1
M070263,1
M001707,1
M038589,1
M100386,1
M011789,1
M094039,1
M009857,1
M066561,1
M067061,1
M003635,1
M086709,1
M098309,1
M097025,1
M088340,1
M094437,1
M046238,1
M072070,1
M073977,1
M099967,1
M056292,1
M059858,1
M013035,1
M066118,1
M022773,1
M049357,1
M087598,1
M043950,1
M088624,1
M069089,1
M084544,1
M071523,1
M039917,1
M060617,1
M100176,1
M079646,1
M091730,1
M095093,1
M088848,1
M045130,1
M080243,1
M024772,1
M078665,1
M096295,1
M086868,1
M087148,1
M083956,1
M054378,1
M065797,1
M005145,1
M049018,1
M026041,1
M035718,1
M100004,1
M024595,1
M069172,1
M087159,1
M035831,1
M082488,1
M028320,1
M074641,1
M063581,1
M053112,1
M083374,1
M072724,1
M079526,1
M088149,1
M069285,1
M076870,1
M066741,1
M070784,1
M081339,1
M100338,1
M038819,1
M079632,1
M081845,1
M043035,1
M052063,1
M071145,1
M074413,1
M044956,1
M064807,1
M073065,1
M008792,1
M064333,1
M081480,1
M050927,1
M059897,1
M065670,1
M024274,1
M067856,1
M093952,1
M064375,1
M066266,1
M006595,1
M096965,1
M088389,1
M078141,1
M081150,1
M059794,1
M081665,1
M098275,1
M071107,1
M058346,1
M068031,1
M082318,1
M050999,1
M061729,1
M044137,1
M077028,1
M025957,1
M045916,1
M097689,1
M002709,1
M068379,1
M064264,1
M069002,1
M095441,1
M062097,1
M078190,1
M050167,1
M013865,1
M009561,1
M061308,1
M004992,1
M066458,1
M082587,1
M093020,1
M073418,1
M089901,1
M084040,1
M076525,1
M093672,1
M095557,1
M096065,1
M079823,1
M093616,1
M084989,1
M068231,1
M005146,1
M070140,1
M077407,1
M050007,1
M079548,1
M054919,1
M003882,1
M095171,1
M033508,1
M071870,1
M058922,1
M019617,1
M091394,1
M054719,1
M030995,1
M057527,1
M001069,1
M099856,1
M093574,1
M064541,1
M100275,1
M068976,1
M052548,1
M079732,1
M091721,1
M098491,1
M080119,1
M071062,1
M081802,1
M071738,1
M086170,1
M093128,1
M087516,1
M089112,1
M019436,1
M093852,1
M100922,1
M035972,1
M045633,1
M082996,1
M056286,1
M078920,1
M081576,1
M011569,1
M088295,1
M097072,1
M087005,1
M071078,1
M013314,1
M083612,1
M090979,1
M094337,1
M055537,1
M097889,1
M024517,1
M074343,1
M090217,1
M006322,1
M039251,1
M026073,1
M067172,1
M057977,1
M024034,1
M037326,1
M033574,1
M006575,1
M065743,1
M093585,1
M074301,1
M065892,1
M088387,1
M048055,1
M053140,1
M061873,1
M082598,1
M037088,1
M060837,1
M007794,1
M093619,1
M044041,1
M075321,1
M092946,1
M085106,1
M083584,1
M072195,1
M022303,1
M084245,1
M002367,1
M072597,1
M097955,1
M061577,1
M086397,1
M054521,1
M061416,1
M098825,1
M098938,1
M095378,1
M072023,1
M066433,1
M002303,1
M010892,1
M097096,1
M083944,1
M067828,1
M098224,1
M087265,1
M016970,1
M048913,1
M025492,1
M090358,1
M019100,1
M066961,1
M012657,1
M049679,1
M067177,1
M093702,1
M058525,1
M091661,1
M047152,1
M048023,1
M066807,1
M040015,1
M070346,1
M072996,1
M067783,1
M070619,1
M058966,1
M091979,1
M046639,1
M022763,1
M061019,1
M064112,1
M090775,1
M007160,1
M015327,1
M095494,1
M089024,1
M055928,1
M020029,1
M079084,1
M023451,1
M091628,1
M091456,1
M061800,1
M090175,1
M098614,1
M001717,1
M069157,1
M065847,1
M076010,1
M039423,1
M026454,1
M100067,1
M079925,1
M085847,1
M072987,1
M090379,1
M090779,1
M082771,1
M079400,1
M062260,1
M075890,1
M081859,1
M092136,1
M093061,1
M071907,1
M020691,1
M062032,1
M073337,1
M031465,1
M036744,1
M060408,1
M013850,1
M092972,1
M077075,1
M015643,1
M016863,1
M087975,1
M057964,1
M062576,1
M073200,1
M070004,1
M069530,1
M064395,1
M098759,1
M100802,1
M029581,1
M086941,1
M096869,1
M078172,1
M080425,1
M060670,1
M089162,1
M084627,1
M041053,1
M065745,1
M083501,1
M081459,1
M091687,1
M025942,1
M016442,1
M076965,1
M080400,1
M030155,1
M086210,1
M045047,1
M091268,1
M070527,1
M060381,1
M094104,1
M018821,1
M009046,1
M043945,1
M088616,1
M096514,1
M082880,1
M090913,1
M073145,1
M091647,1
M083496,1
M067253,1
M099244,1
M055838,1
M060166,1
M062976,1
M091128,1
M075240,1
M060861,1
M024512,1
M087161,1
M099889,1
M088554,1
M091957,1
M053949,1
M098354,1
M026523,1
M023240,1
M039234,1
M071489,1
M073846,1
M087357,1
M052447,1
M083166,1
M025623,1
M058122,1
M072386,1
M025307,1
M032757,1
M001564,1
M054683,1
M082883,1
M045932,1
M101312,1
M071596,1
M072470,1
M091449,1
M091763,1
M076743,1
M051150,1
M079411,1
M091874,1
M064105,1
M042075,1
M080533,1
M068945,1
M050279,1
M090117,1
M080599,1
M096148,1
M063620,1
M094067,1
M064313,1
M095222,1
M092050,1
M082393,1
M087562,1
M096254,1
M084261,1
M056730,1
M063989,1
M062967,1
M047391,1
M053861,1
M057315,1
M028159,1
M085390,1
M072747,1
M080783,1
M093782,1
M064688,1
M093131,1
M090966,1
M086832,1
M088105,1
M077378,1
M056427,1
M080229,1
M031999,1
M015085,1
M012577,1
M046412,1
M051634,1
M023517,1
M088984,1
M071203,1
M087177,1
M076275,1
M095981,1
M084456,1
M069295,1
M079631,1
M084375,1
M053538,1
M051816,1
M059303,1
M063368,1
M069216,1
M089289,1
M099203,1
M099884,1
M023904,1
M057229,1
M079586,1
M051797,1
M010607,1
M098550,1
M065028,1
M051826,1
M063141,1
M053909,1
M042244,1
M052527,1
M060256,1
M018214,1
M057723,1
M079559,1
M079496,1
M089068,1
M003100,1
M061398,1
M089407,1
M071733,1
M003718,1
M068932,1
M023591,1
M067359,1
M067174,1
M080020,1
M045310,1
M057471,1
M058869,1
M098327,1
M048450,1
M010842,1
M054141,1
M026182,1
M079537,1
M065131,1
M072511,1
M095911,1
M087128,1
M057748,1
M054999,1
M088711,1
M089345,1
M071015,1
M096377,1
M050272,1
M099378,1
M099424,1
M041574,1
M086668,1
M048320,1
M096385,1
M087247,1
M054434,1
M079687,1
M096765,1
M007869,1
M054777,1
M078062,1
M069082,1
M080408,1
M023880,1
M029254,1
M027979,1
M084741,1
M073352,1
M095461,1
M041441,1
M096308,1
M019211,1
M101133,1
M027130,1
M068296,1
M100173,1
M094415,1
M018083,1
M015657,1
M056706,1
M040072,1
M061646,1
M020823,1
M021743,1
M098060,1
M011906,1
M007632,1
M066687,1
M051348,1
M069705,1
M082795,1
M073250,1
M091271,1
M088910,1
M085422,1
M021007,1
M021900,1
M040382,1
M087531,1
M053881,1
M025787,1
M096321,1
M096534,1
M066096,1
M099738,1
M100127,1
M078766,1
M098908,1
M013901,1
M072801,1
M052017,1
M092602,1
M064173,1
M094187,1
M076960,1
M067529,1
M045414,1
M093518,1
M060686,1
M079527,1
M068997,1
M050588,1
M068774,1
M085664,1
M091387,1
M077530,1
M075335,1
M099188,1
M056129,1
M080433,1
M091493,1
M100212,1
M094669,1
M075207,1
M064369,1
M085605,1
M015561,1
M041927,1
M052034,1
M022879,1
M034392,1
M082591,1
M053276,1
M019850,1
M006675,1
M076445,1
M045051,1
M033844,1
M012771,1
M034468,1
M049864,1
M078478,1
M070707,1
M089023,1
M080169,1
M051859,1
M048500,1
M043832,1
M055801,1
M087418,1
M056859,1
M074004,1
M060753,1
M075006,1
M079460,1
M048691,1
M094206,1
M053466,1
M067293,1
M064955,1
M061818,1
M088828,1
M091409,1
M065045,1
M063520,1
M064744,1
M032238,1
M040060,1
M036204,1
M031919,1
M025415,1
M060113,1
M092590,1
M058518,1
M086810,1
M099633,1
M018992,1
M071419,1
M081854,1
M076384,1
M070112,1
M084502,1
M086377,1
M069660,1
M036278,1
M073667,1
M006391,1
M070449,1
M079870,1
M087163,1
M012235,1
M063576,1
M054159,1
M095769,1
M019925,1
M058436,1
M075582,1
M051996,1
M004647,1
M015996,1
M035608,1
M056746,1
M057540,1
M057674,1
M078882,1
M081207,1
M015560,1
M087864,1
M096285,1
M078001,1
M079693,1
M068657,1
M085895,1
M086473,1
M098106,1
M011387,1
M081363,1
M095330,1
M064919,1
M072123,1
M080698,1
M020406,1
M093514,1
M055970,1
M082900,1
M080720,1
M047284,1
M100912,1
M051023,1
M017183,1
M093685,1
M073534,1
M073585,1
M051909,1
M009541,1
M056031,1
M086651,1
M090113,1
M063012,1
M065585,1
M094147,1
M020233,1
M021428,1
M053779,1
M084788,1
M054547,1
M084829,1
M028147,1
M080938,1
M052216,1
M081981,1
M100410,1
M084648,1
M070072,1
M056199,1
M071311,1
M100964,1
M071906,1
M086315,1
M026097,1
M075648,1
M083711,1
M058381,1
M006019,1
M061747,1
M056990,1
M050594,1
M089006,1
M078613,1
M038714,1
M032456,1
M011456,1
M075005,1
M085137,1
M054955,1
M061853,1
M067402,1
M056581,1
M089591,1
M059664,1
M045644,1
M088200,1
M006385,1
M101500,1
M070846,1
M068740,1
M074799,1
M046201,1
M055487,1
M041250,1
M077268,1
M058781,1
M045718,1
M081434,1
M096612,1
M084510,1
M062834,1
M057199,1
M062308,1
M013764,1
M025489,1
M062135,1
M073241,1
M080850,1
M063083,1
M077448,1
M057667,1
M046196,1
M041280,1
M084702,1
M026577,1
M097038,1
M010734,1
M054433,1
M075901,1
M078348,1
M032415,1
M070344,1
M081690,1
M066401,1
M069062,1
M059362,1
M098884,1
M062428,1
M100760,1
M083324,1
M004944,1
M082906,1
M096609,1
M098775,1
M046772,1
M040174,1
M067919,1
M030945,1
M087701,1
M099120,1
M041176,1
M094367,1
M044016,1
M098633,1
M006806,1
M089712,1
M042663,1
M039128,1
M096808,1
M095326,1
M033960,1
M071912,1
M081542,1
M080867,1
M081700,1
M077174,1
M066336,1
M035271,1
M030336,1
M090265,1
M041490,1
M070679,1
M003538,1
M039991,1
M064104,1
M029501,1
M021264,1
M093315,1
M079221,1
M017650,1
M013193,1
M087552,1
M085705,1
M051554,1
M101538,1
M071910,1
M097371,1
M009508,1
M094460,1
M037553,1
M074492,1
M021463,1
M028130,1
M030138,1
M096094,1
M061887,1
M012885,1
M061056,1
M064421,1
M056357,1
M045375,1
M098845,1
M090552,1
M049247,1
M080991,1
M096519,1
M027235,1
M001738,1
M098829,1
M091590,1
M062940,1
M060224,1
M079787,1
M088734,1
M094427,1
M047822,1
M083714,1
M042130,1
M038543,1
M041378,1
M040822,1
M074542,1
M036493,1
M036562,1
M086294,1
M100205,1
M080717,1
M019046,1
M033473,1
M048859,1
M050354,1
M075840,1
M057648,1
M057415,1
M088520,1
M050288,1
M089506,1
M014022,1
M084413,1
M051317,1
M076332,1
M067309,1
M097033,1
M070079,1
M083923,1
M057222,1
M060356,1
M070856,1
M020640,1
M061472,1
M101089,1
M100601,1
M085581,1
M084667,1
M051416,1
M010156,1
M025519,1
M037091,1
M099204,1
M078312,1
M022316,1
M079301,1
M075769,1
M040473,1
M090356,1
M080067,1
M075054,1
M092565,1
M073349,1
M090343,1
M054660,1
M057483,1
M070343,1
M019340,1
M055171,1
M063526,1
M039207,1
M098113,1
M073219,1
M091375,1
M082706,1
M099795,1
M080964,1
M041237,1
M072832,1
M060763,1
M094443,1
M093491,1
M099439,1
M060209,1
M092091,1
M090691,1
M036558,1
M077637,1
M061744,1
M056009,1
M082027,1
M100622,1
M090367,1
M018462,1
M018532,1
M066244,1
M084827,1
M087112,1
M079339,1
M063764,1
M062113,1
M010774,1
M037898,1
M028070,1
M049803,1
M018217,1
M081625,1
M063132,1
M022248,1
M055883,1
M010815,1
M082351,1
M082203,1
M094573,1
M070933,1
M061356,1
M035061,1
M083774,1
M088942,1
M084891,1
M097259,1
M072493,1
M041050,1
M057340,1
M067787,1
M098936,1
M054841,1
M059538,1
M081172,1
M049034,1
M084388,1
M035300,1
M049177,1
M050895,1
M024598,1
M082334,1
M070971,1
M039331,1
M068415,1
M071444,1
M089687,1
M076628,1
M100644,1
M067543,1
M045923,1
M084697,1
M091912,1
M092698,1
M036771,1
M069684,1
M096022,1
M043721,1
M047927,1
M074460,1
M070550,1
M091746,1
M063653,1
M071931,1
M089897,1
M016923,1
M062863,1
M087940,1
M076361,1
M021055,1
M076760,1
M055494,1
M047808,1
M043129,1
M030139,1
M057844,1
M064215,1
M064503,1
M098780,1
M075541,1
M038624,1
M091069,1
M081064,1
M036983,1
M067449,1
M080069,1
M008532,1
M004308,1
M100447,1
M069367,1
M096942,1
M095302,1
M090576,1
M100061,1
M037013,1
M064686,1
M084521,1
M087152,1
M078790,1
M093694,1
M072794,1
M050390,1
M069045,1
M057113,1
M054574,1
M071467,1
M006685,1
M083596,1
M059610,1
M088798,1
M086287,1
M079657,1
M078608,1
M049141,1
M092702,1
M097201,1
M093076,1
M045462,1
M101104,1
M011656,1
M009128,1
M095930,1
M015438,1
M091114,1
M061823,1
M051597,1
M078931,1
M085757,1
M067026,1
M053325,1
M082474,1
M065879,1
M083674,1
M086506,1
M063337,1
M034070,1
M089009,1
M094462,1
M101466,1
M069628,1
M030116,1
M010659,1
M080104,1
M031190,1
M073976,1
M061795,1
M061986,1
M042253,1
M057320,1
M084374,1
M053017,1
M039197,1
M015839,1
M045854,1
M001198,1
M010566,1
M059971,1
M050967,1
M014810,1
M092063,1
M006234,1
M065527,1
M076118,1
M092988,1
M007092,1
M078744,1
M084222,1
M069948,1
M007814,1
M066822,1
M020100,1
M088232,1
M073792,1
M064535,1
M068444,1
M035226,1
M027530,1
M097994,1
M016156,1
M097932,1
M071041,1
M090773,1
M085330,1
M036001,1
M074500,1
M017939,1
M081817,1
M065557,1
M061055,1
M078483,1
M066438,1
M015117,1
M016022,1
M090126,1
M098868,1
M083936,1
M088168,1
M087968,1
M026100,1
M058603,1
M030746,1
M022034,1
M021748,1
M096912,1
M044767,1
M101388,1
M086341,1
M095744,1
M054320,1
M078588,1
M067602,1
M058307,1
M017967,1
M046254,1
M054279,1
M040680,1
M087750,1
M098688,1
M080500,1
M072012,1
M099490,1
M097115,1
M052627,1
M062632,1
M052647,1
M074223,1
M038940,1
M039745,1
M093575,1
M093396,1
M074809,1
M081885,1
M086745,1
M058987,1
M072735,1
M101435,1
M090350,1
M042824,1
M096357,1
M087708,1
M093091,1
M095898,1
M078061,1
M047535,1
M097563,1
M075961,1
M055513,1
M082119,1
M086861,1
M021209,1
M085315,1
M087157,1
M061378,1
M069428,1
M089263,1
M077796,1
M081519,1
M080299,1
M090828,1
M052925,1
M076312,1
M094908,1
M041840,1
M048050,1
M050651,1
M035218,1
M039186,1
M037593,1
M095611,1
M092263,1
M083010,1
M021286,1
M049688,1
M011355,1
M038580,1
M036463,1
M086573,1
M087162,1
M048574,1
M082220,1
M050787,1
M076754,1
M069470,1
M087466,1
M092135,1
M073188,1
M041208,1
M097455,1
M075912,1
M092936,1
M047223,1
M060884,1
M099014,1
M049107,1
M067844,1
M089882,1
M097899,1
M076045,1
M066940,1
M078662,1
M091174,1
M068113,1
M086208,1
M096639,1
M053710,1
M095011,1
M099757,1
M037962,1
M046580,1
M058777,1
M007417,1
M046282,1
M073448,1
M074031,1
M081448,1
M056853,1
M088473,1
M088154,1
M084522,1
M044558,1
M058893,1
M065921,1
M070345,1
M080448,1
M086028,1
M054492,1
M084424,1
M043552,1
M093434,1
M073530,1
M100710,1
M022140,1
M093285,1
M063386,1
M084526,1
M087232,1
M079024,1
M022724,1
M057335,1
M099925,1
M099540,1
M098816,1
M070333,1
M083697,1
M037697,1
M099302,1
M054949,1
M081530,1
M051052,1
M070760,1
M080297,1
M099597,1
M050114,1
M087060,1
M063589,1
M069476,1
M016609,1
M051813,1
M087863,1
M071347,1
M074006,1
M093365,1
M072878,1
M087577,1
M092550,1
M062438,1
M069280,1
M047594,1
M086708,1
M079911,1
M100034,1
M015310,1
M093380,1
M028651,1
M079049,1
M059445,1
M004621,1
M071187,1
M068602,1
M089929,1
M062091,1
M071267,1
M050265,1
M096263,1
M085545,1
M039133,1
M083115,1
M080008,1
M089556,1
M086138,1
M091250,1
M081728,1
M099287,1
M096472,1
M050296,1
M048883,1
M082106,1
M099115,1
M080137,1
M079603,1
M045311,1
M007903,1
M094002,1
M084376,1
M099274,1
M056692,1
M056803,1
M096231,1
M097469,1
M023709,1
M027846,1
M051388,1
M077099,1
M034566,1
M064341,1
M042668,1
M014920,1
M063280,1
M048899,1
M054452,1
M097448,1
M070049,1
M080159,1
M087612,1
M080645,1
M084990,1
M090236,1
M069237,1
M015022,1
M088563,1
M083138,1
M085484,1
M008706,1
M013798,1
M098973,1
M058803,1
M100770,1
M024033,1
M072469,1
M065396,1
M051425,1
M100925,1
M084730,1
M053415,1
M065330,1
M073790,1
M080127,1
M100328,1
M033525,1
M092012,1
M079829,1
M007593,1
M083466,1
M070482,1
M084924,1
M048854,1
M087600,1
M083641,1
M088904,1
M043493,1
M085696,1
M069974,1
M089852,1
M056754,1
M002787,1
M058840,1
M097433,1
M094723,1
M096175,1
M053426,1
M003039,1
M097807,1
M048235,1
M044508,1
M077146,1
M099612,1
M074586,1
M006024,1
M095990,1
M060101,1
M080894,1
M095672,1
M069431,1
M069124,1
M041416,1
M045861,1
M069085,1
M098980,1
M101412,1
M081925,1
M044492,1
M098444,1
M077421,1
M056373,1
M096306,1
M093629,1
M033947,1
M010174,1
M013265,1
M017775,1
M045730,1
M072870,1
M095308,1
M024089,1
M075795,1
M009162,1
M073820,1
M095727,1
M045035,1
M085373,1
M084051,1
M075944,1
M035035,1
M034888,1
M096019,1
M059653,1
M100376,1
M020627,1
M030168,1
M085216,1
M089300,1
M065927,1
M071497,1
M067297,1
M090156,1
M039840,1
M082147,1
M099850,1
M099148,1
M066092,1
M065952,1
M087268,1
M021282,1
M025262,1
M081822,1
M073447,1
M071829,1
M058795,1
M096655,1
M019697,1
M011530,1
M054944,1
M080061,1
M071370,1
M079686,1
M095438,1
M023538,1
M094317,1
M080775,1
M090054,1
M060248,1
M089215,1
M065873,1
M037321,1
M053357,1
M087059,1
M043500,1
M007474,1
M100507,1
M041084,1
M100796,1
M049443,1
M097911,1
M074478,1
M098416,1
M076845,1
M067713,1
M083789,1
M063481,1
M098661,1
M066751,1
M070659,1
M031049,1
M016259,1
M094814,1
M016758,1
M026700,1
M092080,1
M015249,1
M079877,1
M055460,1
M087252,1
M091982,1
M084398,1
M095249,1
M081863,1
M072254,1
M035417,1
M081827,1
M084435,1
M096316,1
M080950,1
M063255,1
M089993,1
M073913,1
M064705,1
M043368,1
M046940,1
M086475,1
M074550,1
M086023,1
M045371,1
M099389,1
M051423,1
M089457,1
M019607,1
M048245,1
M002240,1
M080986,1
M073341,1
M101513,1
M084753,1
M064785,1
M083660,1
M057360,1
M046801,1
M023348,1
M047329,1
M073044,1
M082132,1
M045218,1
M079708,1
M029243,1
M075713,1
M081362,1
M079656,1
M100008,1
M048039,1
M091084,1
M092268,1
M090698,1
M070962,1
M061084,1
M076867,1
M074658,1
M067601,1
M055818,1
M083645,1
M081070,1
M050929,1
M100683,1
M064005,1
M026408,1
M090849,1
M097898,1
M073121,1
M088298,1
M019751,1
M010203,1
M083028,1
M060003,1
M080704,1
M072349,1
M082400,1
M062833,1
M078755,1
M085127,1
M070673,1
M100162,1
M068535,1
M096281,1
M067154,1
M067993,1
M042466,1
M062472,1
M065720,1
M042673,1
M049823,1
M055735,1
M044080,1
M077858,1
M086936,1
M091233,1
M059097,1
M089235,1
M064402,1
M074265,1
M045747,1
M089194,1
M097010,1
M053970,1
M095585,1
M088780,1
M058202,1
M089832,1
M096650,1
M068514,1
M073990,1
M088307,1
M101220,1
M100702,1
M025392,1
M090232,1
M036551,1
M068203,1
M047234,1
M057815,1
M047623,1
M023883,1
M073291,1
M088179,1
M026986,1
M081241,1
M045411,1
M043642,1
M092692,1
M060112,1
M063084,1
M029395,1
M042943,1
M070728,1
M073196,1
M059065,1
M026158,1
M089578,1
M042619,1
M050369,1
M009458,1
M069227,1
M067807,1
M087067,1
M017926,1
M053116,1
M084926,1
M062570,1
M087559,1
M001698,1
M065179,1
M072423,1
M071688,1
M066756,1
M082820,1
M046063,1
M022607,1
M050948,1
M075993,1
M046477,1
M071331,1
M096409,1
M043546,1
M005011,1
M001250,1
M081080,1
M096429,1
M099582,1
M036666,1
M055792,1
M060403,1
M000774,1
M064844,1
M091141,1
M047825,1
M081345,1
M050908,1
M047484,1
M050184,1
M100564,1
M091027,1
M071819,1
M051580,1
M096783,1
M077551,1
M068534,1
M047798,1
M091477,1
M069390,1
M091811,1
M022067,1
M075318,1
M012843,1
M099248,1
M079872,1
M064064,1
M090989,1
M081899,1
M100156,1
M077341,1
M100665,1
M028399,1
M036832,1
M089688,1
M077540,1
M039769,1
M049299,1
M068803,1
M089091,1
M061574,1
M048449,1
M050615,1
M075105,1
M037302,1
M008312,1
M036767,1
M012371,1
M083848,1
M086916,1
M073638,1
M083015,1
M054201,1
M017584,1
M024737,1
M092527,1
M061266,1
M050773,1
M075392,1
M096077,1
M080284,1
M071517,1
M025692,1
M097591,1
M083705,1
M007048,1
M095324,1
M056814,1
M027617,1
M084898,1
M078544,1
M095619,1
M095976,1
M088290,1
M093580,1
M050293,1
M086532,1
M077623,1
M072135,1
M100039,1
M092824,1
M093908,1
M074584,1
M070855,1
M041392,1
M044700,1
M041546,1
M092523,1
M088781,1
M069040,1
M076500,1
M040640,1
M055454,1
M076188,1
M049033,1
M085598,1
M061137,1
M098127,1
M097737,1
M087809,1
M091051,1
M062082,1
M063472,1
M084039,1
M089761,1
M058055,1
M054849,1
M054441,1
M097315,1
M023960,1
M080591,1
M079313,1
M083246,1
M046625,1
M030956,1
M087094,1
M003971,1
M086456,1
M091332,1
M087627,1
M056529,1
M030329,1
M076704,1
M088141,1
M061857,1
M085907,1
M078850,1
M048772,1
M084927,1
M076725,1
M004291,1
M000902,1
M005898,1
M098927,1
M048952,1
M094568,1
M084610,1
M052077,1
M090042,1
M091173,1
M082086,1
M092679,1
M046606,1
M081558,1
M084654,1
M083066,1
M081852,1
M041425,1
M064487,1
M066410,1
M080932,1
M080619,1
M077116,1
M064188,1
M096245,1
M071809,1
M087617,1
M082983,1
M089519,1
M001454,1
M032298,1
M050707,1
M055998,1
M040479,1
M042404,1
M098669,1
M092920,1
M028068,1
M100170,1
M079337,1
M075852,1
M072594,1
M093159,1
M080450,1
M079371,1
M095750,1
M071844,1
M085767,1
M086292,1
M086133,1
M076611,1
M092267,1
M085224,1
M002536,1
M017949,1
M045032,1
M085773,1
M086598,1
M085972,1
M050601,1
M079788,1
M088663,1
M089052,1
M044233,1
M083765,1
M099158,1
M083728,1
M101186,1
M086704,1
M074983,1
M053277,1
M052924,1
M040092,1
M091536,1
M096782,1
M050447,1
M023086,1
M100519,1
M038791,1
M089165,1
M033263,1
M085235,1
M087490,1
M093651,1
M058651,1
M099995,1
M017317,1
M049540,1
M010014,1
M097308,1
M088261,1
M031179,1
M071161,1
M051489,1
M079754,1
M012979,1
M019900,1
M052514,1
M101145,1
M099863,1
M088551,1
M049678,1
M079053,1
M060785,1
M061710,1
M092126,1
M101120,1
M099678,1
M079331,1
M053477,1
M039936,1
M042463,1
M095038,1
M058879,1
M084641,1
M064184,1
M080462,1
M082573,1
M035983,1
M094364,1
M068915,1
M081910,1
M041316,1
M060673,1
M085093,1
M086200,1
M055992,1
M053524,1
M085029,1
M027618,1
M045926,1
M057576,1
M047936,1
M032633,1
M052606,1
M064475,1
M009336,1
M096271,1
M047574,1
M023855,1
M079144,1
M018693,1
M080279,1
M092658,1
M085348,1
M087590,1
M051500,1
M088216,1
M098820,1
M089632,1
M081262,1
M054743,1
M021703,1
M024072,1
M097403,1
M101590,1
M012279,1
M024583,1
M068096,1
M084450,1
M100423,1
M081602,1
M087613,1
M098411,1
M099880,1
M083407,1
M094720,1
M089776,1
M087024,1
M056023,1
M088838,1
M096882,1
M056720,1
M080493,1
M023347,1
M053714,1
M097754,1
M078169,1
M069252,1
M070886,1
M005063,1
M056230,1
M046550,1
M073633,1
M093851,1
M066261,1
M088114,1
M049794,1
M075975,1
M081486,1
M042326,1
M043288,1
M034765,1
M044948,1
M043682,1
M004449,1
M097322,1
M007500,1
M056857,1
M074772,1
M083555,1
M101083,1
M065509,1
M074558,1
M017958,1
M070876,1
M087533,1
M042778,1
M067925,1
M044491,1
M097103,1
M079577,1
M067032,1
M092140,1
M093109,1
M076012,1
M087611,1
M079636,1
M059833,1
M100460,1
M097698,1
M087999,1
M044408,1
M056139,1
M050047,1
M053543,1
M074087,1
M084146,1
M060349,1
M048141,1
M059880,1
M041595,1
M056860,1
M088219,1
M054115,1
M078275,1
M063390,1
M008088,1
M037882,1
M098818,1
M075174,1
M025913,1
M004768,1
M007629,1
M014345,1
M040314,1
M058001,1
M064531,1
M074402,1
M050654,1
M009395,1
M065278,1
M054584,1
M089529,1
M040499,1
M094393,1
M100834,1
M068638,1
M083037,1
M089059,1
M072116,1
M050100,1
M063804,1
M095214,1
M063041,1
M057823,1
M057981,1
M061787,1
M015886,1
M056170,1
M060509,1
M087481,1
M077738,1
M073893,1
M052019,1
M006654,1
M095480,1
M086877,1
M075982,1
M058679,1
M087503,1
M096701,1
M087222,1
M100441,1
M073253,1
M071604,1
M091371,1
M008183,1
M001819,1
M007600,1
M095036,1
M037763,1
M084997,1
M063964,1
M085599,1
M064757,1
M079173,1
M095170,1
M084004,1
M077401,1
M067877,1
M071326,1
M095578,1
M088615,1
M053947,1
M037717,1
M049360,1
M076179,1
M036989,1
M055810,1
M011416,1
M009589,1
M038483,1
M079335,1
M096297,1
M086758,1
M071220,1
M041958,1
M059263,1
M027039,1
M028055,1
M071587,1
M007705,1
M056608,1
M082898,1
M093878,1
M086474,1
M065871,1
M085444,1
M058421,1
M045778,1
M083024,1
M079033,1
M086543,1
M058225,1
M003660,1
M097245,1
M065875,1
M068404,1
M076292,1
M045329,1
M082832,1
M073168,1
M051519,1
M047126,1
M077904,1
M008154,1
M099933,1
M065273,1
M072671,1
M073952,1
M052821,1
M066826,1
M072355,1
M083182,1
M063074,1
M092759,1
M011625,1
M100405,1
M091138,1
M098797,1
M093344,1
M097880,1
M100479,1
M033340,1
M032472,1
M080262,1
M100340,1
M022195,1
M034337,1
M070463,1
M067510,1
M076566,1
M056055,1
M086649,1
M003820,1
M025571,1
M087314,1
M081496,1
M071091,1
M064897,1
M100815,1
M005552,1
M092502,1
M088062,1
M079296,1
M037286,1
M093024,1
M067614,1
M079684,1
M100561,1
M042312,1
M059602,1
M050676,1
M005369,1
M075631,1
M069820,1
M098461,1
M024529,1
M027792,1
M083103,1
M080357,1
M008753,1
M074899,1
M022810,1
M010927,1
M026342,1
M011465,1
M097171,1
M052349,1
M088922,1
M087293,1
M060890,1
M054598,1
M061503,1
M095740,1
M039476,1
M040257,1
M101108,1
M082916,1
M056355,1
M076027,1
M058745,1
M060305,1
M078510,1
M091345,1
M068809,1
M080402,1
M070749,1
M013946,1
M069876,1
M051503,1
M071929,1
M008903,1
M042447,1
M094310,1
M064816,1
M086110,1
M085722,1
M100360,1
M064548,1
M070519,1
M067346,1
M014203,1
M080372,1
M059209,1
M044559,1
M068612,1
M067025,1
M092866,1
M009056,1
M047629,1
M022506,1
M059304,1
M030243,1
M005260,1
M098570,1
M062917,1
M067088,1
M087854,1
M075066,1
M094891,1
M092867,1
M096354,1
M078720,1
M093139,1
M093633,1
M060266,1
M083357,1
M089566,1
M101311,1
M017486,1
M081015,1
M044807,1
M061231,1
M054491,1
M085233,1
M097267,1
M092847,1
M042124,1
M085352,1
M073244,1
M096654,1
M094946,1
M072299,1
M026740,1
M094267,1
M082135,1
M079638,1
M079986,1
M047829,1
M044905,1
M088480,1
M094220,1
M078578,1
M045779,1
M038514,1
M053163,1
M051385,1
M077520,1
M005054,1
M011699,1
M016938,1
M046738,1
M090810,1
M050426,1
M085028,1
M098836,1
M064418,1
M001560,1
M055314,1
M080207,1
M005126,1
M057472,1
M080831,1
M054323,1
M056736,1
M046614,1
M098000,1
M074111,1
M081463,1
M073223,1
M050361,1
M093711,1
M085302,1
M080588,1
M002336,1
M068164,1
M042541,1
M001969,1
M091660,1
M071692,1
M072884,1
M065525,1
M089121,1
M046951,1
M038929,1
M043178,1
M023844,1
M003104,1
M041946,1
M099462,1
M078671,1
M086524,1
M071244,1
M022183,1
M089539,1
M100112,1
M028654,1
M085535,1
M090950,1
M079004,1
M095400,1
M093718,1
M100704,1
M087829,1
M101444,1
M101676,1
M063273,1
M097742,1
M079589,1
M036572,1
M048930,1
M095325,1
M040844,1
M087554,1
M088188,1
M065540,1
M017035,1
M063429,1
M071085,1
M080318,1
M083898,1
M057190,1
M014534,1
M057706,1
M086775,1
M071420,1
M070320,1
M022476,1
M017440,1
M027884,1
M059145,1
M047306,1
M058441,1
M076349,1
M089708,1
M062337,1
M100628,1
M065422,1
M060421,1
M089136,1
M091863,1
M034933,1
M080458,1
M097071,1
M021579,1
M027835,1
M075580,1
M034945,1
M062067,1
M085759,1
M089603,1
M057866,1
M090334,1
M092853,1
M091457,1
M091225,1
M098535,1
M041589,1
M009105,1
M056158,1
M061192,1
M074688,1
M073986,1
M059868,1
M010993,1
M043313,1
M087936,1
M068456,1
M073175,1
M017555,1
M061780,1
M055788,1
M090753,1
M032003,1
M092539,1
M078581,1
M020229,1
M011359,1
M079661,1
M005152,1
M059613,1
M082413,1
M079318,1
M079743,1
M093296,1
M045575,1
M067162,1
M079842,1
M070926,1
M101227,1
M007452,1
M099386,1
M044084,1
M015263,1
M088765,1
M094855,1
M041320,1
M072337,1
M051277,1
M076996,1
M017439,1
M004019,1
M052958,1
M097485,1
M082621,1
M055229,1
M068295,1
M080203,1
M072555,1
M049103,1
M059798,1
M078839,1
M046248,1
M054278,1
M084371,1
M064394,1
M054783,1
M081898,1
M060726,1
M076066,1
M091264,1
M078198,1
M055324,1
M066432,1
M093495,1
M083093,1
M067508,1
M100126,1
M072986,1
M036349,1
M053419,1
M022553,1
M011235,1
M086974,1
M058231,1
M079349,1
M064727,1
M062102,1
M071956,1
M068708,1
M097860,1
M101705,1
M098260,1
M077444,1
M092352,1
M032990,1
M032759,1
M009103,1
M098036,1
M087574,1
M049892,1
M089930,1
M059883,1
M067291,1
M080565,1
M095962,1
M071685,1
M010837,1
M078843,1
M007259,1
M090796,1
M002335,1
M085500,1
M038215,1
M011942,1
M010195,1
M084151,1
M061679,1
M093234,1
M047296,1
M011638,1
M081356,1
M090682,1
M087800,1
M090063,1
M010165,1
M069791,1
M034347,1
M067481,1
M028522,1
M038997,1
M043992,1
M098446,1
M075979,1
M048514,1
M037100,1
M092206,1
M085747,1
M063978,1
M061718,1
M031428,1
M064795,1
M021004,1
M086477,1
M063664,1
M013391,1
M040922,1
M087288,1
M056703,1
M088821,1
M059759,1
M085320,1
M013602,1
M101713,1
M094752,1
M096469,1
M053960,1
M081693,1
M085521,1
M093370,1
M040572,1
M029344,1
M084305,1
M087227,1
M069358,1
M085110,1
M055190,1
M043396,1
M054237,1
M080870,1
M101624,1
M036846,1
M078082,1
M068106,1
M074971,1
M050147,1
M076192,1
M035850,1
M086183,1
M097195,1
M023601,1
M057673,1
M086389,1
M088670,1
M072312,1
M022304,1
M094118,1
M056944,1
M101438,1
M071171,1
M076839,1
M076811,1
M090403,1
M010256,1
M051288,1
M077837,1
M076572,1
M057868,1
M074217,1
M059630,1
M100563,1
M014929,1
M048058,1
M075615,1
M097771,1
M058608,1
M068579,1
M091157,1
M067068,1
M089158,1
M074277,1
M038186,1
M089855,1
M042767,1
M037503,1
M085654,1
M011714,1
M004834,1
M074076,1
M036871,1
M070655,1
M101582,1
M038975,1
M096617,1
M092783,1
M094467,1
M056881,1
M039631,1
M091377,1
M001107,1
M099634,1
M089548,1
M079017,1
M049510,1
M091525,1
M085538,1
M088339,1
M082406,1
M051918,1
M094673,1
M098867,1
M092697,1
M042157,1
M083399,1
M066166,1
M067205,1
M096193,1
M084982,1
M099279,1
M038853,1
M051624,1
M098524,1
M008950,1
M013519,1
M054063,1
M058347,1
M101038,1
M075726,1
M076269,1
M079878,1
M082074,1
M045596,1
M051692,1
M037631,1
M078879,1
M024140,1
M086818,1
M052242,1
M044054,1
M075429,1
M054373,1
M086120,1
M022733,1
M099112,1
M083577,1
M084329,1
M069356,1
M059931,1
M010193,1
M060819,1
M038557,1
M016413,1
M101151,1
M061757,1
M043501,1
M082908,1
M095069,1
M079940,1
M080537,1
M069830,1
M047370,1
M018918,1
M030895,1
M035517,1
M020418,1
M087774,1
M049554,1
M074807,1
M078128,1
M082467,1
M057814,1
M055397,1
M094524,1
M095790,1
M037330,1
M088990,1
M099654,1
M074570,1
M084946,1
M087186,1
M082499,1
M058134,1
M087459,1
M069942,1
M051106,1
M072816,1
M064186,1
M051621,1
M085941,1
M071181,1
M085666,1
M083769,1
M048188,1
M068876,1
M070110,1
M053052,1
M089364,1
M100620,1
M070943,1
M031281,1
M088553,1
M081412,1
M005359,1
M055507,1
M069506,1
M080006,1
M057758,1
M050657,1
M053855,1
M070525,1
M077169,1
M014925,1
M035855,1
M036398,1
M083524,1
M071094,1
M060762,1
M078502,1
M070996,1
M069053,1
M055964,1
M016140,1
M097080,1
M022858,1
M086870,1
M013318,1
M081116,1
M093773,1
M090314,1
M006805,1
M011774,1
M042375,1
M062642,1
M088567,1
M076415,1
M089857,1
M084565,1
M016347,1
M078038,1
M084463,1
M081000,1
M095373,1
M088751,1
M014271,1
M083297,1
M081312,1
M094746,1
M095256,1
M067287,1
M064279,1
M057810,1
M083487,1
M085064,1
M094816,1
M077607,1
M089542,1
M082566,1
M091054,1
M027633,1
M011898,1
M054192,1
M085854,1
M062598,1
M088125,1
M084177,1
M006264,1
M057238,1
M055429,1
M068335,1
M059816,1
M088172,1
M098773,1
M090024,1
M094575,1
M036389,1
M020618,1
M098081,1
M096481,1
M078457,1
M084689,1
M084369,1
M076641,1
M098948,1
M091757,1
M039578,1
M079821,1
M075698,1
M063972,1
M066287,1
M090644,1
M015904,1
M042510,1
M004505,1
M000449,1
M090387,1
M004420,1
M101714,1
M078311,1
M072559,1
M064969,1
M060945,1
M091572,1
M011607,1
M088116,1
M078716,1
M077186,1
M072564,1
M041665,1
M072206,1
M007018,1
M074858,1
M051804,1
M054953,1
M019157,1
M089198,1
M090523,1
M004408,1
M013247,1
M088138,1
M091411,1
M019650,1
M031781,1
M056467,1
M027889,1
M074341,1
M061338,1
M068802,1
M047262,1
M089850,1
M101167,1
M000824,1
M042864,1
M046781,1
M095380,1
M089521,1
M086834,1
M077923,1
M055898,1
M037871,1
M058360,1
M073927,1
M055556,1
M068546,1
M052778,1
M096589,1
M060690,1
M060571,1
M073147,1
M026598,1
M079494,1
M097003,1
M086058,1
M061388,1
M094978,1
M087891,1
M063614,1
M079082,1
M077093,1
M060481,1
M070286,1
M009381,1
M096089,1
M066111,1
M041784,1
M101757,1
M049175,1
M101206,1
M052641,1
M079347,1
M071570,1
M071635,1
M075437,1
M077632,1
M087734,1
M090098,1
M088974,1
M081858,1
M010751,1
M046009,1
M083693,1
M048575,1
M031314,1
M001105,1
M057959,1
M032088,1
M014400,1
M099601,1
M097210,1
M065159,1
M044880,1
M057845,1
M029778,1
M078543,1
M008362,1
M053268,1
M063832,1
M100982,1
M093301,1
M082224,1
M013230,1
M022145,1
M027059,1
M076148,1
M020301,1
M082742,1
M101129,1
M053393,1
M087337,1
M093277,1
M082803,1
M075120,1
M057798,1
M077866,1
M007924,1
M066793,1
M071049,1
M023961,1
M026415,1
M077985,1
M073517,1
M072446,1
M020309,1
M098842,1
M070450,1
M014569,1
M093632,1
M057597,1
M029738,1
M038567,1
M074612,1
M071276,1
M078196,1
M072026,1
M072922,1
M019208,1
M079079,1
M078395,1
M044536,1
M048953,1
M055318,1
M101551,1
M076555,1
M080494,1
M024249,1
M075677,1
M084239,1
M089045,1
M039795,1
M078431,1
M011953,1
M024501,1
M073526,1
M101689,1
M062356,1
M096576,1
M084833,1
M039368,1
M003015,1
M040283,1
M045936,1
M007077,1
M046297,1
M059549,1
M101653,1
M036816,1
M059373,1
M019038,1
M037233,1
M035571,1
M055580,1
M099436,1
M092272,1
M096468,1
M066074,1
M098728,1
M070137,1
M052987,1
M069471,1
M051961,1
M076346,1
M071235,1
M065936,1
M079946,1
M043831,1
M073619,1
M071768,1
M090758,1
M040537,1
M070675,1
M096412,1
M067758,1
M048605,1
M022107,1
M056844,1
M067736,1
M098909,1
M085201,1
M080887,1
M084890,1
M020348,1
M067917,1
M078487,1
M036580,1
M081062,1
M019238,1
M008144,1
M023840,1
M085166,1
M085944,1
M047531,1
M101568,1
M014799,1
M096582,1
M063295,1
M004278,1
M080891,1
M061762,1
M093152,1
M097715,1
M095574,1
M077468,1
M003074,1
M026905,1
M085469,1
M073279,1
M084611,1
M060623,1
M100288,1
M009439,1
M024985,1
M087127,1
M065973,1
M035515,1
M067552,1
M048086,1
M085105,1
M082294,1
M084117,1
M059522,1
M094690,1
M042877,1
M082886,1
M090843,1
M036528,1
M094177,1
M101480,1
M096853,1
M042268,1
M040094,1
M058105,1
M072202,1
M094060,1
M007060,1
M015219,1
M046774,1
M073045,1
M013765,1
M024097,1
M045183,1
M094114,1
M095866,1
M056085,1
M058644,1
M088556,1
M080782,1
M097475,1
M084589,1
M041151,1
M047993,1
M057045,1
M002702,1
M036885,1
M005616,1
M020440,1
M078898,1
M086450,1
M099440,1
M089066,1
M095929,1
M068658,1
M074936,1
M094336,1
M096414,1
M094729,1
M090257,1
M094951,1
M097484,1
M004523,1
M081055,1
M057075,1
M044560,1
M003306,1
M097533,1
M086673,1
M011324,1
M088575,1
M083110,1
M085997,1
M073876,1
M079934,1
M097203,1
M050024,1
M069348,1
M054738,1
M099904,1
M052819,1
M067413,1
M009263,1
M006271,1
M077070,1
M055466,1
M068418,1
M053033,1
M090619,1
M034440,1
M085240,1
M091913,1
M075790,1
M092282,1
M100867,1
M042586,1
M032040,1
M060863,1
M041011,1
M074314,1
M048820,1
M019542,1
M072854,1
M050690,1
M064062,1
M015171,1
M069398,1
M049603,1
M088747,1
M080875,1
M054523,1
M068724,1
M050393,1
M095851,1
M049029,1
M088909,1
M082012,1
M088739,1
M094903,1
M080864,1
M017712,1
M092241,1
M083946,1
M039725,1
M070991,1
M076503,1
M002350,1
M072445,1
M019056,1
M069113,1
M079009,1
M065653,1
M077048,1
M053684,1
M019392,1
M030213,1
M052140,1
M050957,1
M050911,1
M090797,1
M059331,1
M021058,1
M053203,1
M027393,1
M095371,1
M094964,1
M053096,1
M091078,1
M084983,1
M080374,1
M065353,1
M085573,1
M077908,1
M062381,1
M059019,1
M067708,1
M093186,1
M091945,1
M060644,1
M092780,1
M041499,1
M101046,1
M088207,1
M055506,1
M081973,1
M025150,1
M052382,1
M054450,1
M093492,1
M077660,1
M040616,1
M037024,1
M084342,1
M093739,1
M068782,1
M089420,1
M071373,1
M062205,1
M044734,1
M061813,1
M095719,1
M070241,1
M080680,1
M021795,1
M072443,1
M050205,1
M093531,1
M074023,1
M100007,1
M098436,1
M098265,1
M090055,1
M057624,1
M077187,1
M043583,1
M012250,1
M062738,1
M019437,1
M082704,1
M030867,1
M069333,1
M083814,1
M093861,1
M068185,1
M047856,1
M052636,1
M083365,1
M097941,1
M049531,1
M049331,1
M086819,1
M065907,1
M075771,1
M072795,1
M083086,1
M051983,1
M067409,1
M082068,1
M058459,1
M050702,1
M046840,1
M094965,1
M084037,1
M068792,1
M046124,1
M037288,1
M006877,1
M077284,1
M096387,1
M020369,1
M024047,1
M017156,1
M015109,1
M071927,1
M088738,1
M094153,1
M091356,1
M063537,1
M002007,1
M086162,1
M080670,1
M013595,1
M052213,1
M004021,1
M007572,1
M040091,1
M063038,1
M084468,1
M086394,1
M093614,1
M082415,1
M071430,1
M014213,1
M088774,1
M055099,1
M087849,1
M059447,1
M062379,1
M096812,1
M099848,1
M056165,1
M072133,1
M091465,1
M054349,1
M026445,1
M047880,1
M070309,1
M069524,1
M100693,1
M011169,1
M068253,1
M050983,1
M020488,1
M054086,1
M062997,1
M092980,1
M069860,1
M012154,1
M099523,1
M074967,1
M068846,1
M057131,1
M057272,1
M076765,1
M057455,1
M088849,1
M095199,1
M081900,1
M097813,1
M005636,1
M016309,1
M008279,1
M010153,1
M082157,1
M091227,1
M051839,1
M089063,1
M016143,1
M082755,1
M081803,1
M058820,1
M093939,1
M093366,1
M078527,1
M085499,1
M077290,1
M041154,1
M062460,1
M077851,1
M068142,1
M101149,1
M060327,1
M090884,1
M004512,1
M093503,1
M049883,1
M043787,1
M078447,1
M084189,1
M082635,1
M002977,1
M078774,1
M037881,1
M037900,1
M027332,1
M081719,1
M082299,1
M072363,1
M033408,1
M026015,1
M051042,1
M090345,1
M098067,1
M069613,1
M099184,1
M063094,1
M071767,1
M071744,1
M070721,1
M091162,1
M011476,1
M049580,1
M076291,1
M078938,1
M044468,1
M086033,1
M083499,1
M079483,1
M093302,1
M073300,1
M047336,1
M086528,1
M095867,1
M046784,1
M048372,1
M101642,1
M057730,1
M097246,1
M088756,1
M021790,1
M064549,1
M041150,1
M072069,1
M067139,1
M063637,1
M066903,1
M059617,1
M094441,1
M083676,1
M060498,1
M055131,1
M074506,1
M066472,1
M045242,1
M017713,1
M098600,1
M061368,1
M090756,1
M077392,1
M089044,1
M048892,1
M081295,1
M090956,1
M088204,1
M093080,1
M091431,1
M101148,1
M093391,1
M077930,1
M031447,1
M066144,1
M048906,1
M068536,1
M037462,1
M098252,1
M046659,1
M039101,1
M087720,1
M049809,1
M047305,1
M087509,1
M017345,1
M091464,1
M032564,1
M090882,1
M086987,1
M099087,1
M080502,1
M096833,1
M046298,1
M095917,1
M034969,1
M034726,1
M047914,1
M038810,1
M081876,1
M090819,1
M094659,1
M090606,1
M092661,1
M085809,1
M044092,1
M042646,1
M069890,1
M036676,1
M074082,1
M074896,1
M079749,1
M053090,1
M069995,1
M085237,1
M016197,1
M097426,1
M021737,1
M082597,1
M004024,1
M099676,1
M089450,1
M019989,1
M012767,1
M065688,1
M021599,1
M058618,1
M084149,1
M042387,1
M095823,1
M046482,1
M080542,1
M070206,1
M089426,1
M045184,1
M087032,1
M014387,1
M100418,1
M051070,1
M093750,1
M094793,1
M068923,1
M092337,1
M097477,1
M058287,1
M044129,1
M088393,1
M082043,1
M089111,1
M079704,1
M062784,1
M067504,1
M100315,1
M059215,1
M078067,1
M056725,1
M100870,1
M033721,1
M096001,1
M071454,1
M028967,1
M100102,1
M006369,1
M042378,1
M029916,1
M003812,1
M094260,1
M050466,1
M087200,1
M095244,1
M017768,1
M077946,1
M026238,1
M077506,1
M086605,1
M100866,1
M083323,1
M078604,1
M024511,1
M093403,1
M086179,1
M084409,1
M060740,1
M089531,1
M004345,1
M096090,1
M007325,1
M070931,1
M046304,1
M100475,1
M062036,1
M080238,1
M077225,1
M058295,1
M030091,1
M015950,1
M067527,1
M086533,1
M059236,1
M062461,1
M026025,1
M069795,1
M073187,1
M043068,1
M073092,1
M022706,1
M005254,1
M023731,1
M044598,1
M097126,1
M052347,1
M101765,1
M063356,1
M062539,1
M099718,1
M078415,1
M074406,1
M086157,1
M089444,1
M064463,1
M070191,1
M069605,1
M075008,1
M047704,1
M098274,1
M054095,1
M005685,1
M044605,1
M040380,1
M094319,1
M075862,1
M075906,1
M085986,1
M068732,1
M064010,1
M085655,1
M057929,1
M099650,1
M039706,1
M048625,1
M066389,1
M032556,1
M095075,1
M045404,1
M078602,1
M083926,1
M095582,1
M006193,1
M081238,1
M026034,1
M085392,1
M053533,1
M073084,1
M036447,1
M099755,1
M018109,1
M100378,1
M040805,1
M062778,1
M046847,1
M084812,1
M088496,1
M039540,1
M055255,1
M003663,1
M092802,1
M074313,1
M088186,1
M077675,1
M072565,1
M068463,1
M075968,1
M008691,1
M025789,1
M096351,1
M083941,1
M094209,1
M078788,1
M089021,1
M071507,1
M094048,1
M096571,1
M096841,1
M095305,1
M095731,1
M100670,1
M062268,1
M053460,1
M030356,1
M018881,1
M046920,1
M098401,1
M095978,1
M087894,1
M063821,1
M088415,1
M040885,1
M062683,1
M029848,1
M003040,1
M088607,1
M071393,1
M089342,1
M099823,1
M063180,1
M024181,1
M007951,1
M048637,1
M024147,1
M008544,1
M097114,1
M097419,1
M090234,1
M093525,1
M079059,1
M086693,1
M097060,1
M101461,1
M058575,1
M097690,1
M011446,1
M012463,1
M097169,1
M009414,1
M077986,1
M054329,1
M051358,1
M048102,1
M075849,1
M010690,1
M018188,1
M078079,1
M069316,1
M020702,1
M070870,1
M089332,1
M038878,1
M068255,1
M075550,1
M044916,1
M040256,1
M057660,1
M083553,1
M007506,1
M081978,1
M078667,1
M060659,1
M053588,1
M007509,1
M039717,1
M092896,1
M085331,1
M058585,1
M077913,1
M000923,1
M002606,1
M025175,1
M052392,1
M027259,1
M096203,1
M076801,1
M064101,1
M089267,1
M090336,1
M058373,1
M026055,1
M100914,1
M060449,1
M049253,1
M057303,1
M080874,1
M084107,1
M071334,1
M098690,1
M081108,1
M072205,1
M050258,1
M044010,1
M039598,1
M077296,1
M048162,1
M054236,1
M077334,1
M069532,1
M066350,1
M038391,1
M059454,1
M048763,1
M099891,1
M062589,1
M096147,1
M068832,1
M095162,1
M001083,1
M050717,1
M025507,1
M072401,1
M045428,1
M073445,1
M036687,1
M039119,1
M079272,1
M034128,1
M065768,1
M067837,1
M073539,1
M072690,1
M097596,1
M008715,1
M067447,1
M016533,1
M058657,1
M094502,1
M093560,1
M097711,1
M072634,1
M085073,1
M075297,1
M100524,1
M075106,1
M093976,1
M049414,1
M044705,1
M096905,1
M024206,1
M057930,1
M074848,1
M081417,1
M065495,1
M057761,1
M097292,1
M006142,1
M064551,1
M045174,1
M047688,1
M081133,1
M040502,1
M076481,1
M059328,1
M080256,1
M076752,1
M034345,1
M061140,1
M096637,1
M045479,1
M085991,1
M092257,1
M081968,1
M065062,1
M074819,1
M043136,1
M007809,1
M046500,1
M074426,1
M050577,1
M009005,1
M040236,1
M094489,1
M070940,1
M026688,1
M085384,1
M014570,1
M100450,1
M037306,1
M005894,1
M090057,1
M046398,1
M089536,1
M060453,1
M038084,1
M075609,1
M101581,1
M092226,1
M095788,1
M045570,1
M059365,1
M094084,1
M098467,1
M000460,1
M077816,1
M040126,1
M018371,1
M040088,1
M037292,1
M056437,1
M081248,1
M058659,1
M005824,1
M043431,1
M081280,1
M100466,1
M054662,1
M053918,1
M043428,1
M050367,1
M089302,1
M084494,1
M085389,1
M078529,1
M064998,1
M084865,1
M048547,1
M076969,1
M070368,1
M089941,1
M039177,1
M065286,1
M085796,1
M049093,1
M039029,1
M084429,1
M101298,1
M046708,1
M013856,1
M067210,1
M084043,1
M092270,1
M101067,1
M084090,1
M065856,1
M080221,1
M093002,1
M055716,1
M063027,1
M080948,1
M053566,1
M072168,1
M064978,1
M043092,1
M099454,1
M082440,1
M064781,1
M094276,1
M077086,1
M057975,1
M091914,1
M081737,1
M087290,1
M071297,1
M066510,1
M013819,1
M061144,1
M069181,1
M047793,1
M093594,1
M092638,1
M084127,1
M072967,1
M091379,1
M065804,1
M074513,1
M074206,1
M030862,1
M090951,1
M045651,1
M092330,1
M050980,1
M083739,1
M065016,1
M012333,1
M080693,1
M030592,1
M043958,1
M043786,1
M063636,1
M091704,1
M097181,1
M000703,1
M030479,1
M088970,1
M081683,1
M089627,1
M084507,1
M058476,1
M046358,1
M073491,1
M065326,1
M060658,1
M046999,1
M047618,1
M091189,1
M071896,1
M076772,1
M080219,1
M044879,1
M094664,1
M096045,1
M090659,1
M093334,1
M088317,1
M050537,1
M099610,1
M016016,1
M100759,1
M089031,1
M064930,1
M088582,1
M090771,1
M089524,1
M097553,1
M040754,1
M069797,1
M063580,1
M055204,1
M075004,1
M089132,1
M058087,1
M043414,1
M099042,1
M090917,1
M055600,1
M053933,1
M101675,1
M056380,1
M029085,1
M025983,1
M050204,1
M101709,1
M078929,1
M094028,1
M057095,1
M005446,1
M072697,1
M053624,1
M071020,1
M050703,1
M029675,1
M096736,1
M038642,1
M095709,1
M014198,1
M060247,1
M095418,1
M055185,1
M094546,1
M029646,1
M035131,1
M054634,1
M044813,1
M063940,1
M093453,1
M020442,1
M053397,1
M078596,1
M080216,1
M093194,1
M068508,1
M053673,1
M089845,1
M096552,1
M077163,1
M080600,1
M082711,1
M091427,1
M023220,1
M059869,1
M091877,1
M050925,1
M078385,1
M011027,1
M057742,1
M096674,1
M009680,1
M080843,1
M037457,1
M018846,1
M092547,1
M045775,1
M080650,1
M012467,1
M091361,1
M082464,1
M087673,1
M100713,1
M069760,1
M057575,1
M093545,1
M064988,1
M089236,1
M079539,1
M101445,1
M046807,1
M050438,1
M100416,1
M096075,1
M067721,1
M092737,1
M082265,1
M046973,1
M083427,1
M099102,1
M086571,1
M079597,1
M062047,1
M085949,1
M053324,1
M040133,1
M027433,1
M009930,1
M071239,1
M095169,1
M093480,1
M082554,1
M050714,1
M057410,1
M050716,1
M088482,1
M080447,1
M098616,1
M100596,1
M077759,1
M080295,1
M078825,1
M022837,1
M021393,1
M090450,1
M042165,1
M098452,1
M089594,1
M098473,1
M100470,1
M090654,1
M049032,1
M062573,1
M095922,1
M074560,1
M087798,1
M017355,1
M058383,1
M050295,1
M088106,1
M092302,1
M053539,1
M067626,1
M056160,1
M069174,1
M066580,1
M052153,1
M088463,1
M002980,1
M070744,1
M055987,1
M081627,1
M059212,1
M012788,1
M027510,1
M026219,1
M032436,1
M047132,1
M097129,1
M092538,1
M096288,1
M095056,1
M087624,1
M048435,1
M046459,1
M088985,1
M043074,1
M054147,1
M058162,1
M061421,1
M079111,1
M032113,1
M079981,1
M050832,1
M074590,1
M081078,1
M040554,1
M015840,1
M086576,1
M010364,1
M054875,1
M094076,1
M087797,1
M098344,1
M077704,1
M058069,1
M098683,1
M097275,1
M088073,1
M096741,1
M100715,1
M092002,1
M002344,1
M038434,1
M038755,1
M048303,1
M100143,1
M050181,1
M001794,1
M039568,1
M055865,1
M062481,1
M042233,1
M073528,1
M093550,1
M078224,1
M053944,1
M068607,1
M045090,1
M043698,1
M010424,1
M060681,1
M100107,1
M063338,1
M084967,1
M083690,1
M060025,1
M037798,1
M072928,1
M098071,1
M093226,1
M090354,1
M035222,1
M044360,1
M080370,1
M035318,1
M016699,1
M067867,1
M042935,1
M027225,1
M043817,1
M085610,1
M096272,1
M015742,1
M074957,1
M055421,1
M058774,1
M082292,1
M094111,1
M098431,1
M093833,1
M092654,1
M092975,1
M080845,1
M100236,1
M083589,1
M067497,1
M038261,1
M095317,1
M067965,1
M088937,1
M085136,1
M071659,1
M068279,1
M060607,1
M086943,1
M067064,1
M032321,1
M001417,1
M078933,1
M093222,1
M077695,1
M074428,1
M075182,1
M047044,1
M042383,1
M046627,1
M099799,1
M059548,1
M003755,1
M054848,1
M050275,1
M002836,1
M005009,1
M004784,1
M009292,1
M022801,1
M002201,1
M008168,1
M089932,1
M072763,1
M023183,1
M093744,1
M050683,1
M090431,1
M015484,1
M077195,1
M061919,1
M077436,1
M084201,1
M089626,1
M082574,1
M054244,1
M061182,1
M066434,1
M101339,1
M095118,1
M064316,1
M092689,1
M072582,1
M025757,1
M007745,1
M020709,1
M022747,1
M034785,1
M060647,1
M066474,1
M078086,1
M061193,1
M082228,1
M031505,1
M003440,1
M056323,1
M012976,1
M009015,1
M077129,1
M008997,1
M051756,1
M056319,1
M071920,1
M061686,1
M076157,1
M056991,1
M089842,1
M089772,1
M086384,1
M093592,1
M059842,1
M097663,1
M084593,1
M014191,1
M087323,1
M020161,1
M068810,1
M099817,1
M078617,1
M086407,1
M010269,1
M098172,1
M091093,1
M099051,1
M031604,1
M099897,1
M057839,1
M062761,1
M014454,1
M052241,1
M025363,1
M079705,1
M066922,1
M038466,1
M081301,1
M089946,1
M023088,1
M087614,1
M073866,1
M040494,1
M009579,1
M091231,1
M084166,1
M051066,1
M003491,1
M041658,1
M098198,1
M095360,1
M006120,1
M090875,1
M093722,1
M049895,1
M066875,1
M099810,1
M080943,1
M064419,1
M083284,1
M088602,1
M073821,1
M092544,1
M061114,1
M048240,1
M044815,1
M043531,1
M099860,1
M093798,1
M099808,1
M096881,1
M097998,1
M085612,1
M058666,1
M046158,1
M074106,1
M084786,1
M038628,1
M097572,1
M096355,1
M083416,1
M050900,1
M077541,1
M010368,1
M084543,1
M033182,1
M035272,1
M077605,1
M097856,1
M092512,1
M079062,1
M074079,1
M064093,1
M073978,1
M009333,1
M008803,1
M087499,1
M072702,1
M094270,1
M089729,1
M012790,1
M057068,1
M040167,1
M039349,1
M093835,1
M093654,1
M045370,1
M083895,1
M078960,1
M101507,1
M018507,1
M073181,1
M070234,1
M080779,1
M048418,1
M043108,1
M077181,1
M089514,1
M010981,1
M069589,1
M066481,1
M093821,1
M020563,1
M015300,1
M090285,1
M028450,1
M028076,1
M034539,1
M033652,1
M058787,1
M071479,1
M062222,1
M064019,1
M069901,1
M078737,1
M073243,1
M083595,1
M097971,1
M038254,1
M022542,1
M069510,1
M077434,1
M074808,1
M073897,1
M013979,1
M046504,1
M017347,1
M084696,1
M054946,1
M078700,1
M092440,1
M083395,1
M043840,1
M072551,1
M039757,1
M067987,1
M057912,1
M045232,1
M005280,1
M019823,1
M050339,1
M079064,1
M055002,1
M085642,1
M099068,1
M093160,1
M077516,1
M050780,1
M088744,1
M062965,1
M040075,1
M074935,1
M085026,1
M084101,1
M074756,1
M063449,1
M083816,1
M090195,1
M081923,1
M092864,1
M034523,1
M095620,1
M092764,1
M071937,1
M000070,1
M086442,1
M045204,1
M075794,1
M021666,1
M020032,1
M047224,1
M029793,1
M047775,1
M044773,1
M082601,1
M077171,1
M052797,1
M066566,1
M046301,1
M088079,1
M081974,1
M062215,1
M099727,1
M075815,1
M078032,1
M099537,1
M089535,1
M059514,1
M085714,1
M041608,1
M043102,1
M064115,1
M016585,1
M055317,1
M009771,1
M078627,1
M040865,1
M036950,1
M078672,1
M077299,1
M098230,1
M072336,1
M096276,1
M020666,1
M055644,1
M029336,1
M078391,1
M099275,1
M088150,1
M096084,1
M003723,1
M091191,1
M085200,1
M067350,1
M076015,1
M051604,1
M089304,1
M076848,1
M097603,1
M045026,1
M083857,1
M088362,1
M079558,1
M016337,1
M047129,1
M057307,1
M075390,1
M061951,1
M057037,1
M090298,1
M003697,1
M076433,1
M041897,1
M052663,1
M090539,1
M076329,1
M094733,1
M093437,1
M085071,1
M099984,1
M074732,1
M021351,1
M081225,1
M047470,1
M008668,1
M079912,1
M020515,1
M090114,1
M069873,1
M068459,1
M074484,1
M083391,1
M035586,1
M048992,1
M088952,1
M086088,1
M012707,1
M060156,1
M023864,1
M063170,1
M052364,1
M074945,1
M051209,1
M097098,1
M099559,1
M069917,1
M045687,1
M038928,1
M091246,1
M019413,1
M086534,1
M079827,1
M089366,1
M081476,1
M099441,1
M098906,1
M085437,1
M092008,1
M073022,1
M093326,1
M046759,1
M090143,1
M067248,1
M077261,1
M043471,1
M093397,1
M091767,1
M090278,1
M096818,1
M080660,1
M097682,1
M007351,1
M006756,1
M056225,1
M095870,1
M087303,1
M086760,1
M101216,1
M005429,1
M016629,1
M067797,1
M084195,1
M093975,1
M093246,1
M059280,1
M066646,1
M050010,1
M005981,1
M012720,1
M066786,1
M083392,1
M005492,1
M029430,1
M040782,1
M029227,1
M067255,1
M072669,1
M086642,1
M101588,1
M010908,1
M014230,1
M044563,1
M090417,1
M025432,1
M075608,1
M032632,1
M081650,1
M088778,1
M095081,1
M069169,1
M093006,1
M053468,1
M092747,1
M042512,1
M066564,1
M098320,1
M089110,1
M018684,1
M081637,1
M090696,1
M080475,1
M076840,1
M051417,1
M028091,1
M055151,1
M074203,1
M091641,1
M057505,1
M071873,1
M007422,1
M044235,1
M096883,1
M097601,1
M068180,1
M020593,1
M027553,1
M010874,1
M072707,1
M075591,1
M008288,1
M059831,1
M067852,1
M073156,1
M011245,1
M020899,1
M093312,1
M031518,1
M017554,1
M032747,1
M035953,1
M018932,1
M069556,1
M079628,1
M067684,1
M081218,1
M096985,1
M079161,1
M069846,1
M057769,1
M091659,1
M096618,1
M092419,1
M092771,1
M076406,1
M087977,1
M091136,1
M081344,1
M072517,1
M018900,1
M068197,1
M070650,1
M078944,1
M083096,1
M087830,1
M085351,1
M094051,1
M062788,1
M017445,1
M093681,1
M100825,1
M101294,1
M086696,1
M053041,1
M058120,1
M005466,1
M078946,1
M010168,1
M070128,1
M084093,1
M095642,1
M074512,1
M072950,1
M070946,1
M070427,1
M090569,1
M045746,1
M095347,1
M095644,1
M046259,1
M073646,1
M086447,1
M067214,1
M086279,1
M098789,1
M077019,1
M080060,1
M029268,1
M020083,1
M038661,1
M079055,1
M087359,1
M084470,1
M073214,1
M044373,1
M079399,1
M046866,1
M005004,1
M043085,1
M079695,1
M026673,1
M023187,1
M010693,1
M074290,1
M094555,1
M046898,1
M071028,1
M014096,1
M041807,1
M100268,1
M014917,1
M009139,1
M071699,1
M029596,1
M094809,1
M073885,1
M061812,1
M055451,1
M055178,1
M044138,1
M098784,1
M043567,1
M097717,1
M098364,1
M010388,1
M062800,1
M087075,1
M089298,1
M088896,1
M057872,1
M092207,1
M078585,1
M048797,1
M085420,1
M065583,1
M050645,1
M065732,1
M081029,1
M098731,1
M094528,1
M055979,1
M030033,1
M054961,1
M059814,1
M053395,1
M088392,1
M057932,1
M024850,1
M073217,1
M045762,1
M099009,1
M099617,1
M012892,1
M085928,1
M096300,1
M074012,1
M048453,1
M075981,1
M084870,1
M095571,1
M095094,1
M094894,1
M075284,1
M086486,1
M071034,1
M059551,1
M097208,1
M066010,1
M061611,1
M066083,1
M098893,1
M086902,1
M082802,1
M096269,1
M080070,1
M086644,1
M086129,1
M071588,1
M095370,1
M051496,1
M044415,1
M073051,1
M099176,1
M077958,1
M043357,1
M005207,1
M030046,1
M027091,1
M002143,1
M044179,1
M055302,1
M009720,1
M083548,1
M015926,1
M096483,1
M079609,1
M054003,1
M006833,1
M006749,1
M083751,1
M023738,1
M099144,1
M092680,1
M064039,1
M100331,1
M081263,1
M100991,1
M081718,1
M001077,1
M069482,1
M091201,1
M070221,1
M081286,1
M014382,1
M021652,1
M088268,1
M095198,1
M043409,1
M091425,1
M030893,1
M019407,1
M061097,1
M083347,1
M023662,1
M006933,1
M000935,1
M098675,1
M085713,1
M023783,1
M073778,1
M027941,1
M032370,1
M034373,1
M032860,1
M036755,1
M092926,1
M095161,1
M059580,1
M095106,1
M063605,1
M085160,1
M058226,1
M098306,1
M090602,1
M087115,1
M070689,1
M068983,1
M055940,1
M017152,1
M085864,1
M057063,1
M015641,1
M077521,1
M067140,1
M086845,1
M069919,1
M039989,1
M023292,1
M055041,1
M091741,1
M078109,1
M026255,1
M036046,1
M035974,1
M032187,1
M088898,1
M042715,1
M083380,1
M094687,1
M090273,1
M075553,1
M070768,1
M048560,1
M088358,1
M080837,1
M036815,1
M008143,1
M086215,1
M099592,1
M084684,1
M090702,1
M044548,1
M000763,1
M029156,1
M086978,1
M035497,1
M028843,1
M002050,1
M099994,1
M099687,1
M066888,1
M088381,1
M085370,1
M008559,1
M093364,1
M090313,1
M085828,1
M094638,1
M080715,1
M071619,1
M033591,1
M076153,1
M081203,1
M097389,1
M030068,1
M068711,1
M081947,1
M091770,1
M088103,1
M064817,1
M070506,1
M004299,1
M009442,1
M007120,1
M100358,1
M051594,1
M073844,1
M093894,1
M058447,1
M065187,1
M095133,1
M018754,1
M042533,1
M060795,1
M092959,1
M082035,1
M092676,1
M090240,1
M060578,1
M088197,1
M093639,1
M099986,1
M072924,1
M097854,1
M072211,1
M078998,1
M101123,1
M064392,1
M098902,1
M015088,1
M042439,1
M092844,1
M078016,1
M080695,1
M094881,1
M094508,1
M093471,1
M024173,1
M043861,1
M088166,1
M075430,1
M101630,1
M087618,1
M099325,1
M101635,1
M098136,1
M044017,1
M014439,1
M095905,1
M086583,1
M035461,1
M017242,1
M023026,1
M024776,1
M075250,1
M063046,1
M023539,1
M077105,1
M080132,1
M074675,1
M015339,1
M092705,1
M082964,1
M093791,1
M044841,1
M096625,1
M050564,1
M073794,1
M093665,1
M098568,1
M057187,1
M079570,1
M026540,1
M060459,1
M007971,1
M017910,1
M039313,1
M030475,1
M046164,1
M061222,1
M064829,1
M057691,1
M013475,1
M068299,1
M061422,1
M090906,1
M084594,1
M078534,1
M070574,1
M070341,1
M070217,1
M093547,1
M096794,1
M088388,1
M101355,1
M037452,1
M099854,1
M063836,1
M022696,1
M032267,1
M024158,1
M099487,1
M082458,1
M073733,1
M071247,1
M080778,1
M098536,1
M048195,1
M049775,1
M050694,1
M086893,1
M101453,1
M082666,1
M047824,1
M076070,1
M093163,1
M062422,1
M079728,1
M023083,1
M022170,1
M098538,1
M077812,1
M092524,1
M095283,1
M013949,1
M067339,1
M093576,1
M100498,1
M068421,1
M094434,1
M084676,1
M073922,1
M096156,1
M083155,1
M065033,1
M078582,1
M098659,1
M068467,1
M085435,1
M094066,1
M084196,1
M093428,1
M089558,1
M096444,1
M097068,1
M088610,1
M066119,1
M040307,1
M089886,1
M069560,1
M073211,1
M072230,1
M058018,1
M066536,1
M091202,1
M090363,1
M097557,1
M101228,1
M095379,1
M079990,1
M096366,1
M099127,1
M057789,1
M010326,1
M016315,1
M000116,1
M099121,1
M072850,1
M082708,1
M067665,1
M054532,1
M043478,1
M053484,1
M085016,1
M076098,1
M057988,1
M074659,1
M076247,1
M028415,1
M085085,1
M043752,1
M020459,1
M095761,1
M096799,1
M075664,1
M092999,1
M050977,1
M026371,1
M015740,1
M054312,1
M037465,1
M043533,1
M072771,1
M088875,1
M083547,1
M100987,1
M080195,1
M055779,1
M006414,1
M039998,1
M086784,1
M065528,1
M090355,1
M080655,1
M092807,1
M049931,1
M076828,1
M071942,1
M094250,1
M038524,1
M077879,1
M098380,1
M039309,1
M087570,1
M011483,1
M084963,1
M075378,1
M089284,1
M060416,1
M090436,1
M097782,1
M083535,1
M076374,1
M056503,1
M031855,1
M055019,1
M026937,1
M065960,1
M017453,1
M005989,1
M046135,1
M101730,1
M095595,1
M097638,1
M077026,1
M083426,1
M022771,1
M084995,1
M017446,1
M030032,1
M077089,1
M097842,1
M086790,1
M073468,1
M094868,1
M089100,1
M069145,1
M098118,1
M016074,1
M032546,1
M071580,1
M065925,1
M100407,1
M039809,1
M027910,1
M018093,1
M091185,1
M101125,1
M076766,1
M081495,1
M086517,1
M040352,1
M081247,1
M059101,1
M008689,1
M020527,1
M090013,1
M101561,1
M093796,1
M014323,1
M048331,1
M101035,1
M071278,1
M074327,1
M087397,1
M058113,1
M044167,1
M087379,1
M097585,1
M048991,1
M089820,1
M098053,1
M080946,1
M093683,1
M084147,1
M003912,1
M065021,1
M060750,1
M048036,1
M064964,1
M090794,1
M069029,1
M071387,1
M052708,1
M089841,1
M091061,1
M012834,1
M067763,1
M050984,1
M072457,1
M089431,1
M092019,1
M093695,1
M059219,1
M100906,1
M070348,1
M049660,1
M066892,1
M037455,1
M078018,1
M047634,1
M024244,1
M077567,1
M088510,1
M057550,1
M013038,1
M058365,1
M099784,1
M007948,1
M090537,1
M096115,1
M095177,1
M043830,1
M065992,1
M045230,1
M009601,1
M017542,1
M044862,1
M045107,1
M082363,1
M080786,1
M050629,1
M069134,1
M056417,1
M081147,1
M090223,1
M086680,1
M082827,1
M087390,1
M016663,1
M089242,1
M095603,1
M001146,1
M097320,1
M005908,1
M076506,1
M090464,1
M076758,1
M017191,1
M083238,1
M058216,1
M092564,1
M069591,1
M070183,1
M000172,1
M073807,1
M054608,1
M078133,1
M075414,1
M036315,1
M040037,1
M043154,1
M043171,1
M046724,1
M042468,1
M055340,1
M040282,1
M076030,1
M083961,1
M081405,1
M039533,1
M097111,1
M043432,1
M087101,1
M056979,1
M066818,1
M002280,1
M002478,1
M001856,1
M006621,1
M077379,1
M059618,1
M062290,1
M077107,1
M049808,1
M075882,1
M076730,1
M053716,1
M092388,1
M084421,1
M090142,1
M050273,1
M015610,1
M075714,1
M078319,1
M101138,1
M069485,1
M046209,1
M015833,1
M003582,1
M061001,1
M070318,1
M091621,1
M092004,1
M066140,1
M050198,1
M064088,1
M086582,1
M093978,1
M091866,1
M088706,1
M073949,1
M087145,1
M048790,1
M040369,1
M009531,1
M008112,1
M097070,1
M047092,1
M038984,1
M090697,1
M087790,1
M049268,1
M099681,1
M088069,1
M095116,1
M011203,1
M088790,1
M094170,1
M039614,1
M082615,1
M076995,1
M101131,1
M021555,1
M055132,1
M064634,1
M053998,1
M021117,1
M099338,1
M097826,1
M096501,1
M056102,1
M093064,1
M008132,1
M101398,1
M078437,1
M092381,1
M069004,1
M062103,1
M090664,1
M100874,1
M026175,1
M068351,1
M051947,1
M047920,1
M045540,1
M029091,1
M098140,1
M040200,1
M068831,1
M092235,1
M080344,1
M073212,1
M050887,1
M059262,1
M095399,1
M053383,1
M050755,1
M076011,1
M013679,1
M009982,1
M097548,1
M038930,1
M093206,1
M071380,1
M055298,1
M100262,1
M051941,1
M069722,1
M101628,1
M098605,1
M020435,1
M088537,1
M087280,1
M015972,1
M048877,1
M011266,1
M054639,1
M081146,1
M058547,1
M045989,1
M083116,1
M063468,1
M085257,1
M099974,1
M089017,1
M094029,1
M050387,1
M072329,1
M097516,1
M081214,1
M071383,1
M017045,1
M099472,1
M075746,1
M089834,1
M054383,1
M055620,1
M074815,1
M043018,1
M064038,1
M058691,1
M007079,1
M094079,1
M010072,1
M049055,1
M095229,1
M045569,1
M060563,1
M097549,1
M070677,1
M027427,1
M081506,1
M009681,1
M002499,1
M076265,1
M096951,1
M058337,1
M083947,1
M086221,1
M099580,1
M067219,1
M082263,1
M100968,1
M095708,1
M086027,1
M045818,1
M061080,1
M099496,1
M073717,1
M056284,1
M045890,1
M097043,1
M093142,1
M091592,1
M057792,1
M073062,1
M053896,1
M076854,1
M055980,1
M100971,1
M096445,1
M098922,1
M072590,1
M100552,1
M057294,1
M075914,1
M081300,1
M073459,1
M078810,1
M076475,1
M068892,1
M050048,1
M052164,1
M077629,1
M077679,1
M081471,1
M078988,1
M096634,1
M082679,1
M071032,1
M013094,1
M080492,1
M081236,1
M092293,1
M100403,1
M100100,1
M070980,1
M086483,1
M079694,1
M046870,1
M044927,1
M048296,1
M085640,1
M101096,1
M065870,1
M094647,1
M069108,1
M077343,1
M082960,1
M059609,1
M020555,1
M078317,1
M039527,1
M021903,1
M097787,1
M089502,1
M086927,1
M064218,1
M072507,1
M094326,1
M099906,1
M005969,1
M056042,1
M085366,1
M066954,1
M082701,1
M006779,1
M029991,1
M098848,1
M083319,1
M009632,1
M081581,1
M084211,1
M094768,1
M099509,1
M073555,1
M050345,1
M076099,1
M060189,1
M093854,1
M098428,1
M091364,1
M044587,1
M098357,1
M029522,1
M073553,1
M049230,1
M042480,1
M050526,1
M027665,1
M050229,1
M065059,1
M046441,1
M065580,1
M082821,1
M101308,1
M038016,1
M043311,1
M090291,1
M059320,1
M084300,1
M051493,1
M085375,1
M082557,1
M069306,1
M098355,1
M084714,1
M063029,1
M059804,1
M046060,1
M087483,1
M055526,1
M025573,1
M038841,1
M083539,1
M065753,1
M079322,1
M023710,1
M049597,1
M032466,1
M024162,1
M096405,1
M084314,1
M036655,1
M079497,1
M079545,1
M077489,1
M057435,1
M093297,1
M058460,1
M071616,1
M080022,1
M004648,1
M023795,1
M081281,1
M042069,1
M101739,1
M099873,1
M050718,1
M090081,1
M044347,1
M032776,1
M029863,1
M086804,1
M058221,1
M095500,1
M044283,1
M068862,1
M072643,1
M076645,1
M069416,1
M063590,1
M025741,1
M061301,1
M061212,1
M087579,1
M055917,1
M076234,1
M095935,1
M089454,1
M021045,1
M001610,1
M060242,1
M066740,1
M091521,1
M058801,1
M045535,1
M099720,1
M085490,1
M075829,1
M094023,1
M075139,1
M039825,1
M090070,1
M079104,1
M066784,1
M032959,1
M058868,1
M070417,1
M068380,1
M093290,1
M075696,1
M014907,1
M090562,1
M090712,1
M098832,1
M096298,1
M066854,1
M096413,1
M042420,1
M020079,1
M084699,1
M017097,1
M023511,1
M015574,1
M052012,1
M101410,1
M101171,1
M099935,1
M083313,1
M080409,1
M065699,1
M101174,1
M086800,1
M027025,1
M095435,1
M023687,1
M077024,1
M083167,1
M084005,1
M087477,1
M085261,1
M091039,1
M090487,1
M041428,1
M023162,1
M077925,1
M007960,1
M100674,1
M071758,1
M017790,1
M083699,1
M059296,1
M070220,1
M090077,1
M075347,1
M013412,1
M011410,1
M097057,1
M083419,1
M015217,1
M031579,1
M094355,1
M053464,1
M089081,1
M080478,1
M088201,1
M019438,1
M030969,1
M032339,1
M079469,1
M048806,1
M100774,1
M087053,1
M076175,1
M042707,1
M091144,1
M045799,1
M037650,1
M100993,1
M088513,1
M090957,1
M072332,1
M099259,1
M055705,1
M092169,1
M066529,1
M051210,1
M038199,1
M017920,1
M063102,1
M058102,1
M044457,1
M073762,1
M056880,1
M046878,1
M023419,1
M051226,1
M098910,1
M061476,1
M049562,1
M042812,1
M025556,1
M041259,1
M047908,1
M004988,1
M055133,1
M049197,1
M085418,1
M095332,1
M060618,1
M085358,1
M003170,1
M095362,1
M011912,1
M078830,1
M039298,1
M029693,1
M069111,1
M077554,1
M054398,1
M092164,1
M063893,1
M083027,1
M091215,1
M064567,1
M045591,1
M095607,1
M052540,1
M065538,1
M027693,1
M092309,1
M098131,1
M066834,1
M038652,1
M014895,1
M075232,1
M092899,1
M066534,1
M075867,1
M077216,1
M075478,1
M067406,1
M082530,1
M062928,1
M042402,1
M079129,1
M094291,1
M052786,1
M059776,1
M022559,1
M085111,1
M097178,1
M088528,1
M008719,1
M100500,1
M018718,1
M100115,1
M071348,1
M000366,1
M071566,1
M089587,1
M037741,1
M050140,1
M067595,1
M076708,1
M099708,1
M099206,1
M083318,1
M075204,1
M028056,1
M020156,1
M006453,1
M073417,1
M021329,1
M001663,1
M042415,1
M045635,1
M084401,1
M091423,1
M080570,1
M055392,1
M057795,1
M068698,1
M079097,1
M013357,1
M023997,1
M029407,1
M097791,1
M059651,1
M074057,1
M084065,1
M063387,1
M047654,1
M076658,1
M093052,1
M070187,1
M024151,1
M098237,1
M041564,1
M092823,1
M100342,1
M026471,1
M002230,1
M094137,1
M096369,1
