encounter_index,memory_id,action,retrieval_count,average_utility,quality_score,reason
266,M039766,downgraded,2,-1.0,0.30000000000000004,quality_score=0.3000 < DOWNGRADE_THRESHOLD=0.4
344,M022995,downgraded,2,-1.0,0.30000000000000004,quality_score=0.3000 < DOWNGRADE_THRESHOLD=0.4
396,M041267,downgraded,2,-1.0,0.30000000000000004,quality_score=0.3000 < DOWNGRADE_THRESHOLD=0.4
413,M022050,downgraded,2,-1.0,0.30000000000000004,quality_score=0.3000 < DOWNGRADE_THRESHOLD=0.4
550,M014850,downgraded,2,-1.0,0.30000000000000004,quality_score=0.3000 < DOWNGRADE_THRESHOLD=0.4
580,M087364,downgraded,2,-1.0,0.30000000000000004,quality_score=0.3000 < DOWNGRADE_THRESHOLD=0.4
593,M055272,downgraded,2,-1.0,0.30000000000000004,quality_score=0.3000 < DOWNGRADE_THRESHOLD=0.4
611,M073412,downgraded,2,-1.0,0.30000000000000004,quality_score=0.3000 < DOWNGRADE_THRESHOLD=0.4
613,M026538,downgraded,2,-1.0,0.30000000000000004,quality_score=0.3000 < DOWNGRADE_THRESHOLD=0.4
626,M063418,downgraded,2,-1.0,0.30000000000000004,quality_score=0.3000 < DOWNGRADE_THRESHOLD=0.4
636,M012475,downgraded,2,-1.0,0.30000000000000004,quality_score=0.3000 < DOWNGRADE_THRESHOLD=0.4
677,M087364,quarantined,3,-1.0,0.20000000000000004,retrieval_count=3>=N_MIN=3 and average_utility=-1.0000<=BETA=-0.2
698,M096546,downgraded,2,-1.0,0.30000000000000004,quality_score=0.3000 < DOWNGRADE_THRESHOLD=0.4
737,M033672,downgraded,2,-1.0,0.30000000000000004,quality_score=0.3000 < DOWNGRADE_THRESHOLD=0.4
761,M031114,downgraded,2,-1.0,0.30000000000000004,quality_score=0.3000 < DOWNGRADE_THRESHOLD=0.4
783,M100822,downgraded,2,-1.0,0.30000000000000004,quality_score=0.3000 < DOWNGRADE_THRESHOLD=0.4
818,M058542,downgraded,2,-1.0,0.30000000000000004,quality_score=0.3000 < DOWNGRADE_THRESHOLD=0.4
844,M002294,downgraded,2,-1.0,0.30000000000000004,quality_score=0.3000 < DOWNGRADE_THRESHOLD=0.4
931,M040753,downgraded,2,-1.0,0.30000000000000004,quality_score=0.3000 < DOWNGRADE_THRESHOLD=0.4
963,M080916,downgraded,2,-1.0,0.30000000000000004,quality_score=0.3000 < DOWNGRADE_THRESHOLD=0.4
1002,M036474,downgraded,2,-1.0,0.30000000000000004,quality_score=0.3000 < DOWNGRADE_THRESHOLD=0.4
1007,M020973,downgraded,2,-1.0,0.30000000000000004,quality_score=0.3000 < DOWNGRADE_THRESHOLD=0.4
1028,M082710,downgraded,2,-1.0,0.30000000000000004,quality_score=0.3000 < DOWNGRADE_THRESHOLD=0.4
1036,M082710,quarantined,3,-1.0,0.20000000000000004,retrieval_count=3>=N_MIN=3 and average_utility=-1.0000<=BETA=-0.2
1067,M032015,downgraded,2,-1.0,0.30000000000000004,quality_score=0.3000 < DOWNGRADE_THRESHOLD=0.4
1121,M076740,downgraded,2,-1.0,0.30000000000000004,quality_score=0.3000 < DOWNGRADE_THRESHOLD=0.4
1121,M086254,downgraded,2,-1.0,0.30000000000000004,quality_score=0.3000 < DOWNGRADE_THRESHOLD=0.4
1148,M025353,downgraded,2,-1.0,0.30000000000000004,quality_score=0.3000 < DOWNGRADE_THRESHOLD=0.4
1213,M024682,downgraded,2,-1.0,0.30000000000000004,quality_score=0.3000 < DOWNGRADE_THRESHOLD=0.4
1215,M076762,downgraded,2,-1.0,0.30000000000000004,quality_score=0.3000 < DOWNGRADE_THRESHOLD=0.4
1223,M006216,downgraded,2,-1.0,0.30000000000000004,quality_score=0.3000 < DOWNGRADE_THRESHOLD=0.4
1243,M078549,downgraded,2,-1.0,0.30000000000000004,quality_score=0.3000 < DOWNGRADE_THRESHOLD=0.4
1252,M025514,downgraded,2,-1.0,0.30000000000000004,quality_score=0.3000 < DOWNGRADE_THRESHOLD=0.4
1257,M015717,downgraded,2,-1.0,0.30000000000000004,quality_score=0.3000 < DOWNGRADE_THRESHOLD=0.4
1274,M069598,downgraded,2,-1.0,0.30000000000000004,quality_score=0.3000 < DOWNGRADE_THRESHOLD=0.4
1304,M026317,downgraded,2,-1.0,0.30000000000000004,quality_score=0.3000 < DOWNGRADE_THRESHOLD=0.4
1304,M050814,downgraded,2,-1.0,0.30000000000000004,quality_score=0.3000 < DOWNGRADE_THRESHOLD=0.4
1311,M032141,downgraded,2,-1.0,0.30000000000000004,quality_score=0.3000 < DOWNGRADE_THRESHOLD=0.4
1347,M000160,downgraded,2,-1.0,0.30000000000000004,quality_score=0.3000 < DOWNGRADE_THRESHOLD=0.4
1350,M041855,downgraded,2,-1.0,0.30000000000000004,quality_score=0.3000 < DOWNGRADE_THRESHOLD=0.4
1378,M079157,downgraded,2,-1.0,0.30000000000000004,quality_score=0.3000 < DOWNGRADE_THRESHOLD=0.4
1381,M101377,downgraded,2,-1.0,0.30000000000000004,quality_score=0.3000 < DOWNGRADE_THRESHOLD=0.4
1389,M099713,downgraded,2,-1.0,0.30000000000000004,quality_score=0.3000 < DOWNGRADE_THRESHOLD=0.4
1420,M045054,downgraded,2,-1.0,0.30000000000000004,quality_score=0.3000 < DOWNGRADE_THRESHOLD=0.4
1420,M052160,downgraded,2,-1.0,0.30000000000000004,quality_score=0.3000 < DOWNGRADE_THRESHOLD=0.4
1456,M007310,downgraded,2,-1.0,0.30000000000000004,quality_score=0.3000 < DOWNGRADE_THRESHOLD=0.4
1494,M084757,downgraded,2,-1.0,0.30000000000000004,quality_score=0.3000 < DOWNGRADE_THRESHOLD=0.4
1502,M050891,downgraded,2,-1.0,0.30000000000000004,quality_score=0.3000 < DOWNGRADE_THRESHOLD=0.4
1504,M043462,downgraded,2,-1.0,0.30000000000000004,quality_score=0.3000 < DOWNGRADE_THRESHOLD=0.4
1534,M050814,quarantined,3,-1.0,0.20000000000000004,retrieval_count=3>=N_MIN=3 and average_utility=-1.0000<=BETA=-0.2
1593,M080009,downgraded,2,-1.0,0.30000000000000004,quality_score=0.3000 < DOWNGRADE_THRESHOLD=0.4
1593,M083026,downgraded,2,-1.0,0.30000000000000004,quality_score=0.3000 < DOWNGRADE_THRESHOLD=0.4
1604,M018095,downgraded,2,-1.0,0.30000000000000004,quality_score=0.3000 < DOWNGRADE_THRESHOLD=0.4
1624,M044775,downgraded,2,-1.0,0.30000000000000004,quality_score=0.3000 < DOWNGRADE_THRESHOLD=0.4
1625,M091998,downgraded,2,-1.0,0.30000000000000004,quality_score=0.3000 < DOWNGRADE_THRESHOLD=0.4
1731,M028519,downgraded,2,-1.0,0.30000000000000004,quality_score=0.3000 < DOWNGRADE_THRESHOLD=0.4
1731,M071037,downgraded,2,-1.0,0.30000000000000004,quality_score=0.3000 < DOWNGRADE_THRESHOLD=0.4
1740,M053545,downgraded,2,-1.0,0.30000000000000004,quality_score=0.3000 < DOWNGRADE_THRESHOLD=0.4
1767,M084757,quarantined,3,-1.0,0.20000000000000004,retrieval_count=3>=N_MIN=3 and average_utility=-1.0000<=BETA=-0.2
1858,M099641,downgraded,2,-1.0,0.30000000000000004,quality_score=0.3000 < DOWNGRADE_THRESHOLD=0.4
1869,M054156,downgraded,2,-1.0,0.30000000000000004,quality_score=0.3000 < DOWNGRADE_THRESHOLD=0.4
1879,M035480,downgraded,2,-1.0,0.30000000000000004,quality_score=0.3000 < DOWNGRADE_THRESHOLD=0.4
1885,M075600,downgraded,2,-1.0,0.30000000000000004,quality_score=0.3000 < DOWNGRADE_THRESHOLD=0.4
1887,M010515,downgraded,2,-1.0,0.30000000000000004,quality_score=0.3000 < DOWNGRADE_THRESHOLD=0.4
1893,M082724,downgraded,2,-1.0,0.30000000000000004,quality_score=0.3000 < DOWNGRADE_THRESHOLD=0.4
1904,M083474,downgraded,2,-1.0,0.30000000000000004,quality_score=0.3000 < DOWNGRADE_THRESHOLD=0.4
1913,M000160,quarantined,3,-1.0,0.20000000000000004,retrieval_count=3>=N_MIN=3 and average_utility=-1.0000<=BETA=-0.2
1917,M087640,downgraded,2,-1.0,0.30000000000000004,quality_score=0.3000 < DOWNGRADE_THRESHOLD=0.4
1925,M003762,downgraded,2,-1.0,0.30000000000000004,quality_score=0.3000 < DOWNGRADE_THRESHOLD=0.4
1940,M014136,downgraded,2,-1.0,0.30000000000000004,quality_score=0.3000 < DOWNGRADE_THRESHOLD=0.4
1950,M024185,downgraded,2,-1.0,0.30000000000000004,quality_score=0.3000 < DOWNGRADE_THRESHOLD=0.4
1979,M054943,downgraded,2,-1.0,0.30000000000000004,quality_score=0.3000 < DOWNGRADE_THRESHOLD=0.4
2002,M039766,quarantined,3,-1.0,0.20000000000000004,retrieval_count=3>=N_MIN=3 and average_utility=-1.0000<=BETA=-0.2
2019,M019889,downgraded,2,-1.0,0.30000000000000004,quality_score=0.3000 < DOWNGRADE_THRESHOLD=0.4
2033,M024084,downgraded,2,-1.0,0.30000000000000004,quality_score=0.3000 < DOWNGRADE_THRESHOLD=0.4
2040,M084557,downgraded,2,-1.0,0.30000000000000004,quality_score=0.3000 < DOWNGRADE_THRESHOLD=0.4
2042,M079998,downgraded,2,-1.0,0.30000000000000004,quality_score=0.3000 < DOWNGRADE_THRESHOLD=0.4
2049,M046690,downgraded,2,-1.0,0.30000000000000004,quality_score=0.3000 < DOWNGRADE_THRESHOLD=0.4
2061,M056973,downgraded,2,-1.0,0.30000000000000004,quality_score=0.3000 < DOWNGRADE_THRESHOLD=0.4
2066,M051340,downgraded,2,-1.0,0.30000000000000004,quality_score=0.3000 < DOWNGRADE_THRESHOLD=0.4
2069,M082247,downgraded,2,-1.0,0.30000000000000004,quality_score=0.3000 < DOWNGRADE_THRESHOLD=0.4
2091,M029286,downgraded,2,-1.0,0.30000000000000004,quality_score=0.3000 < DOWNGRADE_THRESHOLD=0.4
2108,M015583,downgraded,2,-1.0,0.30000000000000004,quality_score=0.3000 < DOWNGRADE_THRESHOLD=0.4
2117,M038647,downgraded,2,-1.0,0.30000000000000004,quality_score=0.3000 < DOWNGRADE_THRESHOLD=0.4
2124,M014136,quarantined,3,-1.0,0.20000000000000004,retrieval_count=3>=N_MIN=3 and average_utility=-1.0000<=BETA=-0.2
2140,M014010,downgraded,2,-1.0,0.30000000000000004,quality_score=0.3000 < DOWNGRADE_THRESHOLD=0.4
2147,M084257,downgraded,2,-1.0,0.30000000000000004,quality_score=0.3000 < DOWNGRADE_THRESHOLD=0.4
2148,M044521,downgraded,2,-1.0,0.30000000000000004,quality_score=0.3000 < DOWNGRADE_THRESHOLD=0.4
2154,M022050,quarantined,3,-1.0,0.20000000000000004,retrieval_count=3>=N_MIN=3 and average_utility=-1.0000<=BETA=-0.2
2166,M071029,downgraded,2,-1.0,0.30000000000000004,quality_score=0.3000 < DOWNGRADE_THRESHOLD=0.4
2196,M010515,quarantined,3,-1.0,0.20000000000000004,retrieval_count=3>=N_MIN=3 and average_utility=-1.0000<=BETA=-0.2
2204,M037993,downgraded,2,-1.0,0.30000000000000004,quality_score=0.3000 < DOWNGRADE_THRESHOLD=0.4
2236,M037392,downgraded,2,-1.0,0.30000000000000004,quality_score=0.3000 < DOWNGRADE_THRESHOLD=0.4
2247,M013932,downgraded,2,-1.0,0.30000000000000004,quality_score=0.3000 < DOWNGRADE_THRESHOLD=0.4
2250,M092828,downgraded,2,-1.0,0.30000000000000004,quality_score=0.3000 < DOWNGRADE_THRESHOLD=0.4
2266,M016013,downgraded,2,-1.0,0.30000000000000004,quality_score=0.3000 < DOWNGRADE_THRESHOLD=0.4
2268,M006708,downgraded,2,-1.0,0.30000000000000004,quality_score=0.3000 < DOWNGRADE_THRESHOLD=0.4
2274,M009003,downgraded,2,-1.0,0.30000000000000004,quality_score=0.3000 < DOWNGRADE_THRESHOLD=0.4
2293,M073403,downgraded,2,-1.0,0.30000000000000004,quality_score=0.3000 < DOWNGRADE_THRESHOLD=0.4
2310,M003355,downgraded,2,-1.0,0.30000000000000004,quality_score=0.3000 < DOWNGRADE_THRESHOLD=0.4
2325,M024767,downgraded,2,-1.0,0.30000000000000004,quality_score=0.3000 < DOWNGRADE_THRESHOLD=0.4
2332,M032533,downgraded,2,-1.0,0.30000000000000004,quality_score=0.3000 < DOWNGRADE_THRESHOLD=0.4
2332,M020806,downgraded,2,-1.0,0.30000000000000004,quality_score=0.3000 < DOWNGRADE_THRESHOLD=0.4
2348,M079357,downgraded,2,-1.0,0.30000000000000004,quality_score=0.3000 < DOWNGRADE_THRESHOLD=0.4
2351,M020806,quarantined,3,-1.0,0.20000000000000004,retrieval_count=3>=N_MIN=3 and average_utility=-1.0000<=BETA=-0.2
2352,M002529,downgraded,2,-1.0,0.30000000000000004,quality_score=0.3000 < DOWNGRADE_THRESHOLD=0.4
2369,M027595,downgraded,2,-1.0,0.30000000000000004,quality_score=0.3000 < DOWNGRADE_THRESHOLD=0.4
2376,M002507,downgraded,2,-1.0,0.30000000000000004,quality_score=0.3000 < DOWNGRADE_THRESHOLD=0.4
2380,M009499,downgraded,2,-1.0,0.30000000000000004,quality_score=0.3000 < DOWNGRADE_THRESHOLD=0.4
2393,M040753,quarantined,3,-1.0,0.20000000000000004,retrieval_count=3>=N_MIN=3 and average_utility=-1.0000<=BETA=-0.2
2404,M051340,quarantined,3,-1.0,0.20000000000000004,retrieval_count=3>=N_MIN=3 and average_utility=-1.0000<=BETA=-0.2
2414,M085519,downgraded,2,-1.0,0.30000000000000004,quality_score=0.3000 < DOWNGRADE_THRESHOLD=0.4
2438,M006458,downgraded,2,-1.0,0.30000000000000004,quality_score=0.3000 < DOWNGRADE_THRESHOLD=0.4
2440,M030795,downgraded,2,-1.0,0.30000000000000004,quality_score=0.3000 < DOWNGRADE_THRESHOLD=0.4
2480,M042590,downgraded,2,-1.0,0.30000000000000004,quality_score=0.3000 < DOWNGRADE_THRESHOLD=0.4
2484,M032462,downgraded,2,-1.0,0.30000000000000004,quality_score=0.3000 < DOWNGRADE_THRESHOLD=0.4
2499,M076140,downgraded,2,-1.0,0.30000000000000004,quality_score=0.3000 < DOWNGRADE_THRESHOLD=0.4
2512,M055240,downgraded,2,-1.0,0.30000000000000004,quality_score=0.3000 < DOWNGRADE_THRESHOLD=0.4
2552,M082247,quarantined,3,-1.0,0.20000000000000004,retrieval_count=3>=N_MIN=3 and average_utility=-1.0000<=BETA=-0.2
2553,M099713,quarantined,3,-1.0,0.20000000000000004,retrieval_count=3>=N_MIN=3 and average_utility=-1.0000<=BETA=-0.2
2571,M006469,downgraded,2,-1.0,0.30000000000000004,quality_score=0.3000 < DOWNGRADE_THRESHOLD=0.4
2575,M043896,downgraded,2,-1.0,0.30000000000000004,quality_score=0.3000 < DOWNGRADE_THRESHOLD=0.4
2597,M016668,downgraded,2,-1.0,0.30000000000000004,quality_score=0.3000 < DOWNGRADE_THRESHOLD=0.4
2620,M021559,downgraded,2,-1.0,0.30000000000000004,quality_score=0.3000 < DOWNGRADE_THRESHOLD=0.4
2643,M007894,downgraded,2,-1.0,0.30000000000000004,quality_score=0.3000 < DOWNGRADE_THRESHOLD=0.4
2650,M074577,downgraded,2,-1.0,0.30000000000000004,quality_score=0.3000 < DOWNGRADE_THRESHOLD=0.4
2651,M088330,downgraded,2,-1.0,0.30000000000000004,quality_score=0.3000 < DOWNGRADE_THRESHOLD=0.4
2662,M009465,downgraded,2,-1.0,0.30000000000000004,quality_score=0.3000 < DOWNGRADE_THRESHOLD=0.4
2671,M050722,downgraded,2,-1.0,0.30000000000000004,quality_score=0.3000 < DOWNGRADE_THRESHOLD=0.4
2672,M081141,downgraded,2,-1.0,0.30000000000000004,quality_score=0.3000 < DOWNGRADE_THRESHOLD=0.4
2682,M029685,downgraded,2,-1.0,0.30000000000000004,quality_score=0.3000 < DOWNGRADE_THRESHOLD=0.4
2687,M100822,quarantined,3,-1.0,0.20000000000000004,retrieval_count=3>=N_MIN=3 and average_utility=-1.0000<=BETA=-0.2
2700,M009003,quarantined,3,-1.0,0.20000000000000004,retrieval_count=3>=N_MIN=3 and average_utility=-1.0000<=BETA=-0.2
2705,M024762,downgraded,2,-1.0,0.30000000000000004,quality_score=0.3000 < DOWNGRADE_THRESHOLD=0.4
2711,M083683,downgraded,2,-1.0,0.30000000000000004,quality_score=0.3000 < DOWNGRADE_THRESHOLD=0.4
2714,M078804,downgraded,2,-1.0,0.30000000000000004,quality_score=0.3000 < DOWNGRADE_THRESHOLD=0.4
2720,M094739,downgraded,2,-1.0,0.30000000000000004,quality_score=0.3000 < DOWNGRADE_THRESHOLD=0.4
2787,M075083,downgraded,2,-1.0,0.30000000000000004,quality_score=0.3000 < DOWNGRADE_THRESHOLD=0.4
2809,M023668,downgraded,2,-1.0,0.30000000000000004,quality_score=0.3000 < DOWNGRADE_THRESHOLD=0.4
2812,M045528,downgraded,2,-1.0,0.30000000000000004,quality_score=0.3000 < DOWNGRADE_THRESHOLD=0.4
2818,M078500,downgraded,2,-1.0,0.30000000000000004,quality_score=0.3000 < DOWNGRADE_THRESHOLD=0.4
2825,M071574,downgraded,2,-1.0,0.30000000000000004,quality_score=0.3000 < DOWNGRADE_THRESHOLD=0.4
2831,M096952,downgraded,2,-1.0,0.30000000000000004,quality_score=0.3000 < DOWNGRADE_THRESHOLD=0.4
2831,M098054,downgraded,2,-1.0,0.30000000000000004,quality_score=0.3000 < DOWNGRADE_THRESHOLD=0.4
2842,M069685,downgraded,2,-1.0,0.30000000000000004,quality_score=0.3000 < DOWNGRADE_THRESHOLD=0.4
2862,M091886,downgraded,2,-1.0,0.30000000000000004,quality_score=0.3000 < DOWNGRADE_THRESHOLD=0.4
2862,M100101,downgraded,2,-1.0,0.30000000000000004,quality_score=0.3000 < DOWNGRADE_THRESHOLD=0.4
2869,M061063,downgraded,2,-1.0,0.30000000000000004,quality_score=0.3000 < DOWNGRADE_THRESHOLD=0.4
2901,M094535,downgraded,2,-1.0,0.30000000000000004,quality_score=0.3000 < DOWNGRADE_THRESHOLD=0.4
2912,M093588,downgraded,2,-1.0,0.30000000000000004,quality_score=0.3000 < DOWNGRADE_THRESHOLD=0.4
2921,M083683,quarantined,3,-1.0,0.20000000000000004,retrieval_count=3>=N_MIN=3 and average_utility=-1.0000<=BETA=-0.2
2929,M100069,downgraded,2,-1.0,0.30000000000000004,quality_score=0.3000 < DOWNGRADE_THRESHOLD=0.4
2935,M070927,downgraded,2,-1.0,0.30000000000000004,quality_score=0.3000 < DOWNGRADE_THRESHOLD=0.4
2940,M028163,downgraded,2,-1.0,0.30000000000000004,quality_score=0.3000 < DOWNGRADE_THRESHOLD=0.4
2943,M047099,downgraded,2,-1.0,0.30000000000000004,quality_score=0.3000 < DOWNGRADE_THRESHOLD=0.4
2991,M006013,downgraded,2,-1.0,0.30000000000000004,quality_score=0.3000 < DOWNGRADE_THRESHOLD=0.4
3004,M017721,downgraded,2,-1.0,0.30000000000000004,quality_score=0.3000 < DOWNGRADE_THRESHOLD=0.4
3005,M053411,downgraded,2,-1.0,0.30000000000000004,quality_score=0.3000 < DOWNGRADE_THRESHOLD=0.4
3008,M001370,downgraded,2,-1.0,0.30000000000000004,quality_score=0.3000 < DOWNGRADE_THRESHOLD=0.4
3013,M019973,downgraded,2,-1.0,0.30000000000000004,quality_score=0.3000 < DOWNGRADE_THRESHOLD=0.4
3029,M074041,downgraded,2,-1.0,0.30000000000000004,quality_score=0.3000 < DOWNGRADE_THRESHOLD=0.4
3036,M096031,downgraded,2,-1.0,0.30000000000000004,quality_score=0.3000 < DOWNGRADE_THRESHOLD=0.4
3039,M032533,quarantined,3,-1.0,0.20000000000000004,retrieval_count=3>=N_MIN=3 and average_utility=-1.0000<=BETA=-0.2
3054,M022330,downgraded,2,-1.0,0.30000000000000004,quality_score=0.3000 < DOWNGRADE_THRESHOLD=0.4
3062,M002589,downgraded,2,-1.0,0.30000000000000004,quality_score=0.3000 < DOWNGRADE_THRESHOLD=0.4
3082,M043170,downgraded,2,-1.0,0.30000000000000004,quality_score=0.3000 < DOWNGRADE_THRESHOLD=0.4
3090,M033672,quarantined,3,-1.0,0.20000000000000004,retrieval_count=3>=N_MIN=3 and average_utility=-1.0000<=BETA=-0.2
3138,M017334,downgraded,2,-1.0,0.30000000000000004,quality_score=0.3000 < DOWNGRADE_THRESHOLD=0.4
3147,M010021,downgraded,2,-1.0,0.30000000000000004,quality_score=0.3000 < DOWNGRADE_THRESHOLD=0.4
3170,M057599,downgraded,2,-1.0,0.30000000000000004,quality_score=0.3000 < DOWNGRADE_THRESHOLD=0.4
3181,M041855,quarantined,3,-1.0,0.20000000000000004,retrieval_count=3>=N_MIN=3 and average_utility=-1.0000<=BETA=-0.2
3182,M012024,downgraded,2,-1.0,0.30000000000000004,quality_score=0.3000 < DOWNGRADE_THRESHOLD=0.4
3193,M078934,downgraded,2,-1.0,0.30000000000000004,quality_score=0.3000 < DOWNGRADE_THRESHOLD=0.4
3196,M003463,downgraded,2,-1.0,0.30000000000000004,quality_score=0.3000 < DOWNGRADE_THRESHOLD=0.4
3199,M057089,downgraded,2,-1.0,0.30000000000000004,quality_score=0.3000 < DOWNGRADE_THRESHOLD=0.4
3202,M100584,downgraded,2,-1.0,0.30000000000000004,quality_score=0.3000 < DOWNGRADE_THRESHOLD=0.4
3205,M065713,downgraded,2,-1.0,0.30000000000000004,quality_score=0.3000 < DOWNGRADE_THRESHOLD=0.4
3211,M015150,downgraded,2,-1.0,0.30000000000000004,quality_score=0.3000 < DOWNGRADE_THRESHOLD=0.4
3219,M048426,downgraded,2,-1.0,0.30000000000000004,quality_score=0.3000 < DOWNGRADE_THRESHOLD=0.4
3233,M044217,downgraded,2,-1.0,0.30000000000000004,quality_score=0.3000 < DOWNGRADE_THRESHOLD=0.4
3236,M036008,downgraded,2,-1.0,0.30000000000000004,quality_score=0.3000 < DOWNGRADE_THRESHOLD=0.4
3248,M072691,downgraded,2,-1.0,0.30000000000000004,quality_score=0.3000 < DOWNGRADE_THRESHOLD=0.4
3251,M017929,downgraded,2,-1.0,0.30000000000000004,quality_score=0.3000 < DOWNGRADE_THRESHOLD=0.4
3263,M063321,downgraded,2,-1.0,0.30000000000000004,quality_score=0.3000 < DOWNGRADE_THRESHOLD=0.4
3269,M057728,downgraded,2,-1.0,0.30000000000000004,quality_score=0.3000 < DOWNGRADE_THRESHOLD=0.4
3269,M003617,downgraded,2,-1.0,0.30000000000000004,quality_score=0.3000 < DOWNGRADE_THRESHOLD=0.4
3275,M088598,downgraded,2,-1.0,0.30000000000000004,quality_score=0.3000 < DOWNGRADE_THRESHOLD=0.4
3285,M088397,downgraded,2,-1.0,0.30000000000000004,quality_score=0.3000 < DOWNGRADE_THRESHOLD=0.4
3295,M016191,downgraded,2,-1.0,0.30000000000000004,quality_score=0.3000 < DOWNGRADE_THRESHOLD=0.4
3307,M077256,downgraded,2,-1.0,0.30000000000000004,quality_score=0.3000 < DOWNGRADE_THRESHOLD=0.4
3317,M003745,downgraded,2,-1.0,0.30000000000000004,quality_score=0.3000 < DOWNGRADE_THRESHOLD=0.4
3324,M009670,downgraded,2,-1.0,0.30000000000000004,quality_score=0.3000 < DOWNGRADE_THRESHOLD=0.4
3330,M078804,quarantined,3,-1.0,0.20000000000000004,retrieval_count=3>=N_MIN=3 and average_utility=-1.0000<=BETA=-0.2
3333,M023625,downgraded,2,-1.0,0.30000000000000004,quality_score=0.3000 < DOWNGRADE_THRESHOLD=0.4
3340,M024383,downgraded,2,-1.0,0.30000000000000004,quality_score=0.3000 < DOWNGRADE_THRESHOLD=0.4
3349,M071665,downgraded,2,-1.0,0.30000000000000004,quality_score=0.3000 < DOWNGRADE_THRESHOLD=0.4
3368,M013308,downgraded,2,-1.0,0.30000000000000004,quality_score=0.3000 < DOWNGRADE_THRESHOLD=0.4
3400,M005018,downgraded,2,-1.0,0.30000000000000004,quality_score=0.3000 < DOWNGRADE_THRESHOLD=0.4
3405,M027986,downgraded,2,-1.0,0.30000000000000004,quality_score=0.3000 < DOWNGRADE_THRESHOLD=0.4
3422,M034569,downgraded,2,-1.0,0.30000000000000004,quality_score=0.3000 < DOWNGRADE_THRESHOLD=0.4
3438,M090715,downgraded,2,-1.0,0.30000000000000004,quality_score=0.3000 < DOWNGRADE_THRESHOLD=0.4
3444,M048830,downgraded,2,-1.0,0.30000000000000004,quality_score=0.3000 < DOWNGRADE_THRESHOLD=0.4
3445,M018536,downgraded,2,-1.0,0.30000000000000004,quality_score=0.3000 < DOWNGRADE_THRESHOLD=0.4
3447,M023472,downgraded,2,-1.0,0.30000000000000004,quality_score=0.3000 < DOWNGRADE_THRESHOLD=0.4
3447,M015187,downgraded,2,-1.0,0.30000000000000004,quality_score=0.3000 < DOWNGRADE_THRESHOLD=0.4
3461,M075965,downgraded,2,-1.0,0.30000000000000004,quality_score=0.3000 < DOWNGRADE_THRESHOLD=0.4
3469,M041802,downgraded,2,-1.0,0.30000000000000004,quality_score=0.3000 < DOWNGRADE_THRESHOLD=0.4
3478,M034201,downgraded,2,-1.0,0.30000000000000004,quality_score=0.3000 < DOWNGRADE_THRESHOLD=0.4
3506,M006314,downgraded,2,-1.0,0.30000000000000004,quality_score=0.3000 < DOWNGRADE_THRESHOLD=0.4
3513,M092269,downgraded,2,-1.0,0.30000000000000004,quality_score=0.3000 < DOWNGRADE_THRESHOLD=0.4
3524,M073647,downgraded,2,-1.0,0.30000000000000004,quality_score=0.3000 < DOWNGRADE_THRESHOLD=0.4
3547,M030173,downgraded,2,-1.0,0.30000000000000004,quality_score=0.3000 < DOWNGRADE_THRESHOLD=0.4
3547,M030824,downgraded,2,-1.0,0.30000000000000004,quality_score=0.3000 < DOWNGRADE_THRESHOLD=0.4
3553,M071106,downgraded,2,-1.0,0.30000000000000004,quality_score=0.3000 < DOWNGRADE_THRESHOLD=0.4
3560,M043423,downgraded,2,-1.0,0.30000000000000004,quality_score=0.3000 < DOWNGRADE_THRESHOLD=0.4
3568,M079125,downgraded,2,-1.0,0.30000000000000004,quality_score=0.3000 < DOWNGRADE_THRESHOLD=0.4
3576,M080479,downgraded,2,-1.0,0.30000000000000004,quality_score=0.3000 < DOWNGRADE_THRESHOLD=0.4
3578,M091998,quarantined,3,-1.0,0.20000000000000004,retrieval_count=3>=N_MIN=3 and average_utility=-1.0000<=BETA=-0.2
3596,M083750,downgraded,2,-1.0,0.30000000000000004,quality_score=0.3000 < DOWNGRADE_THRESHOLD=0.4
3600,M006927,downgraded,2,-1.0,0.30000000000000004,quality_score=0.3000 < DOWNGRADE_THRESHOLD=0.4
3610,M017334,quarantined,3,-1.0,0.20000000000000004,retrieval_count=3>=N_MIN=3 and average_utility=-1.0000<=BETA=-0.2
3616,M095747,downgraded,2,-1.0,0.30000000000000004,quality_score=0.3000 < DOWNGRADE_THRESHOLD=0.4
3616,M090325,downgraded,2,-1.0,0.30000000000000004,quality_score=0.3000 < DOWNGRADE_THRESHOLD=0.4
3621,M046265,downgraded,2,-1.0,0.30000000000000004,quality_score=0.3000 < DOWNGRADE_THRESHOLD=0.4
3630,M100187,downgraded,2,-1.0,0.30000000000000004,quality_score=0.3000 < DOWNGRADE_THRESHOLD=0.4
3674,M004349,downgraded,2,-1.0,0.30000000000000004,quality_score=0.3000 < DOWNGRADE_THRESHOLD=0.4
3676,M028345,downgraded,2,-1.0,0.30000000000000004,quality_score=0.3000 < DOWNGRADE_THRESHOLD=0.4
3707,M008737,downgraded,2,-1.0,0.30000000000000004,quality_score=0.3000 < DOWNGRADE_THRESHOLD=0.4
3712,M024729,downgraded,2,-1.0,0.30000000000000004,quality_score=0.3000 < DOWNGRADE_THRESHOLD=0.4
3729,M043423,quarantined,3,-1.0,0.20000000000000004,retrieval_count=3>=N_MIN=3 and average_utility=-1.0000<=BETA=-0.2
3732,M094144,downgraded,2,-1.0,0.30000000000000004,quality_score=0.3000 < DOWNGRADE_THRESHOLD=0.4
3734,M027620,downgraded,2,-1.0,0.30000000000000004,quality_score=0.3000 < DOWNGRADE_THRESHOLD=0.4
3746,M086253,downgraded,2,-1.0,0.30000000000000004,quality_score=0.3000 < DOWNGRADE_THRESHOLD=0.4
3758,M021585,downgraded,2,-1.0,0.30000000000000004,quality_score=0.3000 < DOWNGRADE_THRESHOLD=0.4
3768,M073403,quarantined,3,-1.0,0.20000000000000004,retrieval_count=3>=N_MIN=3 and average_utility=-1.0000<=BETA=-0.2
3770,M099643,downgraded,2,-1.0,0.30000000000000004,quality_score=0.3000 < DOWNGRADE_THRESHOLD=0.4
3776,M037993,quarantined,3,-1.0,0.20000000000000004,retrieval_count=3>=N_MIN=3 and average_utility=-1.0000<=BETA=-0.2
3779,M049741,downgraded,2,-1.0,0.30000000000000004,quality_score=0.3000 < DOWNGRADE_THRESHOLD=0.4
3787,M094535,quarantined,3,-1.0,0.20000000000000004,retrieval_count=3>=N_MIN=3 and average_utility=-1.0000<=BETA=-0.2
3795,M007992,downgraded,2,-1.0,0.30000000000000004,quality_score=0.3000 < DOWNGRADE_THRESHOLD=0.4
3809,M075088,downgraded,2,-1.0,0.30000000000000004,quality_score=0.3000 < DOWNGRADE_THRESHOLD=0.4
3812,M092400,downgraded,2,-1.0,0.30000000000000004,quality_score=0.3000 < DOWNGRADE_THRESHOLD=0.4
3818,M059192,downgraded,2,-1.0,0.30000000000000004,quality_score=0.3000 < DOWNGRADE_THRESHOLD=0.4
3833,M045002,downgraded,2,-1.0,0.30000000000000004,quality_score=0.3000 < DOWNGRADE_THRESHOLD=0.4
3854,M088331,downgraded,2,-1.0,0.30000000000000004,quality_score=0.3000 < DOWNGRADE_THRESHOLD=0.4
3859,M097186,downgraded,2,-1.0,0.30000000000000004,quality_score=0.3000 < DOWNGRADE_THRESHOLD=0.4
3871,M092828,quarantined,3,-1.0,0.20000000000000004,retrieval_count=3>=N_MIN=3 and average_utility=-1.0000<=BETA=-0.2
3873,M086373,downgraded,2,-1.0,0.30000000000000004,quality_score=0.3000 < DOWNGRADE_THRESHOLD=0.4
3878,M083869,downgraded,2,-1.0,0.30000000000000004,quality_score=0.3000 < DOWNGRADE_THRESHOLD=0.4
3889,M085856,downgraded,2,-1.0,0.30000000000000004,quality_score=0.3000 < DOWNGRADE_THRESHOLD=0.4
3892,M007894,quarantined,3,-1.0,0.20000000000000004,retrieval_count=3>=N_MIN=3 and average_utility=-1.0000<=BETA=-0.2
3914,M035054,downgraded,2,-1.0,0.30000000000000004,quality_score=0.3000 < DOWNGRADE_THRESHOLD=0.4
3915,M091349,downgraded,2,-1.0,0.30000000000000004,quality_score=0.3000 < DOWNGRADE_THRESHOLD=0.4
3940,M048662,downgraded,2,-1.0,0.30000000000000004,quality_score=0.3000 < DOWNGRADE_THRESHOLD=0.4
3954,M046601,downgraded,2,-1.0,0.30000000000000004,quality_score=0.3000 < DOWNGRADE_THRESHOLD=0.4
3972,M057122,downgraded,2,-1.0,0.30000000000000004,quality_score=0.3000 < DOWNGRADE_THRESHOLD=0.4
3972,M086844,downgraded,2,-1.0,0.30000000000000004,quality_score=0.3000 < DOWNGRADE_THRESHOLD=0.4
3976,M024337,downgraded,2,-1.0,0.30000000000000004,quality_score=0.3000 < DOWNGRADE_THRESHOLD=0.4
3985,M048731,downgraded,2,-1.0,0.30000000000000004,quality_score=0.3000 < DOWNGRADE_THRESHOLD=0.4
3985,M070889,downgraded,2,-1.0,0.30000000000000004,quality_score=0.3000 < DOWNGRADE_THRESHOLD=0.4
3988,M056777,downgraded,2,-1.0,0.30000000000000004,quality_score=0.3000 < DOWNGRADE_THRESHOLD=0.4
3988,M070625,downgraded,2,-1.0,0.30000000000000004,quality_score=0.3000 < DOWNGRADE_THRESHOLD=0.4
3989,M015755,downgraded,2,-1.0,0.30000000000000004,quality_score=0.3000 < DOWNGRADE_THRESHOLD=0.4
3996,M043574,downgraded,2,-1.0,0.30000000000000004,quality_score=0.3000 < DOWNGRADE_THRESHOLD=0.4
4005,M002251,downgraded,2,-1.0,0.30000000000000004,quality_score=0.3000 < DOWNGRADE_THRESHOLD=0.4
4016,M029524,downgraded,2,-1.0,0.30000000000000004,quality_score=0.3000 < DOWNGRADE_THRESHOLD=0.4
4021,M090325,quarantined,3,-1.0,0.20000000000000004,retrieval_count=3>=N_MIN=3 and average_utility=-1.0000<=BETA=-0.2
4021,M095747,quarantined,3,-1.0,0.20000000000000004,retrieval_count=3>=N_MIN=3 and average_utility=-1.0000<=BETA=-0.2
4032,M040210,downgraded,2,-1.0,0.30000000000000004,quality_score=0.3000 < DOWNGRADE_THRESHOLD=0.4
4035,M060743,downgraded,2,-1.0,0.30000000000000004,quality_score=0.3000 < DOWNGRADE_THRESHOLD=0.4
4036,M058779,downgraded,2,-1.0,0.30000000000000004,quality_score=0.3000 < DOWNGRADE_THRESHOLD=0.4
4042,M067556,downgraded,2,-1.0,0.30000000000000004,quality_score=0.3000 < DOWNGRADE_THRESHOLD=0.4
4045,M023835,downgraded,2,-1.0,0.30000000000000004,quality_score=0.3000 < DOWNGRADE_THRESHOLD=0.4
4048,M020260,downgraded,2,-1.0,0.30000000000000004,quality_score=0.3000 < DOWNGRADE_THRESHOLD=0.4
4048,M009454,downgraded,2,-1.0,0.30000000000000004,quality_score=0.3000 < DOWNGRADE_THRESHOLD=0.4
4065,M065923,downgraded,2,-1.0,0.30000000000000004,quality_score=0.3000 < DOWNGRADE_THRESHOLD=0.4
4065,M085086,downgraded,2,-1.0,0.30000000000000004,quality_score=0.3000 < DOWNGRADE_THRESHOLD=0.4
4077,M001329,downgraded,2,-1.0,0.30000000000000004,quality_score=0.3000 < DOWNGRADE_THRESHOLD=0.4
4085,M079584,downgraded,2,-1.0,0.30000000000000004,quality_score=0.3000 < DOWNGRADE_THRESHOLD=0.4
4097,M029568,downgraded,2,-1.0,0.30000000000000004,quality_score=0.3000 < DOWNGRADE_THRESHOLD=0.4
4098,M056092,downgraded,2,-1.0,0.30000000000000004,quality_score=0.3000 < DOWNGRADE_THRESHOLD=0.4
4106,M101535,downgraded,2,-1.0,0.30000000000000004,quality_score=0.3000 < DOWNGRADE_THRESHOLD=0.4
4107,M008173,downgraded,2,-1.0,0.30000000000000004,quality_score=0.3000 < DOWNGRADE_THRESHOLD=0.4
4109,M024185,quarantined,3,-1.0,0.20000000000000004,retrieval_count=3>=N_MIN=3 and average_utility=-1.0000<=BETA=-0.2
4111,M079356,downgraded,2,-1.0,0.30000000000000004,quality_score=0.3000 < DOWNGRADE_THRESHOLD=0.4
4113,M035511,downgraded,2,-1.0,0.30000000000000004,quality_score=0.3000 < DOWNGRADE_THRESHOLD=0.4
4115,M044849,downgraded,2,-1.0,0.30000000000000004,quality_score=0.3000 < DOWNGRADE_THRESHOLD=0.4
4130,M037379,downgraded,2,-1.0,0.30000000000000004,quality_score=0.3000 < DOWNGRADE_THRESHOLD=0.4
4132,M066218,downgraded,2,-1.0,0.30000000000000004,quality_score=0.3000 < DOWNGRADE_THRESHOLD=0.4
4148,M040690,downgraded,2,-1.0,0.30000000000000004,quality_score=0.3000 < DOWNGRADE_THRESHOLD=0.4
4180,M054935,downgraded,2,-1.0,0.30000000000000004,quality_score=0.3000 < DOWNGRADE_THRESHOLD=0.4
4195,M024040,downgraded,2,-1.0,0.30000000000000004,quality_score=0.3000 < DOWNGRADE_THRESHOLD=0.4
4201,M015187,quarantined,3,-1.0,0.20000000000000004,retrieval_count=3>=N_MIN=3 and average_utility=-1.0000<=BETA=-0.2
4208,M094739,quarantined,3,-1.0,0.20000000000000004,retrieval_count=3>=N_MIN=3 and average_utility=-1.0000<=BETA=-0.2
4213,M059645,downgraded,2,-1.0,0.30000000000000004,quality_score=0.3000 < DOWNGRADE_THRESHOLD=0.4
4213,M062172,downgraded,2,-1.0,0.30000000000000004,quality_score=0.3000 < DOWNGRADE_THRESHOLD=0.4
4214,M015750,downgraded,2,-1.0,0.30000000000000004,quality_score=0.3000 < DOWNGRADE_THRESHOLD=0.4
4217,M084020,downgraded,2,-1.0,0.30000000000000004,quality_score=0.3000 < DOWNGRADE_THRESHOLD=0.4
4224,M086276,downgraded,2,-1.0,0.30000000000000004,quality_score=0.3000 < DOWNGRADE_THRESHOLD=0.4
4237,M021230,downgraded,2,-1.0,0.30000000000000004,quality_score=0.3000 < DOWNGRADE_THRESHOLD=0.4
4244,M072414,downgraded,2,-1.0,0.30000000000000004,quality_score=0.3000 < DOWNGRADE_THRESHOLD=0.4
4248,M012793,downgraded,2,-1.0,0.30000000000000004,quality_score=0.3000 < DOWNGRADE_THRESHOLD=0.4
4257,M030177,downgraded,2,-1.0,0.30000000000000004,quality_score=0.3000 < DOWNGRADE_THRESHOLD=0.4
4266,M018548,downgraded,2,-1.0,0.30000000000000004,quality_score=0.3000 < DOWNGRADE_THRESHOLD=0.4
4267,M039693,downgraded,2,-1.0,0.30000000000000004,quality_score=0.3000 < DOWNGRADE_THRESHOLD=0.4
4269,M015415,downgraded,2,-1.0,0.30000000000000004,quality_score=0.3000 < DOWNGRADE_THRESHOLD=0.4
4281,M101210,downgraded,2,-1.0,0.30000000000000004,quality_score=0.3000 < DOWNGRADE_THRESHOLD=0.4
4282,M057019,downgraded,2,-1.0,0.30000000000000004,quality_score=0.3000 < DOWNGRADE_THRESHOLD=0.4
4298,M051349,downgraded,2,-1.0,0.30000000000000004,quality_score=0.3000 < DOWNGRADE_THRESHOLD=0.4
4300,M096680,downgraded,2,-1.0,0.30000000000000004,quality_score=0.3000 < DOWNGRADE_THRESHOLD=0.4
4330,M069417,downgraded,2,-1.0,0.30000000000000004,quality_score=0.3000 < DOWNGRADE_THRESHOLD=0.4
4334,M042692,downgraded,2,-1.0,0.30000000000000004,quality_score=0.3000 < DOWNGRADE_THRESHOLD=0.4
4344,M024300,downgraded,2,-1.0,0.30000000000000004,quality_score=0.3000 < DOWNGRADE_THRESHOLD=0.4
4366,M052558,downgraded,2,-1.0,0.30000000000000004,quality_score=0.3000 < DOWNGRADE_THRESHOLD=0.4
4398,M077917,downgraded,2,-1.0,0.30000000000000004,quality_score=0.3000 < DOWNGRADE_THRESHOLD=0.4
4400,M046921,downgraded,2,-1.0,0.30000000000000004,quality_score=0.3000 < DOWNGRADE_THRESHOLD=0.4
4406,M085992,downgraded,2,-1.0,0.30000000000000004,quality_score=0.3000 < DOWNGRADE_THRESHOLD=0.4
4413,M017721,quarantined,3,-1.0,0.20000000000000004,retrieval_count=3>=N_MIN=3 and average_utility=-1.0000<=BETA=-0.2
4426,M039263,downgraded,2,-1.0,0.30000000000000004,quality_score=0.3000 < DOWNGRADE_THRESHOLD=0.4
4426,M043452,downgraded,2,-1.0,0.30000000000000004,quality_score=0.3000 < DOWNGRADE_THRESHOLD=0.4
4430,M073286,downgraded,2,-1.0,0.30000000000000004,quality_score=0.3000 < DOWNGRADE_THRESHOLD=0.4
4441,M085030,downgraded,2,-1.0,0.30000000000000004,quality_score=0.3000 < DOWNGRADE_THRESHOLD=0.4
4441,M091777,downgraded,2,-1.0,0.30000000000000004,quality_score=0.3000 < DOWNGRADE_THRESHOLD=0.4
4445,M004915,downgraded,2,-1.0,0.30000000000000004,quality_score=0.3000 < DOWNGRADE_THRESHOLD=0.4
4457,M022576,downgraded,2,-1.0,0.30000000000000004,quality_score=0.3000 < DOWNGRADE_THRESHOLD=0.4
4457,M032106,downgraded,2,-1.0,0.30000000000000004,quality_score=0.3000 < DOWNGRADE_THRESHOLD=0.4
4458,M045877,downgraded,2,-1.0,0.30000000000000004,quality_score=0.3000 < DOWNGRADE_THRESHOLD=0.4
4465,M045678,downgraded,2,-1.0,0.30000000000000004,quality_score=0.3000 < DOWNGRADE_THRESHOLD=0.4
4468,M043896,quarantined,3,-1.0,0.20000000000000004,retrieval_count=3>=N_MIN=3 and average_utility=-1.0000<=BETA=-0.2
4486,M096335,downgraded,2,-1.0,0.30000000000000004,quality_score=0.3000 < DOWNGRADE_THRESHOLD=0.4
4491,M049991,downgraded,2,-1.0,0.30000000000000004,quality_score=0.3000 < DOWNGRADE_THRESHOLD=0.4
4501,M069197,downgraded,2,-1.0,0.30000000000000004,quality_score=0.3000 < DOWNGRADE_THRESHOLD=0.4
4506,M045707,downgraded,2,-1.0,0.30000000000000004,quality_score=0.3000 < DOWNGRADE_THRESHOLD=0.4
4506,M055541,downgraded,2,-1.0,0.30000000000000004,quality_score=0.3000 < DOWNGRADE_THRESHOLD=0.4
4523,M024452,downgraded,2,-1.0,0.30000000000000004,quality_score=0.3000 < DOWNGRADE_THRESHOLD=0.4
4533,M080916,quarantined,3,-1.0,0.20000000000000004,retrieval_count=3>=N_MIN=3 and average_utility=-1.0000<=BETA=-0.2
4540,M039702,downgraded,2,-1.0,0.30000000000000004,quality_score=0.3000 < DOWNGRADE_THRESHOLD=0.4
4556,M013282,downgraded,2,-1.0,0.30000000000000004,quality_score=0.3000 < DOWNGRADE_THRESHOLD=0.4
4559,M031651,downgraded,2,-1.0,0.30000000000000004,quality_score=0.3000 < DOWNGRADE_THRESHOLD=0.4
4574,M043022,downgraded,2,-1.0,0.30000000000000004,quality_score=0.3000 < DOWNGRADE_THRESHOLD=0.4
4576,M051524,downgraded,2,-1.0,0.30000000000000004,quality_score=0.3000 < DOWNGRADE_THRESHOLD=0.4
4576,M050555,downgraded,2,-1.0,0.30000000000000004,quality_score=0.3000 < DOWNGRADE_THRESHOLD=0.4
4588,M056602,downgraded,2,-1.0,0.30000000000000004,quality_score=0.3000 < DOWNGRADE_THRESHOLD=0.4
4591,M092599,downgraded,2,-1.0,0.30000000000000004,quality_score=0.3000 < DOWNGRADE_THRESHOLD=0.4
4595,M009465,quarantined,3,-1.0,0.20000000000000004,retrieval_count=3>=N_MIN=3 and average_utility=-1.0000<=BETA=-0.2
4605,M073647,quarantined,3,-1.0,0.20000000000000004,retrieval_count=3>=N_MIN=3 and average_utility=-1.0000<=BETA=-0.2
4611,M024729,quarantined,3,-1.0,0.20000000000000004,retrieval_count=3>=N_MIN=3 and average_utility=-1.0000<=BETA=-0.2
4622,M088330,quarantined,3,-1.0,0.20000000000000004,retrieval_count=3>=N_MIN=3 and average_utility=-1.0000<=BETA=-0.2
4624,M006303,downgraded,2,-1.0,0.30000000000000004,quality_score=0.3000 < DOWNGRADE_THRESHOLD=0.4
4651,M078579,downgraded,2,-1.0,0.30000000000000004,quality_score=0.3000 < DOWNGRADE_THRESHOLD=0.4
4665,M081141,quarantined,3,-1.0,0.20000000000000004,retrieval_count=3>=N_MIN=3 and average_utility=-1.0000<=BETA=-0.2
4684,M073700,downgraded,2,-1.0,0.30000000000000004,quality_score=0.3000 < DOWNGRADE_THRESHOLD=0.4
4685,M040647,downgraded,2,-1.0,0.30000000000000004,quality_score=0.3000 < DOWNGRADE_THRESHOLD=0.4
4693,M049731,downgraded,2,-1.0,0.30000000000000004,quality_score=0.3000 < DOWNGRADE_THRESHOLD=0.4
4705,M075389,downgraded,2,-1.0,0.30000000000000004,quality_score=0.3000 < DOWNGRADE_THRESHOLD=0.4
4712,M022168,downgraded,2,-1.0,0.30000000000000004,quality_score=0.3000 < DOWNGRADE_THRESHOLD=0.4
4716,M023848,downgraded,2,-1.0,0.30000000000000004,quality_score=0.3000 < DOWNGRADE_THRESHOLD=0.4
4736,M022525,downgraded,2,-1.0,0.30000000000000004,quality_score=0.3000 < DOWNGRADE_THRESHOLD=0.4
4738,M081200,downgraded,2,-1.0,0.30000000000000004,quality_score=0.3000 < DOWNGRADE_THRESHOLD=0.4
4740,M005181,downgraded,2,-1.0,0.30000000000000004,quality_score=0.3000 < DOWNGRADE_THRESHOLD=0.4
4740,M061680,downgraded,2,-1.0,0.30000000000000004,quality_score=0.3000 < DOWNGRADE_THRESHOLD=0.4
4743,M035511,quarantined,3,-1.0,0.20000000000000004,retrieval_count=3>=N_MIN=3 and average_utility=-1.0000<=BETA=-0.2
4743,M061063,quarantined,3,-1.0,0.20000000000000004,retrieval_count=3>=N_MIN=3 and average_utility=-1.0000<=BETA=-0.2
4753,M098862,downgraded,2,-1.0,0.30000000000000004,quality_score=0.3000 < DOWNGRADE_THRESHOLD=0.4
4761,M093340,downgraded,2,-1.0,0.30000000000000004,quality_score=0.3000 < DOWNGRADE_THRESHOLD=0.4
4768,M055241,downgraded,2,-1.0,0.30000000000000004,quality_score=0.3000 < DOWNGRADE_THRESHOLD=0.4
4773,M048969,downgraded,2,-1.0,0.30000000000000004,quality_score=0.3000 < DOWNGRADE_THRESHOLD=0.4
4773,M044312,downgraded,2,-1.0,0.30000000000000004,quality_score=0.3000 < DOWNGRADE_THRESHOLD=0.4
4775,M023349,downgraded,2,-1.0,0.30000000000000004,quality_score=0.3000 < DOWNGRADE_THRESHOLD=0.4
4786,M026292,downgraded,2,-1.0,0.30000000000000004,quality_score=0.3000 < DOWNGRADE_THRESHOLD=0.4
4797,M008534,downgraded,2,-1.0,0.30000000000000004,quality_score=0.3000 < DOWNGRADE_THRESHOLD=0.4
4820,M096952,quarantined,3,-1.0,0.20000000000000004,retrieval_count=3>=N_MIN=3 and average_utility=-1.0000<=BETA=-0.2
4831,M018536,quarantined,3,-1.0,0.20000000000000004,retrieval_count=3>=N_MIN=3 and average_utility=-1.0000<=BETA=-0.2
4837,M015727,downgraded,2,-1.0,0.30000000000000004,quality_score=0.3000 < DOWNGRADE_THRESHOLD=0.4
4846,M050419,downgraded,2,-1.0,0.30000000000000004,quality_score=0.3000 < DOWNGRADE_THRESHOLD=0.4
4852,M006985,downgraded,2,-1.0,0.30000000000000004,quality_score=0.3000 < DOWNGRADE_THRESHOLD=0.4
4862,M026319,downgraded,2,-1.0,0.30000000000000004,quality_score=0.3000 < DOWNGRADE_THRESHOLD=0.4
4863,M023668,quarantined,3,-1.0,0.20000000000000004,retrieval_count=3>=N_MIN=3 and average_utility=-1.0000<=BETA=-0.2
4863,M100187,quarantined,3,-1.0,0.20000000000000004,retrieval_count=3>=N_MIN=3 and average_utility=-1.0000<=BETA=-0.2
4864,M094496,downgraded,2,-1.0,0.30000000000000004,quality_score=0.3000 < DOWNGRADE_THRESHOLD=0.4
4864,M063568,downgraded,2,-1.0,0.30000000000000004,quality_score=0.3000 < DOWNGRADE_THRESHOLD=0.4
4866,M024635,downgraded,2,-1.0,0.30000000000000004,quality_score=0.3000 < DOWNGRADE_THRESHOLD=0.4
4870,M022566,downgraded,2,-1.0,0.30000000000000004,quality_score=0.3000 < DOWNGRADE_THRESHOLD=0.4
4870,M096810,downgraded,2,-1.0,0.30000000000000004,quality_score=0.3000 < DOWNGRADE_THRESHOLD=0.4
4883,M030157,downgraded,2,-1.0,0.30000000000000004,quality_score=0.3000 < DOWNGRADE_THRESHOLD=0.4
4884,M032591,downgraded,2,-1.0,0.30000000000000004,quality_score=0.3000 < DOWNGRADE_THRESHOLD=0.4
4892,M030493,downgraded,2,-1.0,0.30000000000000004,quality_score=0.3000 < DOWNGRADE_THRESHOLD=0.4
4907,M059139,downgraded,2,-1.0,0.30000000000000004,quality_score=0.3000 < DOWNGRADE_THRESHOLD=0.4
4908,M074097,downgraded,2,-1.0,0.30000000000000004,quality_score=0.3000 < DOWNGRADE_THRESHOLD=0.4
4908,M064468,downgraded,2,-1.0,0.30000000000000004,quality_score=0.3000 < DOWNGRADE_THRESHOLD=0.4
4922,M050555,quarantined,3,-1.0,0.20000000000000004,retrieval_count=3>=N_MIN=3 and average_utility=-1.0000<=BETA=-0.2
4922,M089316,downgraded,2,-1.0,0.30000000000000004,quality_score=0.3000 < DOWNGRADE_THRESHOLD=0.4
4938,M065537,downgraded,2,-1.0,0.30000000000000004,quality_score=0.3000 < DOWNGRADE_THRESHOLD=0.4
4946,M032105,downgraded,2,-1.0,0.30000000000000004,quality_score=0.3000 < DOWNGRADE_THRESHOLD=0.4
4948,M011598,downgraded,2,-1.0,0.30000000000000004,quality_score=0.3000 < DOWNGRADE_THRESHOLD=0.4
4961,M046746,downgraded,2,-1.0,0.30000000000000004,quality_score=0.3000 < DOWNGRADE_THRESHOLD=0.4
4977,M037477,downgraded,2,-1.0,0.30000000000000004,quality_score=0.3000 < DOWNGRADE_THRESHOLD=0.4
5001,M073120,downgraded,2,-1.0,0.30000000000000004,quality_score=0.3000 < DOWNGRADE_THRESHOLD=0.4
5007,M071839,downgraded,2,-1.0,0.30000000000000004,quality_score=0.3000 < DOWNGRADE_THRESHOLD=0.4
5009,M086993,downgraded,2,-1.0,0.30000000000000004,quality_score=0.3000 < DOWNGRADE_THRESHOLD=0.4
5022,M022002,downgraded,2,-1.0,0.30000000000000004,quality_score=0.3000 < DOWNGRADE_THRESHOLD=0.4
5028,M096539,downgraded,2,-1.0,0.30000000000000004,quality_score=0.3000 < DOWNGRADE_THRESHOLD=0.4
5029,M076172,downgraded,2,-1.0,0.30000000000000004,quality_score=0.3000 < DOWNGRADE_THRESHOLD=0.4
5039,M044818,downgraded,2,-1.0,0.30000000000000004,quality_score=0.3000 < DOWNGRADE_THRESHOLD=0.4
5050,M008737,quarantined,3,-1.0,0.20000000000000004,retrieval_count=3>=N_MIN=3 and average_utility=-1.0000<=BETA=-0.2
5051,M017708,downgraded,2,-1.0,0.30000000000000004,quality_score=0.3000 < DOWNGRADE_THRESHOLD=0.4
5052,M098501,downgraded,2,-1.0,0.30000000000000004,quality_score=0.3000 < DOWNGRADE_THRESHOLD=0.4
5063,M001147,downgraded,2,-1.0,0.30000000000000004,quality_score=0.3000 < DOWNGRADE_THRESHOLD=0.4
5064,M080156,downgraded,2,-1.0,0.30000000000000004,quality_score=0.3000 < DOWNGRADE_THRESHOLD=0.4
5064,M081090,downgraded,2,-1.0,0.30000000000000004,quality_score=0.3000 < DOWNGRADE_THRESHOLD=0.4
5064,M045392,downgraded,2,-1.0,0.30000000000000004,quality_score=0.3000 < DOWNGRADE_THRESHOLD=0.4
5070,M031646,downgraded,2,-1.0,0.30000000000000004,quality_score=0.3000 < DOWNGRADE_THRESHOLD=0.4
5070,M041599,downgraded,2,-1.0,0.30000000000000004,quality_score=0.3000 < DOWNGRADE_THRESHOLD=0.4
5078,M009475,downgraded,2,-1.0,0.30000000000000004,quality_score=0.3000 < DOWNGRADE_THRESHOLD=0.4
5079,M080649,downgraded,2,-1.0,0.30000000000000004,quality_score=0.3000 < DOWNGRADE_THRESHOLD=0.4
5079,M083869,quarantined,3,-1.0,0.20000000000000004,retrieval_count=3>=N_MIN=3 and average_utility=-1.0000<=BETA=-0.2
5092,M051919,downgraded,2,-1.0,0.30000000000000004,quality_score=0.3000 < DOWNGRADE_THRESHOLD=0.4
5104,M009234,downgraded,2,-1.0,0.30000000000000004,quality_score=0.3000 < DOWNGRADE_THRESHOLD=0.4
5108,M051724,downgraded,2,-1.0,0.30000000000000004,quality_score=0.3000 < DOWNGRADE_THRESHOLD=0.4
5113,M008845,downgraded,2,-1.0,0.30000000000000004,quality_score=0.3000 < DOWNGRADE_THRESHOLD=0.4
5119,M072556,downgraded,2,-1.0,0.30000000000000004,quality_score=0.3000 < DOWNGRADE_THRESHOLD=0.4
5131,M022603,downgraded,2,-1.0,0.30000000000000004,quality_score=0.3000 < DOWNGRADE_THRESHOLD=0.4
5135,M077548,downgraded,2,-1.0,0.30000000000000004,quality_score=0.3000 < DOWNGRADE_THRESHOLD=0.4
5144,M009454,quarantined,3,-1.0,0.20000000000000004,retrieval_count=3>=N_MIN=3 and average_utility=-1.0000<=BETA=-0.2
5146,M033144,downgraded,2,-1.0,0.30000000000000004,quality_score=0.3000 < DOWNGRADE_THRESHOLD=0.4
5148,M091981,downgraded,2,-1.0,0.30000000000000004,quality_score=0.3000 < DOWNGRADE_THRESHOLD=0.4
5149,M059633,downgraded,2,-1.0,0.30000000000000004,quality_score=0.3000 < DOWNGRADE_THRESHOLD=0.4
5157,M067667,downgraded,2,-1.0,0.30000000000000004,quality_score=0.3000 < DOWNGRADE_THRESHOLD=0.4
5170,M010574,downgraded,2,-1.0,0.30000000000000004,quality_score=0.3000 < DOWNGRADE_THRESHOLD=0.4
5170,M058809,downgraded,2,-1.0,0.30000000000000004,quality_score=0.3000 < DOWNGRADE_THRESHOLD=0.4
5175,M034553,downgraded,2,-1.0,0.30000000000000004,quality_score=0.3000 < DOWNGRADE_THRESHOLD=0.4
5178,M025353,quarantined,3,-1.0,0.20000000000000004,retrieval_count=3>=N_MIN=3 and average_utility=-1.0000<=BETA=-0.2
5195,M070268,downgraded,2,-1.0,0.30000000000000004,quality_score=0.3000 < DOWNGRADE_THRESHOLD=0.4
5209,M098862,quarantined,3,-1.0,0.20000000000000004,retrieval_count=3>=N_MIN=3 and average_utility=-1.0000<=BETA=-0.2
5212,M086373,quarantined,3,-1.0,0.20000000000000004,retrieval_count=3>=N_MIN=3 and average_utility=-1.0000<=BETA=-0.2
5220,M019355,downgraded,2,-1.0,0.30000000000000004,quality_score=0.3000 < DOWNGRADE_THRESHOLD=0.4
5220,M017320,downgraded,2,-1.0,0.30000000000000004,quality_score=0.3000 < DOWNGRADE_THRESHOLD=0.4
5227,M039608,downgraded,2,-1.0,0.30000000000000004,quality_score=0.3000 < DOWNGRADE_THRESHOLD=0.4
5236,M088457,downgraded,2,-1.0,0.30000000000000004,quality_score=0.3000 < DOWNGRADE_THRESHOLD=0.4
5251,M046843,downgraded,2,-1.0,0.30000000000000004,quality_score=0.3000 < DOWNGRADE_THRESHOLD=0.4
5265,M091981,quarantined,3,-1.0,0.20000000000000004,retrieval_count=3>=N_MIN=3 and average_utility=-1.0000<=BETA=-0.2
5265,M089904,downgraded,2,-1.0,0.30000000000000004,quality_score=0.3000 < DOWNGRADE_THRESHOLD=0.4
5270,M097019,downgraded,2,-1.0,0.30000000000000004,quality_score=0.3000 < DOWNGRADE_THRESHOLD=0.4
5275,M010363,downgraded,2,-1.0,0.30000000000000004,quality_score=0.3000 < DOWNGRADE_THRESHOLD=0.4
5293,M034637,downgraded,2,-1.0,0.30000000000000004,quality_score=0.3000 < DOWNGRADE_THRESHOLD=0.4
5294,M057746,downgraded,2,-1.0,0.30000000000000004,quality_score=0.3000 < DOWNGRADE_THRESHOLD=0.4
5298,M022973,downgraded,2,-1.0,0.30000000000000004,quality_score=0.3000 < DOWNGRADE_THRESHOLD=0.4
5298,M046843,quarantined,3,-1.0,0.20000000000000004,retrieval_count=3>=N_MIN=3 and average_utility=-1.0000<=BETA=-0.2
5320,M080099,downgraded,2,-1.0,0.30000000000000004,quality_score=0.3000 < DOWNGRADE_THRESHOLD=0.4
5322,M018607,downgraded,2,-1.0,0.30000000000000004,quality_score=0.3000 < DOWNGRADE_THRESHOLD=0.4
5323,M023774,downgraded,2,-1.0,0.30000000000000004,quality_score=0.3000 < DOWNGRADE_THRESHOLD=0.4
5330,M034285,downgraded,2,-1.0,0.30000000000000004,quality_score=0.3000 < DOWNGRADE_THRESHOLD=0.4
5337,M043291,downgraded,2,-1.0,0.30000000000000004,quality_score=0.3000 < DOWNGRADE_THRESHOLD=0.4
5351,M034553,quarantined,3,-1.0,0.20000000000000004,retrieval_count=3>=N_MIN=3 and average_utility=-1.0000<=BETA=-0.2
5368,M082683,downgraded,2,-1.0,0.30000000000000004,quality_score=0.3000 < DOWNGRADE_THRESHOLD=0.4
5369,M080477,downgraded,2,-1.0,0.30000000000000004,quality_score=0.3000 < DOWNGRADE_THRESHOLD=0.4
5381,M048282,downgraded,2,-1.0,0.30000000000000004,quality_score=0.3000 < DOWNGRADE_THRESHOLD=0.4
5407,M032854,downgraded,2,-1.0,0.30000000000000004,quality_score=0.3000 < DOWNGRADE_THRESHOLD=0.4
5408,M013139,downgraded,2,-1.0,0.30000000000000004,quality_score=0.3000 < DOWNGRADE_THRESHOLD=0.4
5410,M050891,quarantined,3,-1.0,0.20000000000000004,retrieval_count=3>=N_MIN=3 and average_utility=-1.0000<=BETA=-0.2
5412,M077097,downgraded,2,-1.0,0.30000000000000004,quality_score=0.3000 < DOWNGRADE_THRESHOLD=0.4
5420,M023848,quarantined,3,-1.0,0.20000000000000004,retrieval_count=3>=N_MIN=3 and average_utility=-1.0000<=BETA=-0.2
5421,M045149,downgraded,2,-1.0,0.30000000000000004,quality_score=0.3000 < DOWNGRADE_THRESHOLD=0.4
5427,M087792,downgraded,2,-1.0,0.30000000000000004,quality_score=0.3000 < DOWNGRADE_THRESHOLD=0.4
5442,M027986,quarantined,3,-1.0,0.20000000000000004,retrieval_count=3>=N_MIN=3 and average_utility=-1.0000<=BETA=-0.2
5457,M067759,downgraded,2,-1.0,0.30000000000000004,quality_score=0.3000 < DOWNGRADE_THRESHOLD=0.4
5463,M079396,downgraded,2,-1.0,0.30000000000000004,quality_score=0.3000 < DOWNGRADE_THRESHOLD=0.4
5466,M040852,downgraded,2,-1.0,0.30000000000000004,quality_score=0.3000 < DOWNGRADE_THRESHOLD=0.4
5469,M042123,downgraded,2,-1.0,0.30000000000000004,quality_score=0.3000 < DOWNGRADE_THRESHOLD=0.4
5474,M054568,downgraded,2,-1.0,0.30000000000000004,quality_score=0.3000 < DOWNGRADE_THRESHOLD=0.4
5484,M082073,downgraded,2,-1.0,0.30000000000000004,quality_score=0.3000 < DOWNGRADE_THRESHOLD=0.4
5487,M048348,downgraded,2,-1.0,0.30000000000000004,quality_score=0.3000 < DOWNGRADE_THRESHOLD=0.4
5489,M081704,downgraded,2,-1.0,0.30000000000000004,quality_score=0.3000 < DOWNGRADE_THRESHOLD=0.4
5497,M015782,downgraded,2,-1.0,0.30000000000000004,quality_score=0.3000 < DOWNGRADE_THRESHOLD=0.4
5503,M027327,downgraded,2,-1.0,0.30000000000000004,quality_score=0.3000 < DOWNGRADE_THRESHOLD=0.4
5506,M022534,downgraded,2,-1.0,0.30000000000000004,quality_score=0.3000 < DOWNGRADE_THRESHOLD=0.4
5508,M096539,quarantined,3,-1.0,0.20000000000000004,retrieval_count=3>=N_MIN=3 and average_utility=-1.0000<=BETA=-0.2
5510,M076740,quarantined,3,-1.0,0.20000000000000004,retrieval_count=3>=N_MIN=3 and average_utility=-1.0000<=BETA=-0.2
5511,M072163,downgraded,2,-1.0,0.30000000000000004,quality_score=0.3000 < DOWNGRADE_THRESHOLD=0.4
5513,M100401,downgraded,2,-1.0,0.30000000000000004,quality_score=0.3000 < DOWNGRADE_THRESHOLD=0.4
5531,M009234,quarantined,3,-1.0,0.20000000000000004,retrieval_count=3>=N_MIN=3 and average_utility=-1.0000<=BETA=-0.2
5536,M004612,downgraded,2,-1.0,0.30000000000000004,quality_score=0.3000 < DOWNGRADE_THRESHOLD=0.4
5536,M018095,quarantined,3,-1.0,0.20000000000000004,retrieval_count=3>=N_MIN=3 and average_utility=-1.0000<=BETA=-0.2
5544,M080265,downgraded,2,-1.0,0.30000000000000004,quality_score=0.3000 < DOWNGRADE_THRESHOLD=0.4
5544,M090302,downgraded,2,-1.0,0.30000000000000004,quality_score=0.3000 < DOWNGRADE_THRESHOLD=0.4
5547,M036232,downgraded,2,-1.0,0.30000000000000004,quality_score=0.3000 < DOWNGRADE_THRESHOLD=0.4
5548,M093496,downgraded,2,-1.0,0.30000000000000004,quality_score=0.3000 < DOWNGRADE_THRESHOLD=0.4
5560,M099295,downgraded,2,-1.0,0.30000000000000004,quality_score=0.3000 < DOWNGRADE_THRESHOLD=0.4
5565,M086994,downgraded,2,-1.0,0.30000000000000004,quality_score=0.3000 < DOWNGRADE_THRESHOLD=0.4
5568,M043892,downgraded,2,-1.0,0.30000000000000004,quality_score=0.3000 < DOWNGRADE_THRESHOLD=0.4
5585,M100687,downgraded,2,-1.0,0.30000000000000004,quality_score=0.3000 < DOWNGRADE_THRESHOLD=0.4
5590,M088943,downgraded,2,-1.0,0.30000000000000004,quality_score=0.3000 < DOWNGRADE_THRESHOLD=0.4
5606,M092579,downgraded,2,-1.0,0.30000000000000004,quality_score=0.3000 < DOWNGRADE_THRESHOLD=0.4
5628,M072167,downgraded,2,-1.0,0.30000000000000004,quality_score=0.3000 < DOWNGRADE_THRESHOLD=0.4
5642,M085992,quarantined,3,-1.0,0.20000000000000004,retrieval_count=3>=N_MIN=3 and average_utility=-1.0000<=BETA=-0.2
5646,M007443,downgraded,2,-1.0,0.30000000000000004,quality_score=0.3000 < DOWNGRADE_THRESHOLD=0.4
5656,M056755,downgraded,2,-1.0,0.30000000000000004,quality_score=0.3000 < DOWNGRADE_THRESHOLD=0.4
5660,M004161,downgraded,2,-1.0,0.30000000000000004,quality_score=0.3000 < DOWNGRADE_THRESHOLD=0.4
5678,M006619,downgraded,2,-1.0,0.30000000000000004,quality_score=0.3000 < DOWNGRADE_THRESHOLD=0.4
5680,M030044,downgraded,2,-1.0,0.30000000000000004,quality_score=0.3000 < DOWNGRADE_THRESHOLD=0.4
5686,M044456,downgraded,2,-1.0,0.30000000000000004,quality_score=0.3000 < DOWNGRADE_THRESHOLD=0.4
5689,M092720,downgraded,2,-1.0,0.30000000000000004,quality_score=0.3000 < DOWNGRADE_THRESHOLD=0.4
5695,M055216,downgraded,2,-1.0,0.30000000000000004,quality_score=0.3000 < DOWNGRADE_THRESHOLD=0.4
5698,M070612,downgraded,2,-1.0,0.30000000000000004,quality_score=0.3000 < DOWNGRADE_THRESHOLD=0.4
5705,M078966,downgraded,2,-1.0,0.30000000000000004,quality_score=0.3000 < DOWNGRADE_THRESHOLD=0.4
5710,M054858,downgraded,2,-1.0,0.30000000000000004,quality_score=0.3000 < DOWNGRADE_THRESHOLD=0.4
5713,M073803,downgraded,2,-1.0,0.30000000000000004,quality_score=0.3000 < DOWNGRADE_THRESHOLD=0.4
5713,M044818,quarantined,3,-1.0,0.20000000000000004,retrieval_count=3>=N_MIN=3 and average_utility=-1.0000<=BETA=-0.2
5721,M085068,downgraded,2,-1.0,0.30000000000000004,quality_score=0.3000 < DOWNGRADE_THRESHOLD=0.4
5725,M091709,downgraded,2,-1.0,0.30000000000000004,quality_score=0.3000 < DOWNGRADE_THRESHOLD=0.4
5726,M054315,downgraded,2,-1.0,0.30000000000000004,quality_score=0.3000 < DOWNGRADE_THRESHOLD=0.4
5731,M024762,quarantined,3,-1.0,0.20000000000000004,retrieval_count=3>=N_MIN=3 and average_utility=-1.0000<=BETA=-0.2
5735,M003852,downgraded,2,-1.0,0.30000000000000004,quality_score=0.3000 < DOWNGRADE_THRESHOLD=0.4
5746,M023774,quarantined,3,-1.0,0.20000000000000004,retrieval_count=3>=N_MIN=3 and average_utility=-1.0000<=BETA=-0.2
5747,M012221,downgraded,2,-1.0,0.30000000000000004,quality_score=0.3000 < DOWNGRADE_THRESHOLD=0.4
5747,M089553,downgraded,2,-1.0,0.30000000000000004,quality_score=0.3000 < DOWNGRADE_THRESHOLD=0.4
5748,M007819,downgraded,2,-1.0,0.30000000000000004,quality_score=0.3000 < DOWNGRADE_THRESHOLD=0.4
5748,M019455,downgraded,2,-1.0,0.30000000000000004,quality_score=0.3000 < DOWNGRADE_THRESHOLD=0.4
5750,M003071,downgraded,2,-1.0,0.30000000000000004,quality_score=0.3000 < DOWNGRADE_THRESHOLD=0.4
5758,M078784,downgraded,2,-1.0,0.30000000000000004,quality_score=0.3000 < DOWNGRADE_THRESHOLD=0.4
5761,M014830,downgraded,2,-1.0,0.30000000000000004,quality_score=0.3000 < DOWNGRADE_THRESHOLD=0.4
5763,M058201,downgraded,2,-1.0,0.30000000000000004,quality_score=0.3000 < DOWNGRADE_THRESHOLD=0.4
5772,M100972,downgraded,2,-1.0,0.30000000000000004,quality_score=0.3000 < DOWNGRADE_THRESHOLD=0.4
5776,M070960,downgraded,2,-1.0,0.30000000000000004,quality_score=0.3000 < DOWNGRADE_THRESHOLD=0.4
5777,M034569,quarantined,3,-1.0,0.20000000000000004,retrieval_count=3>=N_MIN=3 and average_utility=-1.0000<=BETA=-0.2
5791,M060300,downgraded,2,-1.0,0.30000000000000004,quality_score=0.3000 < DOWNGRADE_THRESHOLD=0.4
5792,M017285,downgraded,2,-1.0,0.30000000000000004,quality_score=0.3000 < DOWNGRADE_THRESHOLD=0.4
5814,M051086,downgraded,2,-1.0,0.30000000000000004,quality_score=0.3000 < DOWNGRADE_THRESHOLD=0.4
5826,M041027,downgraded,2,-1.0,0.30000000000000004,quality_score=0.3000 < DOWNGRADE_THRESHOLD=0.4
5840,M000970,downgraded,2,-1.0,0.30000000000000004,quality_score=0.3000 < DOWNGRADE_THRESHOLD=0.4
5843,M023625,quarantined,3,-1.0,0.20000000000000004,retrieval_count=3>=N_MIN=3 and average_utility=-1.0000<=BETA=-0.2
5843,M089290,downgraded,2,-1.0,0.30000000000000004,quality_score=0.3000 < DOWNGRADE_THRESHOLD=0.4
5844,M024809,downgraded,2,-1.0,0.30000000000000004,quality_score=0.3000 < DOWNGRADE_THRESHOLD=0.4
5850,M009711,downgraded,2,-1.0,0.30000000000000004,quality_score=0.3000 < DOWNGRADE_THRESHOLD=0.4
5855,M019248,downgraded,2,-1.0,0.30000000000000004,quality_score=0.3000 < DOWNGRADE_THRESHOLD=0.4
5859,M014508,downgraded,2,-1.0,0.30000000000000004,quality_score=0.3000 < DOWNGRADE_THRESHOLD=0.4
5865,M013853,downgraded,2,-1.0,0.30000000000000004,quality_score=0.3000 < DOWNGRADE_THRESHOLD=0.4
5872,M014690,downgraded,2,-1.0,0.30000000000000004,quality_score=0.3000 < DOWNGRADE_THRESHOLD=0.4
5879,M092090,downgraded,2,-1.0,0.30000000000000004,quality_score=0.3000 < DOWNGRADE_THRESHOLD=0.4
5897,M039056,downgraded,2,-1.0,0.30000000000000004,quality_score=0.3000 < DOWNGRADE_THRESHOLD=0.4
5902,M069192,downgraded,2,-1.0,0.30000000000000004,quality_score=0.3000 < DOWNGRADE_THRESHOLD=0.4
5913,M096866,downgraded,2,-1.0,0.30000000000000004,quality_score=0.3000 < DOWNGRADE_THRESHOLD=0.4
5918,M020392,downgraded,2,-1.0,0.30000000000000004,quality_score=0.3000 < DOWNGRADE_THRESHOLD=0.4
5924,M083643,downgraded,2,-1.0,0.30000000000000004,quality_score=0.3000 < DOWNGRADE_THRESHOLD=0.4
5925,M045205,downgraded,2,-1.0,0.30000000000000004,quality_score=0.3000 < DOWNGRADE_THRESHOLD=0.4
5930,M087901,downgraded,2,-1.0,0.30000000000000004,quality_score=0.3000 < DOWNGRADE_THRESHOLD=0.4
5941,M018297,downgraded,2,-1.0,0.30000000000000004,quality_score=0.3000 < DOWNGRADE_THRESHOLD=0.4
5956,M057753,downgraded,2,-1.0,0.30000000000000004,quality_score=0.3000 < DOWNGRADE_THRESHOLD=0.4
5963,M088175,downgraded,2,-1.0,0.30000000000000004,quality_score=0.3000 < DOWNGRADE_THRESHOLD=0.4
5971,M044312,quarantined,3,-1.0,0.20000000000000004,retrieval_count=3>=N_MIN=3 and average_utility=-1.0000<=BETA=-0.2
5971,M048969,quarantined,3,-1.0,0.20000000000000004,retrieval_count=3>=N_MIN=3 and average_utility=-1.0000<=BETA=-0.2
5986,M004421,downgraded,2,-1.0,0.30000000000000004,quality_score=0.3000 < DOWNGRADE_THRESHOLD=0.4
6003,M054072,downgraded,2,-1.0,0.30000000000000004,quality_score=0.3000 < DOWNGRADE_THRESHOLD=0.4
6010,M089872,downgraded,2,-1.0,0.30000000000000004,quality_score=0.3000 < DOWNGRADE_THRESHOLD=0.4
6012,M037073,downgraded,2,-1.0,0.30000000000000004,quality_score=0.3000 < DOWNGRADE_THRESHOLD=0.4
6013,M063418,quarantined,3,-1.0,0.20000000000000004,retrieval_count=3>=N_MIN=3 and average_utility=-1.0000<=BETA=-0.2
6013,M015973,downgraded,2,-1.0,0.30000000000000004,quality_score=0.3000 < DOWNGRADE_THRESHOLD=0.4
6019,M014841,downgraded,2,-1.0,0.30000000000000004,quality_score=0.3000 < DOWNGRADE_THRESHOLD=0.4
6021,M017789,downgraded,2,-1.0,0.30000000000000004,quality_score=0.3000 < DOWNGRADE_THRESHOLD=0.4
6043,M077300,downgraded,2,-1.0,0.30000000000000004,quality_score=0.3000 < DOWNGRADE_THRESHOLD=0.4
6049,M007539,downgraded,2,-1.0,0.30000000000000004,quality_score=0.3000 < DOWNGRADE_THRESHOLD=0.4
6049,M095626,downgraded,2,-1.0,0.30000000000000004,quality_score=0.3000 < DOWNGRADE_THRESHOLD=0.4
6049,M019514,downgraded,2,-1.0,0.30000000000000004,quality_score=0.3000 < DOWNGRADE_THRESHOLD=0.4
6055,M045876,downgraded,2,-1.0,0.30000000000000004,quality_score=0.3000 < DOWNGRADE_THRESHOLD=0.4
6063,M063225,downgraded,2,-1.0,0.30000000000000004,quality_score=0.3000 < DOWNGRADE_THRESHOLD=0.4
6069,M067589,downgraded,2,-1.0,0.30000000000000004,quality_score=0.3000 < DOWNGRADE_THRESHOLD=0.4
6084,M020402,downgraded,2,-1.0,0.30000000000000004,quality_score=0.3000 < DOWNGRADE_THRESHOLD=0.4
6090,M008566,downgraded,2,-1.0,0.30000000000000004,quality_score=0.3000 < DOWNGRADE_THRESHOLD=0.4
6095,M080413,downgraded,2,-1.0,0.30000000000000004,quality_score=0.3000 < DOWNGRADE_THRESHOLD=0.4
6099,M041267,quarantined,3,-1.0,0.20000000000000004,retrieval_count=3>=N_MIN=3 and average_utility=-1.0000<=BETA=-0.2
6105,M028687,downgraded,2,-1.0,0.30000000000000004,quality_score=0.3000 < DOWNGRADE_THRESHOLD=0.4
6105,M018420,downgraded,2,-1.0,0.30000000000000004,quality_score=0.3000 < DOWNGRADE_THRESHOLD=0.4
6106,M057149,downgraded,2,-1.0,0.30000000000000004,quality_score=0.3000 < DOWNGRADE_THRESHOLD=0.4
6107,M001329,quarantined,3,-1.0,0.20000000000000004,retrieval_count=3>=N_MIN=3 and average_utility=-1.0000<=BETA=-0.2
6110,M028376,downgraded,2,-1.0,0.30000000000000004,quality_score=0.3000 < DOWNGRADE_THRESHOLD=0.4
6118,M039979,downgraded,2,-1.0,0.30000000000000004,quality_score=0.3000 < DOWNGRADE_THRESHOLD=0.4
6160,M086994,quarantined,3,-1.0,0.20000000000000004,retrieval_count=3>=N_MIN=3 and average_utility=-1.0000<=BETA=-0.2
6176,M016935,downgraded,2,-1.0,0.30000000000000004,quality_score=0.3000 < DOWNGRADE_THRESHOLD=0.4
6176,M091956,downgraded,2,-1.0,0.30000000000000004,quality_score=0.3000 < DOWNGRADE_THRESHOLD=0.4
6179,M048842,downgraded,2,-1.0,0.30000000000000004,quality_score=0.3000 < DOWNGRADE_THRESHOLD=0.4
6185,M084621,downgraded,2,-1.0,0.30000000000000004,quality_score=0.3000 < DOWNGRADE_THRESHOLD=0.4
6193,M036275,downgraded,2,-1.0,0.30000000000000004,quality_score=0.3000 < DOWNGRADE_THRESHOLD=0.4
6203,M061020,downgraded,2,-1.0,0.30000000000000004,quality_score=0.3000 < DOWNGRADE_THRESHOLD=0.4
6204,M092130,downgraded,2,-1.0,0.30000000000000004,quality_score=0.3000 < DOWNGRADE_THRESHOLD=0.4
6224,M083036,downgraded,2,-1.0,0.30000000000000004,quality_score=0.3000 < DOWNGRADE_THRESHOLD=0.4
6227,M014495,downgraded,2,-1.0,0.30000000000000004,quality_score=0.3000 < DOWNGRADE_THRESHOLD=0.4
6235,M060243,downgraded,2,-1.0,0.30000000000000004,quality_score=0.3000 < DOWNGRADE_THRESHOLD=0.4
6250,M073486,downgraded,2,-1.0,0.30000000000000004,quality_score=0.3000 < DOWNGRADE_THRESHOLD=0.4
6255,M031390,downgraded,2,-1.0,0.30000000000000004,quality_score=0.3000 < DOWNGRADE_THRESHOLD=0.4
6273,M050920,downgraded,2,-1.0,0.30000000000000004,quality_score=0.3000 < DOWNGRADE_THRESHOLD=0.4
6278,M056623,downgraded,2,-1.0,0.30000000000000004,quality_score=0.3000 < DOWNGRADE_THRESHOLD=0.4
6280,M037477,quarantined,3,-1.0,0.20000000000000004,retrieval_count=3>=N_MIN=3 and average_utility=-1.0000<=BETA=-0.2
6286,M089290,quarantined,3,-1.0,0.20000000000000004,retrieval_count=3>=N_MIN=3 and average_utility=-1.0000<=BETA=-0.2
6288,M012625,downgraded,2,-1.0,0.30000000000000004,quality_score=0.3000 < DOWNGRADE_THRESHOLD=0.4
6290,M030824,quarantined,3,-1.0,0.20000000000000004,retrieval_count=3>=N_MIN=3 and average_utility=-1.0000<=BETA=-0.2
6297,M092640,downgraded,2,-1.0,0.30000000000000004,quality_score=0.3000 < DOWNGRADE_THRESHOLD=0.4
6303,M001989,downgraded,2,-1.0,0.30000000000000004,quality_score=0.3000 < DOWNGRADE_THRESHOLD=0.4
6303,M046026,downgraded,2,-1.0,0.30000000000000004,quality_score=0.3000 < DOWNGRADE_THRESHOLD=0.4
6304,M023143,downgraded,2,-1.0,0.30000000000000004,quality_score=0.3000 < DOWNGRADE_THRESHOLD=0.4
6318,M067757,downgraded,2,-1.0,0.30000000000000004,quality_score=0.3000 < DOWNGRADE_THRESHOLD=0.4
6320,M023225,downgraded,2,-1.0,0.30000000000000004,quality_score=0.3000 < DOWNGRADE_THRESHOLD=0.4
6330,M096516,downgraded,2,-1.0,0.30000000000000004,quality_score=0.3000 < DOWNGRADE_THRESHOLD=0.4
6335,M009206,downgraded,2,-1.0,0.30000000000000004,quality_score=0.3000 < DOWNGRADE_THRESHOLD=0.4
6351,M038658,downgraded,2,-1.0,0.30000000000000004,quality_score=0.3000 < DOWNGRADE_THRESHOLD=0.4
6356,M074989,downgraded,2,-1.0,0.30000000000000004,quality_score=0.3000 < DOWNGRADE_THRESHOLD=0.4
6358,M043452,quarantined,3,-1.0,0.20000000000000004,retrieval_count=3>=N_MIN=3 and average_utility=-1.0000<=BETA=-0.2
6359,M045149,quarantined,3,-1.0,0.20000000000000004,retrieval_count=3>=N_MIN=3 and average_utility=-1.0000<=BETA=-0.2
6364,M037504,downgraded,2,-1.0,0.30000000000000004,quality_score=0.3000 < DOWNGRADE_THRESHOLD=0.4
6376,M087901,quarantined,3,-1.0,0.20000000000000004,retrieval_count=3>=N_MIN=3 and average_utility=-1.0000<=BETA=-0.2
6379,M061987,downgraded,2,-1.0,0.30000000000000004,quality_score=0.3000 < DOWNGRADE_THRESHOLD=0.4
6385,M074503,downgraded,2,-1.0,0.30000000000000004,quality_score=0.3000 < DOWNGRADE_THRESHOLD=0.4
6394,M059337,downgraded,2,-1.0,0.30000000000000004,quality_score=0.3000 < DOWNGRADE_THRESHOLD=0.4
6397,M020392,quarantined,3,-1.0,0.20000000000000004,retrieval_count=3>=N_MIN=3 and average_utility=-1.0000<=BETA=-0.2
6400,M037236,downgraded,2,-1.0,0.30000000000000004,quality_score=0.3000 < DOWNGRADE_THRESHOLD=0.4
6401,M008410,downgraded,2,-1.0,0.30000000000000004,quality_score=0.3000 < DOWNGRADE_THRESHOLD=0.4
6405,M043291,quarantined,3,-1.0,0.20000000000000004,retrieval_count=3>=N_MIN=3 and average_utility=-1.0000<=BETA=-0.2
6408,M069483,downgraded,2,-1.0,0.30000000000000004,quality_score=0.3000 < DOWNGRADE_THRESHOLD=0.4
6416,M060066,downgraded,2,-1.0,0.30000000000000004,quality_score=0.3000 < DOWNGRADE_THRESHOLD=0.4
6419,M088131,downgraded,2,-1.0,0.30000000000000004,quality_score=0.3000 < DOWNGRADE_THRESHOLD=0.4
6422,M039394,downgraded,2,-1.0,0.30000000000000004,quality_score=0.3000 < DOWNGRADE_THRESHOLD=0.4
6432,M032105,quarantined,3,-1.0,0.20000000000000004,retrieval_count=3>=N_MIN=3 and average_utility=-1.0000<=BETA=-0.2
6435,M088555,downgraded,2,-1.0,0.30000000000000004,quality_score=0.3000 < DOWNGRADE_THRESHOLD=0.4
6443,M020735,downgraded,2,-1.0,0.30000000000000004,quality_score=0.3000 < DOWNGRADE_THRESHOLD=0.4
6449,M044487,downgraded,2,-1.0,0.30000000000000004,quality_score=0.3000 < DOWNGRADE_THRESHOLD=0.4
6451,M068847,downgraded,2,-1.0,0.30000000000000004,quality_score=0.3000 < DOWNGRADE_THRESHOLD=0.4
6454,M022534,quarantined,3,-1.0,0.20000000000000004,retrieval_count=3>=N_MIN=3 and average_utility=-1.0000<=BETA=-0.2
6462,M089641,downgraded,2,-1.0,0.30000000000000004,quality_score=0.3000 < DOWNGRADE_THRESHOLD=0.4
6469,M100299,downgraded,2,-1.0,0.30000000000000004,quality_score=0.3000 < DOWNGRADE_THRESHOLD=0.4
6474,M087650,downgraded,2,-1.0,0.30000000000000004,quality_score=0.3000 < DOWNGRADE_THRESHOLD=0.4
6489,M068752,downgraded,2,-1.0,0.30000000000000004,quality_score=0.3000 < DOWNGRADE_THRESHOLD=0.4
6495,M011393,downgraded,2,-1.0,0.30000000000000004,quality_score=0.3000 < DOWNGRADE_THRESHOLD=0.4
6495,M017410,downgraded,2,-1.0,0.30000000000000004,quality_score=0.3000 < DOWNGRADE_THRESHOLD=0.4
6498,M069257,downgraded,2,-1.0,0.30000000000000004,quality_score=0.3000 < DOWNGRADE_THRESHOLD=0.4
6510,M030177,quarantined,3,-1.0,0.20000000000000004,retrieval_count=3>=N_MIN=3 and average_utility=-1.0000<=BETA=-0.2
6512,M044284,downgraded,2,-1.0,0.30000000000000004,quality_score=0.3000 < DOWNGRADE_THRESHOLD=0.4
6529,M007271,downgraded,2,-1.0,0.30000000000000004,quality_score=0.3000 < DOWNGRADE_THRESHOLD=0.4
6529,M020482,downgraded,2,-1.0,0.30000000000000004,quality_score=0.3000 < DOWNGRADE_THRESHOLD=0.4
6536,M082683,quarantined,3,-1.0,0.20000000000000004,retrieval_count=3>=N_MIN=3 and average_utility=-1.0000<=BETA=-0.2
6551,M035812,downgraded,2,-1.0,0.30000000000000004,quality_score=0.3000 < DOWNGRADE_THRESHOLD=0.4
6552,M048758,downgraded,2,-1.0,0.30000000000000004,quality_score=0.3000 < DOWNGRADE_THRESHOLD=0.4
6559,M093085,downgraded,2,-1.0,0.30000000000000004,quality_score=0.3000 < DOWNGRADE_THRESHOLD=0.4
6560,M070189,downgraded,2,-1.0,0.30000000000000004,quality_score=0.3000 < DOWNGRADE_THRESHOLD=0.4
6570,M099187,downgraded,2,-1.0,0.30000000000000004,quality_score=0.3000 < DOWNGRADE_THRESHOLD=0.4
6572,M058542,quarantined,3,-1.0,0.20000000000000004,retrieval_count=3>=N_MIN=3 and average_utility=-1.0000<=BETA=-0.2
6589,M048237,downgraded,2,-1.0,0.30000000000000004,quality_score=0.3000 < DOWNGRADE_THRESHOLD=0.4
6594,M016668,quarantined,3,-1.0,0.20000000000000004,retrieval_count=3>=N_MIN=3 and average_utility=-1.0000<=BETA=-0.2
6594,M002251,quarantined,3,-1.0,0.20000000000000004,retrieval_count=3>=N_MIN=3 and average_utility=-1.0000<=BETA=-0.2
6616,M004339,downgraded,2,-1.0,0.30000000000000004,quality_score=0.3000 < DOWNGRADE_THRESHOLD=0.4
6618,M003304,downgraded,2,-1.0,0.30000000000000004,quality_score=0.3000 < DOWNGRADE_THRESHOLD=0.4
6620,M092860,downgraded,2,-1.0,0.30000000000000004,quality_score=0.3000 < DOWNGRADE_THRESHOLD=0.4
6629,M064114,downgraded,2,-1.0,0.30000000000000004,quality_score=0.3000 < DOWNGRADE_THRESHOLD=0.4
6632,M065834,downgraded,2,-1.0,0.30000000000000004,quality_score=0.3000 < DOWNGRADE_THRESHOLD=0.4
6636,M097666,downgraded,2,-1.0,0.30000000000000004,quality_score=0.3000 < DOWNGRADE_THRESHOLD=0.4
6638,M002013,downgraded,2,-1.0,0.30000000000000004,quality_score=0.3000 < DOWNGRADE_THRESHOLD=0.4
6646,M001370,quarantined,3,-1.0,0.20000000000000004,retrieval_count=3>=N_MIN=3 and average_utility=-1.0000<=BETA=-0.2
6654,M081336,downgraded,2,-1.0,0.30000000000000004,quality_score=0.3000 < DOWNGRADE_THRESHOLD=0.4
6655,M101161,downgraded,2,-1.0,0.30000000000000004,quality_score=0.3000 < DOWNGRADE_THRESHOLD=0.4
6660,M055646,downgraded,2,-1.0,0.30000000000000004,quality_score=0.3000 < DOWNGRADE_THRESHOLD=0.4
6661,M052288,downgraded,2,-1.0,0.30000000000000004,quality_score=0.3000 < DOWNGRADE_THRESHOLD=0.4
6683,M019355,quarantined,3,-1.0,0.20000000000000004,retrieval_count=3>=N_MIN=3 and average_utility=-1.0000<=BETA=-0.2
6683,M017320,quarantined,3,-1.0,0.20000000000000004,retrieval_count=3>=N_MIN=3 and average_utility=-1.0000<=BETA=-0.2
6687,M048686,downgraded,2,-1.0,0.30000000000000004,quality_score=0.3000 < DOWNGRADE_THRESHOLD=0.4
6690,M015755,quarantined,3,-1.0,0.20000000000000004,retrieval_count=3>=N_MIN=3 and average_utility=-1.0000<=BETA=-0.2
6692,M044450,downgraded,2,-1.0,0.30000000000000004,quality_score=0.3000 < DOWNGRADE_THRESHOLD=0.4
6701,M033895,downgraded,2,-1.0,0.30000000000000004,quality_score=0.3000 < DOWNGRADE_THRESHOLD=0.4
6705,M065713,quarantined,3,-1.0,0.20000000000000004,retrieval_count=3>=N_MIN=3 and average_utility=-1.0000<=BETA=-0.2
6710,M065314,downgraded,2,-1.0,0.30000000000000004,quality_score=0.3000 < DOWNGRADE_THRESHOLD=0.4
6711,M018829,downgraded,2,-1.0,0.30000000000000004,quality_score=0.3000 < DOWNGRADE_THRESHOLD=0.4
6711,M099305,downgraded,2,-1.0,0.30000000000000004,quality_score=0.3000 < DOWNGRADE_THRESHOLD=0.4
6716,M040807,downgraded,2,-1.0,0.30000000000000004,quality_score=0.3000 < DOWNGRADE_THRESHOLD=0.4
6719,M030157,quarantined,3,-1.0,0.20000000000000004,retrieval_count=3>=N_MIN=3 and average_utility=-1.0000<=BETA=-0.2
6728,M069357,downgraded,2,-1.0,0.30000000000000004,quality_score=0.3000 < DOWNGRADE_THRESHOLD=0.4
6733,M011766,downgraded,2,-1.0,0.30000000000000004,quality_score=0.3000 < DOWNGRADE_THRESHOLD=0.4
6737,M026538,quarantined,3,-1.0,0.20000000000000004,retrieval_count=3>=N_MIN=3 and average_utility=-1.0000<=BETA=-0.2
6744,M075933,downgraded,2,-1.0,0.30000000000000004,quality_score=0.3000 < DOWNGRADE_THRESHOLD=0.4
6746,M035812,quarantined,3,-1.0,0.20000000000000004,retrieval_count=3>=N_MIN=3 and average_utility=-1.0000<=BETA=-0.2
6750,M071983,downgraded,2,-1.0,0.30000000000000004,quality_score=0.3000 < DOWNGRADE_THRESHOLD=0.4
6750,M037867,downgraded,2,-1.0,0.30000000000000004,quality_score=0.3000 < DOWNGRADE_THRESHOLD=0.4
6754,M079615,downgraded,2,-1.0,0.30000000000000004,quality_score=0.3000 < DOWNGRADE_THRESHOLD=0.4
6759,M089784,downgraded,2,-1.0,0.30000000000000004,quality_score=0.3000 < DOWNGRADE_THRESHOLD=0.4
6769,M046674,downgraded,2,-1.0,0.30000000000000004,quality_score=0.3000 < DOWNGRADE_THRESHOLD=0.4
6769,M016106,downgraded,2,-1.0,0.30000000000000004,quality_score=0.3000 < DOWNGRADE_THRESHOLD=0.4
6770,M025659,downgraded,2,-1.0,0.30000000000000004,quality_score=0.3000 < DOWNGRADE_THRESHOLD=0.4
6770,M067759,quarantined,3,-1.0,0.20000000000000004,retrieval_count=3>=N_MIN=3 and average_utility=-1.0000<=BETA=-0.2
6770,M021068,downgraded,2,-1.0,0.30000000000000004,quality_score=0.3000 < DOWNGRADE_THRESHOLD=0.4
6770,M082855,downgraded,2,-1.0,0.30000000000000004,quality_score=0.3000 < DOWNGRADE_THRESHOLD=0.4
6776,M092720,quarantined,3,-1.0,0.20000000000000004,retrieval_count=3>=N_MIN=3 and average_utility=-1.0000<=BETA=-0.2
6778,M092881,downgraded,2,-1.0,0.30000000000000004,quality_score=0.3000 < DOWNGRADE_THRESHOLD=0.4
6785,M061961,downgraded,2,-1.0,0.30000000000000004,quality_score=0.3000 < DOWNGRADE_THRESHOLD=0.4
6806,M079428,downgraded,2,-1.0,0.30000000000000004,quality_score=0.3000 < DOWNGRADE_THRESHOLD=0.4
6818,M056734,downgraded,2,-1.0,0.30000000000000004,quality_score=0.3000 < DOWNGRADE_THRESHOLD=0.4
6826,M071037,quarantined,3,-1.0,0.20000000000000004,retrieval_count=3>=N_MIN=3 and average_utility=-1.0000<=BETA=-0.2
6826,M028519,quarantined,3,-1.0,0.20000000000000004,retrieval_count=3>=N_MIN=3 and average_utility=-1.0000<=BETA=-0.2
6826,M100735,downgraded,2,-1.0,0.30000000000000004,quality_score=0.3000 < DOWNGRADE_THRESHOLD=0.4
6831,M058065,downgraded,2,-1.0,0.30000000000000004,quality_score=0.3000 < DOWNGRADE_THRESHOLD=0.4
6833,M024682,quarantined,3,-1.0,0.20000000000000004,retrieval_count=3>=N_MIN=3 and average_utility=-1.0000<=BETA=-0.2
6842,M045742,downgraded,2,-1.0,0.30000000000000004,quality_score=0.3000 < DOWNGRADE_THRESHOLD=0.4
6843,M014235,downgraded,2,-1.0,0.30000000000000004,quality_score=0.3000 < DOWNGRADE_THRESHOLD=0.4
6845,M003358,downgraded,2,-1.0,0.30000000000000004,quality_score=0.3000 < DOWNGRADE_THRESHOLD=0.4
6846,M055605,downgraded,2,-1.0,0.30000000000000004,quality_score=0.3000 < DOWNGRADE_THRESHOLD=0.4
6847,M057080,downgraded,2,-1.0,0.30000000000000004,quality_score=0.3000 < DOWNGRADE_THRESHOLD=0.4
6849,M092860,quarantined,3,-1.0,0.20000000000000004,retrieval_count=3>=N_MIN=3 and average_utility=-1.0000<=BETA=-0.2
6850,M097121,downgraded,2,-1.0,0.30000000000000004,quality_score=0.3000 < DOWNGRADE_THRESHOLD=0.4
6863,M041057,downgraded,2,-1.0,0.30000000000000004,quality_score=0.3000 < DOWNGRADE_THRESHOLD=0.4
6865,M022576,quarantined,3,-1.0,0.20000000000000004,retrieval_count=3>=N_MIN=3 and average_utility=-1.0000<=BETA=-0.2
6865,M020456,downgraded,2,-1.0,0.30000000000000004,quality_score=0.3000 < DOWNGRADE_THRESHOLD=0.4
6878,M098462,downgraded,2,-1.0,0.30000000000000004,quality_score=0.3000 < DOWNGRADE_THRESHOLD=0.4
6881,M040701,downgraded,2,-1.0,0.30000000000000004,quality_score=0.3000 < DOWNGRADE_THRESHOLD=0.4
6884,M037848,downgraded,2,-1.0,0.30000000000000004,quality_score=0.3000 < DOWNGRADE_THRESHOLD=0.4
6892,M086820,downgraded,2,-1.0,0.30000000000000004,quality_score=0.3000 < DOWNGRADE_THRESHOLD=0.4
6911,M039214,downgraded,2,-1.0,0.30000000000000004,quality_score=0.3000 < DOWNGRADE_THRESHOLD=0.4
6917,M010021,quarantined,3,-1.0,0.20000000000000004,retrieval_count=3>=N_MIN=3 and average_utility=-1.0000<=BETA=-0.2
6918,M024582,downgraded,2,-1.0,0.30000000000000004,quality_score=0.3000 < DOWNGRADE_THRESHOLD=0.4
6920,M040926,downgraded,2,-1.0,0.30000000000000004,quality_score=0.3000 < DOWNGRADE_THRESHOLD=0.4
6921,M080995,downgraded,2,-1.0,0.30000000000000004,quality_score=0.3000 < DOWNGRADE_THRESHOLD=0.4
6943,M098578,downgraded,2,-1.0,0.30000000000000004,quality_score=0.3000 < DOWNGRADE_THRESHOLD=0.4
6943,M039602,downgraded,2,-1.0,0.30000000000000004,quality_score=0.3000 < DOWNGRADE_THRESHOLD=0.4
6947,M080551,downgraded,2,-1.0,0.30000000000000004,quality_score=0.3000 < DOWNGRADE_THRESHOLD=0.4
6950,M063225,quarantined,3,-1.0,0.20000000000000004,retrieval_count=3>=N_MIN=3 and average_utility=-1.0000<=BETA=-0.2
6953,M088331,quarantined,3,-1.0,0.20000000000000004,retrieval_count=3>=N_MIN=3 and average_utility=-1.0000<=BETA=-0.2
6953,M100325,downgraded,2,-1.0,0.30000000000000004,quality_score=0.3000 < DOWNGRADE_THRESHOLD=0.4
6969,M006303,quarantined,3,-1.0,0.20000000000000004,retrieval_count=3>=N_MIN=3 and average_utility=-1.0000<=BETA=-0.2
6977,M011959,downgraded,2,-1.0,0.30000000000000004,quality_score=0.3000 < DOWNGRADE_THRESHOLD=0.4
6977,M018439,downgraded,2,-1.0,0.30000000000000004,quality_score=0.3000 < DOWNGRADE_THRESHOLD=0.4
6982,M039399,downgraded,2,-1.0,0.30000000000000004,quality_score=0.3000 < DOWNGRADE_THRESHOLD=0.4
6987,M036648,downgraded,2,-1.0,0.30000000000000004,quality_score=0.3000 < DOWNGRADE_THRESHOLD=0.4
6991,M014838,downgraded,2,-1.0,0.30000000000000004,quality_score=0.3000 < DOWNGRADE_THRESHOLD=0.4
7000,M011463,downgraded,2,-1.0,0.30000000000000004,quality_score=0.3000 < DOWNGRADE_THRESHOLD=0.4
7024,M031199,downgraded,2,-1.0,0.30000000000000004,quality_score=0.3000 < DOWNGRADE_THRESHOLD=0.4
7025,M097328,downgraded,2,-1.0,0.30000000000000004,quality_score=0.3000 < DOWNGRADE_THRESHOLD=0.4
7032,M091243,downgraded,2,-1.0,0.30000000000000004,quality_score=0.3000 < DOWNGRADE_THRESHOLD=0.4
7033,M077451,downgraded,2,-1.0,0.30000000000000004,quality_score=0.3000 < DOWNGRADE_THRESHOLD=0.4
7035,M020004,downgraded,2,-1.0,0.30000000000000004,quality_score=0.3000 < DOWNGRADE_THRESHOLD=0.4
7039,M025184,downgraded,2,-1.0,0.30000000000000004,quality_score=0.3000 < DOWNGRADE_THRESHOLD=0.4
7039,M030821,downgraded,2,-1.0,0.30000000000000004,quality_score=0.3000 < DOWNGRADE_THRESHOLD=0.4
7046,M085014,downgraded,2,-1.0,0.30000000000000004,quality_score=0.3000 < DOWNGRADE_THRESHOLD=0.4
7049,M064908,downgraded,2,-1.0,0.30000000000000004,quality_score=0.3000 < DOWNGRADE_THRESHOLD=0.4
7059,M024042,downgraded,2,-1.0,0.30000000000000004,quality_score=0.3000 < DOWNGRADE_THRESHOLD=0.4
7061,M057341,downgraded,2,-1.0,0.30000000000000004,quality_score=0.3000 < DOWNGRADE_THRESHOLD=0.4
7067,M046498,downgraded,2,-1.0,0.30000000000000004,quality_score=0.3000 < DOWNGRADE_THRESHOLD=0.4
7075,M079394,downgraded,2,-1.0,0.30000000000000004,quality_score=0.3000 < DOWNGRADE_THRESHOLD=0.4
7090,M093671,downgraded,2,-1.0,0.30000000000000004,quality_score=0.3000 < DOWNGRADE_THRESHOLD=0.4
7091,M058392,downgraded,2,-1.0,0.30000000000000004,quality_score=0.3000 < DOWNGRADE_THRESHOLD=0.4
7097,M066593,downgraded,2,-1.0,0.30000000000000004,quality_score=0.3000 < DOWNGRADE_THRESHOLD=0.4
7098,M031199,quarantined,3,-1.0,0.20000000000000004,retrieval_count=3>=N_MIN=3 and average_utility=-1.0000<=BETA=-0.2
7101,M046513,downgraded,2,-1.0,0.30000000000000004,quality_score=0.3000 < DOWNGRADE_THRESHOLD=0.4
7107,M028969,downgraded,2,-1.0,0.30000000000000004,quality_score=0.3000 < DOWNGRADE_THRESHOLD=0.4
7124,M059775,downgraded,2,-1.0,0.30000000000000004,quality_score=0.3000 < DOWNGRADE_THRESHOLD=0.4
7125,M023298,downgraded,2,-1.0,0.30000000000000004,quality_score=0.3000 < DOWNGRADE_THRESHOLD=0.4
7133,M092196,downgraded,2,-1.0,0.30000000000000004,quality_score=0.3000 < DOWNGRADE_THRESHOLD=0.4
7136,M007568,downgraded,2,-1.0,0.30000000000000004,quality_score=0.3000 < DOWNGRADE_THRESHOLD=0.4
7137,M027301,downgraded,2,-1.0,0.30000000000000004,quality_score=0.3000 < DOWNGRADE_THRESHOLD=0.4
7140,M017007,downgraded,2,-1.0,0.30000000000000004,quality_score=0.3000 < DOWNGRADE_THRESHOLD=0.4
7143,M051919,quarantined,3,-1.0,0.20000000000000004,retrieval_count=3>=N_MIN=3 and average_utility=-1.0000<=BETA=-0.2
7144,M097828,downgraded,2,-1.0,0.30000000000000004,quality_score=0.3000 < DOWNGRADE_THRESHOLD=0.4
7147,M055605,quarantined,3,-1.0,0.20000000000000004,retrieval_count=3>=N_MIN=3 and average_utility=-1.0000<=BETA=-0.2
7150,M055559,downgraded,2,-1.0,0.30000000000000004,quality_score=0.3000 < DOWNGRADE_THRESHOLD=0.4
7153,M030192,downgraded,2,-1.0,0.30000000000000004,quality_score=0.3000 < DOWNGRADE_THRESHOLD=0.4
7153,M026181,downgraded,2,-1.0,0.30000000000000004,quality_score=0.3000 < DOWNGRADE_THRESHOLD=0.4
7158,M038870,downgraded,2,-1.0,0.30000000000000004,quality_score=0.3000 < DOWNGRADE_THRESHOLD=0.4
7158,M021798,downgraded,2,-1.0,0.30000000000000004,quality_score=0.3000 < DOWNGRADE_THRESHOLD=0.4
7163,M019973,quarantined,3,-1.0,0.20000000000000004,retrieval_count=3>=N_MIN=3 and average_utility=-1.0000<=BETA=-0.2
7165,M044599,downgraded,2,-1.0,0.30000000000000004,quality_score=0.3000 < DOWNGRADE_THRESHOLD=0.4
7166,M076232,downgraded,2,-1.0,0.30000000000000004,quality_score=0.3000 < DOWNGRADE_THRESHOLD=0.4
7166,M047708,downgraded,2,-1.0,0.30000000000000004,quality_score=0.3000 < DOWNGRADE_THRESHOLD=0.4
7170,M057031,downgraded,2,-1.0,0.30000000000000004,quality_score=0.3000 < DOWNGRADE_THRESHOLD=0.4
7178,M039602,quarantined,3,-1.0,0.20000000000000004,retrieval_count=3>=N_MIN=3 and average_utility=-1.0000<=BETA=-0.2
7178,M085622,downgraded,2,-1.0,0.30000000000000004,quality_score=0.3000 < DOWNGRADE_THRESHOLD=0.4
7183,M086358,downgraded,2,-1.0,0.30000000000000004,quality_score=0.3000 < DOWNGRADE_THRESHOLD=0.4
7189,M045653,downgraded,2,-1.0,0.30000000000000004,quality_score=0.3000 < DOWNGRADE_THRESHOLD=0.4
7189,M084162,downgraded,2,-1.0,0.30000000000000004,quality_score=0.3000 < DOWNGRADE_THRESHOLD=0.4
7203,M011393,quarantined,3,-1.0,0.20000000000000004,retrieval_count=3>=N_MIN=3 and average_utility=-1.0000<=BETA=-0.2
7203,M040492,downgraded,2,-1.0,0.30000000000000004,quality_score=0.3000 < DOWNGRADE_THRESHOLD=0.4
7203,M017410,quarantined,3,-1.0,0.20000000000000004,retrieval_count=3>=N_MIN=3 and average_utility=-1.0000<=BETA=-0.2
7207,M010023,downgraded,2,-1.0,0.30000000000000004,quality_score=0.3000 < DOWNGRADE_THRESHOLD=0.4
7210,M080477,quarantined,3,-1.0,0.20000000000000004,retrieval_count=3>=N_MIN=3 and average_utility=-1.0000<=BETA=-0.2
7215,M007320,downgraded,2,-1.0,0.30000000000000004,quality_score=0.3000 < DOWNGRADE_THRESHOLD=0.4
7218,M041057,quarantined,3,-1.0,0.20000000000000004,retrieval_count=3>=N_MIN=3 and average_utility=-1.0000<=BETA=-0.2
7223,M092183,downgraded,2,-1.0,0.30000000000000004,quality_score=0.3000 < DOWNGRADE_THRESHOLD=0.4
7234,M007626,downgraded,2,-1.0,0.30000000000000004,quality_score=0.3000 < DOWNGRADE_THRESHOLD=0.4
7239,M043869,downgraded,2,-1.0,0.30000000000000004,quality_score=0.3000 < DOWNGRADE_THRESHOLD=0.4
7241,M049131,downgraded,2,-1.0,0.30000000000000004,quality_score=0.3000 < DOWNGRADE_THRESHOLD=0.4
7245,M074127,downgraded,2,-1.0,0.30000000000000004,quality_score=0.3000 < DOWNGRADE_THRESHOLD=0.4
7245,M036911,downgraded,2,-1.0,0.30000000000000004,quality_score=0.3000 < DOWNGRADE_THRESHOLD=0.4
7249,M033144,quarantined,3,-1.0,0.20000000000000004,retrieval_count=3>=N_MIN=3 and average_utility=-1.0000<=BETA=-0.2
7252,M021879,downgraded,2,-1.0,0.30000000000000004,quality_score=0.3000 < DOWNGRADE_THRESHOLD=0.4
7255,M003355,quarantined,3,-1.0,0.20000000000000004,retrieval_count=3>=N_MIN=3 and average_utility=-1.0000<=BETA=-0.2
7260,M094184,downgraded,2,-1.0,0.30000000000000004,quality_score=0.3000 < DOWNGRADE_THRESHOLD=0.4
7268,M091956,quarantined,3,-1.0,0.20000000000000004,retrieval_count=3>=N_MIN=3 and average_utility=-1.0000<=BETA=-0.2
7288,M092332,downgraded,2,-1.0,0.30000000000000004,quality_score=0.3000 < DOWNGRADE_THRESHOLD=0.4
7292,M018144,downgraded,2,-1.0,0.30000000000000004,quality_score=0.3000 < DOWNGRADE_THRESHOLD=0.4
7296,M020659,downgraded,2,-1.0,0.30000000000000004,quality_score=0.3000 < DOWNGRADE_THRESHOLD=0.4
7323,M059229,downgraded,2,-1.0,0.30000000000000004,quality_score=0.3000 < DOWNGRADE_THRESHOLD=0.4
7326,M070612,quarantined,3,-1.0,0.20000000000000004,retrieval_count=3>=N_MIN=3 and average_utility=-1.0000<=BETA=-0.2
7327,M012321,downgraded,2,-1.0,0.30000000000000004,quality_score=0.3000 < DOWNGRADE_THRESHOLD=0.4
7330,M096031,quarantined,3,-1.0,0.20000000000000004,retrieval_count=3>=N_MIN=3 and average_utility=-1.0000<=BETA=-0.2
7331,M038647,quarantined,3,-1.0,0.20000000000000004,retrieval_count=3>=N_MIN=3 and average_utility=-1.0000<=BETA=-0.2
7335,M046102,downgraded,2,-1.0,0.30000000000000004,quality_score=0.3000 < DOWNGRADE_THRESHOLD=0.4
7338,M025035,downgraded,2,-1.0,0.30000000000000004,quality_score=0.3000 < DOWNGRADE_THRESHOLD=0.4
7340,M014690,quarantined,3,-1.0,0.20000000000000004,retrieval_count=3>=N_MIN=3 and average_utility=-1.0000<=BETA=-0.2
7344,M095492,downgraded,2,-1.0,0.30000000000000004,quality_score=0.3000 < DOWNGRADE_THRESHOLD=0.4
7357,M046256,downgraded,2,-1.0,0.30000000000000004,quality_score=0.3000 < DOWNGRADE_THRESHOLD=0.4
7357,M002659,downgraded,2,-1.0,0.30000000000000004,quality_score=0.3000 < DOWNGRADE_THRESHOLD=0.4
7359,M083643,quarantined,3,-1.0,0.20000000000000004,retrieval_count=3>=N_MIN=3 and average_utility=-1.0000<=BETA=-0.2
7360,M063640,downgraded,2,-1.0,0.30000000000000004,quality_score=0.3000 < DOWNGRADE_THRESHOLD=0.4
7361,M075088,quarantined,3,-1.0,0.20000000000000004,retrieval_count=3>=N_MIN=3 and average_utility=-1.0000<=BETA=-0.2
7364,M080951,downgraded,2,-1.0,0.30000000000000004,quality_score=0.3000 < DOWNGRADE_THRESHOLD=0.4
7367,M037590,downgraded,2,-1.0,0.30000000000000004,quality_score=0.3000 < DOWNGRADE_THRESHOLD=0.4
7377,M101626,downgraded,2,-1.0,0.30000000000000004,quality_score=0.3000 < DOWNGRADE_THRESHOLD=0.4
7382,M087640,quarantined,3,-1.0,0.20000000000000004,retrieval_count=3>=N_MIN=3 and average_utility=-1.0000<=BETA=-0.2
7391,M037120,downgraded,2,-1.0,0.30000000000000004,quality_score=0.3000 < DOWNGRADE_THRESHOLD=0.4
7393,M020004,quarantined,3,-1.0,0.20000000000000004,retrieval_count=3>=N_MIN=3 and average_utility=-1.0000<=BETA=-0.2
7395,M086423,downgraded,2,-1.0,0.30000000000000004,quality_score=0.3000 < DOWNGRADE_THRESHOLD=0.4
7400,M035459,downgraded,2,-1.0,0.30000000000000004,quality_score=0.3000 < DOWNGRADE_THRESHOLD=0.4
7406,M003542,downgraded,2,-1.0,0.30000000000000004,quality_score=0.3000 < DOWNGRADE_THRESHOLD=0.4
7410,M020212,downgraded,2,-1.0,0.30000000000000004,quality_score=0.3000 < DOWNGRADE_THRESHOLD=0.4
7411,M068077,downgraded,2,-1.0,0.30000000000000004,quality_score=0.3000 < DOWNGRADE_THRESHOLD=0.4
7414,M065571,downgraded,2,-1.0,0.30000000000000004,quality_score=0.3000 < DOWNGRADE_THRESHOLD=0.4
7418,M094496,quarantined,3,-1.0,0.20000000000000004,retrieval_count=3>=N_MIN=3 and average_utility=-1.0000<=BETA=-0.2
7429,M081774,downgraded,2,-1.0,0.30000000000000004,quality_score=0.3000 < DOWNGRADE_THRESHOLD=0.4
7443,M098406,downgraded,2,-1.0,0.30000000000000004,quality_score=0.3000 < DOWNGRADE_THRESHOLD=0.4
7445,M003852,quarantined,3,-1.0,0.20000000000000004,retrieval_count=3>=N_MIN=3 and average_utility=-1.0000<=BETA=-0.2
7446,M014838,quarantined,3,-1.0,0.20000000000000004,retrieval_count=3>=N_MIN=3 and average_utility=-1.0000<=BETA=-0.2
7450,M034319,downgraded,2,-1.0,0.30000000000000004,quality_score=0.3000 < DOWNGRADE_THRESHOLD=0.4
7450,M083773,downgraded,2,-1.0,0.30000000000000004,quality_score=0.3000 < DOWNGRADE_THRESHOLD=0.4
7450,M034524,downgraded,2,-1.0,0.30000000000000004,quality_score=0.3000 < DOWNGRADE_THRESHOLD=0.4
7450,M081638,downgraded,2,-1.0,0.30000000000000004,quality_score=0.3000 < DOWNGRADE_THRESHOLD=0.4
7452,M037379,quarantined,3,-1.0,0.20000000000000004,retrieval_count=3>=N_MIN=3 and average_utility=-1.0000<=BETA=-0.2
7454,M060259,downgraded,2,-1.0,0.30000000000000004,quality_score=0.3000 < DOWNGRADE_THRESHOLD=0.4
7460,M067341,downgraded,2,-1.0,0.30000000000000004,quality_score=0.3000 < DOWNGRADE_THRESHOLD=0.4
7461,M045742,quarantined,3,-1.0,0.20000000000000004,retrieval_count=3>=N_MIN=3 and average_utility=-1.0000<=BETA=-0.2
7461,M098625,downgraded,2,-1.0,0.30000000000000004,quality_score=0.3000 < DOWNGRADE_THRESHOLD=0.4
7463,M019889,quarantined,3,-1.0,0.20000000000000004,retrieval_count=3>=N_MIN=3 and average_utility=-1.0000<=BETA=-0.2
7463,M036232,quarantined,3,-1.0,0.20000000000000004,retrieval_count=3>=N_MIN=3 and average_utility=-1.0000<=BETA=-0.2
7471,M040031,downgraded,2,-1.0,0.30000000000000004,quality_score=0.3000 < DOWNGRADE_THRESHOLD=0.4
7481,M049460,downgraded,2,-1.0,0.30000000000000004,quality_score=0.3000 < DOWNGRADE_THRESHOLD=0.4
7483,M075537,downgraded,2,-1.0,0.30000000000000004,quality_score=0.3000 < DOWNGRADE_THRESHOLD=0.4
7501,M076486,downgraded,2,-1.0,0.30000000000000004,quality_score=0.3000 < DOWNGRADE_THRESHOLD=0.4
7502,M086764,downgraded,2,-1.0,0.30000000000000004,quality_score=0.3000 < DOWNGRADE_THRESHOLD=0.4
7510,M085622,quarantined,3,-1.0,0.20000000000000004,retrieval_count=3>=N_MIN=3 and average_utility=-1.0000<=BETA=-0.2
7511,M091007,downgraded,2,-1.0,0.30000000000000004,quality_score=0.3000 < DOWNGRADE_THRESHOLD=0.4
7515,M063458,downgraded,2,-1.0,0.30000000000000004,quality_score=0.3000 < DOWNGRADE_THRESHOLD=0.4
7521,M003010,downgraded,2,-1.0,0.30000000000000004,quality_score=0.3000 < DOWNGRADE_THRESHOLD=0.4
7525,M059633,quarantined,3,-1.0,0.20000000000000004,retrieval_count=3>=N_MIN=3 and average_utility=-1.0000<=BETA=-0.2
7526,M021559,quarantined,3,-1.0,0.20000000000000004,retrieval_count=3>=N_MIN=3 and average_utility=-1.0000<=BETA=-0.2
7526,M076762,quarantined,3,-1.0,0.20000000000000004,retrieval_count=3>=N_MIN=3 and average_utility=-1.0000<=BETA=-0.2
7530,M006985,quarantined,3,-1.0,0.20000000000000004,retrieval_count=3>=N_MIN=3 and average_utility=-1.0000<=BETA=-0.2
7532,M100687,quarantined,3,-1.0,0.20000000000000004,retrieval_count=3>=N_MIN=3 and average_utility=-1.0000<=BETA=-0.2
7547,M002744,downgraded,2,-1.0,0.30000000000000004,quality_score=0.3000 < DOWNGRADE_THRESHOLD=0.4
7561,M035459,quarantined,3,-1.0,0.20000000000000004,retrieval_count=3>=N_MIN=3 and average_utility=-1.0000<=BETA=-0.2
7563,M043669,downgraded,2,-1.0,0.30000000000000004,quality_score=0.3000 < DOWNGRADE_THRESHOLD=0.4
7568,M020659,quarantined,3,-1.0,0.20000000000000004,retrieval_count=3>=N_MIN=3 and average_utility=-1.0000<=BETA=-0.2
7575,M045054,quarantined,3,-1.0,0.20000000000000004,retrieval_count=3>=N_MIN=3 and average_utility=-1.0000<=BETA=-0.2
7588,M019167,downgraded,2,-1.0,0.30000000000000004,quality_score=0.3000 < DOWNGRADE_THRESHOLD=0.4
7588,M006347,downgraded,2,-1.0,0.30000000000000004,quality_score=0.3000 < DOWNGRADE_THRESHOLD=0.4
7614,M004194,downgraded,2,-1.0,0.30000000000000004,quality_score=0.3000 < DOWNGRADE_THRESHOLD=0.4
7617,M048689,downgraded,2,-1.0,0.30000000000000004,quality_score=0.3000 < DOWNGRADE_THRESHOLD=0.4
7624,M004859,downgraded,2,-1.0,0.30000000000000004,quality_score=0.3000 < DOWNGRADE_THRESHOLD=0.4
7625,M089617,downgraded,2,-1.0,0.30000000000000004,quality_score=0.3000 < DOWNGRADE_THRESHOLD=0.4
7630,M085566,downgraded,2,-1.0,0.30000000000000004,quality_score=0.3000 < DOWNGRADE_THRESHOLD=0.4
7632,M049991,quarantined,3,-1.0,0.20000000000000004,retrieval_count=3>=N_MIN=3 and average_utility=-1.0000<=BETA=-0.2
7643,M048121,downgraded,2,-1.0,0.30000000000000004,quality_score=0.3000 < DOWNGRADE_THRESHOLD=0.4
7646,M063682,downgraded,2,-1.0,0.30000000000000004,quality_score=0.3000 < DOWNGRADE_THRESHOLD=0.4
7650,M041200,downgraded,2,-1.0,0.30000000000000004,quality_score=0.3000 < DOWNGRADE_THRESHOLD=0.4
7653,M017120,downgraded,2,-1.0,0.30000000000000004,quality_score=0.3000 < DOWNGRADE_THRESHOLD=0.4
7654,M031699,downgraded,2,-1.0,0.30000000000000004,quality_score=0.3000 < DOWNGRADE_THRESHOLD=0.4
7659,M002764,downgraded,2,-1.0,0.30000000000000004,quality_score=0.3000 < DOWNGRADE_THRESHOLD=0.4
7660,M068075,downgraded,2,-1.0,0.30000000000000004,quality_score=0.3000 < DOWNGRADE_THRESHOLD=0.4
7665,M080927,downgraded,2,-1.0,0.30000000000000004,quality_score=0.3000 < DOWNGRADE_THRESHOLD=0.4
7665,M076685,downgraded,2,-1.0,0.30000000000000004,quality_score=0.3000 < DOWNGRADE_THRESHOLD=0.4
7666,M025328,downgraded,2,-1.0,0.30000000000000004,quality_score=0.3000 < DOWNGRADE_THRESHOLD=0.4
7697,M005659,downgraded,2,-1.0,0.30000000000000004,quality_score=0.3000 < DOWNGRADE_THRESHOLD=0.4
7711,M069417,quarantined,3,-1.0,0.20000000000000004,retrieval_count=3>=N_MIN=3 and average_utility=-1.0000<=BETA=-0.2
7718,M078719,downgraded,2,-1.0,0.30000000000000004,quality_score=0.3000 < DOWNGRADE_THRESHOLD=0.4
7720,M048510,downgraded,2,-1.0,0.30000000000000004,quality_score=0.3000 < DOWNGRADE_THRESHOLD=0.4
7745,M006819,downgraded,2,-1.0,0.30000000000000004,quality_score=0.3000 < DOWNGRADE_THRESHOLD=0.4
7746,M004098,downgraded,2,-1.0,0.30000000000000004,quality_score=0.3000 < DOWNGRADE_THRESHOLD=0.4
7746,M018012,downgraded,2,-1.0,0.30000000000000004,quality_score=0.3000 < DOWNGRADE_THRESHOLD=0.4
7747,M018832,downgraded,2,-1.0,0.30000000000000004,quality_score=0.3000 < DOWNGRADE_THRESHOLD=0.4
7752,M091126,downgraded,2,-1.0,0.30000000000000004,quality_score=0.3000 < DOWNGRADE_THRESHOLD=0.4
7752,M065719,downgraded,2,-1.0,0.30000000000000004,quality_score=0.3000 < DOWNGRADE_THRESHOLD=0.4
7770,M056918,downgraded,2,-1.0,0.30000000000000004,quality_score=0.3000 < DOWNGRADE_THRESHOLD=0.4
7778,M085817,downgraded,2,-1.0,0.30000000000000004,quality_score=0.3000 < DOWNGRADE_THRESHOLD=0.4
7779,M041802,quarantined,3,-1.0,0.20000000000000004,retrieval_count=3>=N_MIN=3 and average_utility=-1.0000<=BETA=-0.2
7783,M077585,downgraded,2,-1.0,0.30000000000000004,quality_score=0.3000 < DOWNGRADE_THRESHOLD=0.4
7784,M096335,quarantined,3,-1.0,0.20000000000000004,retrieval_count=3>=N_MIN=3 and average_utility=-1.0000<=BETA=-0.2
7796,M100401,quarantined,3,-1.0,0.20000000000000004,retrieval_count=3>=N_MIN=3 and average_utility=-1.0000<=BETA=-0.2
7797,M050752,downgraded,2,-1.0,0.30000000000000004,quality_score=0.3000 < DOWNGRADE_THRESHOLD=0.4
7798,M023120,downgraded,2,-1.0,0.30000000000000004,quality_score=0.3000 < DOWNGRADE_THRESHOLD=0.4
7800,M088131,quarantined,3,-1.0,0.20000000000000004,retrieval_count=3>=N_MIN=3 and average_utility=-1.0000<=BETA=-0.2
7803,M040210,quarantined,3,-1.0,0.20000000000000004,retrieval_count=3>=N_MIN=3 and average_utility=-1.0000<=BETA=-0.2
7806,M038189,downgraded,2,-1.0,0.30000000000000004,quality_score=0.3000 < DOWNGRADE_THRESHOLD=0.4
7811,M069652,downgraded,2,-1.0,0.30000000000000004,quality_score=0.3000 < DOWNGRADE_THRESHOLD=0.4
7821,M070829,downgraded,2,-1.0,0.30000000000000004,quality_score=0.3000 < DOWNGRADE_THRESHOLD=0.4
7825,M052913,downgraded,2,-1.0,0.30000000000000004,quality_score=0.3000 < DOWNGRADE_THRESHOLD=0.4
7832,M080995,quarantined,3,-1.0,0.20000000000000004,retrieval_count=3>=N_MIN=3 and average_utility=-1.0000<=BETA=-0.2
7835,M098501,quarantined,3,-1.0,0.20000000000000004,retrieval_count=3>=N_MIN=3 and average_utility=-1.0000<=BETA=-0.2
7836,M082724,quarantined,3,-1.0,0.20000000000000004,retrieval_count=3>=N_MIN=3 and average_utility=-1.0000<=BETA=-0.2
7838,M057109,downgraded,2,-1.0,0.30000000000000004,quality_score=0.3000 < DOWNGRADE_THRESHOLD=0.4
7838,M069972,downgraded,2,-1.0,0.30000000000000004,quality_score=0.3000 < DOWNGRADE_THRESHOLD=0.4
7838,M049112,downgraded,2,-1.0,0.30000000000000004,quality_score=0.3000 < DOWNGRADE_THRESHOLD=0.4
7839,M049852,downgraded,2,-1.0,0.30000000000000004,quality_score=0.3000 < DOWNGRADE_THRESHOLD=0.4
7839,M050852,downgraded,2,-1.0,0.30000000000000004,quality_score=0.3000 < DOWNGRADE_THRESHOLD=0.4
7843,M009475,quarantined,3,-1.0,0.20000000000000004,retrieval_count=3>=N_MIN=3 and average_utility=-1.0000<=BETA=-0.2
7853,M047342,downgraded,2,-1.0,0.30000000000000004,quality_score=0.3000 < DOWNGRADE_THRESHOLD=0.4
7856,M010967,downgraded,2,-1.0,0.30000000000000004,quality_score=0.3000 < DOWNGRADE_THRESHOLD=0.4
7865,M068790,downgraded,2,-1.0,0.30000000000000004,quality_score=0.3000 < DOWNGRADE_THRESHOLD=0.4
7865,M062563,downgraded,2,-1.0,0.30000000000000004,quality_score=0.3000 < DOWNGRADE_THRESHOLD=0.4
7866,M062276,downgraded,2,-1.0,0.30000000000000004,quality_score=0.3000 < DOWNGRADE_THRESHOLD=0.4
7867,M003110,downgraded,2,-1.0,0.30000000000000004,quality_score=0.3000 < DOWNGRADE_THRESHOLD=0.4
7874,M062434,downgraded,2,-1.0,0.30000000000000004,quality_score=0.3000 < DOWNGRADE_THRESHOLD=0.4
7880,M037073,quarantined,3,-1.0,0.20000000000000004,retrieval_count=3>=N_MIN=3 and average_utility=-1.0000<=BETA=-0.2
7887,M000970,quarantined,3,-1.0,0.20000000000000004,retrieval_count=3>=N_MIN=3 and average_utility=-1.0000<=BETA=-0.2
7893,M081702,downgraded,2,-1.0,0.30000000000000004,quality_score=0.3000 < DOWNGRADE_THRESHOLD=0.4
7902,M001899,downgraded,2,-1.0,0.30000000000000004,quality_score=0.3000 < DOWNGRADE_THRESHOLD=0.4
7907,M079941,downgraded,2,-1.0,0.30000000000000004,quality_score=0.3000 < DOWNGRADE_THRESHOLD=0.4
7918,M039008,downgraded,2,-1.0,0.30000000000000004,quality_score=0.3000 < DOWNGRADE_THRESHOLD=0.4
7941,M067885,downgraded,2,-1.0,0.30000000000000004,quality_score=0.3000 < DOWNGRADE_THRESHOLD=0.4
7943,M001899,quarantined,3,-1.0,0.20000000000000004,retrieval_count=3>=N_MIN=3 and average_utility=-1.0000<=BETA=-0.2
7947,M067264,downgraded,2,-1.0,0.30000000000000004,quality_score=0.3000 < DOWNGRADE_THRESHOLD=0.4
7947,M067589,quarantined,3,-1.0,0.20000000000000004,retrieval_count=3>=N_MIN=3 and average_utility=-1.0000<=BETA=-0.2
7953,M063033,downgraded,2,-1.0,0.30000000000000004,quality_score=0.3000 < DOWNGRADE_THRESHOLD=0.4
7955,M091415,downgraded,2,-1.0,0.30000000000000004,quality_score=0.3000 < DOWNGRADE_THRESHOLD=0.4
7965,M023441,downgraded,2,-1.0,0.30000000000000004,quality_score=0.3000 < DOWNGRADE_THRESHOLD=0.4
7966,M014698,downgraded,2,-1.0,0.30000000000000004,quality_score=0.3000 < DOWNGRADE_THRESHOLD=0.4
7967,M060012,downgraded,2,-1.0,0.30000000000000004,quality_score=0.3000 < DOWNGRADE_THRESHOLD=0.4
7972,M049423,downgraded,2,-1.0,0.30000000000000004,quality_score=0.3000 < DOWNGRADE_THRESHOLD=0.4
7976,M038169,downgraded,2,-1.0,0.30000000000000004,quality_score=0.3000 < DOWNGRADE_THRESHOLD=0.4
7985,M099295,quarantined,3,-1.0,0.20000000000000004,retrieval_count=3>=N_MIN=3 and average_utility=-1.0000<=BETA=-0.2
7986,M002860,downgraded,2,-1.0,0.30000000000000004,quality_score=0.3000 < DOWNGRADE_THRESHOLD=0.4
7988,M035829,downgraded,2,-1.0,0.30000000000000004,quality_score=0.3000 < DOWNGRADE_THRESHOLD=0.4
7992,M002644,downgraded,2,-1.0,0.30000000000000004,quality_score=0.3000 < DOWNGRADE_THRESHOLD=0.4
7998,M039237,downgraded,2,-1.0,0.30000000000000004,quality_score=0.3000 < DOWNGRADE_THRESHOLD=0.4
8006,M101384,downgraded,2,-1.0,0.30000000000000004,quality_score=0.3000 < DOWNGRADE_THRESHOLD=0.4
8018,M093955,downgraded,2,-1.0,0.30000000000000004,quality_score=0.3000 < DOWNGRADE_THRESHOLD=0.4
8024,M055216,quarantined,3,-1.0,0.20000000000000004,retrieval_count=3>=N_MIN=3 and average_utility=-1.0000<=BETA=-0.2
8027,M034980,downgraded,2,-1.0,0.30000000000000004,quality_score=0.3000 < DOWNGRADE_THRESHOLD=0.4
8027,M017744,downgraded,2,-1.0,0.30000000000000004,quality_score=0.3000 < DOWNGRADE_THRESHOLD=0.4
8028,M009035,downgraded,2,-1.0,0.30000000000000004,quality_score=0.3000 < DOWNGRADE_THRESHOLD=0.4
8028,M038169,quarantined,3,-1.0,0.20000000000000004,retrieval_count=3>=N_MIN=3 and average_utility=-1.0000<=BETA=-0.2
8029,M065314,quarantined,3,-1.0,0.20000000000000004,retrieval_count=3>=N_MIN=3 and average_utility=-1.0000<=BETA=-0.2
8037,M001981,downgraded,2,-1.0,0.30000000000000004,quality_score=0.3000 < DOWNGRADE_THRESHOLD=0.4
8043,M050710,downgraded,2,-1.0,0.30000000000000004,quality_score=0.3000 < DOWNGRADE_THRESHOLD=0.4
8055,M028345,quarantined,3,-1.0,0.20000000000000004,retrieval_count=3>=N_MIN=3 and average_utility=-1.0000<=BETA=-0.2
8056,M085014,quarantined,3,-1.0,0.20000000000000004,retrieval_count=3>=N_MIN=3 and average_utility=-1.0000<=BETA=-0.2
8057,M072490,downgraded,2,-1.0,0.30000000000000004,quality_score=0.3000 < DOWNGRADE_THRESHOLD=0.4
8057,M070714,downgraded,2,-1.0,0.30000000000000004,quality_score=0.3000 < DOWNGRADE_THRESHOLD=0.4
8060,M094176,downgraded,2,-1.0,0.30000000000000004,quality_score=0.3000 < DOWNGRADE_THRESHOLD=0.4
8061,M005964,downgraded,2,-1.0,0.30000000000000004,quality_score=0.3000 < DOWNGRADE_THRESHOLD=0.4
8061,M055559,quarantined,3,-1.0,0.20000000000000004,retrieval_count=3>=N_MIN=3 and average_utility=-1.0000<=BETA=-0.2
8061,M045080,downgraded,2,-1.0,0.30000000000000004,quality_score=0.3000 < DOWNGRADE_THRESHOLD=0.4
8062,M057664,downgraded,2,-1.0,0.30000000000000004,quality_score=0.3000 < DOWNGRADE_THRESHOLD=0.4
8063,M099741,downgraded,2,-1.0,0.30000000000000004,quality_score=0.3000 < DOWNGRADE_THRESHOLD=0.4
8069,M092981,downgraded,2,-1.0,0.30000000000000004,quality_score=0.3000 < DOWNGRADE_THRESHOLD=0.4
8072,M076207,downgraded,2,-1.0,0.30000000000000004,quality_score=0.3000 < DOWNGRADE_THRESHOLD=0.4
8073,M088229,downgraded,2,-1.0,0.30000000000000004,quality_score=0.3000 < DOWNGRADE_THRESHOLD=0.4
8076,M087931,downgraded,2,-1.0,0.30000000000000004,quality_score=0.3000 < DOWNGRADE_THRESHOLD=0.4
8084,M002010,downgraded,2,-1.0,0.30000000000000004,quality_score=0.3000 < DOWNGRADE_THRESHOLD=0.4
8086,M054233,downgraded,2,-1.0,0.30000000000000004,quality_score=0.3000 < DOWNGRADE_THRESHOLD=0.4
8089,M057062,downgraded,2,-1.0,0.30000000000000004,quality_score=0.3000 < DOWNGRADE_THRESHOLD=0.4
8098,M075049,downgraded,2,-1.0,0.30000000000000004,quality_score=0.3000 < DOWNGRADE_THRESHOLD=0.4
8115,M079692,downgraded,2,-1.0,0.30000000000000004,quality_score=0.3000 < DOWNGRADE_THRESHOLD=0.4
8117,M039502,downgraded,2,-1.0,0.30000000000000004,quality_score=0.3000 < DOWNGRADE_THRESHOLD=0.4
8123,M091444,downgraded,2,-1.0,0.30000000000000004,quality_score=0.3000 < DOWNGRADE_THRESHOLD=0.4
8123,M045147,downgraded,2,-1.0,0.30000000000000004,quality_score=0.3000 < DOWNGRADE_THRESHOLD=0.4
8132,M055829,downgraded,2,-1.0,0.30000000000000004,quality_score=0.3000 < DOWNGRADE_THRESHOLD=0.4
8152,M077097,quarantined,3,-1.0,0.20000000000000004,retrieval_count=3>=N_MIN=3 and average_utility=-1.0000<=BETA=-0.2
8156,M097829,downgraded,2,-1.0,0.30000000000000004,quality_score=0.3000 < DOWNGRADE_THRESHOLD=0.4
8159,M065126,downgraded,2,-1.0,0.30000000000000004,quality_score=0.3000 < DOWNGRADE_THRESHOLD=0.4
8180,M100327,downgraded,2,-1.0,0.30000000000000004,quality_score=0.3000 < DOWNGRADE_THRESHOLD=0.4
8180,M086276,quarantined,3,-1.0,0.20000000000000004,retrieval_count=3>=N_MIN=3 and average_utility=-1.0000<=BETA=-0.2
8185,M029640,downgraded,2,-1.0,0.30000000000000004,quality_score=0.3000 < DOWNGRADE_THRESHOLD=0.4
8187,M100634,downgraded,2,-1.0,0.30000000000000004,quality_score=0.3000 < DOWNGRADE_THRESHOLD=0.4
8190,M082388,downgraded,2,-1.0,0.30000000000000004,quality_score=0.3000 < DOWNGRADE_THRESHOLD=0.4
8199,M045435,downgraded,2,-1.0,0.30000000000000004,quality_score=0.3000 < DOWNGRADE_THRESHOLD=0.4
8200,M062681,downgraded,2,-1.0,0.30000000000000004,quality_score=0.3000 < DOWNGRADE_THRESHOLD=0.4
8211,M002614,downgraded,2,-1.0,0.30000000000000004,quality_score=0.3000 < DOWNGRADE_THRESHOLD=0.4
8214,M020510,downgraded,2,-1.0,0.30000000000000004,quality_score=0.3000 < DOWNGRADE_THRESHOLD=0.4
8216,M087860,downgraded,2,-1.0,0.30000000000000004,quality_score=0.3000 < DOWNGRADE_THRESHOLD=0.4
8225,M088214,downgraded,2,-1.0,0.30000000000000004,quality_score=0.3000 < DOWNGRADE_THRESHOLD=0.4
8226,M086897,downgraded,2,-1.0,0.30000000000000004,quality_score=0.3000 < DOWNGRADE_THRESHOLD=0.4
8229,M052861,downgraded,2,-1.0,0.30000000000000004,quality_score=0.3000 < DOWNGRADE_THRESHOLD=0.4
8230,M014496,downgraded,2,-1.0,0.30000000000000004,quality_score=0.3000 < DOWNGRADE_THRESHOLD=0.4
8230,M026447,downgraded,2,-1.0,0.30000000000000004,quality_score=0.3000 < DOWNGRADE_THRESHOLD=0.4
8236,M100327,quarantined,3,-1.0,0.20000000000000004,retrieval_count=3>=N_MIN=3 and average_utility=-1.0000<=BETA=-0.2
8241,M080951,quarantined,3,-1.0,0.20000000000000004,retrieval_count=3>=N_MIN=3 and average_utility=-1.0000<=BETA=-0.2
8250,M098267,downgraded,2,-1.0,0.30000000000000004,quality_score=0.3000 < DOWNGRADE_THRESHOLD=0.4
8255,M030173,quarantined,3,-1.0,0.20000000000000004,retrieval_count=3>=N_MIN=3 and average_utility=-1.0000<=BETA=-0.2
8261,M033607,downgraded,2,-1.0,0.30000000000000004,quality_score=0.3000 < DOWNGRADE_THRESHOLD=0.4
8261,M052002,downgraded,2,-1.0,0.30000000000000004,quality_score=0.3000 < DOWNGRADE_THRESHOLD=0.4
8263,M007553,downgraded,2,-1.0,0.30000000000000004,quality_score=0.3000 < DOWNGRADE_THRESHOLD=0.4
8266,M083259,downgraded,2,-1.0,0.30000000000000004,quality_score=0.3000 < DOWNGRADE_THRESHOLD=0.4
8277,M017399,downgraded,2,-1.0,0.30000000000000004,quality_score=0.3000 < DOWNGRADE_THRESHOLD=0.4
8283,M040161,downgraded,2,-1.0,0.30000000000000004,quality_score=0.3000 < DOWNGRADE_THRESHOLD=0.4
8290,M020305,downgraded,2,-1.0,0.30000000000000004,quality_score=0.3000 < DOWNGRADE_THRESHOLD=0.4
8291,M050759,downgraded,2,-1.0,0.30000000000000004,quality_score=0.3000 < DOWNGRADE_THRESHOLD=0.4
8305,M050431,downgraded,2,-1.0,0.30000000000000004,quality_score=0.3000 < DOWNGRADE_THRESHOLD=0.4
8313,M022350,downgraded,2,-1.0,0.30000000000000004,quality_score=0.3000 < DOWNGRADE_THRESHOLD=0.4
8327,M068748,downgraded,2,-1.0,0.30000000000000004,quality_score=0.3000 < DOWNGRADE_THRESHOLD=0.4
8328,M022053,downgraded,2,-1.0,0.30000000000000004,quality_score=0.3000 < DOWNGRADE_THRESHOLD=0.4
8338,M007672,downgraded,2,-1.0,0.30000000000000004,quality_score=0.3000 < DOWNGRADE_THRESHOLD=0.4
8340,M084828,downgraded,2,-1.0,0.30000000000000004,quality_score=0.3000 < DOWNGRADE_THRESHOLD=0.4
8343,M048680,downgraded,2,-1.0,0.30000000000000004,quality_score=0.3000 < DOWNGRADE_THRESHOLD=0.4
8347,M052680,downgraded,2,-1.0,0.30000000000000004,quality_score=0.3000 < DOWNGRADE_THRESHOLD=0.4
8349,M078980,downgraded,2,-1.0,0.30000000000000004,quality_score=0.3000 < DOWNGRADE_THRESHOLD=0.4
8355,M059375,downgraded,2,-1.0,0.30000000000000004,quality_score=0.3000 < DOWNGRADE_THRESHOLD=0.4
8360,M038783,downgraded,2,-1.0,0.30000000000000004,quality_score=0.3000 < DOWNGRADE_THRESHOLD=0.4
8389,M014956,downgraded,2,-1.0,0.30000000000000004,quality_score=0.3000 < DOWNGRADE_THRESHOLD=0.4
8393,M015580,downgraded,2,-1.0,0.30000000000000004,quality_score=0.3000 < DOWNGRADE_THRESHOLD=0.4
8397,M008857,downgraded,2,-1.0,0.30000000000000004,quality_score=0.3000 < DOWNGRADE_THRESHOLD=0.4
8399,M076812,downgraded,2,-1.0,0.30000000000000004,quality_score=0.3000 < DOWNGRADE_THRESHOLD=0.4
8402,M100852,downgraded,2,-1.0,0.30000000000000004,quality_score=0.3000 < DOWNGRADE_THRESHOLD=0.4
8415,M008858,downgraded,2,-1.0,0.30000000000000004,quality_score=0.3000 < DOWNGRADE_THRESHOLD=0.4
8421,M045482,downgraded,2,-1.0,0.30000000000000004,quality_score=0.3000 < DOWNGRADE_THRESHOLD=0.4
8421,M012926,downgraded,2,-1.0,0.30000000000000004,quality_score=0.3000 < DOWNGRADE_THRESHOLD=0.4
8429,M053826,downgraded,2,-1.0,0.30000000000000004,quality_score=0.3000 < DOWNGRADE_THRESHOLD=0.4
8432,M004714,downgraded,2,-1.0,0.30000000000000004,quality_score=0.3000 < DOWNGRADE_THRESHOLD=0.4
8432,M016190,downgraded,2,-1.0,0.30000000000000004,quality_score=0.3000 < DOWNGRADE_THRESHOLD=0.4
8436,M092289,downgraded,2,-1.0,0.30000000000000004,quality_score=0.3000 < DOWNGRADE_THRESHOLD=0.4
8437,M039008,quarantined,3,-1.0,0.20000000000000004,retrieval_count=3>=N_MIN=3 and average_utility=-1.0000<=BETA=-0.2
8444,M042062,downgraded,2,-1.0,0.30000000000000004,quality_score=0.3000 < DOWNGRADE_THRESHOLD=0.4
8448,M037812,downgraded,2,-1.0,0.30000000000000004,quality_score=0.3000 < DOWNGRADE_THRESHOLD=0.4
8450,M058313,downgraded,2,-1.0,0.30000000000000004,quality_score=0.3000 < DOWNGRADE_THRESHOLD=0.4
8451,M085817,quarantined,3,-1.0,0.20000000000000004,retrieval_count=3>=N_MIN=3 and average_utility=-1.0000<=BETA=-0.2
8451,M089409,downgraded,2,-1.0,0.30000000000000004,quality_score=0.3000 < DOWNGRADE_THRESHOLD=0.4
8451,M086357,downgraded,2,-1.0,0.30000000000000004,quality_score=0.3000 < DOWNGRADE_THRESHOLD=0.4
8474,M060557,downgraded,2,-1.0,0.30000000000000004,quality_score=0.3000 < DOWNGRADE_THRESHOLD=0.4
8481,M091329,downgraded,2,-1.0,0.30000000000000004,quality_score=0.3000 < DOWNGRADE_THRESHOLD=0.4
8485,M035241,downgraded,2,-1.0,0.30000000000000004,quality_score=0.3000 < DOWNGRADE_THRESHOLD=0.4
8486,M009670,quarantined,3,-1.0,0.20000000000000004,retrieval_count=3>=N_MIN=3 and average_utility=-1.0000<=BETA=-0.2
8498,M029524,quarantined,3,-1.0,0.20000000000000004,retrieval_count=3>=N_MIN=3 and average_utility=-1.0000<=BETA=-0.2
8500,M101535,quarantined,3,-1.0,0.20000000000000004,retrieval_count=3>=N_MIN=3 and average_utility=-1.0000<=BETA=-0.2
8506,M087786,downgraded,2,-1.0,0.30000000000000004,quality_score=0.3000 < DOWNGRADE_THRESHOLD=0.4
8518,M049589,downgraded,2,-1.0,0.30000000000000004,quality_score=0.3000 < DOWNGRADE_THRESHOLD=0.4
8520,M078934,quarantined,3,-1.0,0.20000000000000004,retrieval_count=3>=N_MIN=3 and average_utility=-1.0000<=BETA=-0.2
8527,M042590,quarantined,3,-1.0,0.20000000000000004,retrieval_count=3>=N_MIN=3 and average_utility=-1.0000<=BETA=-0.2
8540,M004630,downgraded,2,-1.0,0.30000000000000004,quality_score=0.3000 < DOWNGRADE_THRESHOLD=0.4
8553,M100744,downgraded,2,-1.0,0.30000000000000004,quality_score=0.3000 < DOWNGRADE_THRESHOLD=0.4
8556,M069849,downgraded,2,-1.0,0.30000000000000004,quality_score=0.3000 < DOWNGRADE_THRESHOLD=0.4
8557,M041289,downgraded,2,-1.0,0.30000000000000004,quality_score=0.3000 < DOWNGRADE_THRESHOLD=0.4
8561,M016475,downgraded,2,-1.0,0.30000000000000004,quality_score=0.3000 < DOWNGRADE_THRESHOLD=0.4
8563,M031503,downgraded,2,-1.0,0.30000000000000004,quality_score=0.3000 < DOWNGRADE_THRESHOLD=0.4
8572,M020443,downgraded,2,-1.0,0.30000000000000004,quality_score=0.3000 < DOWNGRADE_THRESHOLD=0.4
8574,M082014,downgraded,2,-1.0,0.30000000000000004,quality_score=0.3000 < DOWNGRADE_THRESHOLD=0.4
8589,M011598,quarantined,3,-1.0,0.20000000000000004,retrieval_count=3>=N_MIN=3 and average_utility=-1.0000<=BETA=-0.2
8605,M084162,quarantined,3,-1.0,0.20000000000000004,retrieval_count=3>=N_MIN=3 and average_utility=-1.0000<=BETA=-0.2
8606,M013853,quarantined,3,-1.0,0.20000000000000004,retrieval_count=3>=N_MIN=3 and average_utility=-1.0000<=BETA=-0.2
8612,M035241,quarantined,3,-1.0,0.20000000000000004,retrieval_count=3>=N_MIN=3 and average_utility=-1.0000<=BETA=-0.2
8622,M019509,downgraded,2,-1.0,0.30000000000000004,quality_score=0.3000 < DOWNGRADE_THRESHOLD=0.4
8637,M037577,downgraded,2,-1.0,0.30000000000000004,quality_score=0.3000 < DOWNGRADE_THRESHOLD=0.4
8643,M084557,quarantined,3,-1.0,0.20000000000000004,retrieval_count=3>=N_MIN=3 and average_utility=-1.0000<=BETA=-0.2
8647,M038983,downgraded,2,-1.0,0.30000000000000004,quality_score=0.3000 < DOWNGRADE_THRESHOLD=0.4
8650,M008652,downgraded,2,-1.0,0.30000000000000004,quality_score=0.3000 < DOWNGRADE_THRESHOLD=0.4
8664,M048731,quarantined,3,-1.0,0.20000000000000004,retrieval_count=3>=N_MIN=3 and average_utility=-1.0000<=BETA=-0.2
8666,M029343,downgraded,2,-1.0,0.30000000000000004,quality_score=0.3000 < DOWNGRADE_THRESHOLD=0.4
8671,M014284,downgraded,2,-1.0,0.30000000000000004,quality_score=0.3000 < DOWNGRADE_THRESHOLD=0.4
8674,M089409,quarantined,3,-1.0,0.20000000000000004,retrieval_count=3>=N_MIN=3 and average_utility=-1.0000<=BETA=-0.2
8690,M022729,downgraded,2,-1.0,0.30000000000000004,quality_score=0.3000 < DOWNGRADE_THRESHOLD=0.4
8693,M097662,downgraded,2,-1.0,0.30000000000000004,quality_score=0.3000 < DOWNGRADE_THRESHOLD=0.4
8694,M029481,downgraded,2,-1.0,0.30000000000000004,quality_score=0.3000 < DOWNGRADE_THRESHOLD=0.4
8699,M091469,downgraded,2,-1.0,0.30000000000000004,quality_score=0.3000 < DOWNGRADE_THRESHOLD=0.4
8706,M029170,downgraded,2,-1.0,0.30000000000000004,quality_score=0.3000 < DOWNGRADE_THRESHOLD=0.4
8722,M081865,downgraded,2,-1.0,0.30000000000000004,quality_score=0.3000 < DOWNGRADE_THRESHOLD=0.4
8725,M076545,downgraded,2,-1.0,0.30000000000000004,quality_score=0.3000 < DOWNGRADE_THRESHOLD=0.4
8734,M032015,quarantined,3,-1.0,0.20000000000000004,retrieval_count=3>=N_MIN=3 and average_utility=-1.0000<=BETA=-0.2
8752,M066324,downgraded,2,-1.0,0.30000000000000004,quality_score=0.3000 < DOWNGRADE_THRESHOLD=0.4
8754,M078719,quarantined,3,-1.0,0.20000000000000004,retrieval_count=3>=N_MIN=3 and average_utility=-1.0000<=BETA=-0.2
8755,M079846,downgraded,2,-1.0,0.30000000000000004,quality_score=0.3000 < DOWNGRADE_THRESHOLD=0.4
8763,M042411,downgraded,2,-1.0,0.30000000000000004,quality_score=0.3000 < DOWNGRADE_THRESHOLD=0.4
8767,M037236,quarantined,3,-1.0,0.20000000000000004,retrieval_count=3>=N_MIN=3 and average_utility=-1.0000<=BETA=-0.2
8775,M096947,downgraded,2,-1.0,0.30000000000000004,quality_score=0.3000 < DOWNGRADE_THRESHOLD=0.4
8777,M076807,downgraded,2,-1.0,0.30000000000000004,quality_score=0.3000 < DOWNGRADE_THRESHOLD=0.4
8785,M081040,downgraded,2,-1.0,0.30000000000000004,quality_score=0.3000 < DOWNGRADE_THRESHOLD=0.4
8791,M073128,downgraded,2,-1.0,0.30000000000000004,quality_score=0.3000 < DOWNGRADE_THRESHOLD=0.4
8792,M055646,quarantined,3,-1.0,0.20000000000000004,retrieval_count=3>=N_MIN=3 and average_utility=-1.0000<=BETA=-0.2
8793,M030821,quarantined,3,-1.0,0.20000000000000004,retrieval_count=3>=N_MIN=3 and average_utility=-1.0000<=BETA=-0.2
8796,M032840,downgraded,2,-1.0,0.30000000000000004,quality_score=0.3000 < DOWNGRADE_THRESHOLD=0.4
8796,M035549,downgraded,2,-1.0,0.30000000000000004,quality_score=0.3000 < DOWNGRADE_THRESHOLD=0.4
8811,M017975,downgraded,2,-1.0,0.30000000000000004,quality_score=0.3000 < DOWNGRADE_THRESHOLD=0.4
8823,M009355,downgraded,2,-1.0,0.30000000000000004,quality_score=0.3000 < DOWNGRADE_THRESHOLD=0.4
8829,M014852,downgraded,2,-1.0,0.30000000000000004,quality_score=0.3000 < DOWNGRADE_THRESHOLD=0.4
8854,M085272,downgraded,2,-1.0,0.30000000000000004,quality_score=0.3000 < DOWNGRADE_THRESHOLD=0.4
8856,M064464,downgraded,2,-1.0,0.30000000000000004,quality_score=0.3000 < DOWNGRADE_THRESHOLD=0.4
8856,M047166,downgraded,2,-1.0,0.30000000000000004,quality_score=0.3000 < DOWNGRADE_THRESHOLD=0.4
8871,M056854,downgraded,2,-1.0,0.30000000000000004,quality_score=0.3000 < DOWNGRADE_THRESHOLD=0.4
8882,M060163,downgraded,2,-1.0,0.30000000000000004,quality_score=0.3000 < DOWNGRADE_THRESHOLD=0.4
8894,M040701,quarantined,3,-1.0,0.20000000000000004,retrieval_count=3>=N_MIN=3 and average_utility=-1.0000<=BETA=-0.2
8895,M057627,downgraded,2,-1.0,0.30000000000000004,quality_score=0.3000 < DOWNGRADE_THRESHOLD=0.4
8905,M005568,downgraded,2,-1.0,0.30000000000000004,quality_score=0.3000 < DOWNGRADE_THRESHOLD=0.4
8911,M092269,quarantined,3,-1.0,0.20000000000000004,retrieval_count=3>=N_MIN=3 and average_utility=-1.0000<=BETA=-0.2
8911,M087408,downgraded,2,-1.0,0.30000000000000004,quality_score=0.3000 < DOWNGRADE_THRESHOLD=0.4
8915,M010967,quarantined,3,-1.0,0.20000000000000004,retrieval_count=3>=N_MIN=3 and average_utility=-1.0000<=BETA=-0.2
8915,M064814,downgraded,2,-1.0,0.30000000000000004,quality_score=0.3000 < DOWNGRADE_THRESHOLD=0.4
8915,M009249,downgraded,2,-1.0,0.30000000000000004,quality_score=0.3000 < DOWNGRADE_THRESHOLD=0.4
8916,M070005,downgraded,2,-1.0,0.30000000000000004,quality_score=0.3000 < DOWNGRADE_THRESHOLD=0.4
8921,M020767,downgraded,2,-1.0,0.30000000000000004,quality_score=0.3000 < DOWNGRADE_THRESHOLD=0.4
8924,M013892,downgraded,2,-1.0,0.30000000000000004,quality_score=0.3000 < DOWNGRADE_THRESHOLD=0.4
8924,M021068,quarantined,3,-1.0,0.20000000000000004,retrieval_count=3>=N_MIN=3 and average_utility=-1.0000<=BETA=-0.2
8925,M091970,downgraded,2,-1.0,0.30000000000000004,quality_score=0.3000 < DOWNGRADE_THRESHOLD=0.4
8936,M007539,quarantined,3,-1.0,0.20000000000000004,retrieval_count=3>=N_MIN=3 and average_utility=-1.0000<=BETA=-0.2
8936,M019514,quarantined,3,-1.0,0.20000000000000004,retrieval_count=3>=N_MIN=3 and average_utility=-1.0000<=BETA=-0.2
8947,M055351,downgraded,2,-1.0,0.30000000000000004,quality_score=0.3000 < DOWNGRADE_THRESHOLD=0.4
8947,M057664,quarantined,3,-1.0,0.20000000000000004,retrieval_count=3>=N_MIN=3 and average_utility=-1.0000<=BETA=-0.2
8954,M047592,downgraded,2,-1.0,0.30000000000000004,quality_score=0.3000 < DOWNGRADE_THRESHOLD=0.4
8955,M084402,downgraded,2,-1.0,0.30000000000000004,quality_score=0.3000 < DOWNGRADE_THRESHOLD=0.4
8957,M067742,downgraded,2,-1.0,0.30000000000000004,quality_score=0.3000 < DOWNGRADE_THRESHOLD=0.4
8965,M022729,quarantined,3,-1.0,0.20000000000000004,retrieval_count=3>=N_MIN=3 and average_utility=-1.0000<=BETA=-0.2
8966,M065862,downgraded,2,-1.0,0.30000000000000004,quality_score=0.3000 < DOWNGRADE_THRESHOLD=0.4
8975,M065194,downgraded,2,-1.0,0.30000000000000004,quality_score=0.3000 < DOWNGRADE_THRESHOLD=0.4
8986,M005095,downgraded,2,-1.0,0.30000000000000004,quality_score=0.3000 < DOWNGRADE_THRESHOLD=0.4
8988,M048426,quarantined,3,-1.0,0.20000000000000004,retrieval_count=3>=N_MIN=3 and average_utility=-1.0000<=BETA=-0.2
8999,M015251,downgraded,2,-1.0,0.30000000000000004,quality_score=0.3000 < DOWNGRADE_THRESHOLD=0.4
9001,M084402,quarantined,3,-1.0,0.20000000000000004,retrieval_count=3>=N_MIN=3 and average_utility=-1.0000<=BETA=-0.2
9001,M082491,downgraded,2,-1.0,0.30000000000000004,quality_score=0.3000 < DOWNGRADE_THRESHOLD=0.4
9001,M023475,downgraded,2,-1.0,0.30000000000000004,quality_score=0.3000 < DOWNGRADE_THRESHOLD=0.4
9003,M058809,quarantined,3,-1.0,0.20000000000000004,retrieval_count=3>=N_MIN=3 and average_utility=-1.0000<=BETA=-0.2
9003,M061420,downgraded,2,-1.0,0.30000000000000004,quality_score=0.3000 < DOWNGRADE_THRESHOLD=0.4
9005,M074171,downgraded,2,-1.0,0.30000000000000004,quality_score=0.3000 < DOWNGRADE_THRESHOLD=0.4
9008,M010795,downgraded,2,-1.0,0.30000000000000004,quality_score=0.3000 < DOWNGRADE_THRESHOLD=0.4
9008,M036008,quarantined,3,-1.0,0.20000000000000004,retrieval_count=3>=N_MIN=3 and average_utility=-1.0000<=BETA=-0.2
9012,M070889,quarantined,3,-1.0,0.20000000000000004,retrieval_count=3>=N_MIN=3 and average_utility=-1.0000<=BETA=-0.2
9014,M005523,downgraded,2,-1.0,0.30000000000000004,quality_score=0.3000 < DOWNGRADE_THRESHOLD=0.4
9017,M019569,downgraded,2,-1.0,0.30000000000000004,quality_score=0.3000 < DOWNGRADE_THRESHOLD=0.4
9018,M089355,downgraded,2,-1.0,0.30000000000000004,quality_score=0.3000 < DOWNGRADE_THRESHOLD=0.4
9018,M097785,downgraded,2,-1.0,0.30000000000000004,quality_score=0.3000 < DOWNGRADE_THRESHOLD=0.4
9021,M027848,downgraded,2,-1.0,0.30000000000000004,quality_score=0.3000 < DOWNGRADE_THRESHOLD=0.4
9023,M081702,quarantined,3,-1.0,0.20000000000000004,retrieval_count=3>=N_MIN=3 and average_utility=-1.0000<=BETA=-0.2
9025,M057727,downgraded,2,-1.0,0.30000000000000004,quality_score=0.3000 < DOWNGRADE_THRESHOLD=0.4
9031,M022053,quarantined,3,-1.0,0.20000000000000004,retrieval_count=3>=N_MIN=3 and average_utility=-1.0000<=BETA=-0.2
9036,M017080,downgraded,2,-1.0,0.30000000000000004,quality_score=0.3000 < DOWNGRADE_THRESHOLD=0.4
9037,M033521,downgraded,2,-1.0,0.30000000000000004,quality_score=0.3000 < DOWNGRADE_THRESHOLD=0.4
9040,M086539,downgraded,2,-1.0,0.30000000000000004,quality_score=0.3000 < DOWNGRADE_THRESHOLD=0.4
9041,M075832,downgraded,2,-1.0,0.30000000000000004,quality_score=0.3000 < DOWNGRADE_THRESHOLD=0.4
9042,M097951,downgraded,2,-1.0,0.30000000000000004,quality_score=0.3000 < DOWNGRADE_THRESHOLD=0.4
9043,M060633,downgraded,2,-1.0,0.30000000000000004,quality_score=0.3000 < DOWNGRADE_THRESHOLD=0.4
9052,M077451,quarantined,3,-1.0,0.20000000000000004,retrieval_count=3>=N_MIN=3 and average_utility=-1.0000<=BETA=-0.2
9054,M063568,quarantined,3,-1.0,0.20000000000000004,retrieval_count=3>=N_MIN=3 and average_utility=-1.0000<=BETA=-0.2
9062,M034725,downgraded,2,-1.0,0.30000000000000004,quality_score=0.3000 < DOWNGRADE_THRESHOLD=0.4
9063,M051760,downgraded,2,-1.0,0.30000000000000004,quality_score=0.3000 < DOWNGRADE_THRESHOLD=0.4
9070,M003832,downgraded,2,-1.0,0.30000000000000004,quality_score=0.3000 < DOWNGRADE_THRESHOLD=0.4
9070,M002099,downgraded,2,-1.0,0.30000000000000004,quality_score=0.3000 < DOWNGRADE_THRESHOLD=0.4
9079,M030063,downgraded,2,-1.0,0.30000000000000004,quality_score=0.3000 < DOWNGRADE_THRESHOLD=0.4
9087,M048348,quarantined,3,-1.0,0.20000000000000004,retrieval_count=3>=N_MIN=3 and average_utility=-1.0000<=BETA=-0.2
9090,M001127,downgraded,2,-1.0,0.30000000000000004,quality_score=0.3000 < DOWNGRADE_THRESHOLD=0.4
9108,M058605,downgraded,2,-1.0,0.30000000000000004,quality_score=0.3000 < DOWNGRADE_THRESHOLD=0.4
9108,M047437,downgraded,2,-1.0,0.30000000000000004,quality_score=0.3000 < DOWNGRADE_THRESHOLD=0.4
9116,M033385,downgraded,2,-1.0,0.30000000000000004,quality_score=0.3000 < DOWNGRADE_THRESHOLD=0.4
9120,M086929,downgraded,2,-1.0,0.30000000000000004,quality_score=0.3000 < DOWNGRADE_THRESHOLD=0.4
9120,M034907,downgraded,2,-1.0,0.30000000000000004,quality_score=0.3000 < DOWNGRADE_THRESHOLD=0.4
9120,M057746,quarantined,3,-1.0,0.20000000000000004,retrieval_count=3>=N_MIN=3 and average_utility=-1.0000<=BETA=-0.2
9123,M098285,downgraded,2,-1.0,0.30000000000000004,quality_score=0.3000 < DOWNGRADE_THRESHOLD=0.4
9126,M064151,downgraded,2,-1.0,0.30000000000000004,quality_score=0.3000 < DOWNGRADE_THRESHOLD=0.4
9131,M045205,quarantined,3,-1.0,0.20000000000000004,retrieval_count=3>=N_MIN=3 and average_utility=-1.0000<=BETA=-0.2
9133,M092881,quarantined,3,-1.0,0.20000000000000004,retrieval_count=3>=N_MIN=3 and average_utility=-1.0000<=BETA=-0.2
9136,M072163,quarantined,3,-1.0,0.20000000000000004,retrieval_count=3>=N_MIN=3 and average_utility=-1.0000<=BETA=-0.2
9141,M028051,downgraded,2,-1.0,0.30000000000000004,quality_score=0.3000 < DOWNGRADE_THRESHOLD=0.4
9152,M007310,quarantined,3,-1.0,0.20000000000000004,retrieval_count=3>=N_MIN=3 and average_utility=-1.0000<=BETA=-0.2
9155,M098576,downgraded,2,-1.0,0.30000000000000004,quality_score=0.3000 < DOWNGRADE_THRESHOLD=0.4
9163,M095667,downgraded,2,-1.0,0.30000000000000004,quality_score=0.3000 < DOWNGRADE_THRESHOLD=0.4
9164,M074828,downgraded,2,-1.0,0.30000000000000004,quality_score=0.3000 < DOWNGRADE_THRESHOLD=0.4
9165,M088229,quarantined,3,-1.0,0.20000000000000004,retrieval_count=3>=N_MIN=3 and average_utility=-1.0000<=BETA=-0.2
9174,M038523,downgraded,2,-1.0,0.30000000000000004,quality_score=0.3000 < DOWNGRADE_THRESHOLD=0.4
9177,M048701,downgraded,2,-1.0,0.30000000000000004,quality_score=0.3000 < DOWNGRADE_THRESHOLD=0.4
9178,M067740,downgraded,2,-1.0,0.30000000000000004,quality_score=0.3000 < DOWNGRADE_THRESHOLD=0.4
9185,M051538,downgraded,2,-1.0,0.30000000000000004,quality_score=0.3000 < DOWNGRADE_THRESHOLD=0.4
9202,M090716,downgraded,2,-1.0,0.30000000000000004,quality_score=0.3000 < DOWNGRADE_THRESHOLD=0.4
9203,M049200,downgraded,2,-1.0,0.30000000000000004,quality_score=0.3000 < DOWNGRADE_THRESHOLD=0.4
9207,M088036,downgraded,2,-1.0,0.30000000000000004,quality_score=0.3000 < DOWNGRADE_THRESHOLD=0.4
9211,M006418,downgraded,2,-1.0,0.30000000000000004,quality_score=0.3000 < DOWNGRADE_THRESHOLD=0.4
9212,M035732,downgraded,2,-1.0,0.30000000000000004,quality_score=0.3000 < DOWNGRADE_THRESHOLD=0.4
9213,M037137,downgraded,2,-1.0,0.30000000000000004,quality_score=0.3000 < DOWNGRADE_THRESHOLD=0.4
9214,M014509,downgraded,2,-1.0,0.30000000000000004,quality_score=0.3000 < DOWNGRADE_THRESHOLD=0.4
9218,M015442,downgraded,2,-1.0,0.30000000000000004,quality_score=0.3000 < DOWNGRADE_THRESHOLD=0.4
9231,M056602,quarantined,3,-1.0,0.20000000000000004,retrieval_count=3>=N_MIN=3 and average_utility=-1.0000<=BETA=-0.2
9242,M026570,downgraded,2,-1.0,0.30000000000000004,quality_score=0.3000 < DOWNGRADE_THRESHOLD=0.4
9253,M061987,quarantined,3,-1.0,0.20000000000000004,retrieval_count=3>=N_MIN=3 and average_utility=-1.0000<=BETA=-0.2
9256,M039214,quarantined,3,-1.0,0.20000000000000004,retrieval_count=3>=N_MIN=3 and average_utility=-1.0000<=BETA=-0.2
9259,M024040,quarantined,3,-1.0,0.20000000000000004,retrieval_count=3>=N_MIN=3 and average_utility=-1.0000<=BETA=-0.2
9261,M088213,downgraded,2,-1.0,0.30000000000000004,quality_score=0.3000 < DOWNGRADE_THRESHOLD=0.4
9264,M077548,quarantined,3,-1.0,0.20000000000000004,retrieval_count=3>=N_MIN=3 and average_utility=-1.0000<=BETA=-0.2
9266,M017139,downgraded,2,-1.0,0.30000000000000004,quality_score=0.3000 < DOWNGRADE_THRESHOLD=0.4
9266,M085080,downgraded,2,-1.0,0.30000000000000004,quality_score=0.3000 < DOWNGRADE_THRESHOLD=0.4
9266,M010703,downgraded,2,-1.0,0.30000000000000004,quality_score=0.3000 < DOWNGRADE_THRESHOLD=0.4
9273,M064631,downgraded,2,-1.0,0.30000000000000004,quality_score=0.3000 < DOWNGRADE_THRESHOLD=0.4
9284,M045899,downgraded,2,-1.0,0.30000000000000004,quality_score=0.3000 < DOWNGRADE_THRESHOLD=0.4
9290,M098625,quarantined,3,-1.0,0.20000000000000004,retrieval_count=3>=N_MIN=3 and average_utility=-1.0000<=BETA=-0.2
9298,M093496,quarantined,3,-1.0,0.20000000000000004,retrieval_count=3>=N_MIN=3 and average_utility=-1.0000<=BETA=-0.2
9300,M064533,downgraded,2,-1.0,0.30000000000000004,quality_score=0.3000 < DOWNGRADE_THRESHOLD=0.4
9303,M024300,quarantined,3,-1.0,0.20000000000000004,retrieval_count=3>=N_MIN=3 and average_utility=-1.0000<=BETA=-0.2
9310,M038957,downgraded,2,-1.0,0.30000000000000004,quality_score=0.3000 < DOWNGRADE_THRESHOLD=0.4
9315,M001123,downgraded,2,-1.0,0.30000000000000004,quality_score=0.3000 < DOWNGRADE_THRESHOLD=0.4
9318,M024091,downgraded,2,-1.0,0.30000000000000004,quality_score=0.3000 < DOWNGRADE_THRESHOLD=0.4
9324,M042170,downgraded,2,-1.0,0.30000000000000004,quality_score=0.3000 < DOWNGRADE_THRESHOLD=0.4
9325,M065915,downgraded,2,-1.0,0.30000000000000004,quality_score=0.3000 < DOWNGRADE_THRESHOLD=0.4
9341,M066005,downgraded,2,-1.0,0.30000000000000004,quality_score=0.3000 < DOWNGRADE_THRESHOLD=0.4
9344,M041260,downgraded,2,-1.0,0.30000000000000004,quality_score=0.3000 < DOWNGRADE_THRESHOLD=0.4
9349,M099197,downgraded,2,-1.0,0.30000000000000004,quality_score=0.3000 < DOWNGRADE_THRESHOLD=0.4
9350,M036996,downgraded,2,-1.0,0.30000000000000004,quality_score=0.3000 < DOWNGRADE_THRESHOLD=0.4
9356,M056617,downgraded,2,-1.0,0.30000000000000004,quality_score=0.3000 < DOWNGRADE_THRESHOLD=0.4
9362,M015844,downgraded,2,-1.0,0.30000000000000004,quality_score=0.3000 < DOWNGRADE_THRESHOLD=0.4
9364,M098086,downgraded,2,-1.0,0.30000000000000004,quality_score=0.3000 < DOWNGRADE_THRESHOLD=0.4
9367,M007398,downgraded,2,-1.0,0.30000000000000004,quality_score=0.3000 < DOWNGRADE_THRESHOLD=0.4
9373,M089904,quarantined,3,-1.0,0.20000000000000004,retrieval_count=3>=N_MIN=3 and average_utility=-1.0000<=BETA=-0.2
9397,M012779,downgraded,2,-1.0,0.30000000000000004,quality_score=0.3000 < DOWNGRADE_THRESHOLD=0.4
9413,M050673,downgraded,2,-1.0,0.30000000000000004,quality_score=0.3000 < DOWNGRADE_THRESHOLD=0.4
9419,M051760,quarantined,3,-1.0,0.20000000000000004,retrieval_count=3>=N_MIN=3 and average_utility=-1.0000<=BETA=-0.2
9425,M028117,downgraded,2,-1.0,0.30000000000000004,quality_score=0.3000 < DOWNGRADE_THRESHOLD=0.4
9425,M000852,downgraded,2,-1.0,0.30000000000000004,quality_score=0.3000 < DOWNGRADE_THRESHOLD=0.4
9427,M082356,downgraded,2,-1.0,0.30000000000000004,quality_score=0.3000 < DOWNGRADE_THRESHOLD=0.4
9430,M093910,downgraded,2,-1.0,0.30000000000000004,quality_score=0.3000 < DOWNGRADE_THRESHOLD=0.4
9443,M098238,downgraded,2,-1.0,0.30000000000000004,quality_score=0.3000 < DOWNGRADE_THRESHOLD=0.4
9445,M021905,downgraded,2,-1.0,0.30000000000000004,quality_score=0.3000 < DOWNGRADE_THRESHOLD=0.4
9446,M069849,quarantined,3,-1.0,0.20000000000000004,retrieval_count=3>=N_MIN=3 and average_utility=-1.0000<=BETA=-0.2
9448,M016296,downgraded,2,-1.0,0.30000000000000004,quality_score=0.3000 < DOWNGRADE_THRESHOLD=0.4
9448,M006321,downgraded,2,-1.0,0.30000000000000004,quality_score=0.3000 < DOWNGRADE_THRESHOLD=0.4
9449,M085662,downgraded,2,-1.0,0.30000000000000004,quality_score=0.3000 < DOWNGRADE_THRESHOLD=0.4
9453,M099038,downgraded,2,-1.0,0.30000000000000004,quality_score=0.3000 < DOWNGRADE_THRESHOLD=0.4
9456,M002646,downgraded,2,-1.0,0.30000000000000004,quality_score=0.3000 < DOWNGRADE_THRESHOLD=0.4
9461,M035040,downgraded,2,-1.0,0.30000000000000004,quality_score=0.3000 < DOWNGRADE_THRESHOLD=0.4
9465,M020313,downgraded,2,-1.0,0.30000000000000004,quality_score=0.3000 < DOWNGRADE_THRESHOLD=0.4
9480,M029080,downgraded,2,-1.0,0.30000000000000004,quality_score=0.3000 < DOWNGRADE_THRESHOLD=0.4
9487,M026511,downgraded,2,-1.0,0.30000000000000004,quality_score=0.3000 < DOWNGRADE_THRESHOLD=0.4
9488,M049699,downgraded,2,-1.0,0.30000000000000004,quality_score=0.3000 < DOWNGRADE_THRESHOLD=0.4
9494,M064491,downgraded,2,-1.0,0.30000000000000004,quality_score=0.3000 < DOWNGRADE_THRESHOLD=0.4
9500,M099320,downgraded,2,-1.0,0.30000000000000004,quality_score=0.3000 < DOWNGRADE_THRESHOLD=0.4
9501,M067341,quarantined,3,-1.0,0.20000000000000004,retrieval_count=3>=N_MIN=3 and average_utility=-1.0000<=BETA=-0.2
9508,M021284,downgraded,2,-1.0,0.30000000000000004,quality_score=0.3000 < DOWNGRADE_THRESHOLD=0.4
9515,M032141,quarantined,3,-1.0,0.20000000000000004,retrieval_count=3>=N_MIN=3 and average_utility=-1.0000<=BETA=-0.2
9531,M088075,downgraded,2,-1.0,0.30000000000000004,quality_score=0.3000 < DOWNGRADE_THRESHOLD=0.4
9535,M077244,downgraded,2,-1.0,0.30000000000000004,quality_score=0.3000 < DOWNGRADE_THRESHOLD=0.4
9537,M075393,downgraded,2,-1.0,0.30000000000000004,quality_score=0.3000 < DOWNGRADE_THRESHOLD=0.4
9561,M061067,downgraded,2,-1.0,0.30000000000000004,quality_score=0.3000 < DOWNGRADE_THRESHOLD=0.4
9568,M045369,downgraded,2,-1.0,0.30000000000000004,quality_score=0.3000 < DOWNGRADE_THRESHOLD=0.4
9569,M059395,downgraded,2,-1.0,0.30000000000000004,quality_score=0.3000 < DOWNGRADE_THRESHOLD=0.4
9581,M016542,downgraded,2,-1.0,0.30000000000000004,quality_score=0.3000 < DOWNGRADE_THRESHOLD=0.4
9583,M002010,quarantined,3,-1.0,0.20000000000000004,retrieval_count=3>=N_MIN=3 and average_utility=-1.0000<=BETA=-0.2
9587,M040492,quarantined,3,-1.0,0.20000000000000004,retrieval_count=3>=N_MIN=3 and average_utility=-1.0000<=BETA=-0.2
9590,M076873,downgraded,2,-1.0,0.30000000000000004,quality_score=0.3000 < DOWNGRADE_THRESHOLD=0.4
9593,M080007,downgraded,2,-1.0,0.30000000000000004,quality_score=0.3000 < DOWNGRADE_THRESHOLD=0.4
9593,M085086,quarantined,3,-1.0,0.20000000000000004,retrieval_count=3>=N_MIN=3 and average_utility=-1.0000<=BETA=-0.2
9594,M050431,quarantined,3,-1.0,0.20000000000000004,retrieval_count=3>=N_MIN=3 and average_utility=-1.0000<=BETA=-0.2
9595,M070189,quarantined,3,-1.0,0.20000000000000004,retrieval_count=3>=N_MIN=3 and average_utility=-1.0000<=BETA=-0.2
9596,M032646,downgraded,2,-1.0,0.30000000000000004,quality_score=0.3000 < DOWNGRADE_THRESHOLD=0.4
9611,M041654,downgraded,2,-1.0,0.30000000000000004,quality_score=0.3000 < DOWNGRADE_THRESHOLD=0.4
9612,M101043,downgraded,2,-1.0,0.30000000000000004,quality_score=0.3000 < DOWNGRADE_THRESHOLD=0.4
9616,M041045,downgraded,2,-1.0,0.30000000000000004,quality_score=0.3000 < DOWNGRADE_THRESHOLD=0.4
9618,M057089,quarantined,3,-1.0,0.20000000000000004,retrieval_count=3>=N_MIN=3 and average_utility=-1.0000<=BETA=-0.2
9620,M063380,downgraded,2,-1.0,0.30000000000000004,quality_score=0.3000 < DOWNGRADE_THRESHOLD=0.4
9626,M084873,downgraded,2,-1.0,0.30000000000000004,quality_score=0.3000 < DOWNGRADE_THRESHOLD=0.4
9627,M092239,downgraded,2,-1.0,0.30000000000000004,quality_score=0.3000 < DOWNGRADE_THRESHOLD=0.4
9628,M085428,downgraded,2,-1.0,0.30000000000000004,quality_score=0.3000 < DOWNGRADE_THRESHOLD=0.4
9629,M062276,quarantined,3,-1.0,0.20000000000000004,retrieval_count=3>=N_MIN=3 and average_utility=-1.0000<=BETA=-0.2
9633,M055678,downgraded,2,-1.0,0.30000000000000004,quality_score=0.3000 < DOWNGRADE_THRESHOLD=0.4
9635,M100469,downgraded,2,-1.0,0.30000000000000004,quality_score=0.3000 < DOWNGRADE_THRESHOLD=0.4
9637,M034285,quarantined,3,-1.0,0.20000000000000004,retrieval_count=3>=N_MIN=3 and average_utility=-1.0000<=BETA=-0.2
9644,M073016,downgraded,2,-1.0,0.30000000000000004,quality_score=0.3000 < DOWNGRADE_THRESHOLD=0.4
9645,M039035,downgraded,2,-1.0,0.30000000000000004,quality_score=0.3000 < DOWNGRADE_THRESHOLD=0.4
9652,M099828,downgraded,2,-1.0,0.30000000000000004,quality_score=0.3000 < DOWNGRADE_THRESHOLD=0.4
9658,M032431,downgraded,2,-1.0,0.30000000000000004,quality_score=0.3000 < DOWNGRADE_THRESHOLD=0.4
9660,M093969,downgraded,2,-1.0,0.30000000000000004,quality_score=0.3000 < DOWNGRADE_THRESHOLD=0.4
9660,M089036,downgraded,2,-1.0,0.30000000000000004,quality_score=0.3000 < DOWNGRADE_THRESHOLD=0.4
9661,M070906,downgraded,2,-1.0,0.30000000000000004,quality_score=0.3000 < DOWNGRADE_THRESHOLD=0.4
9661,M063682,quarantined,3,-1.0,0.20000000000000004,retrieval_count=3>=N_MIN=3 and average_utility=-1.0000<=BETA=-0.2
9666,M069197,quarantined,3,-1.0,0.20000000000000004,retrieval_count=3>=N_MIN=3 and average_utility=-1.0000<=BETA=-0.2
9671,M055048,downgraded,2,-1.0,0.30000000000000004,quality_score=0.3000 < DOWNGRADE_THRESHOLD=0.4
9673,M035957,downgraded,2,-1.0,0.30000000000000004,quality_score=0.3000 < DOWNGRADE_THRESHOLD=0.4
9676,M002959,downgraded,2,-1.0,0.30000000000000004,quality_score=0.3000 < DOWNGRADE_THRESHOLD=0.4
9677,M009425,downgraded,2,-1.0,0.30000000000000004,quality_score=0.3000 < DOWNGRADE_THRESHOLD=0.4
9680,M021511,downgraded,2,-1.0,0.30000000000000004,quality_score=0.3000 < DOWNGRADE_THRESHOLD=0.4
9681,M060041,downgraded,2,-1.0,0.30000000000000004,quality_score=0.3000 < DOWNGRADE_THRESHOLD=0.4
9682,M023349,quarantined,3,-1.0,0.20000000000000004,retrieval_count=3>=N_MIN=3 and average_utility=-1.0000<=BETA=-0.2
9686,M057239,downgraded,2,-1.0,0.30000000000000004,quality_score=0.3000 < DOWNGRADE_THRESHOLD=0.4
9687,M075639,downgraded,2,-1.0,0.30000000000000004,quality_score=0.3000 < DOWNGRADE_THRESHOLD=0.4
9688,M064244,downgraded,2,-1.0,0.30000000000000004,quality_score=0.3000 < DOWNGRADE_THRESHOLD=0.4
9690,M055754,downgraded,2,-1.0,0.30000000000000004,quality_score=0.3000 < DOWNGRADE_THRESHOLD=0.4
9701,M023853,downgraded,2,-1.0,0.30000000000000004,quality_score=0.3000 < DOWNGRADE_THRESHOLD=0.4
9705,M026181,quarantined,3,-1.0,0.20000000000000004,retrieval_count=3>=N_MIN=3 and average_utility=-1.0000<=BETA=-0.2
9705,M029073,downgraded,2,-1.0,0.30000000000000004,quality_score=0.3000 < DOWNGRADE_THRESHOLD=0.4
9706,M049852,quarantined,3,-1.0,0.20000000000000004,retrieval_count=3>=N_MIN=3 and average_utility=-1.0000<=BETA=-0.2
9707,M084186,downgraded,2,-1.0,0.30000000000000004,quality_score=0.3000 < DOWNGRADE_THRESHOLD=0.4
9713,M014706,downgraded,2,-1.0,0.30000000000000004,quality_score=0.3000 < DOWNGRADE_THRESHOLD=0.4
9731,M018829,quarantined,3,-1.0,0.20000000000000004,retrieval_count=3>=N_MIN=3 and average_utility=-1.0000<=BETA=-0.2
9731,M099305,quarantined,3,-1.0,0.20000000000000004,retrieval_count=3>=N_MIN=3 and average_utility=-1.0000<=BETA=-0.2
9732,M001817,downgraded,2,-1.0,0.30000000000000004,quality_score=0.3000 < DOWNGRADE_THRESHOLD=0.4
9733,M053411,quarantined,3,-1.0,0.20000000000000004,retrieval_count=3>=N_MIN=3 and average_utility=-1.0000<=BETA=-0.2
9734,M030211,downgraded,2,-1.0,0.30000000000000004,quality_score=0.3000 < DOWNGRADE_THRESHOLD=0.4
9734,M069833,downgraded,2,-1.0,0.30000000000000004,quality_score=0.3000 < DOWNGRADE_THRESHOLD=0.4
9742,M011400,downgraded,2,-1.0,0.30000000000000004,quality_score=0.3000 < DOWNGRADE_THRESHOLD=0.4
9744,M007626,quarantined,3,-1.0,0.20000000000000004,retrieval_count=3>=N_MIN=3 and average_utility=-1.0000<=BETA=-0.2
9748,M083847,downgraded,2,-1.0,0.30000000000000004,quality_score=0.3000 < DOWNGRADE_THRESHOLD=0.4
9752,M084257,quarantined,3,-1.0,0.20000000000000004,retrieval_count=3>=N_MIN=3 and average_utility=-1.0000<=BETA=-0.2
9761,M005961,downgraded,2,-1.0,0.30000000000000004,quality_score=0.3000 < DOWNGRADE_THRESHOLD=0.4
9763,M045653,quarantined,3,-1.0,0.20000000000000004,retrieval_count=3>=N_MIN=3 and average_utility=-1.0000<=BETA=-0.2
9770,M002589,quarantined,3,-1.0,0.20000000000000004,retrieval_count=3>=N_MIN=3 and average_utility=-1.0000<=BETA=-0.2
9772,M033385,quarantined,3,-1.0,0.20000000000000004,retrieval_count=3>=N_MIN=3 and average_utility=-1.0000<=BETA=-0.2
9772,M085236,downgraded,2,-1.0,0.30000000000000004,quality_score=0.3000 < DOWNGRADE_THRESHOLD=0.4
9773,M016296,quarantined,3,-1.0,0.20000000000000004,retrieval_count=3>=N_MIN=3 and average_utility=-1.0000<=BETA=-0.2
9780,M052680,quarantined,3,-1.0,0.20000000000000004,retrieval_count=3>=N_MIN=3 and average_utility=-1.0000<=BETA=-0.2
9782,M070910,downgraded,2,-1.0,0.30000000000000004,quality_score=0.3000 < DOWNGRADE_THRESHOLD=0.4
9798,M037786,downgraded,2,-1.0,0.30000000000000004,quality_score=0.3000 < DOWNGRADE_THRESHOLD=0.4
9810,M043260,downgraded,2,-1.0,0.30000000000000004,quality_score=0.3000 < DOWNGRADE_THRESHOLD=0.4
9813,M013123,downgraded,2,-1.0,0.30000000000000004,quality_score=0.3000 < DOWNGRADE_THRESHOLD=0.4
9820,M015727,quarantined,3,-1.0,0.20000000000000004,retrieval_count=3>=N_MIN=3 and average_utility=-1.0000<=BETA=-0.2
9824,M047570,downgraded,2,-1.0,0.30000000000000004,quality_score=0.3000 < DOWNGRADE_THRESHOLD=0.4
9824,M014830,quarantined,3,-1.0,0.20000000000000004,retrieval_count=3>=N_MIN=3 and average_utility=-1.0000<=BETA=-0.2
9840,M053638,downgraded,2,-1.0,0.30000000000000004,quality_score=0.3000 < DOWNGRADE_THRESHOLD=0.4
9846,M069370,downgraded,2,-1.0,0.30000000000000004,quality_score=0.3000 < DOWNGRADE_THRESHOLD=0.4
9848,M084621,quarantined,3,-1.0,0.20000000000000004,retrieval_count=3>=N_MIN=3 and average_utility=-1.0000<=BETA=-0.2
9848,M065571,quarantined,3,-1.0,0.20000000000000004,retrieval_count=3>=N_MIN=3 and average_utility=-1.0000<=BETA=-0.2
9856,M088530,downgraded,2,-1.0,0.30000000000000004,quality_score=0.3000 < DOWNGRADE_THRESHOLD=0.4
9862,M046102,quarantined,3,-1.0,0.20000000000000004,retrieval_count=3>=N_MIN=3 and average_utility=-1.0000<=BETA=-0.2
9873,M090548,downgraded,2,-1.0,0.30000000000000004,quality_score=0.3000 < DOWNGRADE_THRESHOLD=0.4
9892,M088175,quarantined,3,-1.0,0.20000000000000004,retrieval_count=3>=N_MIN=3 and average_utility=-1.0000<=BETA=-0.2
9893,M080895,downgraded,2,-1.0,0.30000000000000004,quality_score=0.3000 < DOWNGRADE_THRESHOLD=0.4
9900,M077414,downgraded,2,-1.0,0.30000000000000004,quality_score=0.3000 < DOWNGRADE_THRESHOLD=0.4
9905,M006432,downgraded,2,-1.0,0.30000000000000004,quality_score=0.3000 < DOWNGRADE_THRESHOLD=0.4
9910,M021038,downgraded,2,-1.0,0.30000000000000004,quality_score=0.3000 < DOWNGRADE_THRESHOLD=0.4
9919,M067882,downgraded,2,-1.0,0.30000000000000004,quality_score=0.3000 < DOWNGRADE_THRESHOLD=0.4
9928,M088943,quarantined,3,-1.0,0.20000000000000004,retrieval_count=3>=N_MIN=3 and average_utility=-1.0000<=BETA=-0.2
9928,M049374,downgraded,2,-1.0,0.30000000000000004,quality_score=0.3000 < DOWNGRADE_THRESHOLD=0.4
9932,M074503,quarantined,3,-1.0,0.20000000000000004,retrieval_count=3>=N_MIN=3 and average_utility=-1.0000<=BETA=-0.2
9933,M079950,downgraded,2,-1.0,0.30000000000000004,quality_score=0.3000 < DOWNGRADE_THRESHOLD=0.4
9934,M006469,quarantined,3,-1.0,0.20000000000000004,retrieval_count=3>=N_MIN=3 and average_utility=-1.0000<=BETA=-0.2
9936,M078500,quarantined,3,-1.0,0.20000000000000004,retrieval_count=3>=N_MIN=3 and average_utility=-1.0000<=BETA=-0.2
9936,M008425,downgraded,2,-1.0,0.30000000000000004,quality_score=0.3000 < DOWNGRADE_THRESHOLD=0.4
9936,M042356,downgraded,2,-1.0,0.30000000000000004,quality_score=0.3000 < DOWNGRADE_THRESHOLD=0.4
9937,M003771,downgraded,2,-1.0,0.30000000000000004,quality_score=0.3000 < DOWNGRADE_THRESHOLD=0.4
9937,M021284,quarantined,3,-1.0,0.20000000000000004,retrieval_count=3>=N_MIN=3 and average_utility=-1.0000<=BETA=-0.2
9945,M079735,downgraded,2,-1.0,0.30000000000000004,quality_score=0.3000 < DOWNGRADE_THRESHOLD=0.4
9946,M079735,quarantined,3,-1.0,0.20000000000000004,retrieval_count=3>=N_MIN=3 and average_utility=-1.0000<=BETA=-0.2
9947,M057873,downgraded,2,-1.0,0.30000000000000004,quality_score=0.3000 < DOWNGRADE_THRESHOLD=0.4
9956,M036718,downgraded,2,-1.0,0.30000000000000004,quality_score=0.3000 < DOWNGRADE_THRESHOLD=0.4
9959,M070667,downgraded,2,-1.0,0.30000000000000004,quality_score=0.3000 < DOWNGRADE_THRESHOLD=0.4
9959,M019069,downgraded,2,-1.0,0.30000000000000004,quality_score=0.3000 < DOWNGRADE_THRESHOLD=0.4
9960,M091606,downgraded,2,-1.0,0.30000000000000004,quality_score=0.3000 < DOWNGRADE_THRESHOLD=0.4
9962,M068332,downgraded,2,-1.0,0.30000000000000004,quality_score=0.3000 < DOWNGRADE_THRESHOLD=0.4
9962,M073071,downgraded,2,-1.0,0.30000000000000004,quality_score=0.3000 < DOWNGRADE_THRESHOLD=0.4
9963,M015415,quarantined,3,-1.0,0.20000000000000004,retrieval_count=3>=N_MIN=3 and average_utility=-1.0000<=BETA=-0.2
9963,M001736,downgraded,2,-1.0,0.30000000000000004,quality_score=0.3000 < DOWNGRADE_THRESHOLD=0.4
9966,M006619,quarantined,3,-1.0,0.20000000000000004,retrieval_count=3>=N_MIN=3 and average_utility=-1.0000<=BETA=-0.2
9967,M080607,downgraded,2,-1.0,0.30000000000000004,quality_score=0.3000 < DOWNGRADE_THRESHOLD=0.4
9980,M092195,downgraded,2,-1.0,0.30000000000000004,quality_score=0.3000 < DOWNGRADE_THRESHOLD=0.4
9983,M036584,downgraded,2,-1.0,0.30000000000000004,quality_score=0.3000 < DOWNGRADE_THRESHOLD=0.4
9983,M049282,downgraded,2,-1.0,0.30000000000000004,quality_score=0.3000 < DOWNGRADE_THRESHOLD=0.4
9986,M078784,quarantined,3,-1.0,0.20000000000000004,retrieval_count=3>=N_MIN=3 and average_utility=-1.0000<=BETA=-0.2
9995,M014841,quarantined,3,-1.0,0.20000000000000004,retrieval_count=3>=N_MIN=3 and average_utility=-1.0000<=BETA=-0.2
9998,M052769,downgraded,2,-1.0,0.30000000000000004,quality_score=0.3000 < DOWNGRADE_THRESHOLD=0.4
9999,M095667,quarantined,3,-1.0,0.20000000000000004,retrieval_count=3>=N_MIN=3 and average_utility=-1.0000<=BETA=-0.2
10000,M047592,quarantined,3,-1.0,0.20000000000000004,retrieval_count=3>=N_MIN=3 and average_utility=-1.0000<=BETA=-0.2
10008,M090926,downgraded,2,-1.0,0.30000000000000004,quality_score=0.3000 < DOWNGRADE_THRESHOLD=0.4
10010,M013898,downgraded,2,-1.0,0.30000000000000004,quality_score=0.3000 < DOWNGRADE_THRESHOLD=0.4
10016,M074122,downgraded,2,-1.0,0.30000000000000004,quality_score=0.3000 < DOWNGRADE_THRESHOLD=0.4
10017,M003049,downgraded,2,-1.0,0.30000000000000004,quality_score=0.3000 < DOWNGRADE_THRESHOLD=0.4
10018,M032377,downgraded,2,-1.0,0.30000000000000004,quality_score=0.3000 < DOWNGRADE_THRESHOLD=0.4
10021,M048830,quarantined,3,-1.0,0.20000000000000004,retrieval_count=3>=N_MIN=3 and average_utility=-1.0000<=BETA=-0.2
10029,M079825,downgraded,2,-1.0,0.30000000000000004,quality_score=0.3000 < DOWNGRADE_THRESHOLD=0.4
10035,M086253,quarantined,3,-1.0,0.20000000000000004,retrieval_count=3>=N_MIN=3 and average_utility=-1.0000<=BETA=-0.2
10035,M087063,downgraded,2,-1.0,0.30000000000000004,quality_score=0.3000 < DOWNGRADE_THRESHOLD=0.4
10035,M064908,quarantined,3,-1.0,0.20000000000000004,retrieval_count=3>=N_MIN=3 and average_utility=-1.0000<=BETA=-0.2
10042,M036227,downgraded,2,-1.0,0.30000000000000004,quality_score=0.3000 < DOWNGRADE_THRESHOLD=0.4
10044,M093322,downgraded,2,-1.0,0.30000000000000004,quality_score=0.3000 < DOWNGRADE_THRESHOLD=0.4
10053,M056092,quarantined,3,-1.0,0.20000000000000004,retrieval_count=3>=N_MIN=3 and average_utility=-1.0000<=BETA=-0.2
10054,M015941,downgraded,2,-1.0,0.30000000000000004,quality_score=0.3000 < DOWNGRADE_THRESHOLD=0.4
10057,M003304,quarantined,3,-1.0,0.20000000000000004,retrieval_count=3>=N_MIN=3 and average_utility=-1.0000<=BETA=-0.2
10057,M018172,downgraded,2,-1.0,0.30000000000000004,quality_score=0.3000 < DOWNGRADE_THRESHOLD=0.4
10059,M068149,downgraded,2,-1.0,0.30000000000000004,quality_score=0.3000 < DOWNGRADE_THRESHOLD=0.4
10063,M093588,quarantined,3,-1.0,0.20000000000000004,retrieval_count=3>=N_MIN=3 and average_utility=-1.0000<=BETA=-0.2
10064,M056206,downgraded,2,-1.0,0.30000000000000004,quality_score=0.3000 < DOWNGRADE_THRESHOLD=0.4
10064,M088729,downgraded,2,-1.0,0.30000000000000004,quality_score=0.3000 < DOWNGRADE_THRESHOLD=0.4
10064,M098576,quarantined,3,-1.0,0.20000000000000004,retrieval_count=3>=N_MIN=3 and average_utility=-1.0000<=BETA=-0.2
10068,M067393,downgraded,2,-1.0,0.30000000000000004,quality_score=0.3000 < DOWNGRADE_THRESHOLD=0.4
10071,M014850,quarantined,3,-1.0,0.20000000000000004,retrieval_count=3>=N_MIN=3 and average_utility=-1.0000<=BETA=-0.2
10072,M069357,quarantined,3,-1.0,0.20000000000000004,retrieval_count=3>=N_MIN=3 and average_utility=-1.0000<=BETA=-0.2
10072,M049374,quarantined,3,-1.0,0.20000000000000004,retrieval_count=3>=N_MIN=3 and average_utility=-1.0000<=BETA=-0.2
10073,M097186,quarantined,3,-1.0,0.20000000000000004,retrieval_count=3>=N_MIN=3 and average_utility=-1.0000<=BETA=-0.2
10078,M085526,downgraded,2,-1.0,0.30000000000000004,quality_score=0.3000 < DOWNGRADE_THRESHOLD=0.4
10078,M091518,downgraded,2,-1.0,0.30000000000000004,quality_score=0.3000 < DOWNGRADE_THRESHOLD=0.4
10086,M093388,downgraded,2,-1.0,0.30000000000000004,quality_score=0.3000 < DOWNGRADE_THRESHOLD=0.4
10088,M066676,downgraded,2,-1.0,0.30000000000000004,quality_score=0.3000 < DOWNGRADE_THRESHOLD=0.4
10089,M010214,downgraded,2,-1.0,0.30000000000000004,quality_score=0.3000 < DOWNGRADE_THRESHOLD=0.4
10090,M065537,quarantined,3,-1.0,0.20000000000000004,retrieval_count=3>=N_MIN=3 and average_utility=-1.0000<=BETA=-0.2
10093,M023449,downgraded,2,-1.0,0.30000000000000004,quality_score=0.3000 < DOWNGRADE_THRESHOLD=0.4
10095,M044886,downgraded,2,-1.0,0.30000000000000004,quality_score=0.3000 < DOWNGRADE_THRESHOLD=0.4
10097,M056479,downgraded,2,-1.0,0.30000000000000004,quality_score=0.3000 < DOWNGRADE_THRESHOLD=0.4
10101,M090655,downgraded,2,-1.0,0.30000000000000004,quality_score=0.3000 < DOWNGRADE_THRESHOLD=0.4
10103,M004453,downgraded,2,-1.0,0.30000000000000004,quality_score=0.3000 < DOWNGRADE_THRESHOLD=0.4
10104,M026124,downgraded,2,-1.0,0.30000000000000004,quality_score=0.3000 < DOWNGRADE_THRESHOLD=0.4
10108,M000852,quarantined,3,-1.0,0.20000000000000004,retrieval_count=3>=N_MIN=3 and average_utility=-1.0000<=BETA=-0.2
10120,M048121,quarantined,3,-1.0,0.20000000000000004,retrieval_count=3>=N_MIN=3 and average_utility=-1.0000<=BETA=-0.2
10132,M019718,downgraded,2,-1.0,0.30000000000000004,quality_score=0.3000 < DOWNGRADE_THRESHOLD=0.4
10139,M047362,downgraded,2,-1.0,0.30000000000000004,quality_score=0.3000 < DOWNGRADE_THRESHOLD=0.4
10140,M090157,downgraded,2,-1.0,0.30000000000000004,quality_score=0.3000 < DOWNGRADE_THRESHOLD=0.4
10144,M097079,downgraded,2,-1.0,0.30000000000000004,quality_score=0.3000 < DOWNGRADE_THRESHOLD=0.4
10156,M060245,downgraded,2,-1.0,0.30000000000000004,quality_score=0.3000 < DOWNGRADE_THRESHOLD=0.4
10160,M028310,downgraded,2,-1.0,0.30000000000000004,quality_score=0.3000 < DOWNGRADE_THRESHOLD=0.4
10178,M016364,downgraded,2,-1.0,0.30000000000000004,quality_score=0.3000 < DOWNGRADE_THRESHOLD=0.4
10180,M007982,downgraded,2,-1.0,0.30000000000000004,quality_score=0.3000 < DOWNGRADE_THRESHOLD=0.4
10182,M060243,quarantined,3,-1.0,0.20000000000000004,retrieval_count=3>=N_MIN=3 and average_utility=-1.0000<=BETA=-0.2
10187,M089902,downgraded,2,-1.0,0.30000000000000004,quality_score=0.3000 < DOWNGRADE_THRESHOLD=0.4
10188,M034230,downgraded,2,-1.0,0.30000000000000004,quality_score=0.3000 < DOWNGRADE_THRESHOLD=0.4
10189,M051205,downgraded,2,-1.0,0.30000000000000004,quality_score=0.3000 < DOWNGRADE_THRESHOLD=0.4
10195,M075322,downgraded,2,-1.0,0.30000000000000004,quality_score=0.3000 < DOWNGRADE_THRESHOLD=0.4
10197,M057787,downgraded,2,-1.0,0.30000000000000004,quality_score=0.3000 < DOWNGRADE_THRESHOLD=0.4
10198,M017253,downgraded,2,-1.0,0.30000000000000004,quality_score=0.3000 < DOWNGRADE_THRESHOLD=0.4
10201,M044217,quarantined,3,-1.0,0.20000000000000004,retrieval_count=3>=N_MIN=3 and average_utility=-1.0000<=BETA=-0.2
10209,M053912,downgraded,2,-1.0,0.30000000000000004,quality_score=0.3000 < DOWNGRADE_THRESHOLD=0.4
10212,M019069,quarantined,3,-1.0,0.20000000000000004,retrieval_count=3>=N_MIN=3 and average_utility=-1.0000<=BETA=-0.2
10227,M001152,downgraded,2,-1.0,0.30000000000000004,quality_score=0.3000 < DOWNGRADE_THRESHOLD=0.4
10231,M082109,downgraded,2,-1.0,0.30000000000000004,quality_score=0.3000 < DOWNGRADE_THRESHOLD=0.4
10232,M006013,quarantined,3,-1.0,0.20000000000000004,retrieval_count=3>=N_MIN=3 and average_utility=-1.0000<=BETA=-0.2
10232,M072395,downgraded,2,-1.0,0.30000000000000004,quality_score=0.3000 < DOWNGRADE_THRESHOLD=0.4
10237,M012029,downgraded,2,-1.0,0.30000000000000004,quality_score=0.3000 < DOWNGRADE_THRESHOLD=0.4
10239,M044957,downgraded,2,-1.0,0.30000000000000004,quality_score=0.3000 < DOWNGRADE_THRESHOLD=0.4
10243,M050278,downgraded,2,-1.0,0.30000000000000004,quality_score=0.3000 < DOWNGRADE_THRESHOLD=0.4
10244,M068752,quarantined,3,-1.0,0.20000000000000004,retrieval_count=3>=N_MIN=3 and average_utility=-1.0000<=BETA=-0.2
10247,M055090,downgraded,2,-1.0,0.30000000000000004,quality_score=0.3000 < DOWNGRADE_THRESHOLD=0.4
10250,M003358,quarantined,3,-1.0,0.20000000000000004,retrieval_count=3>=N_MIN=3 and average_utility=-1.0000<=BETA=-0.2
10253,M053875,downgraded,2,-1.0,0.30000000000000004,quality_score=0.3000 < DOWNGRADE_THRESHOLD=0.4
10261,M017940,downgraded,2,-1.0,0.30000000000000004,quality_score=0.3000 < DOWNGRADE_THRESHOLD=0.4
10268,M035040,quarantined,3,-1.0,0.20000000000000004,retrieval_count=3>=N_MIN=3 and average_utility=-1.0000<=BETA=-0.2
10269,M054937,downgraded,2,-1.0,0.30000000000000004,quality_score=0.3000 < DOWNGRADE_THRESHOLD=0.4
10276,M081704,quarantined,3,-1.0,0.20000000000000004,retrieval_count=3>=N_MIN=3 and average_utility=-1.0000<=BETA=-0.2
10278,M084688,downgraded,2,-1.0,0.30000000000000004,quality_score=0.3000 < DOWNGRADE_THRESHOLD=0.4
10279,M030677,downgraded,2,-1.0,0.30000000000000004,quality_score=0.3000 < DOWNGRADE_THRESHOLD=0.4
10281,M095185,downgraded,2,-1.0,0.30000000000000004,quality_score=0.3000 < DOWNGRADE_THRESHOLD=0.4
10283,M036439,downgraded,2,-1.0,0.30000000000000004,quality_score=0.3000 < DOWNGRADE_THRESHOLD=0.4
10284,M083824,downgraded,2,-1.0,0.30000000000000004,quality_score=0.3000 < DOWNGRADE_THRESHOLD=0.4
10290,M080607,quarantined,3,-1.0,0.20000000000000004,retrieval_count=3>=N_MIN=3 and average_utility=-1.0000<=BETA=-0.2
10293,M078845,downgraded,2,-1.0,0.30000000000000004,quality_score=0.3000 < DOWNGRADE_THRESHOLD=0.4
10300,M072574,downgraded,2,-1.0,0.30000000000000004,quality_score=0.3000 < DOWNGRADE_THRESHOLD=0.4
10307,M000959,downgraded,2,-1.0,0.30000000000000004,quality_score=0.3000 < DOWNGRADE_THRESHOLD=0.4
10308,M004249,downgraded,2,-1.0,0.30000000000000004,quality_score=0.3000 < DOWNGRADE_THRESHOLD=0.4
10309,M037865,downgraded,2,-1.0,0.30000000000000004,quality_score=0.3000 < DOWNGRADE_THRESHOLD=0.4
10312,M087650,quarantined,3,-1.0,0.20000000000000004,retrieval_count=3>=N_MIN=3 and average_utility=-1.0000<=BETA=-0.2
10314,M029343,quarantined,3,-1.0,0.20000000000000004,retrieval_count=3>=N_MIN=3 and average_utility=-1.0000<=BETA=-0.2
10321,M079846,quarantined,3,-1.0,0.20000000000000004,retrieval_count=3>=N_MIN=3 and average_utility=-1.0000<=BETA=-0.2
10325,M044864,downgraded,2,-1.0,0.30000000000000004,quality_score=0.3000 < DOWNGRADE_THRESHOLD=0.4
10325,M020735,quarantined,3,-1.0,0.20000000000000004,retrieval_count=3>=N_MIN=3 and average_utility=-1.0000<=BETA=-0.2
10327,M092400,quarantined,3,-1.0,0.20000000000000004,retrieval_count=3>=N_MIN=3 and average_utility=-1.0000<=BETA=-0.2
10328,M080157,downgraded,2,-1.0,0.30000000000000004,quality_score=0.3000 < DOWNGRADE_THRESHOLD=0.4
10328,M021511,quarantined,3,-1.0,0.20000000000000004,retrieval_count=3>=N_MIN=3 and average_utility=-1.0000<=BETA=-0.2
10334,M044972,downgraded,2,-1.0,0.30000000000000004,quality_score=0.3000 < DOWNGRADE_THRESHOLD=0.4
10334,M074697,downgraded,2,-1.0,0.30000000000000004,quality_score=0.3000 < DOWNGRADE_THRESHOLD=0.4
10340,M082073,quarantined,3,-1.0,0.20000000000000004,retrieval_count=3>=N_MIN=3 and average_utility=-1.0000<=BETA=-0.2
10342,M019473,downgraded,2,-1.0,0.30000000000000004,quality_score=0.3000 < DOWNGRADE_THRESHOLD=0.4
10344,M005095,quarantined,3,-1.0,0.20000000000000004,retrieval_count=3>=N_MIN=3 and average_utility=-1.0000<=BETA=-0.2
10348,M028941,downgraded,2,-1.0,0.30000000000000004,quality_score=0.3000 < DOWNGRADE_THRESHOLD=0.4
10350,M039761,downgraded,2,-1.0,0.30000000000000004,quality_score=0.3000 < DOWNGRADE_THRESHOLD=0.4
10354,M036641,downgraded,2,-1.0,0.30000000000000004,quality_score=0.3000 < DOWNGRADE_THRESHOLD=0.4
10359,M031387,downgraded,2,-1.0,0.30000000000000004,quality_score=0.3000 < DOWNGRADE_THRESHOLD=0.4
10372,M031601,downgraded,2,-1.0,0.30000000000000004,quality_score=0.3000 < DOWNGRADE_THRESHOLD=0.4
10373,M062287,downgraded,2,-1.0,0.30000000000000004,quality_score=0.3000 < DOWNGRADE_THRESHOLD=0.4
10376,M031660,downgraded,2,-1.0,0.30000000000000004,quality_score=0.3000 < DOWNGRADE_THRESHOLD=0.4
10379,M010363,quarantined,3,-1.0,0.20000000000000004,retrieval_count=3>=N_MIN=3 and average_utility=-1.0000<=BETA=-0.2
10381,M045817,downgraded,2,-1.0,0.30000000000000004,quality_score=0.3000 < DOWNGRADE_THRESHOLD=0.4
10382,M050278,quarantined,3,-1.0,0.20000000000000004,retrieval_count=3>=N_MIN=3 and average_utility=-1.0000<=BETA=-0.2
10393,M019402,downgraded,2,-1.0,0.30000000000000004,quality_score=0.3000 < DOWNGRADE_THRESHOLD=0.4
10396,M063458,quarantined,3,-1.0,0.20000000000000004,retrieval_count=3>=N_MIN=3 and average_utility=-1.0000<=BETA=-0.2
10403,M095852,downgraded,2,-1.0,0.30000000000000004,quality_score=0.3000 < DOWNGRADE_THRESHOLD=0.4
10403,M100469,quarantined,3,-1.0,0.20000000000000004,retrieval_count=3>=N_MIN=3 and average_utility=-1.0000<=BETA=-0.2
10404,M021585,quarantined,3,-1.0,0.20000000000000004,retrieval_count=3>=N_MIN=3 and average_utility=-1.0000<=BETA=-0.2
10411,M002243,downgraded,2,-1.0,0.30000000000000004,quality_score=0.3000 < DOWNGRADE_THRESHOLD=0.4
10416,M066718,downgraded,2,-1.0,0.30000000000000004,quality_score=0.3000 < DOWNGRADE_THRESHOLD=0.4
10416,M054315,quarantined,3,-1.0,0.20000000000000004,retrieval_count=3>=N_MIN=3 and average_utility=-1.0000<=BETA=-0.2
10424,M097314,downgraded,2,-1.0,0.30000000000000004,quality_score=0.3000 < DOWNGRADE_THRESHOLD=0.4
10435,M058665,downgraded,2,-1.0,0.30000000000000004,quality_score=0.3000 < DOWNGRADE_THRESHOLD=0.4
10446,M100018,downgraded,2,-1.0,0.30000000000000004,quality_score=0.3000 < DOWNGRADE_THRESHOLD=0.4
10451,M086254,quarantined,3,-1.0,0.20000000000000004,retrieval_count=3>=N_MIN=3 and average_utility=-1.0000<=BETA=-0.2
10455,M075945,downgraded,2,-1.0,0.30000000000000004,quality_score=0.3000 < DOWNGRADE_THRESHOLD=0.4
10464,M091214,downgraded,2,-1.0,0.30000000000000004,quality_score=0.3000 < DOWNGRADE_THRESHOLD=0.4
10467,M086732,downgraded,2,-1.0,0.30000000000000004,quality_score=0.3000 < DOWNGRADE_THRESHOLD=0.4
10467,M092171,downgraded,2,-1.0,0.30000000000000004,quality_score=0.3000 < DOWNGRADE_THRESHOLD=0.4
10479,M093037,downgraded,2,-1.0,0.30000000000000004,quality_score=0.3000 < DOWNGRADE_THRESHOLD=0.4
10492,M062681,quarantined,3,-1.0,0.20000000000000004,retrieval_count=3>=N_MIN=3 and average_utility=-1.0000<=BETA=-0.2
10498,M075934,downgraded,2,-1.0,0.30000000000000004,quality_score=0.3000 < DOWNGRADE_THRESHOLD=0.4
10498,M071289,downgraded,2,-1.0,0.30000000000000004,quality_score=0.3000 < DOWNGRADE_THRESHOLD=0.4
10502,M074831,downgraded,2,-1.0,0.30000000000000004,quality_score=0.3000 < DOWNGRADE_THRESHOLD=0.4
10502,M076812,quarantined,3,-1.0,0.20000000000000004,retrieval_count=3>=N_MIN=3 and average_utility=-1.0000<=BETA=-0.2
10503,M091329,quarantined,3,-1.0,0.20000000000000004,retrieval_count=3>=N_MIN=3 and average_utility=-1.0000<=BETA=-0.2
10503,M090517,downgraded,2,-1.0,0.30000000000000004,quality_score=0.3000 < DOWNGRADE_THRESHOLD=0.4
10505,M061420,quarantined,3,-1.0,0.20000000000000004,retrieval_count=3>=N_MIN=3 and average_utility=-1.0000<=BETA=-0.2
10511,M005884,downgraded,2,-1.0,0.30000000000000004,quality_score=0.3000 < DOWNGRADE_THRESHOLD=0.4
10518,M076773,downgraded,2,-1.0,0.30000000000000004,quality_score=0.3000 < DOWNGRADE_THRESHOLD=0.4
10526,M005181,quarantined,3,-1.0,0.20000000000000004,retrieval_count=3>=N_MIN=3 and average_utility=-1.0000<=BETA=-0.2
10526,M061680,quarantined,3,-1.0,0.20000000000000004,retrieval_count=3>=N_MIN=3 and average_utility=-1.0000<=BETA=-0.2
10531,M053229,downgraded,2,-1.0,0.30000000000000004,quality_score=0.3000 < DOWNGRADE_THRESHOLD=0.4
10537,M003221,downgraded,2,-1.0,0.30000000000000004,quality_score=0.3000 < DOWNGRADE_THRESHOLD=0.4
10539,M099641,quarantined,3,-1.0,0.20000000000000004,retrieval_count=3>=N_MIN=3 and average_utility=-1.0000<=BETA=-0.2
10542,M023882,downgraded,2,-1.0,0.30000000000000004,quality_score=0.3000 < DOWNGRADE_THRESHOLD=0.4
10548,M002659,quarantined,3,-1.0,0.20000000000000004,retrieval_count=3>=N_MIN=3 and average_utility=-1.0000<=BETA=-0.2
10553,M013139,quarantined,3,-1.0,0.20000000000000004,retrieval_count=3>=N_MIN=3 and average_utility=-1.0000<=BETA=-0.2
10559,M023502,downgraded,2,-1.0,0.30000000000000004,quality_score=0.3000 < DOWNGRADE_THRESHOLD=0.4
10580,M087043,downgraded,2,-1.0,0.30000000000000004,quality_score=0.3000 < DOWNGRADE_THRESHOLD=0.4
10584,M013075,downgraded,2,-1.0,0.30000000000000004,quality_score=0.3000 < DOWNGRADE_THRESHOLD=0.4
10590,M010070,downgraded,2,-1.0,0.30000000000000004,quality_score=0.3000 < DOWNGRADE_THRESHOLD=0.4
10593,M093037,quarantined,3,-1.0,0.20000000000000004,retrieval_count=3>=N_MIN=3 and average_utility=-1.0000<=BETA=-0.2
10603,M089036,quarantined,3,-1.0,0.20000000000000004,retrieval_count=3>=N_MIN=3 and average_utility=-1.0000<=BETA=-0.2
10606,M081517,downgraded,2,-1.0,0.30000000000000004,quality_score=0.3000 < DOWNGRADE_THRESHOLD=0.4
10610,M094843,downgraded,2,-1.0,0.30000000000000004,quality_score=0.3000 < DOWNGRADE_THRESHOLD=0.4
10625,M020840,downgraded,2,-1.0,0.30000000000000004,quality_score=0.3000 < DOWNGRADE_THRESHOLD=0.4
10631,M084104,downgraded,2,-1.0,0.30000000000000004,quality_score=0.3000 < DOWNGRADE_THRESHOLD=0.4
10634,M003687,downgraded,2,-1.0,0.30000000000000004,quality_score=0.3000 < DOWNGRADE_THRESHOLD=0.4
10638,M016013,quarantined,3,-1.0,0.20000000000000004,retrieval_count=3>=N_MIN=3 and average_utility=-1.0000<=BETA=-0.2
10639,M070378,downgraded,2,-1.0,0.30000000000000004,quality_score=0.3000 < DOWNGRADE_THRESHOLD=0.4
10639,M009707,downgraded,2,-1.0,0.30000000000000004,quality_score=0.3000 < DOWNGRADE_THRESHOLD=0.4
10641,M002644,quarantined,3,-1.0,0.20000000000000004,retrieval_count=3>=N_MIN=3 and average_utility=-1.0000<=BETA=-0.2
10644,M099774,downgraded,2,-1.0,0.30000000000000004,quality_score=0.3000 < DOWNGRADE_THRESHOLD=0.4
10647,M065331,downgraded,2,-1.0,0.30000000000000004,quality_score=0.3000 < DOWNGRADE_THRESHOLD=0.4
10648,M033352,downgraded,2,-1.0,0.30000000000000004,quality_score=0.3000 < DOWNGRADE_THRESHOLD=0.4
10654,M079855,downgraded,2,-1.0,0.30000000000000004,quality_score=0.3000 < DOWNGRADE_THRESHOLD=0.4
10657,M012779,quarantined,3,-1.0,0.20000000000000004,retrieval_count=3>=N_MIN=3 and average_utility=-1.0000<=BETA=-0.2
10660,M025962,downgraded,2,-1.0,0.30000000000000004,quality_score=0.3000 < DOWNGRADE_THRESHOLD=0.4
10661,M051086,quarantined,3,-1.0,0.20000000000000004,retrieval_count=3>=N_MIN=3 and average_utility=-1.0000<=BETA=-0.2
10663,M019718,quarantined,3,-1.0,0.20000000000000004,retrieval_count=3>=N_MIN=3 and average_utility=-1.0000<=BETA=-0.2
10664,M072107,downgraded,2,-1.0,0.30000000000000004,quality_score=0.3000 < DOWNGRADE_THRESHOLD=0.4
10664,M099238,downgraded,2,-1.0,0.30000000000000004,quality_score=0.3000 < DOWNGRADE_THRESHOLD=0.4
10668,M012421,downgraded,2,-1.0,0.30000000000000004,quality_score=0.3000 < DOWNGRADE_THRESHOLD=0.4
10669,M061587,downgraded,2,-1.0,0.30000000000000004,quality_score=0.3000 < DOWNGRADE_THRESHOLD=0.4
10680,M048937,downgraded,2,-1.0,0.30000000000000004,quality_score=0.3000 < DOWNGRADE_THRESHOLD=0.4
10680,M095852,quarantined,3,-1.0,0.20000000000000004,retrieval_count=3>=N_MIN=3 and average_utility=-1.0000<=BETA=-0.2
10683,M014235,quarantined,3,-1.0,0.20000000000000004,retrieval_count=3>=N_MIN=3 and average_utility=-1.0000<=BETA=-0.2
10686,M083838,downgraded,2,-1.0,0.30000000000000004,quality_score=0.3000 < DOWNGRADE_THRESHOLD=0.4
10687,M071057,downgraded,2,-1.0,0.30000000000000004,quality_score=0.3000 < DOWNGRADE_THRESHOLD=0.4
10689,M049954,downgraded,2,-1.0,0.30000000000000004,quality_score=0.3000 < DOWNGRADE_THRESHOLD=0.4
10691,M100018,quarantined,3,-1.0,0.20000000000000004,retrieval_count=3>=N_MIN=3 and average_utility=-1.0000<=BETA=-0.2
10693,M036645,downgraded,2,-1.0,0.30000000000000004,quality_score=0.3000 < DOWNGRADE_THRESHOLD=0.4
10696,M020313,quarantined,3,-1.0,0.20000000000000004,retrieval_count=3>=N_MIN=3 and average_utility=-1.0000<=BETA=-0.2
10709,M085913,downgraded,2,-1.0,0.30000000000000004,quality_score=0.3000 < DOWNGRADE_THRESHOLD=0.4
10724,M015401,downgraded,2,-1.0,0.30000000000000004,quality_score=0.3000 < DOWNGRADE_THRESHOLD=0.4
10731,M091805,downgraded,2,-1.0,0.30000000000000004,quality_score=0.3000 < DOWNGRADE_THRESHOLD=0.4
10733,M089784,quarantined,3,-1.0,0.20000000000000004,retrieval_count=3>=N_MIN=3 and average_utility=-1.0000<=BETA=-0.2
10739,M041504,downgraded,2,-1.0,0.30000000000000004,quality_score=0.3000 < DOWNGRADE_THRESHOLD=0.4
10745,M084137,downgraded,2,-1.0,0.30000000000000004,quality_score=0.3000 < DOWNGRADE_THRESHOLD=0.4
10748,M062167,downgraded,2,-1.0,0.30000000000000004,quality_score=0.3000 < DOWNGRADE_THRESHOLD=0.4
10750,M007553,quarantined,3,-1.0,0.20000000000000004,retrieval_count=3>=N_MIN=3 and average_utility=-1.0000<=BETA=-0.2
10758,M013075,quarantined,3,-1.0,0.20000000000000004,retrieval_count=3>=N_MIN=3 and average_utility=-1.0000<=BETA=-0.2
10758,M091453,downgraded,2,-1.0,0.30000000000000004,quality_score=0.3000 < DOWNGRADE_THRESHOLD=0.4
10761,M008011,downgraded,2,-1.0,0.30000000000000004,quality_score=0.3000 < DOWNGRADE_THRESHOLD=0.4
10769,M071384,downgraded,2,-1.0,0.30000000000000004,quality_score=0.3000 < DOWNGRADE_THRESHOLD=0.4
10772,M016689,downgraded,2,-1.0,0.30000000000000004,quality_score=0.3000 < DOWNGRADE_THRESHOLD=0.4
10775,M026608,downgraded,2,-1.0,0.30000000000000004,quality_score=0.3000 < DOWNGRADE_THRESHOLD=0.4
10776,M036904,downgraded,2,-1.0,0.30000000000000004,quality_score=0.3000 < DOWNGRADE_THRESHOLD=0.4
10778,M052855,downgraded,2,-1.0,0.30000000000000004,quality_score=0.3000 < DOWNGRADE_THRESHOLD=0.4
10782,M014698,quarantined,3,-1.0,0.20000000000000004,retrieval_count=3>=N_MIN=3 and average_utility=-1.0000<=BETA=-0.2
10789,M054137,downgraded,2,-1.0,0.30000000000000004,quality_score=0.3000 < DOWNGRADE_THRESHOLD=0.4
10791,M075639,quarantined,3,-1.0,0.20000000000000004,retrieval_count=3>=N_MIN=3 and average_utility=-1.0000<=BETA=-0.2
10803,M019880,downgraded,2,-1.0,0.30000000000000004,quality_score=0.3000 < DOWNGRADE_THRESHOLD=0.4
10804,M024733,downgraded,2,-1.0,0.30000000000000004,quality_score=0.3000 < DOWNGRADE_THRESHOLD=0.4
10806,M076545,quarantined,3,-1.0,0.20000000000000004,retrieval_count=3>=N_MIN=3 and average_utility=-1.0000<=BETA=-0.2
10807,M014688,downgraded,2,-1.0,0.30000000000000004,quality_score=0.3000 < DOWNGRADE_THRESHOLD=0.4
10808,M006918,downgraded,2,-1.0,0.30000000000000004,quality_score=0.3000 < DOWNGRADE_THRESHOLD=0.4
10809,M014257,downgraded,2,-1.0,0.30000000000000004,quality_score=0.3000 < DOWNGRADE_THRESHOLD=0.4
10823,M070214,downgraded,2,-1.0,0.30000000000000004,quality_score=0.3000 < DOWNGRADE_THRESHOLD=0.4
10823,M075965,quarantined,3,-1.0,0.20000000000000004,retrieval_count=3>=N_MIN=3 and average_utility=-1.0000<=BETA=-0.2
10823,M017836,downgraded,2,-1.0,0.30000000000000004,quality_score=0.3000 < DOWNGRADE_THRESHOLD=0.4
10824,M100813,downgraded,2,-1.0,0.30000000000000004,quality_score=0.3000 < DOWNGRADE_THRESHOLD=0.4
10827,M044672,downgraded,2,-1.0,0.30000000000000004,quality_score=0.3000 < DOWNGRADE_THRESHOLD=0.4
10828,M009754,downgraded,2,-1.0,0.30000000000000004,quality_score=0.3000 < DOWNGRADE_THRESHOLD=0.4
10835,M055130,downgraded,2,-1.0,0.30000000000000004,quality_score=0.3000 < DOWNGRADE_THRESHOLD=0.4
10853,M071133,downgraded,2,-1.0,0.30000000000000004,quality_score=0.3000 < DOWNGRADE_THRESHOLD=0.4
10861,M010982,downgraded,2,-1.0,0.30000000000000004,quality_score=0.3000 < DOWNGRADE_THRESHOLD=0.4
10869,M008845,quarantined,3,-1.0,0.20000000000000004,retrieval_count=3>=N_MIN=3 and average_utility=-1.0000<=BETA=-0.2
10873,M029326,downgraded,2,-1.0,0.30000000000000004,quality_score=0.3000 < DOWNGRADE_THRESHOLD=0.4
10876,M098238,quarantined,3,-1.0,0.20000000000000004,retrieval_count=3>=N_MIN=3 and average_utility=-1.0000<=BETA=-0.2
10877,M039154,downgraded,2,-1.0,0.30000000000000004,quality_score=0.3000 < DOWNGRADE_THRESHOLD=0.4
10880,M018679,downgraded,2,-1.0,0.30000000000000004,quality_score=0.3000 < DOWNGRADE_THRESHOLD=0.4
10887,M029231,downgraded,2,-1.0,0.30000000000000004,quality_score=0.3000 < DOWNGRADE_THRESHOLD=0.4
10898,M072448,downgraded,2,-1.0,0.30000000000000004,quality_score=0.3000 < DOWNGRADE_THRESHOLD=0.4
10900,M019928,downgraded,2,-1.0,0.30000000000000004,quality_score=0.3000 < DOWNGRADE_THRESHOLD=0.4
10909,M056266,downgraded,2,-1.0,0.30000000000000004,quality_score=0.3000 < DOWNGRADE_THRESHOLD=0.4
10913,M091214,quarantined,3,-1.0,0.20000000000000004,retrieval_count=3>=N_MIN=3 and average_utility=-1.0000<=BETA=-0.2
10914,M083373,downgraded,2,-1.0,0.30000000000000004,quality_score=0.3000 < DOWNGRADE_THRESHOLD=0.4
10916,M079584,quarantined,3,-1.0,0.20000000000000004,retrieval_count=3>=N_MIN=3 and average_utility=-1.0000<=BETA=-0.2
10921,M065923,quarantined,3,-1.0,0.20000000000000004,retrieval_count=3>=N_MIN=3 and average_utility=-1.0000<=BETA=-0.2
10929,M052502,downgraded,2,-1.0,0.30000000000000004,quality_score=0.3000 < DOWNGRADE_THRESHOLD=0.4
10938,M077362,downgraded,2,-1.0,0.30000000000000004,quality_score=0.3000 < DOWNGRADE_THRESHOLD=0.4
10941,M099643,quarantined,3,-1.0,0.20000000000000004,retrieval_count=3>=N_MIN=3 and average_utility=-1.0000<=BETA=-0.2
10944,M052260,downgraded,2,-1.0,0.30000000000000004,quality_score=0.3000 < DOWNGRADE_THRESHOLD=0.4
10950,M068519,downgraded,2,-1.0,0.30000000000000004,quality_score=0.3000 < DOWNGRADE_THRESHOLD=0.4
10951,M077467,downgraded,2,-1.0,0.30000000000000004,quality_score=0.3000 < DOWNGRADE_THRESHOLD=0.4
10958,M050920,quarantined,3,-1.0,0.20000000000000004,retrieval_count=3>=N_MIN=3 and average_utility=-1.0000<=BETA=-0.2
10961,M100546,downgraded,2,-1.0,0.30000000000000004,quality_score=0.3000 < DOWNGRADE_THRESHOLD=0.4
10961,M073798,downgraded,2,-1.0,0.30000000000000004,quality_score=0.3000 < DOWNGRADE_THRESHOLD=0.4
10974,M057873,quarantined,3,-1.0,0.20000000000000004,retrieval_count=3>=N_MIN=3 and average_utility=-1.0000<=BETA=-0.2
10976,M007545,downgraded,2,-1.0,0.30000000000000004,quality_score=0.3000 < DOWNGRADE_THRESHOLD=0.4
10979,M019455,quarantined,3,-1.0,0.20000000000000004,retrieval_count=3>=N_MIN=3 and average_utility=-1.0000<=BETA=-0.2
10988,M038783,quarantined,3,-1.0,0.20000000000000004,retrieval_count=3>=N_MIN=3 and average_utility=-1.0000<=BETA=-0.2
11000,M071602,downgraded,2,-1.0,0.30000000000000004,quality_score=0.3000 < DOWNGRADE_THRESHOLD=0.4
11004,M038423,downgraded,2,-1.0,0.30000000000000004,quality_score=0.3000 < DOWNGRADE_THRESHOLD=0.4
11011,M017789,quarantined,3,-1.0,0.20000000000000004,retrieval_count=3>=N_MIN=3 and average_utility=-1.0000<=BETA=-0.2
11018,M046121,downgraded,2,-1.0,0.30000000000000004,quality_score=0.3000 < DOWNGRADE_THRESHOLD=0.4
11018,M008703,downgraded,2,-1.0,0.30000000000000004,quality_score=0.3000 < DOWNGRADE_THRESHOLD=0.4
11022,M039982,downgraded,2,-1.0,0.30000000000000004,quality_score=0.3000 < DOWNGRADE_THRESHOLD=0.4
11025,M079394,quarantined,3,-1.0,0.20000000000000004,retrieval_count=3>=N_MIN=3 and average_utility=-1.0000<=BETA=-0.2
11026,M096990,downgraded,2,-1.0,0.30000000000000004,quality_score=0.3000 < DOWNGRADE_THRESHOLD=0.4
11030,M029370,downgraded,2,-1.0,0.30000000000000004,quality_score=0.3000 < DOWNGRADE_THRESHOLD=0.4
11035,M052558,quarantined,3,-1.0,0.20000000000000004,retrieval_count=3>=N_MIN=3 and average_utility=-1.0000<=BETA=-0.2
11038,M049417,downgraded,2,-1.0,0.30000000000000004,quality_score=0.3000 < DOWNGRADE_THRESHOLD=0.4
11039,M065155,downgraded,2,-1.0,0.30000000000000004,quality_score=0.3000 < DOWNGRADE_THRESHOLD=0.4
11041,M003239,downgraded,2,-1.0,0.30000000000000004,quality_score=0.3000 < DOWNGRADE_THRESHOLD=0.4
11041,M006216,quarantined,3,-1.0,0.20000000000000004,retrieval_count=3>=N_MIN=3 and average_utility=-1.0000<=BETA=-0.2
11050,M062688,downgraded,2,-1.0,0.30000000000000004,quality_score=0.3000 < DOWNGRADE_THRESHOLD=0.4
11053,M031387,quarantined,3,-1.0,0.20000000000000004,retrieval_count=3>=N_MIN=3 and average_utility=-1.0000<=BETA=-0.2
11054,M061666,downgraded,2,-1.0,0.30000000000000004,quality_score=0.3000 < DOWNGRADE_THRESHOLD=0.4
11054,M003858,downgraded,2,-1.0,0.30000000000000004,quality_score=0.3000 < DOWNGRADE_THRESHOLD=0.4
11057,M064814,quarantined,3,-1.0,0.20000000000000004,retrieval_count=3>=N_MIN=3 and average_utility=-1.0000<=BETA=-0.2
11066,M037325,downgraded,2,-1.0,0.30000000000000004,quality_score=0.3000 < DOWNGRADE_THRESHOLD=0.4
11068,M045435,quarantined,3,-1.0,0.20000000000000004,retrieval_count=3>=N_MIN=3 and average_utility=-1.0000<=BETA=-0.2
11083,M006957,downgraded,2,-1.0,0.30000000000000004,quality_score=0.3000 < DOWNGRADE_THRESHOLD=0.4
11093,M026124,quarantined,3,-1.0,0.20000000000000004,retrieval_count=3>=N_MIN=3 and average_utility=-1.0000<=BETA=-0.2
11094,M083488,downgraded,2,-1.0,0.30000000000000004,quality_score=0.3000 < DOWNGRADE_THRESHOLD=0.4
11109,M087120,downgraded,2,-1.0,0.30000000000000004,quality_score=0.3000 < DOWNGRADE_THRESHOLD=0.4
11110,M057824,downgraded,2,-1.0,0.30000000000000004,quality_score=0.3000 < DOWNGRADE_THRESHOLD=0.4
11111,M049741,quarantined,3,-1.0,0.20000000000000004,retrieval_count=3>=N_MIN=3 and average_utility=-1.0000<=BETA=-0.2
11118,M048484,downgraded,2,-1.0,0.30000000000000004,quality_score=0.3000 < DOWNGRADE_THRESHOLD=0.4
11134,M090926,quarantined,3,-1.0,0.20000000000000004,retrieval_count=3>=N_MIN=3 and average_utility=-1.0000<=BETA=-0.2
11149,M020973,quarantined,3,-1.0,0.20000000000000004,retrieval_count=3>=N_MIN=3 and average_utility=-1.0000<=BETA=-0.2
11156,M061394,downgraded,2,-1.0,0.30000000000000004,quality_score=0.3000 < DOWNGRADE_THRESHOLD=0.4
11156,M006304,downgraded,2,-1.0,0.30000000000000004,quality_score=0.3000 < DOWNGRADE_THRESHOLD=0.4
11162,M057019,quarantined,3,-1.0,0.20000000000000004,retrieval_count=3>=N_MIN=3 and average_utility=-1.0000<=BETA=-0.2
11167,M025930,downgraded,2,-1.0,0.30000000000000004,quality_score=0.3000 < DOWNGRADE_THRESHOLD=0.4
11181,M034498,downgraded,2,-1.0,0.30000000000000004,quality_score=0.3000 < DOWNGRADE_THRESHOLD=0.4
11188,M012874,downgraded,2,-1.0,0.30000000000000004,quality_score=0.3000 < DOWNGRADE_THRESHOLD=0.4
11189,M035480,quarantined,3,-1.0,0.20000000000000004,retrieval_count=3>=N_MIN=3 and average_utility=-1.0000<=BETA=-0.2
11194,M095492,quarantined,3,-1.0,0.20000000000000004,retrieval_count=3>=N_MIN=3 and average_utility=-1.0000<=BETA=-0.2
11198,M010023,quarantined,3,-1.0,0.20000000000000004,retrieval_count=3>=N_MIN=3 and average_utility=-1.0000<=BETA=-0.2
11201,M059565,downgraded,2,-1.0,0.30000000000000004,quality_score=0.3000 < DOWNGRADE_THRESHOLD=0.4
11211,M100069,quarantined,3,-1.0,0.20000000000000004,retrieval_count=3>=N_MIN=3 and average_utility=-1.0000<=BETA=-0.2
11222,M024383,quarantined,3,-1.0,0.20000000000000004,retrieval_count=3>=N_MIN=3 and average_utility=-1.0000<=BETA=-0.2
11222,M021514,downgraded,2,-1.0,0.30000000000000004,quality_score=0.3000 < DOWNGRADE_THRESHOLD=0.4
11225,M049112,quarantined,3,-1.0,0.20000000000000004,retrieval_count=3>=N_MIN=3 and average_utility=-1.0000<=BETA=-0.2
11227,M059702,downgraded,2,-1.0,0.30000000000000004,quality_score=0.3000 < DOWNGRADE_THRESHOLD=0.4
11228,M036071,downgraded,2,-1.0,0.30000000000000004,quality_score=0.3000 < DOWNGRADE_THRESHOLD=0.4
11230,M089505,downgraded,2,-1.0,0.30000000000000004,quality_score=0.3000 < DOWNGRADE_THRESHOLD=0.4
11231,M074828,quarantined,3,-1.0,0.20000000000000004,retrieval_count=3>=N_MIN=3 and average_utility=-1.0000<=BETA=-0.2
11234,M004194,quarantined,3,-1.0,0.20000000000000004,retrieval_count=3>=N_MIN=3 and average_utility=-1.0000<=BETA=-0.2
11239,M084913,downgraded,2,-1.0,0.30000000000000004,quality_score=0.3000 < DOWNGRADE_THRESHOLD=0.4
11251,M021109,downgraded,2,-1.0,0.30000000000000004,quality_score=0.3000 < DOWNGRADE_THRESHOLD=0.4
11254,M035344,downgraded,2,-1.0,0.30000000000000004,quality_score=0.3000 < DOWNGRADE_THRESHOLD=0.4
11258,M031114,quarantined,3,-1.0,0.20000000000000004,retrieval_count=3>=N_MIN=3 and average_utility=-1.0000<=BETA=-0.2
11258,M029326,quarantined,3,-1.0,0.20000000000000004,retrieval_count=3>=N_MIN=3 and average_utility=-1.0000<=BETA=-0.2
11259,M046006,downgraded,2,-1.0,0.30000000000000004,quality_score=0.3000 < DOWNGRADE_THRESHOLD=0.4
11263,M035054,quarantined,3,-1.0,0.20000000000000004,retrieval_count=3>=N_MIN=3 and average_utility=-1.0000<=BETA=-0.2
11270,M024600,downgraded,2,-1.0,0.30000000000000004,quality_score=0.3000 < DOWNGRADE_THRESHOLD=0.4
11271,M050197,downgraded,2,-1.0,0.30000000000000004,quality_score=0.3000 < DOWNGRADE_THRESHOLD=0.4
11275,M016336,downgraded,2,-1.0,0.30000000000000004,quality_score=0.3000 < DOWNGRADE_THRESHOLD=0.4
11285,M050061,downgraded,2,-1.0,0.30000000000000004,quality_score=0.3000 < DOWNGRADE_THRESHOLD=0.4
11294,M086820,quarantined,3,-1.0,0.20000000000000004,retrieval_count=3>=N_MIN=3 and average_utility=-1.0000<=BETA=-0.2
11295,M100369,downgraded,2,-1.0,0.30000000000000004,quality_score=0.3000 < DOWNGRADE_THRESHOLD=0.4
11301,M052502,quarantined,3,-1.0,0.20000000000000004,retrieval_count=3>=N_MIN=3 and average_utility=-1.0000<=BETA=-0.2
11303,M022931,downgraded,2,-1.0,0.30000000000000004,quality_score=0.3000 < DOWNGRADE_THRESHOLD=0.4
11304,M070155,downgraded,2,-1.0,0.30000000000000004,quality_score=0.3000 < DOWNGRADE_THRESHOLD=0.4
11315,M003398,downgraded,2,-1.0,0.30000000000000004,quality_score=0.3000 < DOWNGRADE_THRESHOLD=0.4
11322,M069730,downgraded,2,-1.0,0.30000000000000004,quality_score=0.3000 < DOWNGRADE_THRESHOLD=0.4
11323,M073473,downgraded,2,-1.0,0.30000000000000004,quality_score=0.3000 < DOWNGRADE_THRESHOLD=0.4
11324,M010550,downgraded,2,-1.0,0.30000000000000004,quality_score=0.3000 < DOWNGRADE_THRESHOLD=0.4
11327,M067227,downgraded,2,-1.0,0.30000000000000004,quality_score=0.3000 < DOWNGRADE_THRESHOLD=0.4
11328,M090517,quarantined,3,-1.0,0.20000000000000004,retrieval_count=3>=N_MIN=3 and average_utility=-1.0000<=BETA=-0.2
11341,M095285,downgraded,2,-1.0,0.30000000000000004,quality_score=0.3000 < DOWNGRADE_THRESHOLD=0.4
11352,M025250,downgraded,2,-1.0,0.30000000000000004,quality_score=0.3000 < DOWNGRADE_THRESHOLD=0.4
11358,M044715,downgraded,2,-1.0,0.30000000000000004,quality_score=0.3000 < DOWNGRADE_THRESHOLD=0.4
11361,M053387,downgraded,2,-1.0,0.30000000000000004,quality_score=0.3000 < DOWNGRADE_THRESHOLD=0.4
11367,M085207,downgraded,2,-1.0,0.30000000000000004,quality_score=0.3000 < DOWNGRADE_THRESHOLD=0.4
11372,M045037,downgraded,2,-1.0,0.30000000000000004,quality_score=0.3000 < DOWNGRADE_THRESHOLD=0.4
11373,M047708,quarantined,3,-1.0,0.20000000000000004,retrieval_count=3>=N_MIN=3 and average_utility=-1.0000<=BETA=-0.2
11376,M014509,quarantined,3,-1.0,0.20000000000000004,retrieval_count=3>=N_MIN=3 and average_utility=-1.0000<=BETA=-0.2
11377,M080055,downgraded,2,-1.0,0.30000000000000004,quality_score=0.3000 < DOWNGRADE_THRESHOLD=0.4
11379,M096680,quarantined,3,-1.0,0.20000000000000004,retrieval_count=3>=N_MIN=3 and average_utility=-1.0000<=BETA=-0.2
11379,M064533,quarantined,3,-1.0,0.20000000000000004,retrieval_count=3>=N_MIN=3 and average_utility=-1.0000<=BETA=-0.2
11380,M072740,downgraded,2,-1.0,0.30000000000000004,quality_score=0.3000 < DOWNGRADE_THRESHOLD=0.4
11391,M056206,quarantined,3,-1.0,0.20000000000000004,retrieval_count=3>=N_MIN=3 and average_utility=-1.0000<=BETA=-0.2
11400,M056430,downgraded,2,-1.0,0.30000000000000004,quality_score=0.3000 < DOWNGRADE_THRESHOLD=0.4
11404,M017983,downgraded,2,-1.0,0.30000000000000004,quality_score=0.3000 < DOWNGRADE_THRESHOLD=0.4
11407,M081600,downgraded,2,-1.0,0.30000000000000004,quality_score=0.3000 < DOWNGRADE_THRESHOLD=0.4
11410,M073128,quarantined,3,-1.0,0.20000000000000004,retrieval_count=3>=N_MIN=3 and average_utility=-1.0000<=BETA=-0.2
11414,M049634,downgraded,2,-1.0,0.30000000000000004,quality_score=0.3000 < DOWNGRADE_THRESHOLD=0.4
11422,M060633,quarantined,3,-1.0,0.20000000000000004,retrieval_count=3>=N_MIN=3 and average_utility=-1.0000<=BETA=-0.2
11424,M065331,quarantined,3,-1.0,0.20000000000000004,retrieval_count=3>=N_MIN=3 and average_utility=-1.0000<=BETA=-0.2
11426,M074831,quarantined,3,-1.0,0.20000000000000004,retrieval_count=3>=N_MIN=3 and average_utility=-1.0000<=BETA=-0.2
11428,M068898,downgraded,2,-1.0,0.30000000000000004,quality_score=0.3000 < DOWNGRADE_THRESHOLD=0.4
11430,M057112,downgraded,2,-1.0,0.30000000000000004,quality_score=0.3000 < DOWNGRADE_THRESHOLD=0.4
11431,M094875,downgraded,2,-1.0,0.30000000000000004,quality_score=0.3000 < DOWNGRADE_THRESHOLD=0.4
11431,M080479,quarantined,3,-1.0,0.20000000000000004,retrieval_count=3>=N_MIN=3 and average_utility=-1.0000<=BETA=-0.2
11435,M074127,quarantined,3,-1.0,0.20000000000000004,retrieval_count=3>=N_MIN=3 and average_utility=-1.0000<=BETA=-0.2
11437,M073700,quarantined,3,-1.0,0.20000000000000004,retrieval_count=3>=N_MIN=3 and average_utility=-1.0000<=BETA=-0.2
11437,M049822,downgraded,2,-1.0,0.30000000000000004,quality_score=0.3000 < DOWNGRADE_THRESHOLD=0.4
11446,M052776,downgraded,2,-1.0,0.30000000000000004,quality_score=0.3000 < DOWNGRADE_THRESHOLD=0.4
11447,M032864,downgraded,2,-1.0,0.30000000000000004,quality_score=0.3000 < DOWNGRADE_THRESHOLD=0.4
11449,M021691,downgraded,2,-1.0,0.30000000000000004,quality_score=0.3000 < DOWNGRADE_THRESHOLD=0.4
11461,M050284,downgraded,2,-1.0,0.30000000000000004,quality_score=0.3000 < DOWNGRADE_THRESHOLD=0.4
11463,M030688,downgraded,2,-1.0,0.30000000000000004,quality_score=0.3000 < DOWNGRADE_THRESHOLD=0.4
11467,M073933,downgraded,2,-1.0,0.30000000000000004,quality_score=0.3000 < DOWNGRADE_THRESHOLD=0.4
11469,M035987,downgraded,2,-1.0,0.30000000000000004,quality_score=0.3000 < DOWNGRADE_THRESHOLD=0.4
11484,M086993,quarantined,3,-1.0,0.20000000000000004,retrieval_count=3>=N_MIN=3 and average_utility=-1.0000<=BETA=-0.2
11485,M019403,downgraded,2,-1.0,0.30000000000000004,quality_score=0.3000 < DOWNGRADE_THRESHOLD=0.4
11485,M065769,downgraded,2,-1.0,0.30000000000000004,quality_score=0.3000 < DOWNGRADE_THRESHOLD=0.4
11491,M004630,quarantined,3,-1.0,0.20000000000000004,retrieval_count=3>=N_MIN=3 and average_utility=-1.0000<=BETA=-0.2
11492,M081600,quarantined,3,-1.0,0.20000000000000004,retrieval_count=3>=N_MIN=3 and average_utility=-1.0000<=BETA=-0.2
11493,M098828,downgraded,2,-1.0,0.30000000000000004,quality_score=0.3000 < DOWNGRADE_THRESHOLD=0.4
11494,M024828,downgraded,2,-1.0,0.30000000000000004,quality_score=0.3000 < DOWNGRADE_THRESHOLD=0.4
11497,M040625,downgraded,2,-1.0,0.30000000000000004,quality_score=0.3000 < DOWNGRADE_THRESHOLD=0.4
11499,M022603,quarantined,3,-1.0,0.20000000000000004,retrieval_count=3>=N_MIN=3 and average_utility=-1.0000<=BETA=-0.2
11502,M043779,downgraded,2,-1.0,0.30000000000000004,quality_score=0.3000 < DOWNGRADE_THRESHOLD=0.4
11504,M043959,downgraded,2,-1.0,0.30000000000000004,quality_score=0.3000 < DOWNGRADE_THRESHOLD=0.4
11508,M034498,quarantined,3,-1.0,0.20000000000000004,retrieval_count=3>=N_MIN=3 and average_utility=-1.0000<=BETA=-0.2
11516,M017940,quarantined,3,-1.0,0.20000000000000004,retrieval_count=3>=N_MIN=3 and average_utility=-1.0000<=BETA=-0.2
11520,M037030,downgraded,2,-1.0,0.30000000000000004,quality_score=0.3000 < DOWNGRADE_THRESHOLD=0.4
11538,M006688,downgraded,2,-1.0,0.30000000000000004,quality_score=0.3000 < DOWNGRADE_THRESHOLD=0.4
11545,M030428,downgraded,2,-1.0,0.30000000000000004,quality_score=0.3000 < DOWNGRADE_THRESHOLD=0.4
11554,M050943,downgraded,2,-1.0,0.30000000000000004,quality_score=0.3000 < DOWNGRADE_THRESHOLD=0.4
11557,M013276,downgraded,2,-1.0,0.30000000000000004,quality_score=0.3000 < DOWNGRADE_THRESHOLD=0.4
11563,M053598,downgraded,2,-1.0,0.30000000000000004,quality_score=0.3000 < DOWNGRADE_THRESHOLD=0.4
11563,M030021,downgraded,2,-1.0,0.30000000000000004,quality_score=0.3000 < DOWNGRADE_THRESHOLD=0.4
11565,M056188,downgraded,2,-1.0,0.30000000000000004,quality_score=0.3000 < DOWNGRADE_THRESHOLD=0.4
11570,M037270,downgraded,2,-1.0,0.30000000000000004,quality_score=0.3000 < DOWNGRADE_THRESHOLD=0.4
11574,M021016,downgraded,2,-1.0,0.30000000000000004,quality_score=0.3000 < DOWNGRADE_THRESHOLD=0.4
11578,M060104,downgraded,2,-1.0,0.30000000000000004,quality_score=0.3000 < DOWNGRADE_THRESHOLD=0.4
11590,M043788,downgraded,2,-1.0,0.30000000000000004,quality_score=0.3000 < DOWNGRADE_THRESHOLD=0.4
11602,M091131,downgraded,2,-1.0,0.30000000000000004,quality_score=0.3000 < DOWNGRADE_THRESHOLD=0.4
11605,M098281,downgraded,2,-1.0,0.30000000000000004,quality_score=0.3000 < DOWNGRADE_THRESHOLD=0.4
11606,M036904,quarantined,3,-1.0,0.20000000000000004,retrieval_count=3>=N_MIN=3 and average_utility=-1.0000<=BETA=-0.2
11607,M045705,downgraded,2,-1.0,0.30000000000000004,quality_score=0.3000 < DOWNGRADE_THRESHOLD=0.4
11612,M100852,quarantined,3,-1.0,0.20000000000000004,retrieval_count=3>=N_MIN=3 and average_utility=-1.0000<=BETA=-0.2
11616,M033001,downgraded,2,-1.0,0.30000000000000004,quality_score=0.3000 < DOWNGRADE_THRESHOLD=0.4
11621,M071834,downgraded,2,-1.0,0.30000000000000004,quality_score=0.3000 < DOWNGRADE_THRESHOLD=0.4
11627,M051555,downgraded,2,-1.0,0.30000000000000004,quality_score=0.3000 < DOWNGRADE_THRESHOLD=0.4
11649,M080686,downgraded,2,-1.0,0.30000000000000004,quality_score=0.3000 < DOWNGRADE_THRESHOLD=0.4
11649,M013919,downgraded,2,-1.0,0.30000000000000004,quality_score=0.3000 < DOWNGRADE_THRESHOLD=0.4
11650,M086400,downgraded,2,-1.0,0.30000000000000004,quality_score=0.3000 < DOWNGRADE_THRESHOLD=0.4
11652,M025368,downgraded,2,-1.0,0.30000000000000004,quality_score=0.3000 < DOWNGRADE_THRESHOLD=0.4
11667,M064461,downgraded,2,-1.0,0.30000000000000004,quality_score=0.3000 < DOWNGRADE_THRESHOLD=0.4
11670,M081090,quarantined,3,-1.0,0.20000000000000004,retrieval_count=3>=N_MIN=3 and average_utility=-1.0000<=BETA=-0.2
11670,M080156,quarantined,3,-1.0,0.20000000000000004,retrieval_count=3>=N_MIN=3 and average_utility=-1.0000<=BETA=-0.2
11676,M049541,downgraded,2,-1.0,0.30000000000000004,quality_score=0.3000 < DOWNGRADE_THRESHOLD=0.4
11684,M031390,quarantined,3,-1.0,0.20000000000000004,retrieval_count=3>=N_MIN=3 and average_utility=-1.0000<=BETA=-0.2
11690,M010325,downgraded,2,-1.0,0.30000000000000004,quality_score=0.3000 < DOWNGRADE_THRESHOLD=0.4
11691,M016740,downgraded,2,-1.0,0.30000000000000004,quality_score=0.3000 < DOWNGRADE_THRESHOLD=0.4
11693,M031425,downgraded,2,-1.0,0.30000000000000004,quality_score=0.3000 < DOWNGRADE_THRESHOLD=0.4
11693,M022600,downgraded,2,-1.0,0.30000000000000004,quality_score=0.3000 < DOWNGRADE_THRESHOLD=0.4
11695,M060259,quarantined,3,-1.0,0.20000000000000004,retrieval_count=3>=N_MIN=3 and average_utility=-1.0000<=BETA=-0.2
11704,M058802,downgraded,2,-1.0,0.30000000000000004,quality_score=0.3000 < DOWNGRADE_THRESHOLD=0.4
11707,M076279,downgraded,2,-1.0,0.30000000000000004,quality_score=0.3000 < DOWNGRADE_THRESHOLD=0.4
11710,M065057,downgraded,2,-1.0,0.30000000000000004,quality_score=0.3000 < DOWNGRADE_THRESHOLD=0.4
11727,M053456,downgraded,2,-1.0,0.30000000000000004,quality_score=0.3000 < DOWNGRADE_THRESHOLD=0.4
11728,M020683,downgraded,2,-1.0,0.30000000000000004,quality_score=0.3000 < DOWNGRADE_THRESHOLD=0.4
11728,M014099,downgraded,2,-1.0,0.30000000000000004,quality_score=0.3000 < DOWNGRADE_THRESHOLD=0.4
11743,M038856,downgraded,2,-1.0,0.30000000000000004,quality_score=0.3000 < DOWNGRADE_THRESHOLD=0.4
11748,M017683,downgraded,2,-1.0,0.30000000000000004,quality_score=0.3000 < DOWNGRADE_THRESHOLD=0.4
11751,M058313,quarantined,3,-1.0,0.20000000000000004,retrieval_count=3>=N_MIN=3 and average_utility=-1.0000<=BETA=-0.2
11754,M007009,downgraded,2,-1.0,0.30000000000000004,quality_score=0.3000 < DOWNGRADE_THRESHOLD=0.4
11759,M046921,quarantined,3,-1.0,0.20000000000000004,retrieval_count=3>=N_MIN=3 and average_utility=-1.0000<=BETA=-0.2
11777,M012874,quarantined,3,-1.0,0.20000000000000004,retrieval_count=3>=N_MIN=3 and average_utility=-1.0000<=BETA=-0.2
11779,M029286,quarantined,3,-1.0,0.20000000000000004,retrieval_count=3>=N_MIN=3 and average_utility=-1.0000<=BETA=-0.2
11781,M017139,quarantined,3,-1.0,0.20000000000000004,retrieval_count=3>=N_MIN=3 and average_utility=-1.0000<=BETA=-0.2
11784,M067757,quarantined,3,-1.0,0.20000000000000004,retrieval_count=3>=N_MIN=3 and average_utility=-1.0000<=BETA=-0.2
11784,M020127,downgraded,2,-1.0,0.30000000000000004,quality_score=0.3000 < DOWNGRADE_THRESHOLD=0.4
11785,M093085,quarantined,3,-1.0,0.20000000000000004,retrieval_count=3>=N_MIN=3 and average_utility=-1.0000<=BETA=-0.2
11785,M096064,downgraded,2,-1.0,0.30000000000000004,quality_score=0.3000 < DOWNGRADE_THRESHOLD=0.4
11789,M049731,quarantined,3,-1.0,0.20000000000000004,retrieval_count=3>=N_MIN=3 and average_utility=-1.0000<=BETA=-0.2
11794,M009499,quarantined,3,-1.0,0.20000000000000004,retrieval_count=3>=N_MIN=3 and average_utility=-1.0000<=BETA=-0.2
11795,M069800,downgraded,2,-1.0,0.30000000000000004,quality_score=0.3000 < DOWNGRADE_THRESHOLD=0.4
11797,M058492,downgraded,2,-1.0,0.30000000000000004,quality_score=0.3000 < DOWNGRADE_THRESHOLD=0.4
11803,M030803,downgraded,2,-1.0,0.30000000000000004,quality_score=0.3000 < DOWNGRADE_THRESHOLD=0.4
11805,M061517,downgraded,2,-1.0,0.30000000000000004,quality_score=0.3000 < DOWNGRADE_THRESHOLD=0.4
11811,M089428,downgraded,2,-1.0,0.30000000000000004,quality_score=0.3000 < DOWNGRADE_THRESHOLD=0.4
11815,M039336,downgraded,2,-1.0,0.30000000000000004,quality_score=0.3000 < DOWNGRADE_THRESHOLD=0.4
11822,M071965,downgraded,2,-1.0,0.30000000000000004,quality_score=0.3000 < DOWNGRADE_THRESHOLD=0.4
11823,M049515,downgraded,2,-1.0,0.30000000000000004,quality_score=0.3000 < DOWNGRADE_THRESHOLD=0.4
11836,M005956,downgraded,2,-1.0,0.30000000000000004,quality_score=0.3000 < DOWNGRADE_THRESHOLD=0.4
11838,M066676,quarantined,3,-1.0,0.20000000000000004,retrieval_count=3>=N_MIN=3 and average_utility=-1.0000<=BETA=-0.2
11849,M013476,downgraded,2,-1.0,0.30000000000000004,quality_score=0.3000 < DOWNGRADE_THRESHOLD=0.4
11851,M004453,quarantined,3,-1.0,0.20000000000000004,retrieval_count=3>=N_MIN=3 and average_utility=-1.0000<=BETA=-0.2
11870,M100865,downgraded,2,-1.0,0.30000000000000004,quality_score=0.3000 < DOWNGRADE_THRESHOLD=0.4
11874,M086084,downgraded,2,-1.0,0.30000000000000004,quality_score=0.3000 < DOWNGRADE_THRESHOLD=0.4
11877,M045851,downgraded,2,-1.0,0.30000000000000004,quality_score=0.3000 < DOWNGRADE_THRESHOLD=0.4
11880,M019233,downgraded,2,-1.0,0.30000000000000004,quality_score=0.3000 < DOWNGRADE_THRESHOLD=0.4
11884,M097645,downgraded,2,-1.0,0.30000000000000004,quality_score=0.3000 < DOWNGRADE_THRESHOLD=0.4
11892,M045110,downgraded,2,-1.0,0.30000000000000004,quality_score=0.3000 < DOWNGRADE_THRESHOLD=0.4
11893,M009425,quarantined,3,-1.0,0.20000000000000004,retrieval_count=3>=N_MIN=3 and average_utility=-1.0000<=BETA=-0.2
11899,M063203,downgraded,2,-1.0,0.30000000000000004,quality_score=0.3000 < DOWNGRADE_THRESHOLD=0.4
11901,M016782,downgraded,2,-1.0,0.30000000000000004,quality_score=0.3000 < DOWNGRADE_THRESHOLD=0.4
11904,M016102,downgraded,2,-1.0,0.30000000000000004,quality_score=0.3000 < DOWNGRADE_THRESHOLD=0.4
11904,M008943,downgraded,2,-1.0,0.30000000000000004,quality_score=0.3000 < DOWNGRADE_THRESHOLD=0.4
11905,M016102,quarantined,3,-1.0,0.20000000000000004,retrieval_count=3>=N_MIN=3 and average_utility=-1.0000<=BETA=-0.2
11905,M015554,downgraded,2,-1.0,0.30000000000000004,quality_score=0.3000 < DOWNGRADE_THRESHOLD=0.4
11907,M091805,quarantined,3,-1.0,0.20000000000000004,retrieval_count=3>=N_MIN=3 and average_utility=-1.0000<=BETA=-0.2
11908,M066897,downgraded,2,-1.0,0.30000000000000004,quality_score=0.3000 < DOWNGRADE_THRESHOLD=0.4
11914,M060944,downgraded,2,-1.0,0.30000000000000004,quality_score=0.3000 < DOWNGRADE_THRESHOLD=0.4
11914,M047727,downgraded,2,-1.0,0.30000000000000004,quality_score=0.3000 < DOWNGRADE_THRESHOLD=0.4
11916,M085662,quarantined,3,-1.0,0.20000000000000004,retrieval_count=3>=N_MIN=3 and average_utility=-1.0000<=BETA=-0.2
11918,M078579,quarantined,3,-1.0,0.20000000000000004,retrieval_count=3>=N_MIN=3 and average_utility=-1.0000<=BETA=-0.2
11920,M100634,quarantined,3,-1.0,0.20000000000000004,retrieval_count=3>=N_MIN=3 and average_utility=-1.0000<=BETA=-0.2
11941,M075322,quarantined,3,-1.0,0.20000000000000004,retrieval_count=3>=N_MIN=3 and average_utility=-1.0000<=BETA=-0.2
11947,M096002,downgraded,2,-1.0,0.30000000000000004,quality_score=0.3000 < DOWNGRADE_THRESHOLD=0.4
11950,M093927,downgraded,2,-1.0,0.30000000000000004,quality_score=0.3000 < DOWNGRADE_THRESHOLD=0.4
11953,M047990,downgraded,2,-1.0,0.30000000000000004,quality_score=0.3000 < DOWNGRADE_THRESHOLD=0.4
11954,M076862,downgraded,2,-1.0,0.30000000000000004,quality_score=0.3000 < DOWNGRADE_THRESHOLD=0.4
11954,M065126,quarantined,3,-1.0,0.20000000000000004,retrieval_count=3>=N_MIN=3 and average_utility=-1.0000<=BETA=-0.2
11958,M058960,downgraded,2,-1.0,0.30000000000000004,quality_score=0.3000 < DOWNGRADE_THRESHOLD=0.4
11961,M099553,downgraded,2,-1.0,0.30000000000000004,quality_score=0.3000 < DOWNGRADE_THRESHOLD=0.4
11968,M036645,quarantined,3,-1.0,0.20000000000000004,retrieval_count=3>=N_MIN=3 and average_utility=-1.0000<=BETA=-0.2
11969,M059403,downgraded,2,-1.0,0.30000000000000004,quality_score=0.3000 < DOWNGRADE_THRESHOLD=0.4
11970,M071482,downgraded,2,-1.0,0.30000000000000004,quality_score=0.3000 < DOWNGRADE_THRESHOLD=0.4
11975,M018805,downgraded,2,-1.0,0.30000000000000004,quality_score=0.3000 < DOWNGRADE_THRESHOLD=0.4
11979,M017975,quarantined,3,-1.0,0.20000000000000004,retrieval_count=3>=N_MIN=3 and average_utility=-1.0000<=BETA=-0.2
11981,M002668,downgraded,2,-1.0,0.30000000000000004,quality_score=0.3000 < DOWNGRADE_THRESHOLD=0.4
11981,M023232,downgraded,2,-1.0,0.30000000000000004,quality_score=0.3000 < DOWNGRADE_THRESHOLD=0.4
11982,M004715,downgraded,2,-1.0,0.30000000000000004,quality_score=0.3000 < DOWNGRADE_THRESHOLD=0.4
11990,M091541,downgraded,2,-1.0,0.30000000000000004,quality_score=0.3000 < DOWNGRADE_THRESHOLD=0.4
11992,M017021,downgraded,2,-1.0,0.30000000000000004,quality_score=0.3000 < DOWNGRADE_THRESHOLD=0.4
11997,M069987,downgraded,2,-1.0,0.30000000000000004,quality_score=0.3000 < DOWNGRADE_THRESHOLD=0.4
12001,M050522,downgraded,2,-1.0,0.30000000000000004,quality_score=0.3000 < DOWNGRADE_THRESHOLD=0.4
12006,M037409,downgraded,2,-1.0,0.30000000000000004,quality_score=0.3000 < DOWNGRADE_THRESHOLD=0.4
12008,M004421,quarantined,3,-1.0,0.20000000000000004,retrieval_count=3>=N_MIN=3 and average_utility=-1.0000<=BETA=-0.2
12011,M094145,downgraded,2,-1.0,0.30000000000000004,quality_score=0.3000 < DOWNGRADE_THRESHOLD=0.4
12012,M019772,downgraded,2,-1.0,0.30000000000000004,quality_score=0.3000 < DOWNGRADE_THRESHOLD=0.4
12023,M013476,quarantined,3,-1.0,0.20000000000000004,retrieval_count=3>=N_MIN=3 and average_utility=-1.0000<=BETA=-0.2
12023,M043849,downgraded,2,-1.0,0.30000000000000004,quality_score=0.3000 < DOWNGRADE_THRESHOLD=0.4
12043,M042273,downgraded,2,-1.0,0.30000000000000004,quality_score=0.3000 < DOWNGRADE_THRESHOLD=0.4
12045,M075393,quarantined,3,-1.0,0.20000000000000004,retrieval_count=3>=N_MIN=3 and average_utility=-1.0000<=BETA=-0.2
12054,M082014,quarantined,3,-1.0,0.20000000000000004,retrieval_count=3>=N_MIN=3 and average_utility=-1.0000<=BETA=-0.2
12055,M091541,quarantined,3,-1.0,0.20000000000000004,retrieval_count=3>=N_MIN=3 and average_utility=-1.0000<=BETA=-0.2
12058,M042122,downgraded,2,-1.0,0.30000000000000004,quality_score=0.3000 < DOWNGRADE_THRESHOLD=0.4
12063,M099426,downgraded,2,-1.0,0.30000000000000004,quality_score=0.3000 < DOWNGRADE_THRESHOLD=0.4
12068,M018167,downgraded,2,-1.0,0.30000000000000004,quality_score=0.3000 < DOWNGRADE_THRESHOLD=0.4
12071,M087212,downgraded,2,-1.0,0.30000000000000004,quality_score=0.3000 < DOWNGRADE_THRESHOLD=0.4
12072,M091359,downgraded,2,-1.0,0.30000000000000004,quality_score=0.3000 < DOWNGRADE_THRESHOLD=0.4
12073,M089222,downgraded,2,-1.0,0.30000000000000004,quality_score=0.3000 < DOWNGRADE_THRESHOLD=0.4
12082,M089553,quarantined,3,-1.0,0.20000000000000004,retrieval_count=3>=N_MIN=3 and average_utility=-1.0000<=BETA=-0.2
12083,M077176,downgraded,2,-1.0,0.30000000000000004,quality_score=0.3000 < DOWNGRADE_THRESHOLD=0.4
12088,M013008,downgraded,2,-1.0,0.30000000000000004,quality_score=0.3000 < DOWNGRADE_THRESHOLD=0.4
12089,M081972,downgraded,2,-1.0,0.30000000000000004,quality_score=0.3000 < DOWNGRADE_THRESHOLD=0.4
12092,M029777,downgraded,2,-1.0,0.30000000000000004,quality_score=0.3000 < DOWNGRADE_THRESHOLD=0.4
12107,M032604,downgraded,2,-1.0,0.30000000000000004,quality_score=0.3000 < DOWNGRADE_THRESHOLD=0.4
12111,M087436,downgraded,2,-1.0,0.30000000000000004,quality_score=0.3000 < DOWNGRADE_THRESHOLD=0.4
12114,M015973,quarantined,3,-1.0,0.20000000000000004,retrieval_count=3>=N_MIN=3 and average_utility=-1.0000<=BETA=-0.2
12116,M009104,downgraded,2,-1.0,0.30000000000000004,quality_score=0.3000 < DOWNGRADE_THRESHOLD=0.4
12118,M017671,downgraded,2,-1.0,0.30000000000000004,quality_score=0.3000 < DOWNGRADE_THRESHOLD=0.4
12119,M060245,quarantined,3,-1.0,0.20000000000000004,retrieval_count=3>=N_MIN=3 and average_utility=-1.0000<=BETA=-0.2
12125,M092623,downgraded,2,-1.0,0.30000000000000004,quality_score=0.3000 < DOWNGRADE_THRESHOLD=0.4
12133,M064580,downgraded,2,-1.0,0.30000000000000004,quality_score=0.3000 < DOWNGRADE_THRESHOLD=0.4
12134,M015000,downgraded,2,-1.0,0.30000000000000004,quality_score=0.3000 < DOWNGRADE_THRESHOLD=0.4
12134,M069011,downgraded,2,-1.0,0.30000000000000004,quality_score=0.3000 < DOWNGRADE_THRESHOLD=0.4
12138,M077152,downgraded,2,-1.0,0.30000000000000004,quality_score=0.3000 < DOWNGRADE_THRESHOLD=0.4
12139,M032222,downgraded,2,-1.0,0.30000000000000004,quality_score=0.3000 < DOWNGRADE_THRESHOLD=0.4
12140,M039774,downgraded,2,-1.0,0.30000000000000004,quality_score=0.3000 < DOWNGRADE_THRESHOLD=0.4
12141,M078634,downgraded,2,-1.0,0.30000000000000004,quality_score=0.3000 < DOWNGRADE_THRESHOLD=0.4
12143,M028310,quarantined,3,-1.0,0.20000000000000004,retrieval_count=3>=N_MIN=3 and average_utility=-1.0000<=BETA=-0.2
12147,M094325,downgraded,2,-1.0,0.30000000000000004,quality_score=0.3000 < DOWNGRADE_THRESHOLD=0.4
12149,M060807,downgraded,2,-1.0,0.30000000000000004,quality_score=0.3000 < DOWNGRADE_THRESHOLD=0.4
12158,M003250,downgraded,2,-1.0,0.30000000000000004,quality_score=0.3000 < DOWNGRADE_THRESHOLD=0.4
12159,M050394,downgraded,2,-1.0,0.30000000000000004,quality_score=0.3000 < DOWNGRADE_THRESHOLD=0.4
12159,M044005,downgraded,2,-1.0,0.30000000000000004,quality_score=0.3000 < DOWNGRADE_THRESHOLD=0.4
12161,M071258,downgraded,2,-1.0,0.30000000000000004,quality_score=0.3000 < DOWNGRADE_THRESHOLD=0.4
12163,M045337,downgraded,2,-1.0,0.30000000000000004,quality_score=0.3000 < DOWNGRADE_THRESHOLD=0.4
12164,M014257,quarantined,3,-1.0,0.20000000000000004,retrieval_count=3>=N_MIN=3 and average_utility=-1.0000<=BETA=-0.2
12167,M023429,downgraded,2,-1.0,0.30000000000000004,quality_score=0.3000 < DOWNGRADE_THRESHOLD=0.4
12171,M061410,downgraded,2,-1.0,0.30000000000000004,quality_score=0.3000 < DOWNGRADE_THRESHOLD=0.4
12176,M049423,quarantined,3,-1.0,0.20000000000000004,retrieval_count=3>=N_MIN=3 and average_utility=-1.0000<=BETA=-0.2
12179,M037912,downgraded,2,-1.0,0.30000000000000004,quality_score=0.3000 < DOWNGRADE_THRESHOLD=0.4
12185,M099493,downgraded,2,-1.0,0.30000000000000004,quality_score=0.3000 < DOWNGRADE_THRESHOLD=0.4
12196,M005523,quarantined,3,-1.0,0.20000000000000004,retrieval_count=3>=N_MIN=3 and average_utility=-1.0000<=BETA=-0.2
12210,M088962,downgraded,2,-1.0,0.30000000000000004,quality_score=0.3000 < DOWNGRADE_THRESHOLD=0.4
12220,M024809,quarantined,3,-1.0,0.20000000000000004,retrieval_count=3>=N_MIN=3 and average_utility=-1.0000<=BETA=-0.2
12221,M077256,quarantined,3,-1.0,0.20000000000000004,retrieval_count=3>=N_MIN=3 and average_utility=-1.0000<=BETA=-0.2
12222,M045421,downgraded,2,-1.0,0.30000000000000004,quality_score=0.3000 < DOWNGRADE_THRESHOLD=0.4
12225,M088267,downgraded,2,-1.0,0.30000000000000004,quality_score=0.3000 < DOWNGRADE_THRESHOLD=0.4
12232,M052861,quarantined,3,-1.0,0.20000000000000004,retrieval_count=3>=N_MIN=3 and average_utility=-1.0000<=BETA=-0.2
12235,M052412,downgraded,2,-1.0,0.30000000000000004,quality_score=0.3000 < DOWNGRADE_THRESHOLD=0.4
12236,M072544,downgraded,2,-1.0,0.30000000000000004,quality_score=0.3000 < DOWNGRADE_THRESHOLD=0.4
12237,M061666,quarantined,3,-1.0,0.20000000000000004,retrieval_count=3>=N_MIN=3 and average_utility=-1.0000<=BETA=-0.2
12238,M092475,downgraded,2,-1.0,0.30000000000000004,quality_score=0.3000 < DOWNGRADE_THRESHOLD=0.4
12240,M099129,downgraded,2,-1.0,0.30000000000000004,quality_score=0.3000 < DOWNGRADE_THRESHOLD=0.4
12244,M018297,quarantined,3,-1.0,0.20000000000000004,retrieval_count=3>=N_MIN=3 and average_utility=-1.0000<=BETA=-0.2
12253,M069833,quarantined,3,-1.0,0.20000000000000004,retrieval_count=3>=N_MIN=3 and average_utility=-1.0000<=BETA=-0.2
12262,M083402,downgraded,2,-1.0,0.30000000000000004,quality_score=0.3000 < DOWNGRADE_THRESHOLD=0.4
12263,M079519,downgraded,2,-1.0,0.30000000000000004,quality_score=0.3000 < DOWNGRADE_THRESHOLD=0.4
12273,M097568,downgraded,2,-1.0,0.30000000000000004,quality_score=0.3000 < DOWNGRADE_THRESHOLD=0.4
12284,M083029,downgraded,2,-1.0,0.30000000000000004,quality_score=0.3000 < DOWNGRADE_THRESHOLD=0.4
12299,M023936,downgraded,2,-1.0,0.30000000000000004,quality_score=0.3000 < DOWNGRADE_THRESHOLD=0.4
12301,M026291,downgraded,2,-1.0,0.30000000000000004,quality_score=0.3000 < DOWNGRADE_THRESHOLD=0.4
12301,M012777,downgraded,2,-1.0,0.30000000000000004,quality_score=0.3000 < DOWNGRADE_THRESHOLD=0.4
12307,M044246,downgraded,2,-1.0,0.30000000000000004,quality_score=0.3000 < DOWNGRADE_THRESHOLD=0.4
12309,M016343,downgraded,2,-1.0,0.30000000000000004,quality_score=0.3000 < DOWNGRADE_THRESHOLD=0.4
12313,M050710,quarantined,3,-1.0,0.20000000000000004,retrieval_count=3>=N_MIN=3 and average_utility=-1.0000<=BETA=-0.2
12328,M093187,downgraded,2,-1.0,0.30000000000000004,quality_score=0.3000 < DOWNGRADE_THRESHOLD=0.4
12332,M071845,downgraded,2,-1.0,0.30000000000000004,quality_score=0.3000 < DOWNGRADE_THRESHOLD=0.4
12333,M080198,downgraded,2,-1.0,0.30000000000000004,quality_score=0.3000 < DOWNGRADE_THRESHOLD=0.4
12339,M039371,downgraded,2,-1.0,0.30000000000000004,quality_score=0.3000 < DOWNGRADE_THRESHOLD=0.4
12344,M023143,quarantined,3,-1.0,0.20000000000000004,retrieval_count=3>=N_MIN=3 and average_utility=-1.0000<=BETA=-0.2
12359,M013308,quarantined,3,-1.0,0.20000000000000004,retrieval_count=3>=N_MIN=3 and average_utility=-1.0000<=BETA=-0.2
12361,M096546,quarantined,3,-1.0,0.20000000000000004,retrieval_count=3>=N_MIN=3 and average_utility=-1.0000<=BETA=-0.2
12363,M097133,downgraded,2,-1.0,0.30000000000000004,quality_score=0.3000 < DOWNGRADE_THRESHOLD=0.4
12368,M047381,downgraded,2,-1.0,0.30000000000000004,quality_score=0.3000 < DOWNGRADE_THRESHOLD=0.4
12369,M062600,downgraded,2,-1.0,0.30000000000000004,quality_score=0.3000 < DOWNGRADE_THRESHOLD=0.4
12373,M047309,downgraded,2,-1.0,0.30000000000000004,quality_score=0.3000 < DOWNGRADE_THRESHOLD=0.4
12373,M063998,downgraded,2,-1.0,0.30000000000000004,quality_score=0.3000 < DOWNGRADE_THRESHOLD=0.4
12374,M062688,quarantined,3,-1.0,0.20000000000000004,retrieval_count=3>=N_MIN=3 and average_utility=-1.0000<=BETA=-0.2
12378,M053778,downgraded,2,-1.0,0.30000000000000004,quality_score=0.3000 < DOWNGRADE_THRESHOLD=0.4
12382,M101384,quarantined,3,-1.0,0.20000000000000004,retrieval_count=3>=N_MIN=3 and average_utility=-1.0000<=BETA=-0.2
12386,M053494,downgraded,2,-1.0,0.30000000000000004,quality_score=0.3000 < DOWNGRADE_THRESHOLD=0.4
12386,M082650,downgraded,2,-1.0,0.30000000000000004,quality_score=0.3000 < DOWNGRADE_THRESHOLD=0.4
12395,M041599,quarantined,3,-1.0,0.20000000000000004,retrieval_count=3>=N_MIN=3 and average_utility=-1.0000<=BETA=-0.2
12404,M092835,downgraded,2,-1.0,0.30000000000000004,quality_score=0.3000 < DOWNGRADE_THRESHOLD=0.4
12406,M046443,downgraded,2,-1.0,0.30000000000000004,quality_score=0.3000 < DOWNGRADE_THRESHOLD=0.4
12409,M068931,downgraded,2,-1.0,0.30000000000000004,quality_score=0.3000 < DOWNGRADE_THRESHOLD=0.4
12410,M071845,quarantined,3,-1.0,0.20000000000000004,retrieval_count=3>=N_MIN=3 and average_utility=-1.0000<=BETA=-0.2
12423,M016190,quarantined,3,-1.0,0.20000000000000004,retrieval_count=3>=N_MIN=3 and average_utility=-1.0000<=BETA=-0.2
12433,M044979,downgraded,2,-1.0,0.30000000000000004,quality_score=0.3000 < DOWNGRADE_THRESHOLD=0.4
12435,M031651,quarantined,3,-1.0,0.20000000000000004,retrieval_count=3>=N_MIN=3 and average_utility=-1.0000<=BETA=-0.2
12444,M067690,downgraded,2,-1.0,0.30000000000000004,quality_score=0.3000 < DOWNGRADE_THRESHOLD=0.4
12452,M076124,downgraded,2,-1.0,0.30000000000000004,quality_score=0.3000 < DOWNGRADE_THRESHOLD=0.4
12458,M000959,quarantined,3,-1.0,0.20000000000000004,retrieval_count=3>=N_MIN=3 and average_utility=-1.0000<=BETA=-0.2
12462,M060944,quarantined,3,-1.0,0.20000000000000004,retrieval_count=3>=N_MIN=3 and average_utility=-1.0000<=BETA=-0.2
12464,M071106,quarantined,3,-1.0,0.20000000000000004,retrieval_count=3>=N_MIN=3 and average_utility=-1.0000<=BETA=-0.2
12471,M076862,quarantined,3,-1.0,0.20000000000000004,retrieval_count=3>=N_MIN=3 and average_utility=-1.0000<=BETA=-0.2
12471,M037865,quarantined,3,-1.0,0.20000000000000004,retrieval_count=3>=N_MIN=3 and average_utility=-1.0000<=BETA=-0.2
12472,M048978,downgraded,2,-1.0,0.30000000000000004,quality_score=0.3000 < DOWNGRADE_THRESHOLD=0.4
12473,M062656,downgraded,2,-1.0,0.30000000000000004,quality_score=0.3000 < DOWNGRADE_THRESHOLD=0.4
12481,M022998,downgraded,2,-1.0,0.30000000000000004,quality_score=0.3000 < DOWNGRADE_THRESHOLD=0.4
12489,M080649,quarantined,3,-1.0,0.20000000000000004,retrieval_count=3>=N_MIN=3 and average_utility=-1.0000<=BETA=-0.2
12490,M092456,downgraded,2,-1.0,0.30000000000000004,quality_score=0.3000 < DOWNGRADE_THRESHOLD=0.4
12499,M064932,downgraded,2,-1.0,0.30000000000000004,quality_score=0.3000 < DOWNGRADE_THRESHOLD=0.4
12499,M015000,quarantined,3,-1.0,0.20000000000000004,retrieval_count=3>=N_MIN=3 and average_utility=-1.0000<=BETA=-0.2
12499,M069011,quarantined,3,-1.0,0.20000000000000004,retrieval_count=3>=N_MIN=3 and average_utility=-1.0000<=BETA=-0.2
12499,M094838,downgraded,2,-1.0,0.30000000000000004,quality_score=0.3000 < DOWNGRADE_THRESHOLD=0.4
12502,M063380,quarantined,3,-1.0,0.20000000000000004,retrieval_count=3>=N_MIN=3 and average_utility=-1.0000<=BETA=-0.2
12504,M083826,downgraded,2,-1.0,0.30000000000000004,quality_score=0.3000 < DOWNGRADE_THRESHOLD=0.4
12511,M005884,quarantined,3,-1.0,0.20000000000000004,retrieval_count=3>=N_MIN=3 and average_utility=-1.0000<=BETA=-0.2
12512,M016618,downgraded,2,-1.0,0.30000000000000004,quality_score=0.3000 < DOWNGRADE_THRESHOLD=0.4
12512,M044957,quarantined,3,-1.0,0.20000000000000004,retrieval_count=3>=N_MIN=3 and average_utility=-1.0000<=BETA=-0.2
12513,M083488,quarantined,3,-1.0,0.20000000000000004,retrieval_count=3>=N_MIN=3 and average_utility=-1.0000<=BETA=-0.2
12524,M006188,downgraded,2,-1.0,0.30000000000000004,quality_score=0.3000 < DOWNGRADE_THRESHOLD=0.4
12535,M097701,downgraded,2,-1.0,0.30000000000000004,quality_score=0.3000 < DOWNGRADE_THRESHOLD=0.4
12536,M077443,downgraded,2,-1.0,0.30000000000000004,quality_score=0.3000 < DOWNGRADE_THRESHOLD=0.4
12536,M077244,quarantined,3,-1.0,0.20000000000000004,retrieval_count=3>=N_MIN=3 and average_utility=-1.0000<=BETA=-0.2
12539,M073360,downgraded,2,-1.0,0.30000000000000004,quality_score=0.3000 < DOWNGRADE_THRESHOLD=0.4
12544,M020456,quarantined,3,-1.0,0.20000000000000004,retrieval_count=3>=N_MIN=3 and average_utility=-1.0000<=BETA=-0.2
12550,M087524,downgraded,2,-1.0,0.30000000000000004,quality_score=0.3000 < DOWNGRADE_THRESHOLD=0.4
12550,M071925,downgraded,2,-1.0,0.30000000000000004,quality_score=0.3000 < DOWNGRADE_THRESHOLD=0.4
12554,M006076,downgraded,2,-1.0,0.30000000000000004,quality_score=0.3000 < DOWNGRADE_THRESHOLD=0.4
12555,M032994,downgraded,2,-1.0,0.30000000000000004,quality_score=0.3000 < DOWNGRADE_THRESHOLD=0.4
12555,M033415,downgraded,2,-1.0,0.30000000000000004,quality_score=0.3000 < DOWNGRADE_THRESHOLD=0.4
12564,M058802,quarantined,3,-1.0,0.20000000000000004,retrieval_count=3>=N_MIN=3 and average_utility=-1.0000<=BETA=-0.2
12568,M016877,downgraded,2,-1.0,0.30000000000000004,quality_score=0.3000 < DOWNGRADE_THRESHOLD=0.4
12577,M025670,downgraded,2,-1.0,0.30000000000000004,quality_score=0.3000 < DOWNGRADE_THRESHOLD=0.4
12582,M068484,downgraded,2,-1.0,0.30000000000000004,quality_score=0.3000 < DOWNGRADE_THRESHOLD=0.4
12585,M101437,downgraded,2,-1.0,0.30000000000000004,quality_score=0.3000 < DOWNGRADE_THRESHOLD=0.4
12588,M094144,quarantined,3,-1.0,0.20000000000000004,retrieval_count=3>=N_MIN=3 and average_utility=-1.0000<=BETA=-0.2
12590,M094890,downgraded,2,-1.0,0.30000000000000004,quality_score=0.3000 < DOWNGRADE_THRESHOLD=0.4
12591,M068898,quarantined,3,-1.0,0.20000000000000004,retrieval_count=3>=N_MIN=3 and average_utility=-1.0000<=BETA=-0.2
12600,M053616,downgraded,2,-1.0,0.30000000000000004,quality_score=0.3000 < DOWNGRADE_THRESHOLD=0.4
12608,M085283,downgraded,2,-1.0,0.30000000000000004,quality_score=0.3000 < DOWNGRADE_THRESHOLD=0.4
12614,M100101,quarantined,3,-1.0,0.20000000000000004,retrieval_count=3>=N_MIN=3 and average_utility=-1.0000<=BETA=-0.2
12614,M091886,quarantined,3,-1.0,0.20000000000000004,retrieval_count=3>=N_MIN=3 and average_utility=-1.0000<=BETA=-0.2
12615,M029568,quarantined,3,-1.0,0.20000000000000004,retrieval_count=3>=N_MIN=3 and average_utility=-1.0000<=BETA=-0.2
12619,M005958,downgraded,2,-1.0,0.30000000000000004,quality_score=0.3000 < DOWNGRADE_THRESHOLD=0.4
12629,M086108,downgraded,2,-1.0,0.30000000000000004,quality_score=0.3000 < DOWNGRADE_THRESHOLD=0.4
12638,M029508,downgraded,2,-1.0,0.30000000000000004,quality_score=0.3000 < DOWNGRADE_THRESHOLD=0.4
12642,M031655,downgraded,2,-1.0,0.30000000000000004,quality_score=0.3000 < DOWNGRADE_THRESHOLD=0.4
12646,M082747,downgraded,2,-1.0,0.30000000000000004,quality_score=0.3000 < DOWNGRADE_THRESHOLD=0.4
12647,M068847,quarantined,3,-1.0,0.20000000000000004,retrieval_count=3>=N_MIN=3 and average_utility=-1.0000<=BETA=-0.2
12648,M087524,quarantined,3,-1.0,0.20000000000000004,retrieval_count=3>=N_MIN=3 and average_utility=-1.0000<=BETA=-0.2
12649,M027893,downgraded,2,-1.0,0.30000000000000004,quality_score=0.3000 < DOWNGRADE_THRESHOLD=0.4
12649,M071043,downgraded,2,-1.0,0.30000000000000004,quality_score=0.3000 < DOWNGRADE_THRESHOLD=0.4
12658,M037299,downgraded,2,-1.0,0.30000000000000004,quality_score=0.3000 < DOWNGRADE_THRESHOLD=0.4
12658,M017708,quarantined,3,-1.0,0.20000000000000004,retrieval_count=3>=N_MIN=3 and average_utility=-1.0000<=BETA=-0.2
12658,M013894,downgraded,2,-1.0,0.30000000000000004,quality_score=0.3000 < DOWNGRADE_THRESHOLD=0.4
12667,M080621,downgraded,2,-1.0,0.30000000000000004,quality_score=0.3000 < DOWNGRADE_THRESHOLD=0.4
12668,M003858,quarantined,3,-1.0,0.20000000000000004,retrieval_count=3>=N_MIN=3 and average_utility=-1.0000<=BETA=-0.2
12676,M098941,downgraded,2,-1.0,0.30000000000000004,quality_score=0.3000 < DOWNGRADE_THRESHOLD=0.4
12676,M061154,downgraded,2,-1.0,0.30000000000000004,quality_score=0.3000 < DOWNGRADE_THRESHOLD=0.4
12678,M068484,quarantined,3,-1.0,0.20000000000000004,retrieval_count=3>=N_MIN=3 and average_utility=-1.0000<=BETA=-0.2
12680,M081441,downgraded,2,-1.0,0.30000000000000004,quality_score=0.3000 < DOWNGRADE_THRESHOLD=0.4
12681,M012248,downgraded,2,-1.0,0.30000000000000004,quality_score=0.3000 < DOWNGRADE_THRESHOLD=0.4
12697,M015580,quarantined,3,-1.0,0.20000000000000004,retrieval_count=3>=N_MIN=3 and average_utility=-1.0000<=BETA=-0.2
12697,M057936,downgraded,2,-1.0,0.30000000000000004,quality_score=0.3000 < DOWNGRADE_THRESHOLD=0.4
12699,M002507,quarantined,3,-1.0,0.20000000000000004,retrieval_count=3>=N_MIN=3 and average_utility=-1.0000<=BETA=-0.2
12699,M057727,quarantined,3,-1.0,0.20000000000000004,retrieval_count=3>=N_MIN=3 and average_utility=-1.0000<=BETA=-0.2
12701,M063994,downgraded,2,-1.0,0.30000000000000004,quality_score=0.3000 < DOWNGRADE_THRESHOLD=0.4
12710,M096163,downgraded,2,-1.0,0.30000000000000004,quality_score=0.3000 < DOWNGRADE_THRESHOLD=0.4
12717,M073756,downgraded,2,-1.0,0.30000000000000004,quality_score=0.3000 < DOWNGRADE_THRESHOLD=0.4
12718,M095285,quarantined,3,-1.0,0.20000000000000004,retrieval_count=3>=N_MIN=3 and average_utility=-1.0000<=BETA=-0.2
12721,M063198,downgraded,2,-1.0,0.30000000000000004,quality_score=0.3000 < DOWNGRADE_THRESHOLD=0.4
12722,M032377,quarantined,3,-1.0,0.20000000000000004,retrieval_count=3>=N_MIN=3 and average_utility=-1.0000<=BETA=-0.2
12722,M035153,downgraded,2,-1.0,0.30000000000000004,quality_score=0.3000 < DOWNGRADE_THRESHOLD=0.4
12724,M006143,downgraded,2,-1.0,0.30000000000000004,quality_score=0.3000 < DOWNGRADE_THRESHOLD=0.4
12724,M029508,quarantined,3,-1.0,0.20000000000000004,retrieval_count=3>=N_MIN=3 and average_utility=-1.0000<=BETA=-0.2
12731,M027013,downgraded,2,-1.0,0.30000000000000004,quality_score=0.3000 < DOWNGRADE_THRESHOLD=0.4
12735,M026570,quarantined,3,-1.0,0.20000000000000004,retrieval_count=3>=N_MIN=3 and average_utility=-1.0000<=BETA=-0.2
12746,M074171,quarantined,3,-1.0,0.20000000000000004,retrieval_count=3>=N_MIN=3 and average_utility=-1.0000<=BETA=-0.2
12746,M083286,downgraded,2,-1.0,0.30000000000000004,quality_score=0.3000 < DOWNGRADE_THRESHOLD=0.4
12754,M010070,quarantined,3,-1.0,0.20000000000000004,retrieval_count=3>=N_MIN=3 and average_utility=-1.0000<=BETA=-0.2
12763,M022401,downgraded,2,-1.0,0.30000000000000004,quality_score=0.3000 < DOWNGRADE_THRESHOLD=0.4
12776,M089641,quarantined,3,-1.0,0.20000000000000004,retrieval_count=3>=N_MIN=3 and average_utility=-1.0000<=BETA=-0.2
12785,M075460,downgraded,2,-1.0,0.30000000000000004,quality_score=0.3000 < DOWNGRADE_THRESHOLD=0.4
12786,M018791,downgraded,2,-1.0,0.30000000000000004,quality_score=0.3000 < DOWNGRADE_THRESHOLD=0.4
12789,M054858,quarantined,3,-1.0,0.20000000000000004,retrieval_count=3>=N_MIN=3 and average_utility=-1.0000<=BETA=-0.2
12805,M058065,quarantined,3,-1.0,0.20000000000000004,retrieval_count=3>=N_MIN=3 and average_utility=-1.0000<=BETA=-0.2
12806,M082356,quarantined,3,-1.0,0.20000000000000004,retrieval_count=3>=N_MIN=3 and average_utility=-1.0000<=BETA=-0.2
12815,M079572,downgraded,2,-1.0,0.30000000000000004,quality_score=0.3000 < DOWNGRADE_THRESHOLD=0.4
12817,M044672,quarantined,3,-1.0,0.20000000000000004,retrieval_count=3>=N_MIN=3 and average_utility=-1.0000<=BETA=-0.2
12818,M033873,downgraded,2,-1.0,0.30000000000000004,quality_score=0.3000 < DOWNGRADE_THRESHOLD=0.4
12824,M003071,quarantined,3,-1.0,0.20000000000000004,retrieval_count=3>=N_MIN=3 and average_utility=-1.0000<=BETA=-0.2
12825,M043360,downgraded,2,-1.0,0.30000000000000004,quality_score=0.3000 < DOWNGRADE_THRESHOLD=0.4
12826,M063650,downgraded,2,-1.0,0.30000000000000004,quality_score=0.3000 < DOWNGRADE_THRESHOLD=0.4
12828,M076873,quarantined,3,-1.0,0.20000000000000004,retrieval_count=3>=N_MIN=3 and average_utility=-1.0000<=BETA=-0.2
12832,M061826,downgraded,2,-1.0,0.30000000000000004,quality_score=0.3000 < DOWNGRADE_THRESHOLD=0.4
12841,M079554,downgraded,2,-1.0,0.30000000000000004,quality_score=0.3000 < DOWNGRADE_THRESHOLD=0.4
12852,M085172,downgraded,2,-1.0,0.30000000000000004,quality_score=0.3000 < DOWNGRADE_THRESHOLD=0.4
12855,M034385,downgraded,2,-1.0,0.30000000000000004,quality_score=0.3000 < DOWNGRADE_THRESHOLD=0.4
12871,M049355,downgraded,2,-1.0,0.30000000000000004,quality_score=0.3000 < DOWNGRADE_THRESHOLD=0.4
12874,M035536,downgraded,2,-1.0,0.30000000000000004,quality_score=0.3000 < DOWNGRADE_THRESHOLD=0.4
12878,M042072,downgraded,2,-1.0,0.30000000000000004,quality_score=0.3000 < DOWNGRADE_THRESHOLD=0.4
12885,M013354,downgraded,2,-1.0,0.30000000000000004,quality_score=0.3000 < DOWNGRADE_THRESHOLD=0.4
12889,M003762,quarantined,3,-1.0,0.20000000000000004,retrieval_count=3>=N_MIN=3 and average_utility=-1.0000<=BETA=-0.2
12891,M007063,downgraded,2,-1.0,0.30000000000000004,quality_score=0.3000 < DOWNGRADE_THRESHOLD=0.4
12893,M024812,downgraded,2,-1.0,0.30000000000000004,quality_score=0.3000 < DOWNGRADE_THRESHOLD=0.4
12894,M019556,downgraded,2,-1.0,0.30000000000000004,quality_score=0.3000 < DOWNGRADE_THRESHOLD=0.4
12899,M008857,quarantined,3,-1.0,0.20000000000000004,retrieval_count=3>=N_MIN=3 and average_utility=-1.0000<=BETA=-0.2
12902,M037059,downgraded,2,-1.0,0.30000000000000004,quality_score=0.3000 < DOWNGRADE_THRESHOLD=0.4
12902,M074697,quarantined,3,-1.0,0.20000000000000004,retrieval_count=3>=N_MIN=3 and average_utility=-1.0000<=BETA=-0.2
12907,M099167,downgraded,2,-1.0,0.30000000000000004,quality_score=0.3000 < DOWNGRADE_THRESHOLD=0.4
12908,M016887,downgraded,2,-1.0,0.30000000000000004,quality_score=0.3000 < DOWNGRADE_THRESHOLD=0.4
12911,M020402,quarantined,3,-1.0,0.20000000000000004,retrieval_count=3>=N_MIN=3 and average_utility=-1.0000<=BETA=-0.2
12916,M044456,quarantined,3,-1.0,0.20000000000000004,retrieval_count=3>=N_MIN=3 and average_utility=-1.0000<=BETA=-0.2
12927,M008433,downgraded,2,-1.0,0.30000000000000004,quality_score=0.3000 < DOWNGRADE_THRESHOLD=0.4
12933,M007532,downgraded,2,-1.0,0.30000000000000004,quality_score=0.3000 < DOWNGRADE_THRESHOLD=0.4
12939,M093322,quarantined,3,-1.0,0.20000000000000004,retrieval_count=3>=N_MIN=3 and average_utility=-1.0000<=BETA=-0.2
12945,M059565,quarantined,3,-1.0,0.20000000000000004,retrieval_count=3>=N_MIN=3 and average_utility=-1.0000<=BETA=-0.2
12951,M023835,quarantined,3,-1.0,0.20000000000000004,retrieval_count=3>=N_MIN=3 and average_utility=-1.0000<=BETA=-0.2
12954,M064377,downgraded,2,-1.0,0.30000000000000004,quality_score=0.3000 < DOWNGRADE_THRESHOLD=0.4
12956,M074237,downgraded,2,-1.0,0.30000000000000004,quality_score=0.3000 < DOWNGRADE_THRESHOLD=0.4
12957,M033104,downgraded,2,-1.0,0.30000000000000004,quality_score=0.3000 < DOWNGRADE_THRESHOLD=0.4
12958,M036054,downgraded,2,-1.0,0.30000000000000004,quality_score=0.3000 < DOWNGRADE_THRESHOLD=0.4
12961,M014014,downgraded,2,-1.0,0.30000000000000004,quality_score=0.3000 < DOWNGRADE_THRESHOLD=0.4
12963,M055829,quarantined,3,-1.0,0.20000000000000004,retrieval_count=3>=N_MIN=3 and average_utility=-1.0000<=BETA=-0.2
12966,M013898,quarantined,3,-1.0,0.20000000000000004,retrieval_count=3>=N_MIN=3 and average_utility=-1.0000<=BETA=-0.2
12970,M010262,downgraded,2,-1.0,0.30000000000000004,quality_score=0.3000 < DOWNGRADE_THRESHOLD=0.4
12977,M039774,quarantined,3,-1.0,0.20000000000000004,retrieval_count=3>=N_MIN=3 and average_utility=-1.0000<=BETA=-0.2
12978,M096033,downgraded,2,-1.0,0.30000000000000004,quality_score=0.3000 < DOWNGRADE_THRESHOLD=0.4
12982,M087693,downgraded,2,-1.0,0.30000000000000004,quality_score=0.3000 < DOWNGRADE_THRESHOLD=0.4
12983,M032611,downgraded,2,-1.0,0.30000000000000004,quality_score=0.3000 < DOWNGRADE_THRESHOLD=0.4
12984,M080615,downgraded,2,-1.0,0.30000000000000004,quality_score=0.3000 < DOWNGRADE_THRESHOLD=0.4
12984,M087140,downgraded,2,-1.0,0.30000000000000004,quality_score=0.3000 < DOWNGRADE_THRESHOLD=0.4
12987,M068859,downgraded,2,-1.0,0.30000000000000004,quality_score=0.3000 < DOWNGRADE_THRESHOLD=0.4
12988,M084290,downgraded,2,-1.0,0.30000000000000004,quality_score=0.3000 < DOWNGRADE_THRESHOLD=0.4
12988,M015687,downgraded,2,-1.0,0.30000000000000004,quality_score=0.3000 < DOWNGRADE_THRESHOLD=0.4
12989,M091416,downgraded,2,-1.0,0.30000000000000004,quality_score=0.3000 < DOWNGRADE_THRESHOLD=0.4
12996,M070383,downgraded,2,-1.0,0.30000000000000004,quality_score=0.3000 < DOWNGRADE_THRESHOLD=0.4
12999,M043170,quarantined,3,-1.0,0.20000000000000004,retrieval_count=3>=N_MIN=3 and average_utility=-1.0000<=BETA=-0.2
13001,M091179,downgraded,2,-1.0,0.30000000000000004,quality_score=0.3000 < DOWNGRADE_THRESHOLD=0.4
13002,M019158,downgraded,2,-1.0,0.30000000000000004,quality_score=0.3000 < DOWNGRADE_THRESHOLD=0.4
13014,M044282,downgraded,2,-1.0,0.30000000000000004,quality_score=0.3000 < DOWNGRADE_THRESHOLD=0.4
13018,M080800,downgraded,2,-1.0,0.30000000000000004,quality_score=0.3000 < DOWNGRADE_THRESHOLD=0.4
13024,M065812,downgraded,2,-1.0,0.30000000000000004,quality_score=0.3000 < DOWNGRADE_THRESHOLD=0.4
13025,M036311,downgraded,2,-1.0,0.30000000000000004,quality_score=0.3000 < DOWNGRADE_THRESHOLD=0.4
13025,M028093,downgraded,2,-1.0,0.30000000000000004,quality_score=0.3000 < DOWNGRADE_THRESHOLD=0.4
13038,M015723,downgraded,2,-1.0,0.30000000000000004,quality_score=0.3000 < DOWNGRADE_THRESHOLD=0.4
13041,M043360,quarantined,3,-1.0,0.20000000000000004,retrieval_count=3>=N_MIN=3 and average_utility=-1.0000<=BETA=-0.2
13042,M028981,downgraded,2,-1.0,0.30000000000000004,quality_score=0.3000 < DOWNGRADE_THRESHOLD=0.4
13043,M098740,downgraded,2,-1.0,0.30000000000000004,quality_score=0.3000 < DOWNGRADE_THRESHOLD=0.4
13043,M044550,downgraded,2,-1.0,0.30000000000000004,quality_score=0.3000 < DOWNGRADE_THRESHOLD=0.4
13043,M064508,downgraded,2,-1.0,0.30000000000000004,quality_score=0.3000 < DOWNGRADE_THRESHOLD=0.4
13051,M052756,downgraded,2,-1.0,0.30000000000000004,quality_score=0.3000 < DOWNGRADE_THRESHOLD=0.4
13053,M061517,quarantined,3,-1.0,0.20000000000000004,retrieval_count=3>=N_MIN=3 and average_utility=-1.0000<=BETA=-0.2
13063,M053456,quarantined,3,-1.0,0.20000000000000004,retrieval_count=3>=N_MIN=3 and average_utility=-1.0000<=BETA=-0.2
13066,M100583,downgraded,2,-1.0,0.30000000000000004,quality_score=0.3000 < DOWNGRADE_THRESHOLD=0.4
13080,M031502,downgraded,2,-1.0,0.30000000000000004,quality_score=0.3000 < DOWNGRADE_THRESHOLD=0.4
13083,M009455,downgraded,2,-1.0,0.30000000000000004,quality_score=0.3000 < DOWNGRADE_THRESHOLD=0.4
13085,M039117,downgraded,2,-1.0,0.30000000000000004,quality_score=0.3000 < DOWNGRADE_THRESHOLD=0.4
13085,M061401,downgraded,2,-1.0,0.30000000000000004,quality_score=0.3000 < DOWNGRADE_THRESHOLD=0.4
13090,M077789,downgraded,2,-1.0,0.30000000000000004,quality_score=0.3000 < DOWNGRADE_THRESHOLD=0.4
13091,M076139,downgraded,2,-1.0,0.30000000000000004,quality_score=0.3000 < DOWNGRADE_THRESHOLD=0.4
13093,M093969,quarantined,3,-1.0,0.20000000000000004,retrieval_count=3>=N_MIN=3 and average_utility=-1.0000<=BETA=-0.2
13094,M020259,downgraded,2,-1.0,0.30000000000000004,quality_score=0.3000 < DOWNGRADE_THRESHOLD=0.4
13098,M023502,quarantined,3,-1.0,0.20000000000000004,retrieval_count=3>=N_MIN=3 and average_utility=-1.0000<=BETA=-0.2
13100,M095442,downgraded,2,-1.0,0.30000000000000004,quality_score=0.3000 < DOWNGRADE_THRESHOLD=0.4
13101,M014293,downgraded,2,-1.0,0.30000000000000004,quality_score=0.3000 < DOWNGRADE_THRESHOLD=0.4
13101,M100712,downgraded,2,-1.0,0.30000000000000004,quality_score=0.3000 < DOWNGRADE_THRESHOLD=0.4
13103,M072823,downgraded,2,-1.0,0.30000000000000004,quality_score=0.3000 < DOWNGRADE_THRESHOLD=0.4
13120,M080551,quarantined,3,-1.0,0.20000000000000004,retrieval_count=3>=N_MIN=3 and average_utility=-1.0000<=BETA=-0.2
13123,M083759,downgraded,2,-1.0,0.30000000000000004,quality_score=0.3000 < DOWNGRADE_THRESHOLD=0.4
13131,M055541,quarantined,3,-1.0,0.20000000000000004,retrieval_count=3>=N_MIN=3 and average_utility=-1.0000<=BETA=-0.2
13141,M082350,downgraded,2,-1.0,0.30000000000000004,quality_score=0.3000 < DOWNGRADE_THRESHOLD=0.4
13144,M023225,quarantined,3,-1.0,0.20000000000000004,retrieval_count=3>=N_MIN=3 and average_utility=-1.0000<=BETA=-0.2
13145,M076274,downgraded,2,-1.0,0.30000000000000004,quality_score=0.3000 < DOWNGRADE_THRESHOLD=0.4
13150,M071757,downgraded,2,-1.0,0.30000000000000004,quality_score=0.3000 < DOWNGRADE_THRESHOLD=0.4
13150,M069987,quarantined,3,-1.0,0.20000000000000004,retrieval_count=3>=N_MIN=3 and average_utility=-1.0000<=BETA=-0.2
13162,M097604,downgraded,2,-1.0,0.30000000000000004,quality_score=0.3000 < DOWNGRADE_THRESHOLD=0.4
13167,M058850,downgraded,2,-1.0,0.30000000000000004,quality_score=0.3000 < DOWNGRADE_THRESHOLD=0.4
13169,M063115,downgraded,2,-1.0,0.30000000000000004,quality_score=0.3000 < DOWNGRADE_THRESHOLD=0.4
13169,M049706,downgraded,2,-1.0,0.30000000000000004,quality_score=0.3000 < DOWNGRADE_THRESHOLD=0.4
13173,M081404,downgraded,2,-1.0,0.30000000000000004,quality_score=0.3000 < DOWNGRADE_THRESHOLD=0.4
13176,M052157,downgraded,2,-1.0,0.30000000000000004,quality_score=0.3000 < DOWNGRADE_THRESHOLD=0.4
13182,M014933,downgraded,2,-1.0,0.30000000000000004,quality_score=0.3000 < DOWNGRADE_THRESHOLD=0.4
13183,M074985,downgraded,2,-1.0,0.30000000000000004,quality_score=0.3000 < DOWNGRADE_THRESHOLD=0.4
13187,M091092,downgraded,2,-1.0,0.30000000000000004,quality_score=0.3000 < DOWNGRADE_THRESHOLD=0.4
13192,M015906,downgraded,2,-1.0,0.30000000000000004,quality_score=0.3000 < DOWNGRADE_THRESHOLD=0.4
13193,M044419,downgraded,2,-1.0,0.30000000000000004,quality_score=0.3000 < DOWNGRADE_THRESHOLD=0.4
13195,M069972,quarantined,3,-1.0,0.20000000000000004,retrieval_count=3>=N_MIN=3 and average_utility=-1.0000<=BETA=-0.2
13195,M057109,quarantined,3,-1.0,0.20000000000000004,retrieval_count=3>=N_MIN=3 and average_utility=-1.0000<=BETA=-0.2
13211,M082289,downgraded,2,-1.0,0.30000000000000004,quality_score=0.3000 < DOWNGRADE_THRESHOLD=0.4
13213,M039394,quarantined,3,-1.0,0.20000000000000004,retrieval_count=3>=N_MIN=3 and average_utility=-1.0000<=BETA=-0.2
13215,M073682,downgraded,2,-1.0,0.30000000000000004,quality_score=0.3000 < DOWNGRADE_THRESHOLD=0.4
13227,M096947,quarantined,3,-1.0,0.20000000000000004,retrieval_count=3>=N_MIN=3 and average_utility=-1.0000<=BETA=-0.2
13232,M057956,downgraded,2,-1.0,0.30000000000000004,quality_score=0.3000 < DOWNGRADE_THRESHOLD=0.4
13239,M040878,downgraded,2,-1.0,0.30000000000000004,quality_score=0.3000 < DOWNGRADE_THRESHOLD=0.4
13241,M059822,downgraded,2,-1.0,0.30000000000000004,quality_score=0.3000 < DOWNGRADE_THRESHOLD=0.4
13243,M004990,downgraded,2,-1.0,0.30000000000000004,quality_score=0.3000 < DOWNGRADE_THRESHOLD=0.4
13253,M058159,downgraded,2,-1.0,0.30000000000000004,quality_score=0.3000 < DOWNGRADE_THRESHOLD=0.4
13259,M084471,downgraded,2,-1.0,0.30000000000000004,quality_score=0.3000 < DOWNGRADE_THRESHOLD=0.4
13260,M090302,quarantined,3,-1.0,0.20000000000000004,retrieval_count=3>=N_MIN=3 and average_utility=-1.0000<=BETA=-0.2
13260,M080265,quarantined,3,-1.0,0.20000000000000004,retrieval_count=3>=N_MIN=3 and average_utility=-1.0000<=BETA=-0.2
13260,M052855,quarantined,3,-1.0,0.20000000000000004,retrieval_count=3>=N_MIN=3 and average_utility=-1.0000<=BETA=-0.2
13261,M040252,downgraded,2,-1.0,0.30000000000000004,quality_score=0.3000 < DOWNGRADE_THRESHOLD=0.4
13265,M077932,downgraded,2,-1.0,0.30000000000000004,quality_score=0.3000 < DOWNGRADE_THRESHOLD=0.4
13276,M012221,quarantined,3,-1.0,0.20000000000000004,retrieval_count=3>=N_MIN=3 and average_utility=-1.0000<=BETA=-0.2
13279,M081277,downgraded,2,-1.0,0.30000000000000004,quality_score=0.3000 < DOWNGRADE_THRESHOLD=0.4
13283,M084873,quarantined,3,-1.0,0.20000000000000004,retrieval_count=3>=N_MIN=3 and average_utility=-1.0000<=BETA=-0.2
13286,M075911,downgraded,2,-1.0,0.30000000000000004,quality_score=0.3000 < DOWNGRADE_THRESHOLD=0.4
13287,M015150,quarantined,3,-1.0,0.20000000000000004,retrieval_count=3>=N_MIN=3 and average_utility=-1.0000<=BETA=-0.2
13292,M037504,quarantined,3,-1.0,0.20000000000000004,retrieval_count=3>=N_MIN=3 and average_utility=-1.0000<=BETA=-0.2
13294,M087272,downgraded,2,-1.0,0.30000000000000004,quality_score=0.3000 < DOWNGRADE_THRESHOLD=0.4
13295,M083311,downgraded,2,-1.0,0.30000000000000004,quality_score=0.3000 < DOWNGRADE_THRESHOLD=0.4
13296,M079615,quarantined,3,-1.0,0.20000000000000004,retrieval_count=3>=N_MIN=3 and average_utility=-1.0000<=BETA=-0.2
13305,M072994,downgraded,2,-1.0,0.30000000000000004,quality_score=0.3000 < DOWNGRADE_THRESHOLD=0.4
13307,M048680,quarantined,3,-1.0,0.20000000000000004,retrieval_count=3>=N_MIN=3 and average_utility=-1.0000<=BETA=-0.2
13309,M064092,downgraded,2,-1.0,0.30000000000000004,quality_score=0.3000 < DOWNGRADE_THRESHOLD=0.4
13309,M068718,downgraded,2,-1.0,0.30000000000000004,quality_score=0.3000 < DOWNGRADE_THRESHOLD=0.4
13313,M101459,downgraded,2,-1.0,0.30000000000000004,quality_score=0.3000 < DOWNGRADE_THRESHOLD=0.4
13315,M007407,downgraded,2,-1.0,0.30000000000000004,quality_score=0.3000 < DOWNGRADE_THRESHOLD=0.4
13316,M022638,downgraded,2,-1.0,0.30000000000000004,quality_score=0.3000 < DOWNGRADE_THRESHOLD=0.4
13326,M022012,downgraded,2,-1.0,0.30000000000000004,quality_score=0.3000 < DOWNGRADE_THRESHOLD=0.4
13327,M015782,quarantined,3,-1.0,0.20000000000000004,retrieval_count=3>=N_MIN=3 and average_utility=-1.0000<=BETA=-0.2
13327,M011264,downgraded,2,-1.0,0.30000000000000004,quality_score=0.3000 < DOWNGRADE_THRESHOLD=0.4
13331,M019454,downgraded,2,-1.0,0.30000000000000004,quality_score=0.3000 < DOWNGRADE_THRESHOLD=0.4
13334,M043918,downgraded,2,-1.0,0.30000000000000004,quality_score=0.3000 < DOWNGRADE_THRESHOLD=0.4
13339,M060557,quarantined,3,-1.0,0.20000000000000004,retrieval_count=3>=N_MIN=3 and average_utility=-1.0000<=BETA=-0.2
13340,M025539,downgraded,2,-1.0,0.30000000000000004,quality_score=0.3000 < DOWNGRADE_THRESHOLD=0.4
13341,M023548,downgraded,2,-1.0,0.30000000000000004,quality_score=0.3000 < DOWNGRADE_THRESHOLD=0.4
13347,M025463,downgraded,2,-1.0,0.30000000000000004,quality_score=0.3000 < DOWNGRADE_THRESHOLD=0.4
13347,M019722,downgraded,2,-1.0,0.30000000000000004,quality_score=0.3000 < DOWNGRADE_THRESHOLD=0.4
13355,M017105,downgraded,2,-1.0,0.30000000000000004,quality_score=0.3000 < DOWNGRADE_THRESHOLD=0.4
13362,M046171,downgraded,2,-1.0,0.30000000000000004,quality_score=0.3000 < DOWNGRADE_THRESHOLD=0.4
13381,M057029,downgraded,2,-1.0,0.30000000000000004,quality_score=0.3000 < DOWNGRADE_THRESHOLD=0.4
13381,M040070,downgraded,2,-1.0,0.30000000000000004,quality_score=0.3000 < DOWNGRADE_THRESHOLD=0.4
13389,M072118,downgraded,2,-1.0,0.30000000000000004,quality_score=0.3000 < DOWNGRADE_THRESHOLD=0.4
13389,M092090,quarantined,3,-1.0,0.20000000000000004,retrieval_count=3>=N_MIN=3 and average_utility=-1.0000<=BETA=-0.2
13395,M075069,downgraded,2,-1.0,0.30000000000000004,quality_score=0.3000 < DOWNGRADE_THRESHOLD=0.4
13402,M098086,quarantined,3,-1.0,0.20000000000000004,retrieval_count=3>=N_MIN=3 and average_utility=-1.0000<=BETA=-0.2
13402,M047703,downgraded,2,-1.0,0.30000000000000004,quality_score=0.3000 < DOWNGRADE_THRESHOLD=0.4
13429,M071456,downgraded,2,-1.0,0.30000000000000004,quality_score=0.3000 < DOWNGRADE_THRESHOLD=0.4
13429,M085908,downgraded,2,-1.0,0.30000000000000004,quality_score=0.3000 < DOWNGRADE_THRESHOLD=0.4
13440,M049787,downgraded,2,-1.0,0.30000000000000004,quality_score=0.3000 < DOWNGRADE_THRESHOLD=0.4
13454,M041597,downgraded,2,-1.0,0.30000000000000004,quality_score=0.3000 < DOWNGRADE_THRESHOLD=0.4
13457,M001892,downgraded,2,-1.0,0.30000000000000004,quality_score=0.3000 < DOWNGRADE_THRESHOLD=0.4
13458,M004098,quarantined,3,-1.0,0.20000000000000004,retrieval_count=3>=N_MIN=3 and average_utility=-1.0000<=BETA=-0.2
13458,M018012,quarantined,3,-1.0,0.20000000000000004,retrieval_count=3>=N_MIN=3 and average_utility=-1.0000<=BETA=-0.2
13459,M053701,downgraded,2,-1.0,0.30000000000000004,quality_score=0.3000 < DOWNGRADE_THRESHOLD=0.4
13461,M060321,downgraded,2,-1.0,0.30000000000000004,quality_score=0.3000 < DOWNGRADE_THRESHOLD=0.4
13464,M048206,downgraded,2,-1.0,0.30000000000000004,quality_score=0.3000 < DOWNGRADE_THRESHOLD=0.4
13466,M051749,downgraded,2,-1.0,0.30000000000000004,quality_score=0.3000 < DOWNGRADE_THRESHOLD=0.4
13469,M060016,downgraded,2,-1.0,0.30000000000000004,quality_score=0.3000 < DOWNGRADE_THRESHOLD=0.4
13475,M079373,downgraded,2,-1.0,0.30000000000000004,quality_score=0.3000 < DOWNGRADE_THRESHOLD=0.4
13477,M049787,quarantined,3,-1.0,0.20000000000000004,retrieval_count=3>=N_MIN=3 and average_utility=-1.0000<=BETA=-0.2
13496,M004994,downgraded,2,-1.0,0.30000000000000004,quality_score=0.3000 < DOWNGRADE_THRESHOLD=0.4
13497,M018240,downgraded,2,-1.0,0.30000000000000004,quality_score=0.3000 < DOWNGRADE_THRESHOLD=0.4
13498,M080192,downgraded,2,-1.0,0.30000000000000004,quality_score=0.3000 < DOWNGRADE_THRESHOLD=0.4
13500,M061961,quarantined,3,-1.0,0.20000000000000004,retrieval_count=3>=N_MIN=3 and average_utility=-1.0000<=BETA=-0.2
13505,M046785,downgraded,2,-1.0,0.30000000000000004,quality_score=0.3000 < DOWNGRADE_THRESHOLD=0.4
13508,M073803,quarantined,3,-1.0,0.20000000000000004,retrieval_count=3>=N_MIN=3 and average_utility=-1.0000<=BETA=-0.2
13510,M046657,downgraded,2,-1.0,0.30000000000000004,quality_score=0.3000 < DOWNGRADE_THRESHOLD=0.4
13518,M035065,downgraded,2,-1.0,0.30000000000000004,quality_score=0.3000 < DOWNGRADE_THRESHOLD=0.4
13519,M049156,downgraded,2,-1.0,0.30000000000000004,quality_score=0.3000 < DOWNGRADE_THRESHOLD=0.4
13521,M077896,downgraded,2,-1.0,0.30000000000000004,quality_score=0.3000 < DOWNGRADE_THRESHOLD=0.4
13525,M059337,quarantined,3,-1.0,0.20000000000000004,retrieval_count=3>=N_MIN=3 and average_utility=-1.0000<=BETA=-0.2
13526,M051569,downgraded,2,-1.0,0.30000000000000004,quality_score=0.3000 < DOWNGRADE_THRESHOLD=0.4
13527,M015875,downgraded,2,-1.0,0.30000000000000004,quality_score=0.3000 < DOWNGRADE_THRESHOLD=0.4
13532,M034230,quarantined,3,-1.0,0.20000000000000004,retrieval_count=3>=N_MIN=3 and average_utility=-1.0000<=BETA=-0.2
13543,M045851,quarantined,3,-1.0,0.20000000000000004,retrieval_count=3>=N_MIN=3 and average_utility=-1.0000<=BETA=-0.2
13547,M001960,downgraded,2,-1.0,0.30000000000000004,quality_score=0.3000 < DOWNGRADE_THRESHOLD=0.4
13549,M057122,quarantined,3,-1.0,0.20000000000000004,retrieval_count=3>=N_MIN=3 and average_utility=-1.0000<=BETA=-0.2
13560,M053598,quarantined,3,-1.0,0.20000000000000004,retrieval_count=3>=N_MIN=3 and average_utility=-1.0000<=BETA=-0.2
13563,M061394,quarantined,3,-1.0,0.20000000000000004,retrieval_count=3>=N_MIN=3 and average_utility=-1.0000<=BETA=-0.2
13564,M040878,quarantined,3,-1.0,0.20000000000000004,retrieval_count=3>=N_MIN=3 and average_utility=-1.0000<=BETA=-0.2
13566,M084292,downgraded,2,-1.0,0.30000000000000004,quality_score=0.3000 < DOWNGRADE_THRESHOLD=0.4
13574,M079157,quarantined,3,-1.0,0.20000000000000004,retrieval_count=3>=N_MIN=3 and average_utility=-1.0000<=BETA=-0.2
13578,M079153,downgraded,2,-1.0,0.30000000000000004,quality_score=0.3000 < DOWNGRADE_THRESHOLD=0.4
13581,M065812,quarantined,3,-1.0,0.20000000000000004,retrieval_count=3>=N_MIN=3 and average_utility=-1.0000<=BETA=-0.2
13582,M083477,downgraded,2,-1.0,0.30000000000000004,quality_score=0.3000 < DOWNGRADE_THRESHOLD=0.4
13583,M029170,quarantined,3,-1.0,0.20000000000000004,retrieval_count=3>=N_MIN=3 and average_utility=-1.0000<=BETA=-0.2
13591,M092332,quarantined,3,-1.0,0.20000000000000004,retrieval_count=3>=N_MIN=3 and average_utility=-1.0000<=BETA=-0.2
13591,M081310,downgraded,2,-1.0,0.30000000000000004,quality_score=0.3000 < DOWNGRADE_THRESHOLD=0.4
13598,M019197,downgraded,2,-1.0,0.30000000000000004,quality_score=0.3000 < DOWNGRADE_THRESHOLD=0.4
13599,M052073,downgraded,2,-1.0,0.30000000000000004,quality_score=0.3000 < DOWNGRADE_THRESHOLD=0.4
13604,M033513,downgraded,2,-1.0,0.30000000000000004,quality_score=0.3000 < DOWNGRADE_THRESHOLD=0.4
13605,M052637,downgraded,2,-1.0,0.30000000000000004,quality_score=0.3000 < DOWNGRADE_THRESHOLD=0.4
13605,M037577,quarantined,3,-1.0,0.20000000000000004,retrieval_count=3>=N_MIN=3 and average_utility=-1.0000<=BETA=-0.2
13613,M080157,quarantined,3,-1.0,0.20000000000000004,retrieval_count=3>=N_MIN=3 and average_utility=-1.0000<=BETA=-0.2
13620,M082650,quarantined,3,-1.0,0.20000000000000004,retrieval_count=3>=N_MIN=3 and average_utility=-1.0000<=BETA=-0.2
13636,M078432,downgraded,2,-1.0,0.30000000000000004,quality_score=0.3000 < DOWNGRADE_THRESHOLD=0.4
13637,M002614,quarantined,3,-1.0,0.20000000000000004,retrieval_count=3>=N_MIN=3 and average_utility=-1.0000<=BETA=-0.2
13638,M051211,downgraded,2,-1.0,0.30000000000000004,quality_score=0.3000 < DOWNGRADE_THRESHOLD=0.4
13640,M018439,quarantined,3,-1.0,0.20000000000000004,retrieval_count=3>=N_MIN=3 and average_utility=-1.0000<=BETA=-0.2
13646,M064828,downgraded,2,-1.0,0.30000000000000004,quality_score=0.3000 < DOWNGRADE_THRESHOLD=0.4
13650,M035344,quarantined,3,-1.0,0.20000000000000004,retrieval_count=3>=N_MIN=3 and average_utility=-1.0000<=BETA=-0.2
13653,M013354,quarantined,3,-1.0,0.20000000000000004,retrieval_count=3>=N_MIN=3 and average_utility=-1.0000<=BETA=-0.2
13653,M081865,quarantined,3,-1.0,0.20000000000000004,retrieval_count=3>=N_MIN=3 and average_utility=-1.0000<=BETA=-0.2
13667,M064151,quarantined,3,-1.0,0.20000000000000004,retrieval_count=3>=N_MIN=3 and average_utility=-1.0000<=BETA=-0.2
13671,M039371,quarantined,3,-1.0,0.20000000000000004,retrieval_count=3>=N_MIN=3 and average_utility=-1.0000<=BETA=-0.2
13680,M067885,quarantined,3,-1.0,0.20000000000000004,retrieval_count=3>=N_MIN=3 and average_utility=-1.0000<=BETA=-0.2
13700,M026729,downgraded,2,-1.0,0.30000000000000004,quality_score=0.3000 < DOWNGRADE_THRESHOLD=0.4
13700,M015248,downgraded,2,-1.0,0.30000000000000004,quality_score=0.3000 < DOWNGRADE_THRESHOLD=0.4
13705,M074985,quarantined,3,-1.0,0.20000000000000004,retrieval_count=3>=N_MIN=3 and average_utility=-1.0000<=BETA=-0.2
13707,M064970,downgraded,2,-1.0,0.30000000000000004,quality_score=0.3000 < DOWNGRADE_THRESHOLD=0.4
13710,M073286,quarantined,3,-1.0,0.20000000000000004,retrieval_count=3>=N_MIN=3 and average_utility=-1.0000<=BETA=-0.2
13711,M008956,downgraded,2,-1.0,0.30000000000000004,quality_score=0.3000 < DOWNGRADE_THRESHOLD=0.4
13718,M084628,downgraded,2,-1.0,0.30000000000000004,quality_score=0.3000 < DOWNGRADE_THRESHOLD=0.4
13730,M013894,quarantined,3,-1.0,0.20000000000000004,retrieval_count=3>=N_MIN=3 and average_utility=-1.0000<=BETA=-0.2
13737,M061802,downgraded,2,-1.0,0.30000000000000004,quality_score=0.3000 < DOWNGRADE_THRESHOLD=0.4
13743,M078194,downgraded,2,-1.0,0.30000000000000004,quality_score=0.3000 < DOWNGRADE_THRESHOLD=0.4
13745,M012320,downgraded,2,-1.0,0.30000000000000004,quality_score=0.3000 < DOWNGRADE_THRESHOLD=0.4
13746,M071602,quarantined,3,-1.0,0.20000000000000004,retrieval_count=3>=N_MIN=3 and average_utility=-1.0000<=BETA=-0.2
13750,M074611,downgraded,2,-1.0,0.30000000000000004,quality_score=0.3000 < DOWNGRADE_THRESHOLD=0.4
13760,M084735,downgraded,2,-1.0,0.30000000000000004,quality_score=0.3000 < DOWNGRADE_THRESHOLD=0.4
13762,M054193,downgraded,2,-1.0,0.30000000000000004,quality_score=0.3000 < DOWNGRADE_THRESHOLD=0.4
13768,M065101,downgraded,2,-1.0,0.30000000000000004,quality_score=0.3000 < DOWNGRADE_THRESHOLD=0.4
13770,M047195,downgraded,2,-1.0,0.30000000000000004,quality_score=0.3000 < DOWNGRADE_THRESHOLD=0.4
13773,M051349,quarantined,3,-1.0,0.20000000000000004,retrieval_count=3>=N_MIN=3 and average_utility=-1.0000<=BETA=-0.2
13788,M023283,downgraded,2,-1.0,0.30000000000000004,quality_score=0.3000 < DOWNGRADE_THRESHOLD=0.4
13796,M091591,downgraded,2,-1.0,0.30000000000000004,quality_score=0.3000 < DOWNGRADE_THRESHOLD=0.4
13797,M025184,quarantined,3,-1.0,0.20000000000000004,retrieval_count=3>=N_MIN=3 and average_utility=-1.0000<=BETA=-0.2
13797,M024966,downgraded,2,-1.0,0.30000000000000004,quality_score=0.3000 < DOWNGRADE_THRESHOLD=0.4
13799,M035214,downgraded,2,-1.0,0.30000000000000004,quality_score=0.3000 < DOWNGRADE_THRESHOLD=0.4
13802,M050305,downgraded,2,-1.0,0.30000000000000004,quality_score=0.3000 < DOWNGRADE_THRESHOLD=0.4
13809,M002860,quarantined,3,-1.0,0.20000000000000004,retrieval_count=3>=N_MIN=3 and average_utility=-1.0000<=BETA=-0.2
13815,M006482,downgraded,2,-1.0,0.30000000000000004,quality_score=0.3000 < DOWNGRADE_THRESHOLD=0.4
13820,M054156,quarantined,3,-1.0,0.20000000000000004,retrieval_count=3>=N_MIN=3 and average_utility=-1.0000<=BETA=-0.2
13823,M040737,downgraded,2,-1.0,0.30000000000000004,quality_score=0.3000 < DOWNGRADE_THRESHOLD=0.4
13824,M047990,quarantined,3,-1.0,0.20000000000000004,retrieval_count=3>=N_MIN=3 and average_utility=-1.0000<=BETA=-0.2
13830,M026290,downgraded,2,-1.0,0.30000000000000004,quality_score=0.3000 < DOWNGRADE_THRESHOLD=0.4
13834,M076957,downgraded,2,-1.0,0.30000000000000004,quality_score=0.3000 < DOWNGRADE_THRESHOLD=0.4
13839,M037693,downgraded,2,-1.0,0.30000000000000004,quality_score=0.3000 < DOWNGRADE_THRESHOLD=0.4
13841,M022113,downgraded,2,-1.0,0.30000000000000004,quality_score=0.3000 < DOWNGRADE_THRESHOLD=0.4
13845,M096917,downgraded,2,-1.0,0.30000000000000004,quality_score=0.3000 < DOWNGRADE_THRESHOLD=0.4
13846,M047240,downgraded,2,-1.0,0.30000000000000004,quality_score=0.3000 < DOWNGRADE_THRESHOLD=0.4
13850,M086844,quarantined,3,-1.0,0.20000000000000004,retrieval_count=3>=N_MIN=3 and average_utility=-1.0000<=BETA=-0.2
13851,M034724,downgraded,2,-1.0,0.30000000000000004,quality_score=0.3000 < DOWNGRADE_THRESHOLD=0.4
13877,M076314,downgraded,2,-1.0,0.30000000000000004,quality_score=0.3000 < DOWNGRADE_THRESHOLD=0.4
13894,M047932,downgraded,2,-1.0,0.30000000000000004,quality_score=0.3000 < DOWNGRADE_THRESHOLD=0.4
13898,M048972,downgraded,2,-1.0,0.30000000000000004,quality_score=0.3000 < DOWNGRADE_THRESHOLD=0.4
13898,M072346,downgraded,2,-1.0,0.30000000000000004,quality_score=0.3000 < DOWNGRADE_THRESHOLD=0.4
13899,M040625,quarantined,3,-1.0,0.20000000000000004,retrieval_count=3>=N_MIN=3 and average_utility=-1.0000<=BETA=-0.2
13902,M052637,quarantined,3,-1.0,0.20000000000000004,retrieval_count=3>=N_MIN=3 and average_utility=-1.0000<=BETA=-0.2
13912,M092418,downgraded,2,-1.0,0.30000000000000004,quality_score=0.3000 < DOWNGRADE_THRESHOLD=0.4
13922,M048324,downgraded,2,-1.0,0.30000000000000004,quality_score=0.3000 < DOWNGRADE_THRESHOLD=0.4
13923,M075833,downgraded,2,-1.0,0.30000000000000004,quality_score=0.3000 < DOWNGRADE_THRESHOLD=0.4
13924,M013739,downgraded,2,-1.0,0.30000000000000004,quality_score=0.3000 < DOWNGRADE_THRESHOLD=0.4
13925,M034524,quarantined,3,-1.0,0.20000000000000004,retrieval_count=3>=N_MIN=3 and average_utility=-1.0000<=BETA=-0.2
13929,M099910,downgraded,2,-1.0,0.30000000000000004,quality_score=0.3000 < DOWNGRADE_THRESHOLD=0.4
13936,M090821,downgraded,2,-1.0,0.30000000000000004,quality_score=0.3000 < DOWNGRADE_THRESHOLD=0.4
13943,M077626,downgraded,2,-1.0,0.30000000000000004,quality_score=0.3000 < DOWNGRADE_THRESHOLD=0.4
13944,M097218,downgraded,2,-1.0,0.30000000000000004,quality_score=0.3000 < DOWNGRADE_THRESHOLD=0.4
13945,M005956,quarantined,3,-1.0,0.20000000000000004,retrieval_count=3>=N_MIN=3 and average_utility=-1.0000<=BETA=-0.2
13949,M052142,downgraded,2,-1.0,0.30000000000000004,quality_score=0.3000 < DOWNGRADE_THRESHOLD=0.4
13959,M020330,downgraded,2,-1.0,0.30000000000000004,quality_score=0.3000 < DOWNGRADE_THRESHOLD=0.4
13963,M054137,quarantined,3,-1.0,0.20000000000000004,retrieval_count=3>=N_MIN=3 and average_utility=-1.0000<=BETA=-0.2
13965,M054197,downgraded,2,-1.0,0.30000000000000004,quality_score=0.3000 < DOWNGRADE_THRESHOLD=0.4
13967,M027620,quarantined,3,-1.0,0.20000000000000004,retrieval_count=3>=N_MIN=3 and average_utility=-1.0000<=BETA=-0.2
13970,M066232,downgraded,2,-1.0,0.30000000000000004,quality_score=0.3000 < DOWNGRADE_THRESHOLD=0.4
13972,M022525,quarantined,3,-1.0,0.20000000000000004,retrieval_count=3>=N_MIN=3 and average_utility=-1.0000<=BETA=-0.2
13976,M062719,downgraded,2,-1.0,0.30000000000000004,quality_score=0.3000 < DOWNGRADE_THRESHOLD=0.4
13984,M077901,downgraded,2,-1.0,0.30000000000000004,quality_score=0.3000 < DOWNGRADE_THRESHOLD=0.4
13987,M028557,downgraded,2,-1.0,0.30000000000000004,quality_score=0.3000 < DOWNGRADE_THRESHOLD=0.4
13991,M020385,downgraded,2,-1.0,0.30000000000000004,quality_score=0.3000 < DOWNGRADE_THRESHOLD=0.4
14001,M064092,quarantined,3,-1.0,0.20000000000000004,retrieval_count=3>=N_MIN=3 and average_utility=-1.0000<=BETA=-0.2
14003,M064810,downgraded,2,-1.0,0.30000000000000004,quality_score=0.3000 < DOWNGRADE_THRESHOLD=0.4
14004,M088785,downgraded,2,-1.0,0.30000000000000004,quality_score=0.3000 < DOWNGRADE_THRESHOLD=0.4
14005,M002294,quarantined,3,-1.0,0.20000000000000004,retrieval_count=3>=N_MIN=3 and average_utility=-1.0000<=BETA=-0.2
14009,M068077,quarantined,3,-1.0,0.20000000000000004,retrieval_count=3>=N_MIN=3 and average_utility=-1.0000<=BETA=-0.2
14009,M099239,downgraded,2,-1.0,0.30000000000000004,quality_score=0.3000 < DOWNGRADE_THRESHOLD=0.4
14009,M091852,downgraded,2,-1.0,0.30000000000000004,quality_score=0.3000 < DOWNGRADE_THRESHOLD=0.4
14010,M024600,quarantined,3,-1.0,0.20000000000000004,retrieval_count=3>=N_MIN=3 and average_utility=-1.0000<=BETA=-0.2
14011,M083838,quarantined,3,-1.0,0.20000000000000004,retrieval_count=3>=N_MIN=3 and average_utility=-1.0000<=BETA=-0.2
14012,M067444,downgraded,2,-1.0,0.30000000000000004,quality_score=0.3000 < DOWNGRADE_THRESHOLD=0.4
14015,M027058,downgraded,2,-1.0,0.30000000000000004,quality_score=0.3000 < DOWNGRADE_THRESHOLD=0.4
14017,M058984,downgraded,2,-1.0,0.30000000000000004,quality_score=0.3000 < DOWNGRADE_THRESHOLD=0.4
14019,M070618,downgraded,2,-1.0,0.30000000000000004,quality_score=0.3000 < DOWNGRADE_THRESHOLD=0.4
14021,M057599,quarantined,3,-1.0,0.20000000000000004,retrieval_count=3>=N_MIN=3 and average_utility=-1.0000<=BETA=-0.2
14023,M055573,downgraded,2,-1.0,0.30000000000000004,quality_score=0.3000 < DOWNGRADE_THRESHOLD=0.4
14023,M045657,downgraded,2,-1.0,0.30000000000000004,quality_score=0.3000 < DOWNGRADE_THRESHOLD=0.4
14025,M065031,downgraded,2,-1.0,0.30000000000000004,quality_score=0.3000 < DOWNGRADE_THRESHOLD=0.4
14027,M001773,downgraded,2,-1.0,0.30000000000000004,quality_score=0.3000 < DOWNGRADE_THRESHOLD=0.4
14031,M055908,downgraded,2,-1.0,0.30000000000000004,quality_score=0.3000 < DOWNGRADE_THRESHOLD=0.4
14031,M056321,downgraded,2,-1.0,0.30000000000000004,quality_score=0.3000 < DOWNGRADE_THRESHOLD=0.4
14033,M096542,downgraded,2,-1.0,0.30000000000000004,quality_score=0.3000 < DOWNGRADE_THRESHOLD=0.4
14040,M031032,downgraded,2,-1.0,0.30000000000000004,quality_score=0.3000 < DOWNGRADE_THRESHOLD=0.4
14051,M002013,quarantined,3,-1.0,0.20000000000000004,retrieval_count=3>=N_MIN=3 and average_utility=-1.0000<=BETA=-0.2
14051,M009212,downgraded,2,-1.0,0.30000000000000004,quality_score=0.3000 < DOWNGRADE_THRESHOLD=0.4
14052,M080039,downgraded,2,-1.0,0.30000000000000004,quality_score=0.3000 < DOWNGRADE_THRESHOLD=0.4
14059,M023936,quarantined,3,-1.0,0.20000000000000004,retrieval_count=3>=N_MIN=3 and average_utility=-1.0000<=BETA=-0.2
14063,M050943,quarantined,3,-1.0,0.20000000000000004,retrieval_count=3>=N_MIN=3 and average_utility=-1.0000<=BETA=-0.2
14068,M037867,quarantined,3,-1.0,0.20000000000000004,retrieval_count=3>=N_MIN=3 and average_utility=-1.0000<=BETA=-0.2
14072,M078862,downgraded,2,-1.0,0.30000000000000004,quality_score=0.3000 < DOWNGRADE_THRESHOLD=0.4
14078,M039218,downgraded,2,-1.0,0.30000000000000004,quality_score=0.3000 < DOWNGRADE_THRESHOLD=0.4
14080,M094500,downgraded,2,-1.0,0.30000000000000004,quality_score=0.3000 < DOWNGRADE_THRESHOLD=0.4
14090,M066221,downgraded,2,-1.0,0.30000000000000004,quality_score=0.3000 < DOWNGRADE_THRESHOLD=0.4
14091,M023769,downgraded,2,-1.0,0.30000000000000004,quality_score=0.3000 < DOWNGRADE_THRESHOLD=0.4
14091,M057907,downgraded,2,-1.0,0.30000000000000004,quality_score=0.3000 < DOWNGRADE_THRESHOLD=0.4
14092,M052335,downgraded,2,-1.0,0.30000000000000004,quality_score=0.3000 < DOWNGRADE_THRESHOLD=0.4
14094,M046977,downgraded,2,-1.0,0.30000000000000004,quality_score=0.3000 < DOWNGRADE_THRESHOLD=0.4
14095,M002166,downgraded,2,-1.0,0.30000000000000004,quality_score=0.3000 < DOWNGRADE_THRESHOLD=0.4
14098,M018374,downgraded,2,-1.0,0.30000000000000004,quality_score=0.3000 < DOWNGRADE_THRESHOLD=0.4
14098,M001152,quarantined,3,-1.0,0.20000000000000004,retrieval_count=3>=N_MIN=3 and average_utility=-1.0000<=BETA=-0.2
14100,M094556,downgraded,2,-1.0,0.30000000000000004,quality_score=0.3000 < DOWNGRADE_THRESHOLD=0.4
14107,M016191,quarantined,3,-1.0,0.20000000000000004,retrieval_count=3>=N_MIN=3 and average_utility=-1.0000<=BETA=-0.2
14118,M091359,quarantined,3,-1.0,0.20000000000000004,retrieval_count=3>=N_MIN=3 and average_utility=-1.0000<=BETA=-0.2
14123,M005302,downgraded,2,-1.0,0.30000000000000004,quality_score=0.3000 < DOWNGRADE_THRESHOLD=0.4
14124,M053927,downgraded,2,-1.0,0.30000000000000004,quality_score=0.3000 < DOWNGRADE_THRESHOLD=0.4
14133,M092289,quarantined,3,-1.0,0.20000000000000004,retrieval_count=3>=N_MIN=3 and average_utility=-1.0000<=BETA=-0.2
14134,M012459,downgraded,2,-1.0,0.30000000000000004,quality_score=0.3000 < DOWNGRADE_THRESHOLD=0.4
14134,M049515,quarantined,3,-1.0,0.20000000000000004,retrieval_count=3>=N_MIN=3 and average_utility=-1.0000<=BETA=-0.2
14136,M009909,downgraded,2,-1.0,0.30000000000000004,quality_score=0.3000 < DOWNGRADE_THRESHOLD=0.4
14140,M080355,downgraded,2,-1.0,0.30000000000000004,quality_score=0.3000 < DOWNGRADE_THRESHOLD=0.4
14141,M075030,downgraded,2,-1.0,0.30000000000000004,quality_score=0.3000 < DOWNGRADE_THRESHOLD=0.4
14154,M012672,downgraded,2,-1.0,0.30000000000000004,quality_score=0.3000 < DOWNGRADE_THRESHOLD=0.4
14159,M062148,downgraded,2,-1.0,0.30000000000000004,quality_score=0.3000 < DOWNGRADE_THRESHOLD=0.4
14165,M056430,quarantined,3,-1.0,0.20000000000000004,retrieval_count=3>=N_MIN=3 and average_utility=-1.0000<=BETA=-0.2
14170,M018784,downgraded,2,-1.0,0.30000000000000004,quality_score=0.3000 < DOWNGRADE_THRESHOLD=0.4
14172,M031425,quarantined,3,-1.0,0.20000000000000004,retrieval_count=3>=N_MIN=3 and average_utility=-1.0000<=BETA=-0.2
14180,M043538,downgraded,2,-1.0,0.30000000000000004,quality_score=0.3000 < DOWNGRADE_THRESHOLD=0.4
14185,M099666,downgraded,2,-1.0,0.30000000000000004,quality_score=0.3000 < DOWNGRADE_THRESHOLD=0.4
14186,M001476,downgraded,2,-1.0,0.30000000000000004,quality_score=0.3000 < DOWNGRADE_THRESHOLD=0.4
14201,M014099,quarantined,3,-1.0,0.20000000000000004,retrieval_count=3>=N_MIN=3 and average_utility=-1.0000<=BETA=-0.2
14201,M020683,quarantined,3,-1.0,0.20000000000000004,retrieval_count=3>=N_MIN=3 and average_utility=-1.0000<=BETA=-0.2
14206,M067740,quarantined,3,-1.0,0.20000000000000004,retrieval_count=3>=N_MIN=3 and average_utility=-1.0000<=BETA=-0.2
14209,M056777,quarantined,3,-1.0,0.20000000000000004,retrieval_count=3>=N_MIN=3 and average_utility=-1.0000<=BETA=-0.2
14213,M082836,downgraded,2,-1.0,0.30000000000000004,quality_score=0.3000 < DOWNGRADE_THRESHOLD=0.4
14223,M026285,downgraded,2,-1.0,0.30000000000000004,quality_score=0.3000 < DOWNGRADE_THRESHOLD=0.4
14225,M072574,quarantined,3,-1.0,0.20000000000000004,retrieval_count=3>=N_MIN=3 and average_utility=-1.0000<=BETA=-0.2
14227,M012658,downgraded,2,-1.0,0.30000000000000004,quality_score=0.3000 < DOWNGRADE_THRESHOLD=0.4
14230,M068229,downgraded,2,-1.0,0.30000000000000004,quality_score=0.3000 < DOWNGRADE_THRESHOLD=0.4
14230,M088598,quarantined,3,-1.0,0.20000000000000004,retrieval_count=3>=N_MIN=3 and average_utility=-1.0000<=BETA=-0.2
14231,M039587,downgraded,2,-1.0,0.30000000000000004,quality_score=0.3000 < DOWNGRADE_THRESHOLD=0.4
14240,M066872,downgraded,2,-1.0,0.30000000000000004,quality_score=0.3000 < DOWNGRADE_THRESHOLD=0.4
14242,M079283,downgraded,2,-1.0,0.30000000000000004,quality_score=0.3000 < DOWNGRADE_THRESHOLD=0.4
14243,M044005,quarantined,3,-1.0,0.20000000000000004,retrieval_count=3>=N_MIN=3 and average_utility=-1.0000<=BETA=-0.2
14252,M025659,quarantined,3,-1.0,0.20000000000000004,retrieval_count=3>=N_MIN=3 and average_utility=-1.0000<=BETA=-0.2
14255,M019509,quarantined,3,-1.0,0.20000000000000004,retrieval_count=3>=N_MIN=3 and average_utility=-1.0000<=BETA=-0.2
14257,M072346,quarantined,3,-1.0,0.20000000000000004,retrieval_count=3>=N_MIN=3 and average_utility=-1.0000<=BETA=-0.2
14264,M098946,downgraded,2,-1.0,0.30000000000000004,quality_score=0.3000 < DOWNGRADE_THRESHOLD=0.4
14265,M037392,quarantined,3,-1.0,0.20000000000000004,retrieval_count=3>=N_MIN=3 and average_utility=-1.0000<=BETA=-0.2
14269,M062643,downgraded,2,-1.0,0.30000000000000004,quality_score=0.3000 < DOWNGRADE_THRESHOLD=0.4
14271,M011729,downgraded,2,-1.0,0.30000000000000004,quality_score=0.3000 < DOWNGRADE_THRESHOLD=0.4
14274,M018937,downgraded,2,-1.0,0.30000000000000004,quality_score=0.3000 < DOWNGRADE_THRESHOLD=0.4
14281,M016935,quarantined,3,-1.0,0.20000000000000004,retrieval_count=3>=N_MIN=3 and average_utility=-1.0000<=BETA=-0.2
14294,M090398,downgraded,2,-1.0,0.30000000000000004,quality_score=0.3000 < DOWNGRADE_THRESHOLD=0.4
14302,M058665,quarantined,3,-1.0,0.20000000000000004,retrieval_count=3>=N_MIN=3 and average_utility=-1.0000<=BETA=-0.2
14304,M065719,quarantined,3,-1.0,0.20000000000000004,retrieval_count=3>=N_MIN=3 and average_utility=-1.0000<=BETA=-0.2
14305,M028774,downgraded,2,-1.0,0.30000000000000004,quality_score=0.3000 < DOWNGRADE_THRESHOLD=0.4
14310,M060679,downgraded,2,-1.0,0.30000000000000004,quality_score=0.3000 < DOWNGRADE_THRESHOLD=0.4
14313,M068130,downgraded,2,-1.0,0.30000000000000004,quality_score=0.3000 < DOWNGRADE_THRESHOLD=0.4
14314,M044246,quarantined,3,-1.0,0.20000000000000004,retrieval_count=3>=N_MIN=3 and average_utility=-1.0000<=BETA=-0.2
14314,M059864,downgraded,2,-1.0,0.30000000000000004,quality_score=0.3000 < DOWNGRADE_THRESHOLD=0.4
14314,M101727,downgraded,2,-1.0,0.30000000000000004,quality_score=0.3000 < DOWNGRADE_THRESHOLD=0.4
14319,M090716,quarantined,3,-1.0,0.20000000000000004,retrieval_count=3>=N_MIN=3 and average_utility=-1.0000<=BETA=-0.2
14336,M086357,quarantined,3,-1.0,0.20000000000000004,retrieval_count=3>=N_MIN=3 and average_utility=-1.0000<=BETA=-0.2
14340,M065031,quarantined,3,-1.0,0.20000000000000004,retrieval_count=3>=N_MIN=3 and average_utility=-1.0000<=BETA=-0.2
14362,M043693,downgraded,2,-1.0,0.30000000000000004,quality_score=0.3000 < DOWNGRADE_THRESHOLD=0.4
14364,M033104,quarantined,3,-1.0,0.20000000000000004,retrieval_count=3>=N_MIN=3 and average_utility=-1.0000<=BETA=-0.2
14366,M086358,quarantined,3,-1.0,0.20000000000000004,retrieval_count=3>=N_MIN=3 and average_utility=-1.0000<=BETA=-0.2
14371,M044449,downgraded,2,-1.0,0.30000000000000004,quality_score=0.3000 < DOWNGRADE_THRESHOLD=0.4
14374,M100832,downgraded,2,-1.0,0.30000000000000004,quality_score=0.3000 < DOWNGRADE_THRESHOLD=0.4
14376,M068609,downgraded,2,-1.0,0.30000000000000004,quality_score=0.3000 < DOWNGRADE_THRESHOLD=0.4
14379,M094325,quarantined,3,-1.0,0.20000000000000004,retrieval_count=3>=N_MIN=3 and average_utility=-1.0000<=BETA=-0.2
14382,M025250,quarantined,3,-1.0,0.20000000000000004,retrieval_count=3>=N_MIN=3 and average_utility=-1.0000<=BETA=-0.2
14384,M041486,downgraded,2,-1.0,0.30000000000000004,quality_score=0.3000 < DOWNGRADE_THRESHOLD=0.4
14398,M045899,quarantined,3,-1.0,0.20000000000000004,retrieval_count=3>=N_MIN=3 and average_utility=-1.0000<=BETA=-0.2
14400,M059379,downgraded,2,-1.0,0.30000000000000004,quality_score=0.3000 < DOWNGRADE_THRESHOLD=0.4
14410,M030489,downgraded,2,-1.0,0.30000000000000004,quality_score=0.3000 < DOWNGRADE_THRESHOLD=0.4
14416,M067485,downgraded,2,-1.0,0.30000000000000004,quality_score=0.3000 < DOWNGRADE_THRESHOLD=0.4
14422,M033056,downgraded,2,-1.0,0.30000000000000004,quality_score=0.3000 < DOWNGRADE_THRESHOLD=0.4
14438,M066645,downgraded,2,-1.0,0.30000000000000004,quality_score=0.3000 < DOWNGRADE_THRESHOLD=0.4
14441,M062146,downgraded,2,-1.0,0.30000000000000004,quality_score=0.3000 < DOWNGRADE_THRESHOLD=0.4
14442,M087786,quarantined,3,-1.0,0.20000000000000004,retrieval_count=3>=N_MIN=3 and average_utility=-1.0000<=BETA=-0.2
14442,M070667,quarantined,3,-1.0,0.20000000000000004,retrieval_count=3>=N_MIN=3 and average_utility=-1.0000<=BETA=-0.2
14444,M014933,quarantined,3,-1.0,0.20000000000000004,retrieval_count=3>=N_MIN=3 and average_utility=-1.0000<=BETA=-0.2
14445,M008534,quarantined,3,-1.0,0.20000000000000004,retrieval_count=3>=N_MIN=3 and average_utility=-1.0000<=BETA=-0.2
14446,M085068,quarantined,3,-1.0,0.20000000000000004,retrieval_count=3>=N_MIN=3 and average_utility=-1.0000<=BETA=-0.2
14450,M007320,quarantined,3,-1.0,0.20000000000000004,retrieval_count=3>=N_MIN=3 and average_utility=-1.0000<=BETA=-0.2
14453,M063181,downgraded,2,-1.0,0.30000000000000004,quality_score=0.3000 < DOWNGRADE_THRESHOLD=0.4
14460,M020028,downgraded,2,-1.0,0.30000000000000004,quality_score=0.3000 < DOWNGRADE_THRESHOLD=0.4
14462,M054691,downgraded,2,-1.0,0.30000000000000004,quality_score=0.3000 < DOWNGRADE_THRESHOLD=0.4
14470,M041558,downgraded,2,-1.0,0.30000000000000004,quality_score=0.3000 < DOWNGRADE_THRESHOLD=0.4
14474,M089467,downgraded,2,-1.0,0.30000000000000004,quality_score=0.3000 < DOWNGRADE_THRESHOLD=0.4
14474,M001981,quarantined,3,-1.0,0.20000000000000004,retrieval_count=3>=N_MIN=3 and average_utility=-1.0000<=BETA=-0.2
14485,M010304,downgraded,2,-1.0,0.30000000000000004,quality_score=0.3000 < DOWNGRADE_THRESHOLD=0.4
14488,M063115,quarantined,3,-1.0,0.20000000000000004,retrieval_count=3>=N_MIN=3 and average_utility=-1.0000<=BETA=-0.2
14489,M080571,downgraded,2,-1.0,0.30000000000000004,quality_score=0.3000 < DOWNGRADE_THRESHOLD=0.4
14489,M083957,downgraded,2,-1.0,0.30000000000000004,quality_score=0.3000 < DOWNGRADE_THRESHOLD=0.4
14490,M059387,downgraded,2,-1.0,0.30000000000000004,quality_score=0.3000 < DOWNGRADE_THRESHOLD=0.4
14495,M029080,quarantined,3,-1.0,0.20000000000000004,retrieval_count=3>=N_MIN=3 and average_utility=-1.0000<=BETA=-0.2
14496,M081972,quarantined,3,-1.0,0.20000000000000004,retrieval_count=3>=N_MIN=3 and average_utility=-1.0000<=BETA=-0.2
14500,M013503,downgraded,2,-1.0,0.30000000000000004,quality_score=0.3000 < DOWNGRADE_THRESHOLD=0.4
14503,M022995,quarantined,3,-1.0,0.20000000000000004,retrieval_count=3>=N_MIN=3 and average_utility=-1.0000<=BETA=-0.2
14505,M059375,quarantined,3,-1.0,0.20000000000000004,retrieval_count=3>=N_MIN=3 and average_utility=-1.0000<=BETA=-0.2
14507,M092743,downgraded,2,-1.0,0.30000000000000004,quality_score=0.3000 < DOWNGRADE_THRESHOLD=0.4
14508,M080800,quarantined,3,-1.0,0.20000000000000004,retrieval_count=3>=N_MIN=3 and average_utility=-1.0000<=BETA=-0.2
14514,M023769,quarantined,3,-1.0,0.20000000000000004,retrieval_count=3>=N_MIN=3 and average_utility=-1.0000<=BETA=-0.2
14514,M039705,downgraded,2,-1.0,0.30000000000000004,quality_score=0.3000 < DOWNGRADE_THRESHOLD=0.4
14518,M043486,downgraded,2,-1.0,0.30000000000000004,quality_score=0.3000 < DOWNGRADE_THRESHOLD=0.4
14519,M041260,quarantined,3,-1.0,0.20000000000000004,retrieval_count=3>=N_MIN=3 and average_utility=-1.0000<=BETA=-0.2
14523,M048955,downgraded,2,-1.0,0.30000000000000004,quality_score=0.3000 < DOWNGRADE_THRESHOLD=0.4
14526,M007394,downgraded,2,-1.0,0.30000000000000004,quality_score=0.3000 < DOWNGRADE_THRESHOLD=0.4
14527,M035666,downgraded,2,-1.0,0.30000000000000004,quality_score=0.3000 < DOWNGRADE_THRESHOLD=0.4
14535,M090655,quarantined,3,-1.0,0.20000000000000004,retrieval_count=3>=N_MIN=3 and average_utility=-1.0000<=BETA=-0.2
14540,M060127,downgraded,2,-1.0,0.30000000000000004,quality_score=0.3000 < DOWNGRADE_THRESHOLD=0.4
14544,M090375,downgraded,2,-1.0,0.30000000000000004,quality_score=0.3000 < DOWNGRADE_THRESHOLD=0.4
14545,M083720,downgraded,2,-1.0,0.30000000000000004,quality_score=0.3000 < DOWNGRADE_THRESHOLD=0.4
14553,M050752,quarantined,3,-1.0,0.20000000000000004,retrieval_count=3>=N_MIN=3 and average_utility=-1.0000<=BETA=-0.2
14563,M036608,downgraded,2,-1.0,0.30000000000000004,quality_score=0.3000 < DOWNGRADE_THRESHOLD=0.4
14575,M071043,quarantined,3,-1.0,0.20000000000000004,retrieval_count=3>=N_MIN=3 and average_utility=-1.0000<=BETA=-0.2
14576,M017507,downgraded,2,-1.0,0.30000000000000004,quality_score=0.3000 < DOWNGRADE_THRESHOLD=0.4
14576,M065836,downgraded,2,-1.0,0.30000000000000004,quality_score=0.3000 < DOWNGRADE_THRESHOLD=0.4
14577,M049397,downgraded,2,-1.0,0.30000000000000004,quality_score=0.3000 < DOWNGRADE_THRESHOLD=0.4
14579,M021521,downgraded,2,-1.0,0.30000000000000004,quality_score=0.3000 < DOWNGRADE_THRESHOLD=0.4
14581,M037812,quarantined,3,-1.0,0.20000000000000004,retrieval_count=3>=N_MIN=3 and average_utility=-1.0000<=BETA=-0.2
14585,M037365,downgraded,2,-1.0,0.30000000000000004,quality_score=0.3000 < DOWNGRADE_THRESHOLD=0.4
14597,M061689,downgraded,2,-1.0,0.30000000000000004,quality_score=0.3000 < DOWNGRADE_THRESHOLD=0.4
14598,M068718,quarantined,3,-1.0,0.20000000000000004,retrieval_count=3>=N_MIN=3 and average_utility=-1.0000<=BETA=-0.2
14609,M006304,quarantined,3,-1.0,0.20000000000000004,retrieval_count=3>=N_MIN=3 and average_utility=-1.0000<=BETA=-0.2
14626,M046678,downgraded,2,-1.0,0.30000000000000004,quality_score=0.3000 < DOWNGRADE_THRESHOLD=0.4
14630,M023359,downgraded,2,-1.0,0.30000000000000004,quality_score=0.3000 < DOWNGRADE_THRESHOLD=0.4
14637,M010304,quarantined,3,-1.0,0.20000000000000004,retrieval_count=3>=N_MIN=3 and average_utility=-1.0000<=BETA=-0.2
14637,M015521,downgraded,2,-1.0,0.30000000000000004,quality_score=0.3000 < DOWNGRADE_THRESHOLD=0.4
14640,M071755,downgraded,2,-1.0,0.30000000000000004,quality_score=0.3000 < DOWNGRADE_THRESHOLD=0.4
14646,M037076,downgraded,2,-1.0,0.30000000000000004,quality_score=0.3000 < DOWNGRADE_THRESHOLD=0.4
14654,M021112,downgraded,2,-1.0,0.30000000000000004,quality_score=0.3000 < DOWNGRADE_THRESHOLD=0.4
14657,M032222,quarantined,3,-1.0,0.20000000000000004,retrieval_count=3>=N_MIN=3 and average_utility=-1.0000<=BETA=-0.2
14659,M067709,downgraded,2,-1.0,0.30000000000000004,quality_score=0.3000 < DOWNGRADE_THRESHOLD=0.4
14668,M030097,downgraded,2,-1.0,0.30000000000000004,quality_score=0.3000 < DOWNGRADE_THRESHOLD=0.4
14673,M026290,quarantined,3,-1.0,0.20000000000000004,retrieval_count=3>=N_MIN=3 and average_utility=-1.0000<=BETA=-0.2
14691,M012449,downgraded,2,-1.0,0.30000000000000004,quality_score=0.3000 < DOWNGRADE_THRESHOLD=0.4
14692,M076957,quarantined,3,-1.0,0.20000000000000004,retrieval_count=3>=N_MIN=3 and average_utility=-1.0000<=BETA=-0.2
14692,M042313,downgraded,2,-1.0,0.30000000000000004,quality_score=0.3000 < DOWNGRADE_THRESHOLD=0.4
14699,M072107,quarantined,3,-1.0,0.20000000000000004,retrieval_count=3>=N_MIN=3 and average_utility=-1.0000<=BETA=-0.2
14701,M085172,quarantined,3,-1.0,0.20000000000000004,retrieval_count=3>=N_MIN=3 and average_utility=-1.0000<=BETA=-0.2
14702,M087931,quarantined,3,-1.0,0.20000000000000004,retrieval_count=3>=N_MIN=3 and average_utility=-1.0000<=BETA=-0.2
14710,M069370,quarantined,3,-1.0,0.20000000000000004,retrieval_count=3>=N_MIN=3 and average_utility=-1.0000<=BETA=-0.2
14719,M096518,downgraded,2,-1.0,0.30000000000000004,quality_score=0.3000 < DOWNGRADE_THRESHOLD=0.4
14732,M001368,downgraded,2,-1.0,0.30000000000000004,quality_score=0.3000 < DOWNGRADE_THRESHOLD=0.4
14736,M015854,downgraded,2,-1.0,0.30000000000000004,quality_score=0.3000 < DOWNGRADE_THRESHOLD=0.4
14741,M013276,quarantined,3,-1.0,0.20000000000000004,retrieval_count=3>=N_MIN=3 and average_utility=-1.0000<=BETA=-0.2
14750,M082350,quarantined,3,-1.0,0.20000000000000004,retrieval_count=3>=N_MIN=3 and average_utility=-1.0000<=BETA=-0.2
14755,M002528,downgraded,2,-1.0,0.30000000000000004,quality_score=0.3000 < DOWNGRADE_THRESHOLD=0.4
14757,M051986,downgraded,2,-1.0,0.30000000000000004,quality_score=0.3000 < DOWNGRADE_THRESHOLD=0.4
14759,M059809,downgraded,2,-1.0,0.30000000000000004,quality_score=0.3000 < DOWNGRADE_THRESHOLD=0.4
14764,M076124,quarantined,3,-1.0,0.20000000000000004,retrieval_count=3>=N_MIN=3 and average_utility=-1.0000<=BETA=-0.2
14772,M088552,downgraded,2,-1.0,0.30000000000000004,quality_score=0.3000 < DOWNGRADE_THRESHOLD=0.4
14781,M070268,quarantined,3,-1.0,0.20000000000000004,retrieval_count=3>=N_MIN=3 and average_utility=-1.0000<=BETA=-0.2
14796,M058059,downgraded,2,-1.0,0.30000000000000004,quality_score=0.3000 < DOWNGRADE_THRESHOLD=0.4
14797,M070257,downgraded,2,-1.0,0.30000000000000004,quality_score=0.3000 < DOWNGRADE_THRESHOLD=0.4
14801,M078589,downgraded,2,-1.0,0.30000000000000004,quality_score=0.3000 < DOWNGRADE_THRESHOLD=0.4
14807,M006927,quarantined,3,-1.0,0.20000000000000004,retrieval_count=3>=N_MIN=3 and average_utility=-1.0000<=BETA=-0.2
14809,M050197,quarantined,3,-1.0,0.20000000000000004,retrieval_count=3>=N_MIN=3 and average_utility=-1.0000<=BETA=-0.2
14817,M054488,downgraded,2,-1.0,0.30000000000000004,quality_score=0.3000 < DOWNGRADE_THRESHOLD=0.4
14824,M096508,downgraded,2,-1.0,0.30000000000000004,quality_score=0.3000 < DOWNGRADE_THRESHOLD=0.4
14825,M026608,quarantined,3,-1.0,0.20000000000000004,retrieval_count=3>=N_MIN=3 and average_utility=-1.0000<=BETA=-0.2
14825,M026780,downgraded,2,-1.0,0.30000000000000004,quality_score=0.3000 < DOWNGRADE_THRESHOLD=0.4
14831,M063815,downgraded,2,-1.0,0.30000000000000004,quality_score=0.3000 < DOWNGRADE_THRESHOLD=0.4
14832,M078845,quarantined,3,-1.0,0.20000000000000004,retrieval_count=3>=N_MIN=3 and average_utility=-1.0000<=BETA=-0.2
14835,M003994,downgraded,2,-1.0,0.30000000000000004,quality_score=0.3000 < DOWNGRADE_THRESHOLD=0.4
14846,M063017,downgraded,2,-1.0,0.30000000000000004,quality_score=0.3000 < DOWNGRADE_THRESHOLD=0.4
14852,M064244,quarantined,3,-1.0,0.20000000000000004,retrieval_count=3>=N_MIN=3 and average_utility=-1.0000<=BETA=-0.2
14854,M039383,downgraded,2,-1.0,0.30000000000000004,quality_score=0.3000 < DOWNGRADE_THRESHOLD=0.4
14863,M051724,quarantined,3,-1.0,0.20000000000000004,retrieval_count=3>=N_MIN=3 and average_utility=-1.0000<=BETA=-0.2
14867,M056984,downgraded,2,-1.0,0.30000000000000004,quality_score=0.3000 < DOWNGRADE_THRESHOLD=0.4
14876,M059111,downgraded,2,-1.0,0.30000000000000004,quality_score=0.3000 < DOWNGRADE_THRESHOLD=0.4
14877,M045528,quarantined,3,-1.0,0.20000000000000004,retrieval_count=3>=N_MIN=3 and average_utility=-1.0000<=BETA=-0.2
14878,M020330,quarantined,3,-1.0,0.20000000000000004,retrieval_count=3>=N_MIN=3 and average_utility=-1.0000<=BETA=-0.2
14881,M009874,downgraded,2,-1.0,0.30000000000000004,quality_score=0.3000 < DOWNGRADE_THRESHOLD=0.4
14884,M035045,downgraded,2,-1.0,0.30000000000000004,quality_score=0.3000 < DOWNGRADE_THRESHOLD=0.4
14887,M006347,quarantined,3,-1.0,0.20000000000000004,retrieval_count=3>=N_MIN=3 and average_utility=-1.0000<=BETA=-0.2
14889,M048636,downgraded,2,-1.0,0.30000000000000004,quality_score=0.3000 < DOWNGRADE_THRESHOLD=0.4
14889,M019402,quarantined,3,-1.0,0.20000000000000004,retrieval_count=3>=N_MIN=3 and average_utility=-1.0000<=BETA=-0.2
14895,M095717,downgraded,2,-1.0,0.30000000000000004,quality_score=0.3000 < DOWNGRADE_THRESHOLD=0.4
14896,M085526,quarantined,3,-1.0,0.20000000000000004,retrieval_count=3>=N_MIN=3 and average_utility=-1.0000<=BETA=-0.2
14896,M077825,downgraded,2,-1.0,0.30000000000000004,quality_score=0.3000 < DOWNGRADE_THRESHOLD=0.4
14897,M075345,downgraded,2,-1.0,0.30000000000000004,quality_score=0.3000 < DOWNGRADE_THRESHOLD=0.4
14898,M075411,downgraded,2,-1.0,0.30000000000000004,quality_score=0.3000 < DOWNGRADE_THRESHOLD=0.4
14901,M031455,downgraded,2,-1.0,0.30000000000000004,quality_score=0.3000 < DOWNGRADE_THRESHOLD=0.4
14908,M002955,downgraded,2,-1.0,0.30000000000000004,quality_score=0.3000 < DOWNGRADE_THRESHOLD=0.4
14916,M057080,quarantined,3,-1.0,0.20000000000000004,retrieval_count=3>=N_MIN=3 and average_utility=-1.0000<=BETA=-0.2
14918,M099520,downgraded,2,-1.0,0.30000000000000004,quality_score=0.3000 < DOWNGRADE_THRESHOLD=0.4
14935,M027890,downgraded,2,-1.0,0.30000000000000004,quality_score=0.3000 < DOWNGRADE_THRESHOLD=0.4
14936,M079706,downgraded,2,-1.0,0.30000000000000004,quality_score=0.3000 < DOWNGRADE_THRESHOLD=0.4
14946,M087233,downgraded,2,-1.0,0.30000000000000004,quality_score=0.3000 < DOWNGRADE_THRESHOLD=0.4
14947,M021109,quarantined,3,-1.0,0.20000000000000004,retrieval_count=3>=N_MIN=3 and average_utility=-1.0000<=BETA=-0.2
14960,M083957,quarantined,3,-1.0,0.20000000000000004,retrieval_count=3>=N_MIN=3 and average_utility=-1.0000<=BETA=-0.2
14961,M082148,downgraded,2,-1.0,0.30000000000000004,quality_score=0.3000 < DOWNGRADE_THRESHOLD=0.4
14963,M031754,downgraded,2,-1.0,0.30000000000000004,quality_score=0.3000 < DOWNGRADE_THRESHOLD=0.4
14966,M097778,downgraded,2,-1.0,0.30000000000000004,quality_score=0.3000 < DOWNGRADE_THRESHOLD=0.4
14967,M042503,downgraded,2,-1.0,0.30000000000000004,quality_score=0.3000 < DOWNGRADE_THRESHOLD=0.4
14982,M051485,downgraded,2,-1.0,0.30000000000000004,quality_score=0.3000 < DOWNGRADE_THRESHOLD=0.4
14990,M018594,downgraded,2,-1.0,0.30000000000000004,quality_score=0.3000 < DOWNGRADE_THRESHOLD=0.4
14993,M071456,quarantined,3,-1.0,0.20000000000000004,retrieval_count=3>=N_MIN=3 and average_utility=-1.0000<=BETA=-0.2
15001,M063198,quarantined,3,-1.0,0.20000000000000004,retrieval_count=3>=N_MIN=3 and average_utility=-1.0000<=BETA=-0.2
15002,M100621,downgraded,2,-1.0,0.30000000000000004,quality_score=0.3000 < DOWNGRADE_THRESHOLD=0.4
15009,M065592,downgraded,2,-1.0,0.30000000000000004,quality_score=0.3000 < DOWNGRADE_THRESHOLD=0.4
15009,M042873,downgraded,2,-1.0,0.30000000000000004,quality_score=0.3000 < DOWNGRADE_THRESHOLD=0.4
15011,M079428,quarantined,3,-1.0,0.20000000000000004,retrieval_count=3>=N_MIN=3 and average_utility=-1.0000<=BETA=-0.2
15013,M017285,quarantined,3,-1.0,0.20000000000000004,retrieval_count=3>=N_MIN=3 and average_utility=-1.0000<=BETA=-0.2
15021,M026584,downgraded,2,-1.0,0.30000000000000004,quality_score=0.3000 < DOWNGRADE_THRESHOLD=0.4
15024,M089823,downgraded,2,-1.0,0.30000000000000004,quality_score=0.3000 < DOWNGRADE_THRESHOLD=0.4
15025,M057424,downgraded,2,-1.0,0.30000000000000004,quality_score=0.3000 < DOWNGRADE_THRESHOLD=0.4
15027,M090103,downgraded,2,-1.0,0.30000000000000004,quality_score=0.3000 < DOWNGRADE_THRESHOLD=0.4
15030,M047240,quarantined,3,-1.0,0.20000000000000004,retrieval_count=3>=N_MIN=3 and average_utility=-1.0000<=BETA=-0.2
15035,M053638,quarantined,3,-1.0,0.20000000000000004,retrieval_count=3>=N_MIN=3 and average_utility=-1.0000<=BETA=-0.2
15052,M038528,downgraded,2,-1.0,0.30000000000000004,quality_score=0.3000 < DOWNGRADE_THRESHOLD=0.4
15055,M030803,quarantined,3,-1.0,0.20000000000000004,retrieval_count=3>=N_MIN=3 and average_utility=-1.0000<=BETA=-0.2
15060,M078634,quarantined,3,-1.0,0.20000000000000004,retrieval_count=3>=N_MIN=3 and average_utility=-1.0000<=BETA=-0.2
15064,M043959,quarantined,3,-1.0,0.20000000000000004,retrieval_count=3>=N_MIN=3 and average_utility=-1.0000<=BETA=-0.2
15071,M072381,downgraded,2,-1.0,0.30000000000000004,quality_score=0.3000 < DOWNGRADE_THRESHOLD=0.4
15071,M094756,downgraded,2,-1.0,0.30000000000000004,quality_score=0.3000 < DOWNGRADE_THRESHOLD=0.4
15072,M098804,downgraded,2,-1.0,0.30000000000000004,quality_score=0.3000 < DOWNGRADE_THRESHOLD=0.4
15080,M085190,downgraded,2,-1.0,0.30000000000000004,quality_score=0.3000 < DOWNGRADE_THRESHOLD=0.4
15087,M041504,quarantined,3,-1.0,0.20000000000000004,retrieval_count=3>=N_MIN=3 and average_utility=-1.0000<=BETA=-0.2
15089,M073360,quarantined,3,-1.0,0.20000000000000004,retrieval_count=3>=N_MIN=3 and average_utility=-1.0000<=BETA=-0.2
15097,M062968,downgraded,2,-1.0,0.30000000000000004,quality_score=0.3000 < DOWNGRADE_THRESHOLD=0.4
15102,M066971,downgraded,2,-1.0,0.30000000000000004,quality_score=0.3000 < DOWNGRADE_THRESHOLD=0.4
15108,M021410,downgraded,2,-1.0,0.30000000000000004,quality_score=0.3000 < DOWNGRADE_THRESHOLD=0.4
15112,M046143,downgraded,2,-1.0,0.30000000000000004,quality_score=0.3000 < DOWNGRADE_THRESHOLD=0.4
15115,M073016,quarantined,3,-1.0,0.20000000000000004,retrieval_count=3>=N_MIN=3 and average_utility=-1.0000<=BETA=-0.2
15116,M029474,downgraded,2,-1.0,0.30000000000000004,quality_score=0.3000 < DOWNGRADE_THRESHOLD=0.4
15118,M052073,quarantined,3,-1.0,0.20000000000000004,retrieval_count=3>=N_MIN=3 and average_utility=-1.0000<=BETA=-0.2
15120,M016618,quarantined,3,-1.0,0.20000000000000004,retrieval_count=3>=N_MIN=3 and average_utility=-1.0000<=BETA=-0.2
15124,M017836,quarantined,3,-1.0,0.20000000000000004,retrieval_count=3>=N_MIN=3 and average_utility=-1.0000<=BETA=-0.2
15127,M046690,quarantined,3,-1.0,0.20000000000000004,retrieval_count=3>=N_MIN=3 and average_utility=-1.0000<=BETA=-0.2
15130,M036071,quarantined,3,-1.0,0.20000000000000004,retrieval_count=3>=N_MIN=3 and average_utility=-1.0000<=BETA=-0.2
15132,M036624,downgraded,2,-1.0,0.30000000000000004,quality_score=0.3000 < DOWNGRADE_THRESHOLD=0.4
15138,M033056,quarantined,3,-1.0,0.20000000000000004,retrieval_count=3>=N_MIN=3 and average_utility=-1.0000<=BETA=-0.2
15142,M065738,downgraded,2,-1.0,0.30000000000000004,quality_score=0.3000 < DOWNGRADE_THRESHOLD=0.4
15145,M055564,downgraded,2,-1.0,0.30000000000000004,quality_score=0.3000 < DOWNGRADE_THRESHOLD=0.4
15148,M012012,downgraded,2,-1.0,0.30000000000000004,quality_score=0.3000 < DOWNGRADE_THRESHOLD=0.4
15150,M024529,downgraded,2,-1.0,0.30000000000000004,quality_score=0.3000 < DOWNGRADE_THRESHOLD=0.4
15151,M030044,quarantined,3,-1.0,0.20000000000000004,retrieval_count=3>=N_MIN=3 and average_utility=-1.0000<=BETA=-0.2
15151,M037851,downgraded,2,-1.0,0.30000000000000004,quality_score=0.3000 < DOWNGRADE_THRESHOLD=0.4
15152,M099520,quarantined,3,-1.0,0.20000000000000004,retrieval_count=3>=N_MIN=3 and average_utility=-1.0000<=BETA=-0.2
15155,M076943,downgraded,2,-1.0,0.30000000000000004,quality_score=0.3000 < DOWNGRADE_THRESHOLD=0.4
15158,M037076,quarantined,3,-1.0,0.20000000000000004,retrieval_count=3>=N_MIN=3 and average_utility=-1.0000<=BETA=-0.2
15159,M085207,quarantined,3,-1.0,0.20000000000000004,retrieval_count=3>=N_MIN=3 and average_utility=-1.0000<=BETA=-0.2
15164,M091904,downgraded,2,-1.0,0.30000000000000004,quality_score=0.3000 < DOWNGRADE_THRESHOLD=0.4
15165,M047532,downgraded,2,-1.0,0.30000000000000004,quality_score=0.3000 < DOWNGRADE_THRESHOLD=0.4
15176,M060656,downgraded,2,-1.0,0.30000000000000004,quality_score=0.3000 < DOWNGRADE_THRESHOLD=0.4
15179,M084137,quarantined,3,-1.0,0.20000000000000004,retrieval_count=3>=N_MIN=3 and average_utility=-1.0000<=BETA=-0.2
15180,M074771,downgraded,2,-1.0,0.30000000000000004,quality_score=0.3000 < DOWNGRADE_THRESHOLD=0.4
15188,M077755,downgraded,2,-1.0,0.30000000000000004,quality_score=0.3000 < DOWNGRADE_THRESHOLD=0.4
15190,M007087,downgraded,2,-1.0,0.30000000000000004,quality_score=0.3000 < DOWNGRADE_THRESHOLD=0.4
15191,M025938,downgraded,2,-1.0,0.30000000000000004,quality_score=0.3000 < DOWNGRADE_THRESHOLD=0.4
15197,M017685,downgraded,2,-1.0,0.30000000000000004,quality_score=0.3000 < DOWNGRADE_THRESHOLD=0.4
15211,M088785,quarantined,3,-1.0,0.20000000000000004,retrieval_count=3>=N_MIN=3 and average_utility=-1.0000<=BETA=-0.2
15224,M095196,downgraded,2,-1.0,0.30000000000000004,quality_score=0.3000 < DOWNGRADE_THRESHOLD=0.4
15226,M056047,downgraded,2,-1.0,0.30000000000000004,quality_score=0.3000 < DOWNGRADE_THRESHOLD=0.4
15239,M087632,downgraded,2,-1.0,0.30000000000000004,quality_score=0.3000 < DOWNGRADE_THRESHOLD=0.4
15240,M027848,quarantined,3,-1.0,0.20000000000000004,retrieval_count=3>=N_MIN=3 and average_utility=-1.0000<=BETA=-0.2
15240,M007498,downgraded,2,-1.0,0.30000000000000004,quality_score=0.3000 < DOWNGRADE_THRESHOLD=0.4
15248,M083423,downgraded,2,-1.0,0.30000000000000004,quality_score=0.3000 < DOWNGRADE_THRESHOLD=0.4
15249,M029370,quarantined,3,-1.0,0.20000000000000004,retrieval_count=3>=N_MIN=3 and average_utility=-1.0000<=BETA=-0.2
15250,M075083,quarantined,3,-1.0,0.20000000000000004,retrieval_count=3>=N_MIN=3 and average_utility=-1.0000<=BETA=-0.2
15250,M054722,downgraded,2,-1.0,0.30000000000000004,quality_score=0.3000 < DOWNGRADE_THRESHOLD=0.4
15254,M087792,quarantined,3,-1.0,0.20000000000000004,retrieval_count=3>=N_MIN=3 and average_utility=-1.0000<=BETA=-0.2
15274,M055264,downgraded,2,-1.0,0.30000000000000004,quality_score=0.3000 < DOWNGRADE_THRESHOLD=0.4
15276,M075387,downgraded,2,-1.0,0.30000000000000004,quality_score=0.3000 < DOWNGRADE_THRESHOLD=0.4
15279,M007095,downgraded,2,-1.0,0.30000000000000004,quality_score=0.3000 < DOWNGRADE_THRESHOLD=0.4
15287,M051524,quarantined,3,-1.0,0.20000000000000004,retrieval_count=3>=N_MIN=3 and average_utility=-1.0000<=BETA=-0.2
15287,M086242,downgraded,2,-1.0,0.30000000000000004,quality_score=0.3000 < DOWNGRADE_THRESHOLD=0.4
15288,M067709,quarantined,3,-1.0,0.20000000000000004,retrieval_count=3>=N_MIN=3 and average_utility=-1.0000<=BETA=-0.2
15290,M086272,downgraded,2,-1.0,0.30000000000000004,quality_score=0.3000 < DOWNGRADE_THRESHOLD=0.4
15291,M033867,downgraded,2,-1.0,0.30000000000000004,quality_score=0.3000 < DOWNGRADE_THRESHOLD=0.4
15293,M003702,downgraded,2,-1.0,0.30000000000000004,quality_score=0.3000 < DOWNGRADE_THRESHOLD=0.4
15300,M016745,downgraded,2,-1.0,0.30000000000000004,quality_score=0.3000 < DOWNGRADE_THRESHOLD=0.4
15301,M085856,quarantined,3,-1.0,0.20000000000000004,retrieval_count=3>=N_MIN=3 and average_utility=-1.0000<=BETA=-0.2
15302,M032106,quarantined,3,-1.0,0.20000000000000004,retrieval_count=3>=N_MIN=3 and average_utility=-1.0000<=BETA=-0.2
15304,M017283,downgraded,2,-1.0,0.30000000000000004,quality_score=0.3000 < DOWNGRADE_THRESHOLD=0.4
15305,M035203,downgraded,2,-1.0,0.30000000000000004,quality_score=0.3000 < DOWNGRADE_THRESHOLD=0.4
15313,M002822,downgraded,2,-1.0,0.30000000000000004,quality_score=0.3000 < DOWNGRADE_THRESHOLD=0.4
15322,M050394,quarantined,3,-1.0,0.20000000000000004,retrieval_count=3>=N_MIN=3 and average_utility=-1.0000<=BETA=-0.2
15324,M075908,downgraded,2,-1.0,0.30000000000000004,quality_score=0.3000 < DOWNGRADE_THRESHOLD=0.4
15326,M008874,downgraded,2,-1.0,0.30000000000000004,quality_score=0.3000 < DOWNGRADE_THRESHOLD=0.4
15329,M055090,quarantined,3,-1.0,0.20000000000000004,retrieval_count=3>=N_MIN=3 and average_utility=-1.0000<=BETA=-0.2
15332,M043754,downgraded,2,-1.0,0.30000000000000004,quality_score=0.3000 < DOWNGRADE_THRESHOLD=0.4
15335,M028384,downgraded,2,-1.0,0.30000000000000004,quality_score=0.3000 < DOWNGRADE_THRESHOLD=0.4
15342,M093631,downgraded,2,-1.0,0.30000000000000004,quality_score=0.3000 < DOWNGRADE_THRESHOLD=0.4
15345,M057070,downgraded,2,-1.0,0.30000000000000004,quality_score=0.3000 < DOWNGRADE_THRESHOLD=0.4
15347,M025445,downgraded,2,-1.0,0.30000000000000004,quality_score=0.3000 < DOWNGRADE_THRESHOLD=0.4
15347,M025605,downgraded,2,-1.0,0.30000000000000004,quality_score=0.3000 < DOWNGRADE_THRESHOLD=0.4
15349,M075574,downgraded,2,-1.0,0.30000000000000004,quality_score=0.3000 < DOWNGRADE_THRESHOLD=0.4
15362,M038282,downgraded,2,-1.0,0.30000000000000004,quality_score=0.3000 < DOWNGRADE_THRESHOLD=0.4
15364,M035236,downgraded,2,-1.0,0.30000000000000004,quality_score=0.3000 < DOWNGRADE_THRESHOLD=0.4
15368,M080355,quarantined,3,-1.0,0.20000000000000004,retrieval_count=3>=N_MIN=3 and average_utility=-1.0000<=BETA=-0.2
15369,M045482,quarantined,3,-1.0,0.20000000000000004,retrieval_count=3>=N_MIN=3 and average_utility=-1.0000<=BETA=-0.2
15371,M056734,quarantined,3,-1.0,0.20000000000000004,retrieval_count=3>=N_MIN=3 and average_utility=-1.0000<=BETA=-0.2
15379,M087408,quarantined,3,-1.0,0.20000000000000004,retrieval_count=3>=N_MIN=3 and average_utility=-1.0000<=BETA=-0.2
15383,M081222,downgraded,2,-1.0,0.30000000000000004,quality_score=0.3000 < DOWNGRADE_THRESHOLD=0.4
15383,M080241,downgraded,2,-1.0,0.30000000000000004,quality_score=0.3000 < DOWNGRADE_THRESHOLD=0.4
15385,M006651,downgraded,2,-1.0,0.30000000000000004,quality_score=0.3000 < DOWNGRADE_THRESHOLD=0.4
15386,M001034,downgraded,2,-1.0,0.30000000000000004,quality_score=0.3000 < DOWNGRADE_THRESHOLD=0.4
15400,M008967,downgraded,2,-1.0,0.30000000000000004,quality_score=0.3000 < DOWNGRADE_THRESHOLD=0.4
15401,M066670,downgraded,2,-1.0,0.30000000000000004,quality_score=0.3000 < DOWNGRADE_THRESHOLD=0.4
15404,M044181,downgraded,2,-1.0,0.30000000000000004,quality_score=0.3000 < DOWNGRADE_THRESHOLD=0.4
15404,M017566,downgraded,2,-1.0,0.30000000000000004,quality_score=0.3000 < DOWNGRADE_THRESHOLD=0.4
15414,M051211,quarantined,3,-1.0,0.20000000000000004,retrieval_count=3>=N_MIN=3 and average_utility=-1.0000<=BETA=-0.2
15417,M050284,quarantined,3,-1.0,0.20000000000000004,retrieval_count=3>=N_MIN=3 and average_utility=-1.0000<=BETA=-0.2
15420,M086242,quarantined,3,-1.0,0.20000000000000004,retrieval_count=3>=N_MIN=3 and average_utility=-1.0000<=BETA=-0.2
15431,M042122,quarantined,3,-1.0,0.20000000000000004,retrieval_count=3>=N_MIN=3 and average_utility=-1.0000<=BETA=-0.2
15447,M056617,quarantined,3,-1.0,0.20000000000000004,retrieval_count=3>=N_MIN=3 and average_utility=-1.0000<=BETA=-0.2
15458,M091469,quarantined,3,-1.0,0.20000000000000004,retrieval_count=3>=N_MIN=3 and average_utility=-1.0000<=BETA=-0.2
15458,M077901,quarantined,3,-1.0,0.20000000000000004,retrieval_count=3>=N_MIN=3 and average_utility=-1.0000<=BETA=-0.2
15459,M052840,downgraded,2,-1.0,0.30000000000000004,quality_score=0.3000 < DOWNGRADE_THRESHOLD=0.4
15463,M057147,downgraded,2,-1.0,0.30000000000000004,quality_score=0.3000 < DOWNGRADE_THRESHOLD=0.4
15467,M057904,downgraded,2,-1.0,0.30000000000000004,quality_score=0.3000 < DOWNGRADE_THRESHOLD=0.4
15469,M036515,downgraded,2,-1.0,0.30000000000000004,quality_score=0.3000 < DOWNGRADE_THRESHOLD=0.4
15476,M085338,downgraded,2,-1.0,0.30000000000000004,quality_score=0.3000 < DOWNGRADE_THRESHOLD=0.4
15483,M069365,downgraded,2,-1.0,0.30000000000000004,quality_score=0.3000 < DOWNGRADE_THRESHOLD=0.4
15484,M002307,downgraded,2,-1.0,0.30000000000000004,quality_score=0.3000 < DOWNGRADE_THRESHOLD=0.4
15486,M055959,downgraded,2,-1.0,0.30000000000000004,quality_score=0.3000 < DOWNGRADE_THRESHOLD=0.4
15486,M059229,quarantined,3,-1.0,0.20000000000000004,retrieval_count=3>=N_MIN=3 and average_utility=-1.0000<=BETA=-0.2
15489,M085857,downgraded,2,-1.0,0.30000000000000004,quality_score=0.3000 < DOWNGRADE_THRESHOLD=0.4
15492,M086878,downgraded,2,-1.0,0.30000000000000004,quality_score=0.3000 < DOWNGRADE_THRESHOLD=0.4
15495,M074276,downgraded,2,-1.0,0.30000000000000004,quality_score=0.3000 < DOWNGRADE_THRESHOLD=0.4
15499,M051655,downgraded,2,-1.0,0.30000000000000004,quality_score=0.3000 < DOWNGRADE_THRESHOLD=0.4
15503,M083036,quarantined,3,-1.0,0.20000000000000004,retrieval_count=3>=N_MIN=3 and average_utility=-1.0000<=BETA=-0.2
15504,M043918,quarantined,3,-1.0,0.20000000000000004,retrieval_count=3>=N_MIN=3 and average_utility=-1.0000<=BETA=-0.2
15507,M059139,quarantined,3,-1.0,0.20000000000000004,retrieval_count=3>=N_MIN=3 and average_utility=-1.0000<=BETA=-0.2
15513,M041447,downgraded,2,-1.0,0.30000000000000004,quality_score=0.3000 < DOWNGRADE_THRESHOLD=0.4
15514,M040136,downgraded,2,-1.0,0.30000000000000004,quality_score=0.3000 < DOWNGRADE_THRESHOLD=0.4
15514,M002166,quarantined,3,-1.0,0.20000000000000004,retrieval_count=3>=N_MIN=3 and average_utility=-1.0000<=BETA=-0.2
15517,M079998,quarantined,3,-1.0,0.20000000000000004,retrieval_count=3>=N_MIN=3 and average_utility=-1.0000<=BETA=-0.2
15519,M055140,downgraded,2,-1.0,0.30000000000000004,quality_score=0.3000 < DOWNGRADE_THRESHOLD=0.4
15522,M005496,downgraded,2,-1.0,0.30000000000000004,quality_score=0.3000 < DOWNGRADE_THRESHOLD=0.4
15522,M005302,quarantined,3,-1.0,0.20000000000000004,retrieval_count=3>=N_MIN=3 and average_utility=-1.0000<=BETA=-0.2
15527,M089902,quarantined,3,-1.0,0.20000000000000004,retrieval_count=3>=N_MIN=3 and average_utility=-1.0000<=BETA=-0.2
15533,M021491,downgraded,2,-1.0,0.30000000000000004,quality_score=0.3000 < DOWNGRADE_THRESHOLD=0.4
15540,M094843,quarantined,3,-1.0,0.20000000000000004,retrieval_count=3>=N_MIN=3 and average_utility=-1.0000<=BETA=-0.2
15547,M099493,quarantined,3,-1.0,0.20000000000000004,retrieval_count=3>=N_MIN=3 and average_utility=-1.0000<=BETA=-0.2
15549,M068818,downgraded,2,-1.0,0.30000000000000004,quality_score=0.3000 < DOWNGRADE_THRESHOLD=0.4
15552,M014784,downgraded,2,-1.0,0.30000000000000004,quality_score=0.3000 < DOWNGRADE_THRESHOLD=0.4
15556,M047228,downgraded,2,-1.0,0.30000000000000004,quality_score=0.3000 < DOWNGRADE_THRESHOLD=0.4
15556,M027013,quarantined,3,-1.0,0.20000000000000004,retrieval_count=3>=N_MIN=3 and average_utility=-1.0000<=BETA=-0.2
15560,M043320,downgraded,2,-1.0,0.30000000000000004,quality_score=0.3000 < DOWNGRADE_THRESHOLD=0.4
15560,M045757,downgraded,2,-1.0,0.30000000000000004,quality_score=0.3000 < DOWNGRADE_THRESHOLD=0.4
15566,M032094,downgraded,2,-1.0,0.30000000000000004,quality_score=0.3000 < DOWNGRADE_THRESHOLD=0.4
15570,M042123,quarantined,3,-1.0,0.20000000000000004,retrieval_count=3>=N_MIN=3 and average_utility=-1.0000<=BETA=-0.2
15580,M049182,downgraded,2,-1.0,0.30000000000000004,quality_score=0.3000 < DOWNGRADE_THRESHOLD=0.4
15589,M011464,downgraded,2,-1.0,0.30000000000000004,quality_score=0.3000 < DOWNGRADE_THRESHOLD=0.4
15595,M040204,downgraded,2,-1.0,0.30000000000000004,quality_score=0.3000 < DOWNGRADE_THRESHOLD=0.4
15596,M058632,downgraded,2,-1.0,0.30000000000000004,quality_score=0.3000 < DOWNGRADE_THRESHOLD=0.4
15607,M007174,downgraded,2,-1.0,0.30000000000000004,quality_score=0.3000 < DOWNGRADE_THRESHOLD=0.4
15610,M080687,downgraded,2,-1.0,0.30000000000000004,quality_score=0.3000 < DOWNGRADE_THRESHOLD=0.4
15632,M078660,downgraded,2,-1.0,0.30000000000000004,quality_score=0.3000 < DOWNGRADE_THRESHOLD=0.4
15637,M009099,downgraded,2,-1.0,0.30000000000000004,quality_score=0.3000 < DOWNGRADE_THRESHOLD=0.4
15638,M042772,downgraded,2,-1.0,0.30000000000000004,quality_score=0.3000 < DOWNGRADE_THRESHOLD=0.4
15650,M013280,downgraded,2,-1.0,0.30000000000000004,quality_score=0.3000 < DOWNGRADE_THRESHOLD=0.4
15652,M049573,downgraded,2,-1.0,0.30000000000000004,quality_score=0.3000 < DOWNGRADE_THRESHOLD=0.4
15655,M062629,downgraded,2,-1.0,0.30000000000000004,quality_score=0.3000 < DOWNGRADE_THRESHOLD=0.4
15658,M030056,downgraded,2,-1.0,0.30000000000000004,quality_score=0.3000 < DOWNGRADE_THRESHOLD=0.4
15662,M085693,downgraded,2,-1.0,0.30000000000000004,quality_score=0.3000 < DOWNGRADE_THRESHOLD=0.4
15671,M095196,quarantined,3,-1.0,0.20000000000000004,retrieval_count=3>=N_MIN=3 and average_utility=-1.0000<=BETA=-0.2
15671,M046026,quarantined,3,-1.0,0.20000000000000004,retrieval_count=3>=N_MIN=3 and average_utility=-1.0000<=BETA=-0.2
15673,M040540,downgraded,2,-1.0,0.30000000000000004,quality_score=0.3000 < DOWNGRADE_THRESHOLD=0.4
15678,M087140,quarantined,3,-1.0,0.20000000000000004,retrieval_count=3>=N_MIN=3 and average_utility=-1.0000<=BETA=-0.2
15679,M042313,quarantined,3,-1.0,0.20000000000000004,retrieval_count=3>=N_MIN=3 and average_utility=-1.0000<=BETA=-0.2
15681,M052288,quarantined,3,-1.0,0.20000000000000004,retrieval_count=3>=N_MIN=3 and average_utility=-1.0000<=BETA=-0.2
15681,M025962,quarantined,3,-1.0,0.20000000000000004,retrieval_count=3>=N_MIN=3 and average_utility=-1.0000<=BETA=-0.2
15681,M014784,quarantined,3,-1.0,0.20000000000000004,retrieval_count=3>=N_MIN=3 and average_utility=-1.0000<=BETA=-0.2
15690,M003607,downgraded,2,-1.0,0.30000000000000004,quality_score=0.3000 < DOWNGRADE_THRESHOLD=0.4
15694,M089080,downgraded,2,-1.0,0.30000000000000004,quality_score=0.3000 < DOWNGRADE_THRESHOLD=0.4
15701,M015554,quarantined,3,-1.0,0.20000000000000004,retrieval_count=3>=N_MIN=3 and average_utility=-1.0000<=BETA=-0.2
15705,M018195,downgraded,2,-1.0,0.30000000000000004,quality_score=0.3000 < DOWNGRADE_THRESHOLD=0.4
15708,M078827,downgraded,2,-1.0,0.30000000000000004,quality_score=0.3000 < DOWNGRADE_THRESHOLD=0.4
15709,M082853,downgraded,2,-1.0,0.30000000000000004,quality_score=0.3000 < DOWNGRADE_THRESHOLD=0.4
15709,M042062,quarantined,3,-1.0,0.20000000000000004,retrieval_count=3>=N_MIN=3 and average_utility=-1.0000<=BETA=-0.2
15712,M047958,downgraded,2,-1.0,0.30000000000000004,quality_score=0.3000 < DOWNGRADE_THRESHOLD=0.4
15720,M054844,downgraded,2,-1.0,0.30000000000000004,quality_score=0.3000 < DOWNGRADE_THRESHOLD=0.4
15726,M039375,downgraded,2,-1.0,0.30000000000000004,quality_score=0.3000 < DOWNGRADE_THRESHOLD=0.4
15726,M048937,quarantined,3,-1.0,0.20000000000000004,retrieval_count=3>=N_MIN=3 and average_utility=-1.0000<=BETA=-0.2
15727,M039383,quarantined,3,-1.0,0.20000000000000004,retrieval_count=3>=N_MIN=3 and average_utility=-1.0000<=BETA=-0.2
15731,M042248,downgraded,2,-1.0,0.30000000000000004,quality_score=0.3000 < DOWNGRADE_THRESHOLD=0.4
15740,M071133,quarantined,3,-1.0,0.20000000000000004,retrieval_count=3>=N_MIN=3 and average_utility=-1.0000<=BETA=-0.2
15745,M021491,quarantined,3,-1.0,0.20000000000000004,retrieval_count=3>=N_MIN=3 and average_utility=-1.0000<=BETA=-0.2
15745,M087582,downgraded,2,-1.0,0.30000000000000004,quality_score=0.3000 < DOWNGRADE_THRESHOLD=0.4
15749,M026676,downgraded,2,-1.0,0.30000000000000004,quality_score=0.3000 < DOWNGRADE_THRESHOLD=0.4
15752,M050220,downgraded,2,-1.0,0.30000000000000004,quality_score=0.3000 < DOWNGRADE_THRESHOLD=0.4
15753,M043424,downgraded,2,-1.0,0.30000000000000004,quality_score=0.3000 < DOWNGRADE_THRESHOLD=0.4
15757,M097044,downgraded,2,-1.0,0.30000000000000004,quality_score=0.3000 < DOWNGRADE_THRESHOLD=0.4
15762,M017283,quarantined,3,-1.0,0.20000000000000004,retrieval_count=3>=N_MIN=3 and average_utility=-1.0000<=BETA=-0.2
15762,M012845,downgraded,2,-1.0,0.30000000000000004,quality_score=0.3000 < DOWNGRADE_THRESHOLD=0.4
15766,M025670,quarantined,3,-1.0,0.20000000000000004,retrieval_count=3>=N_MIN=3 and average_utility=-1.0000<=BETA=-0.2
15769,M039855,downgraded,2,-1.0,0.30000000000000004,quality_score=0.3000 < DOWNGRADE_THRESHOLD=0.4
15775,M012098,downgraded,2,-1.0,0.30000000000000004,quality_score=0.3000 < DOWNGRADE_THRESHOLD=0.4
15783,M012152,downgraded,2,-1.0,0.30000000000000004,quality_score=0.3000 < DOWNGRADE_THRESHOLD=0.4
15792,M099238,quarantined,3,-1.0,0.20000000000000004,retrieval_count=3>=N_MIN=3 and average_utility=-1.0000<=BETA=-0.2
15803,M089872,quarantined,3,-1.0,0.20000000000000004,retrieval_count=3>=N_MIN=3 and average_utility=-1.0000<=BETA=-0.2
15811,M095542,downgraded,2,-1.0,0.30000000000000004,quality_score=0.3000 < DOWNGRADE_THRESHOLD=0.4
15812,M083759,quarantined,3,-1.0,0.20000000000000004,retrieval_count=3>=N_MIN=3 and average_utility=-1.0000<=BETA=-0.2
15813,M081608,downgraded,2,-1.0,0.30000000000000004,quality_score=0.3000 < DOWNGRADE_THRESHOLD=0.4
15815,M024993,downgraded,2,-1.0,0.30000000000000004,quality_score=0.3000 < DOWNGRADE_THRESHOLD=0.4
15820,M086400,quarantined,3,-1.0,0.20000000000000004,retrieval_count=3>=N_MIN=3 and average_utility=-1.0000<=BETA=-0.2
15829,M023548,quarantined,3,-1.0,0.20000000000000004,retrieval_count=3>=N_MIN=3 and average_utility=-1.0000<=BETA=-0.2
15833,M055240,quarantined,3,-1.0,0.20000000000000004,retrieval_count=3>=N_MIN=3 and average_utility=-1.0000<=BETA=-0.2
15834,M022700,downgraded,2,-1.0,0.30000000000000004,quality_score=0.3000 < DOWNGRADE_THRESHOLD=0.4
15843,M005562,downgraded,2,-1.0,0.30000000000000004,quality_score=0.3000 < DOWNGRADE_THRESHOLD=0.4
15845,M024042,quarantined,3,-1.0,0.20000000000000004,retrieval_count=3>=N_MIN=3 and average_utility=-1.0000<=BETA=-0.2
15847,M075389,quarantined,3,-1.0,0.20000000000000004,retrieval_count=3>=N_MIN=3 and average_utility=-1.0000<=BETA=-0.2
15854,M096917,quarantined,3,-1.0,0.20000000000000004,retrieval_count=3>=N_MIN=3 and average_utility=-1.0000<=BETA=-0.2
15856,M085740,downgraded,2,-1.0,0.30000000000000004,quality_score=0.3000 < DOWNGRADE_THRESHOLD=0.4
15857,M016373,downgraded,2,-1.0,0.30000000000000004,quality_score=0.3000 < DOWNGRADE_THRESHOLD=0.4
15857,M014934,downgraded,2,-1.0,0.30000000000000004,quality_score=0.3000 < DOWNGRADE_THRESHOLD=0.4
15858,M032023,downgraded,2,-1.0,0.30000000000000004,quality_score=0.3000 < DOWNGRADE_THRESHOLD=0.4
15860,M026522,downgraded,2,-1.0,0.30000000000000004,quality_score=0.3000 < DOWNGRADE_THRESHOLD=0.4
15872,M065297,downgraded,2,-1.0,0.30000000000000004,quality_score=0.3000 < DOWNGRADE_THRESHOLD=0.4
15876,M031601,quarantined,3,-1.0,0.20000000000000004,retrieval_count=3>=N_MIN=3 and average_utility=-1.0000<=BETA=-0.2
15876,M032864,quarantined,3,-1.0,0.20000000000000004,retrieval_count=3>=N_MIN=3 and average_utility=-1.0000<=BETA=-0.2
15880,M045797,downgraded,2,-1.0,0.30000000000000004,quality_score=0.3000 < DOWNGRADE_THRESHOLD=0.4
15880,M051974,downgraded,2,-1.0,0.30000000000000004,quality_score=0.3000 < DOWNGRADE_THRESHOLD=0.4
15889,M011550,downgraded,2,-1.0,0.30000000000000004,quality_score=0.3000 < DOWNGRADE_THRESHOLD=0.4
15906,M075583,downgraded,2,-1.0,0.30000000000000004,quality_score=0.3000 < DOWNGRADE_THRESHOLD=0.4
15913,M039705,quarantined,3,-1.0,0.20000000000000004,retrieval_count=3>=N_MIN=3 and average_utility=-1.0000<=BETA=-0.2
15913,M069598,quarantined,3,-1.0,0.20000000000000004,retrieval_count=3>=N_MIN=3 and average_utility=-1.0000<=BETA=-0.2
15913,M069184,downgraded,2,-1.0,0.30000000000000004,quality_score=0.3000 < DOWNGRADE_THRESHOLD=0.4
15924,M058867,downgraded,2,-1.0,0.30000000000000004,quality_score=0.3000 < DOWNGRADE_THRESHOLD=0.4
15925,M066906,downgraded,2,-1.0,0.30000000000000004,quality_score=0.3000 < DOWNGRADE_THRESHOLD=0.4
15926,M009355,quarantined,3,-1.0,0.20000000000000004,retrieval_count=3>=N_MIN=3 and average_utility=-1.0000<=BETA=-0.2
15926,M017399,quarantined,3,-1.0,0.20000000000000004,retrieval_count=3>=N_MIN=3 and average_utility=-1.0000<=BETA=-0.2
15928,M061257,downgraded,2,-1.0,0.30000000000000004,quality_score=0.3000 < DOWNGRADE_THRESHOLD=0.4
15930,M083477,quarantined,3,-1.0,0.20000000000000004,retrieval_count=3>=N_MIN=3 and average_utility=-1.0000<=BETA=-0.2
15933,M036439,quarantined,3,-1.0,0.20000000000000004,retrieval_count=3>=N_MIN=3 and average_utility=-1.0000<=BETA=-0.2
15935,M092195,quarantined,3,-1.0,0.20000000000000004,retrieval_count=3>=N_MIN=3 and average_utility=-1.0000<=BETA=-0.2
15941,M009677,downgraded,2,-1.0,0.30000000000000004,quality_score=0.3000 < DOWNGRADE_THRESHOLD=0.4
15946,M087261,downgraded,2,-1.0,0.30000000000000004,quality_score=0.3000 < DOWNGRADE_THRESHOLD=0.4
15953,M068938,downgraded,2,-1.0,0.30000000000000004,quality_score=0.3000 < DOWNGRADE_THRESHOLD=0.4
15964,M073627,downgraded,2,-1.0,0.30000000000000004,quality_score=0.3000 < DOWNGRADE_THRESHOLD=0.4
15965,M085236,quarantined,3,-1.0,0.20000000000000004,retrieval_count=3>=N_MIN=3 and average_utility=-1.0000<=BETA=-0.2
15966,M091453,quarantined,3,-1.0,0.20000000000000004,retrieval_count=3>=N_MIN=3 and average_utility=-1.0000<=BETA=-0.2
15975,M012848,downgraded,2,-1.0,0.30000000000000004,quality_score=0.3000 < DOWNGRADE_THRESHOLD=0.4
15976,M069910,downgraded,2,-1.0,0.30000000000000004,quality_score=0.3000 < DOWNGRADE_THRESHOLD=0.4
15978,M041515,downgraded,2,-1.0,0.30000000000000004,quality_score=0.3000 < DOWNGRADE_THRESHOLD=0.4
15988,M070005,quarantined,3,-1.0,0.20000000000000004,retrieval_count=3>=N_MIN=3 and average_utility=-1.0000<=BETA=-0.2
16003,M065738,quarantined,3,-1.0,0.20000000000000004,retrieval_count=3>=N_MIN=3 and average_utility=-1.0000<=BETA=-0.2
16011,M030428,quarantined,3,-1.0,0.20000000000000004,retrieval_count=3>=N_MIN=3 and average_utility=-1.0000<=BETA=-0.2
16012,M005743,downgraded,2,-1.0,0.30000000000000004,quality_score=0.3000 < DOWNGRADE_THRESHOLD=0.4
16018,M087220,downgraded,2,-1.0,0.30000000000000004,quality_score=0.3000 < DOWNGRADE_THRESHOLD=0.4
16018,M043485,downgraded,2,-1.0,0.30000000000000004,quality_score=0.3000 < DOWNGRADE_THRESHOLD=0.4
16018,M060054,downgraded,2,-1.0,0.30000000000000004,quality_score=0.3000 < DOWNGRADE_THRESHOLD=0.4
16019,M054488,quarantined,3,-1.0,0.20000000000000004,retrieval_count=3>=N_MIN=3 and average_utility=-1.0000<=BETA=-0.2
16025,M053109,downgraded,2,-1.0,0.30000000000000004,quality_score=0.3000 < DOWNGRADE_THRESHOLD=0.4
16034,M082836,quarantined,3,-1.0,0.20000000000000004,retrieval_count=3>=N_MIN=3 and average_utility=-1.0000<=BETA=-0.2
16039,M039587,quarantined,3,-1.0,0.20000000000000004,retrieval_count=3>=N_MIN=3 and average_utility=-1.0000<=BETA=-0.2
16039,M044572,downgraded,2,-1.0,0.30000000000000004,quality_score=0.3000 < DOWNGRADE_THRESHOLD=0.4
16042,M008891,downgraded,2,-1.0,0.30000000000000004,quality_score=0.3000 < DOWNGRADE_THRESHOLD=0.4
16050,M011729,quarantined,3,-1.0,0.20000000000000004,retrieval_count=3>=N_MIN=3 and average_utility=-1.0000<=BETA=-0.2
16063,M037586,downgraded,2,-1.0,0.30000000000000004,quality_score=0.3000 < DOWNGRADE_THRESHOLD=0.4
16069,M096906,downgraded,2,-1.0,0.30000000000000004,quality_score=0.3000 < DOWNGRADE_THRESHOLD=0.4
16075,M020975,downgraded,2,-1.0,0.30000000000000004,quality_score=0.3000 < DOWNGRADE_THRESHOLD=0.4
16084,M083423,quarantined,3,-1.0,0.20000000000000004,retrieval_count=3>=N_MIN=3 and average_utility=-1.0000<=BETA=-0.2
16084,M062071,downgraded,2,-1.0,0.30000000000000004,quality_score=0.3000 < DOWNGRADE_THRESHOLD=0.4
16087,M055094,downgraded,2,-1.0,0.30000000000000004,quality_score=0.3000 < DOWNGRADE_THRESHOLD=0.4
16088,M017080,quarantined,3,-1.0,0.20000000000000004,retrieval_count=3>=N_MIN=3 and average_utility=-1.0000<=BETA=-0.2
16089,M003771,quarantined,3,-1.0,0.20000000000000004,retrieval_count=3>=N_MIN=3 and average_utility=-1.0000<=BETA=-0.2
16096,M072395,quarantined,3,-1.0,0.20000000000000004,retrieval_count=3>=N_MIN=3 and average_utility=-1.0000<=BETA=-0.2
16105,M093112,downgraded,2,-1.0,0.30000000000000004,quality_score=0.3000 < DOWNGRADE_THRESHOLD=0.4
16110,M077611,downgraded,2,-1.0,0.30000000000000004,quality_score=0.3000 < DOWNGRADE_THRESHOLD=0.4
16111,M019187,downgraded,2,-1.0,0.30000000000000004,quality_score=0.3000 < DOWNGRADE_THRESHOLD=0.4
16114,M003473,downgraded,2,-1.0,0.30000000000000004,quality_score=0.3000 < DOWNGRADE_THRESHOLD=0.4
16118,M018784,quarantined,3,-1.0,0.20000000000000004,retrieval_count=3>=N_MIN=3 and average_utility=-1.0000<=BETA=-0.2
16118,M024329,downgraded,2,-1.0,0.30000000000000004,quality_score=0.3000 < DOWNGRADE_THRESHOLD=0.4
16128,M014401,downgraded,2,-1.0,0.30000000000000004,quality_score=0.3000 < DOWNGRADE_THRESHOLD=0.4
16142,M065578,downgraded,2,-1.0,0.30000000000000004,quality_score=0.3000 < DOWNGRADE_THRESHOLD=0.4
16143,M048324,quarantined,3,-1.0,0.20000000000000004,retrieval_count=3>=N_MIN=3 and average_utility=-1.0000<=BETA=-0.2
16146,M032823,downgraded,2,-1.0,0.30000000000000004,quality_score=0.3000 < DOWNGRADE_THRESHOLD=0.4
16149,M056291,downgraded,2,-1.0,0.30000000000000004,quality_score=0.3000 < DOWNGRADE_THRESHOLD=0.4
16153,M054197,quarantined,3,-1.0,0.20000000000000004,retrieval_count=3>=N_MIN=3 and average_utility=-1.0000<=BETA=-0.2
16162,M007661,downgraded,2,-1.0,0.30000000000000004,quality_score=0.3000 < DOWNGRADE_THRESHOLD=0.4
16163,M043290,downgraded,2,-1.0,0.30000000000000004,quality_score=0.3000 < DOWNGRADE_THRESHOLD=0.4
16164,M015080,downgraded,2,-1.0,0.30000000000000004,quality_score=0.3000 < DOWNGRADE_THRESHOLD=0.4
16176,M057580,downgraded,2,-1.0,0.30000000000000004,quality_score=0.3000 < DOWNGRADE_THRESHOLD=0.4
16181,M046812,downgraded,2,-1.0,0.30000000000000004,quality_score=0.3000 < DOWNGRADE_THRESHOLD=0.4
16184,M053159,downgraded,2,-1.0,0.30000000000000004,quality_score=0.3000 < DOWNGRADE_THRESHOLD=0.4
16188,M012676,downgraded,2,-1.0,0.30000000000000004,quality_score=0.3000 < DOWNGRADE_THRESHOLD=0.4
16191,M075427,downgraded,2,-1.0,0.30000000000000004,quality_score=0.3000 < DOWNGRADE_THRESHOLD=0.4
16205,M059479,downgraded,2,-1.0,0.30000000000000004,quality_score=0.3000 < DOWNGRADE_THRESHOLD=0.4
16206,M043601,downgraded,2,-1.0,0.30000000000000004,quality_score=0.3000 < DOWNGRADE_THRESHOLD=0.4
16215,M044775,quarantined,3,-1.0,0.20000000000000004,retrieval_count=3>=N_MIN=3 and average_utility=-1.0000<=BETA=-0.2
16218,M089823,quarantined,3,-1.0,0.20000000000000004,retrieval_count=3>=N_MIN=3 and average_utility=-1.0000<=BETA=-0.2
16224,M053888,downgraded,2,-1.0,0.30000000000000004,quality_score=0.3000 < DOWNGRADE_THRESHOLD=0.4
16224,M007174,quarantined,3,-1.0,0.20000000000000004,retrieval_count=3>=N_MIN=3 and average_utility=-1.0000<=BETA=-0.2
16228,M058059,quarantined,3,-1.0,0.20000000000000004,retrieval_count=3>=N_MIN=3 and average_utility=-1.0000<=BETA=-0.2
16244,M059691,downgraded,2,-1.0,0.30000000000000004,quality_score=0.3000 < DOWNGRADE_THRESHOLD=0.4
16244,M070600,downgraded,2,-1.0,0.30000000000000004,quality_score=0.3000 < DOWNGRADE_THRESHOLD=0.4
16248,M080055,quarantined,3,-1.0,0.20000000000000004,retrieval_count=3>=N_MIN=3 and average_utility=-1.0000<=BETA=-0.2
16249,M067690,quarantined,3,-1.0,0.20000000000000004,retrieval_count=3>=N_MIN=3 and average_utility=-1.0000<=BETA=-0.2
16250,M024892,downgraded,2,-1.0,0.30000000000000004,quality_score=0.3000 < DOWNGRADE_THRESHOLD=0.4
16250,M055505,downgraded,2,-1.0,0.30000000000000004,quality_score=0.3000 < DOWNGRADE_THRESHOLD=0.4
16251,M024892,quarantined,3,-1.0,0.20000000000000004,retrieval_count=3>=N_MIN=3 and average_utility=-1.0000<=BETA=-0.2
16251,M019569,quarantined,3,-1.0,0.20000000000000004,retrieval_count=3>=N_MIN=3 and average_utility=-1.0000<=BETA=-0.2
16253,M075911,quarantined,3,-1.0,0.20000000000000004,retrieval_count=3>=N_MIN=3 and average_utility=-1.0000<=BETA=-0.2
16254,M015721,downgraded,2,-1.0,0.30000000000000004,quality_score=0.3000 < DOWNGRADE_THRESHOLD=0.4
16274,M016157,downgraded,2,-1.0,0.30000000000000004,quality_score=0.3000 < DOWNGRADE_THRESHOLD=0.4
16281,M013922,downgraded,2,-1.0,0.30000000000000004,quality_score=0.3000 < DOWNGRADE_THRESHOLD=0.4
16287,M039071,downgraded,2,-1.0,0.30000000000000004,quality_score=0.3000 < DOWNGRADE_THRESHOLD=0.4
16295,M067818,downgraded,2,-1.0,0.30000000000000004,quality_score=0.3000 < DOWNGRADE_THRESHOLD=0.4
16298,M015498,downgraded,2,-1.0,0.30000000000000004,quality_score=0.3000 < DOWNGRADE_THRESHOLD=0.4
16299,M070851,downgraded,2,-1.0,0.30000000000000004,quality_score=0.3000 < DOWNGRADE_THRESHOLD=0.4
16301,M079373,quarantined,3,-1.0,0.20000000000000004,retrieval_count=3>=N_MIN=3 and average_utility=-1.0000<=BETA=-0.2
16303,M002959,quarantined,3,-1.0,0.20000000000000004,retrieval_count=3>=N_MIN=3 and average_utility=-1.0000<=BETA=-0.2
16305,M056984,quarantined,3,-1.0,0.20000000000000004,retrieval_count=3>=N_MIN=3 and average_utility=-1.0000<=BETA=-0.2
16310,M019890,downgraded,2,-1.0,0.30000000000000004,quality_score=0.3000 < DOWNGRADE_THRESHOLD=0.4
16311,M084472,downgraded,2,-1.0,0.30000000000000004,quality_score=0.3000 < DOWNGRADE_THRESHOLD=0.4
16314,M020089,downgraded,2,-1.0,0.30000000000000004,quality_score=0.3000 < DOWNGRADE_THRESHOLD=0.4
16326,M055140,quarantined,3,-1.0,0.20000000000000004,retrieval_count=3>=N_MIN=3 and average_utility=-1.0000<=BETA=-0.2
16331,M024545,downgraded,2,-1.0,0.30000000000000004,quality_score=0.3000 < DOWNGRADE_THRESHOLD=0.4
16331,M061909,downgraded,2,-1.0,0.30000000000000004,quality_score=0.3000 < DOWNGRADE_THRESHOLD=0.4
16331,M077364,downgraded,2,-1.0,0.30000000000000004,quality_score=0.3000 < DOWNGRADE_THRESHOLD=0.4
16339,M064130,downgraded,2,-1.0,0.30000000000000004,quality_score=0.3000 < DOWNGRADE_THRESHOLD=0.4
16340,M008891,quarantined,3,-1.0,0.20000000000000004,retrieval_count=3>=N_MIN=3 and average_utility=-1.0000<=BETA=-0.2
16340,M002094,downgraded,2,-1.0,0.30000000000000004,quality_score=0.3000 < DOWNGRADE_THRESHOLD=0.4
16341,M035045,quarantined,3,-1.0,0.20000000000000004,retrieval_count=3>=N_MIN=3 and average_utility=-1.0000<=BETA=-0.2
16349,M099828,quarantined,3,-1.0,0.20000000000000004,retrieval_count=3>=N_MIN=3 and average_utility=-1.0000<=BETA=-0.2
16352,M081541,downgraded,2,-1.0,0.30000000000000004,quality_score=0.3000 < DOWNGRADE_THRESHOLD=0.4
16352,M036686,downgraded,2,-1.0,0.30000000000000004,quality_score=0.3000 < DOWNGRADE_THRESHOLD=0.4
16359,M093113,downgraded,2,-1.0,0.30000000000000004,quality_score=0.3000 < DOWNGRADE_THRESHOLD=0.4
16362,M067423,downgraded,2,-1.0,0.30000000000000004,quality_score=0.3000 < DOWNGRADE_THRESHOLD=0.4
16364,M048955,quarantined,3,-1.0,0.20000000000000004,retrieval_count=3>=N_MIN=3 and average_utility=-1.0000<=BETA=-0.2
16366,M005291,downgraded,2,-1.0,0.30000000000000004,quality_score=0.3000 < DOWNGRADE_THRESHOLD=0.4
16368,M066610,downgraded,2,-1.0,0.30000000000000004,quality_score=0.3000 < DOWNGRADE_THRESHOLD=0.4
16378,M046205,downgraded,2,-1.0,0.30000000000000004,quality_score=0.3000 < DOWNGRADE_THRESHOLD=0.4
16385,M078977,downgraded,2,-1.0,0.30000000000000004,quality_score=0.3000 < DOWNGRADE_THRESHOLD=0.4
16393,M077389,downgraded,2,-1.0,0.30000000000000004,quality_score=0.3000 < DOWNGRADE_THRESHOLD=0.4
16394,M085245,downgraded,2,-1.0,0.30000000000000004,quality_score=0.3000 < DOWNGRADE_THRESHOLD=0.4
16395,M009433,downgraded,2,-1.0,0.30000000000000004,quality_score=0.3000 < DOWNGRADE_THRESHOLD=0.4
16395,M035549,quarantined,3,-1.0,0.20000000000000004,retrieval_count=3>=N_MIN=3 and average_utility=-1.0000<=BETA=-0.2
16396,M089452,downgraded,2,-1.0,0.30000000000000004,quality_score=0.3000 < DOWNGRADE_THRESHOLD=0.4
16402,M011766,quarantined,3,-1.0,0.20000000000000004,retrieval_count=3>=N_MIN=3 and average_utility=-1.0000<=BETA=-0.2
16428,M095128,downgraded,2,-1.0,0.30000000000000004,quality_score=0.3000 < DOWNGRADE_THRESHOLD=0.4
16429,M004859,quarantined,3,-1.0,0.20000000000000004,retrieval_count=3>=N_MIN=3 and average_utility=-1.0000<=BETA=-0.2
16440,M019248,quarantined,3,-1.0,0.20000000000000004,retrieval_count=3>=N_MIN=3 and average_utility=-1.0000<=BETA=-0.2
16440,M004319,downgraded,2,-1.0,0.30000000000000004,quality_score=0.3000 < DOWNGRADE_THRESHOLD=0.4
16440,M074197,downgraded,2,-1.0,0.30000000000000004,quality_score=0.3000 < DOWNGRADE_THRESHOLD=0.4
16448,M018195,quarantined,3,-1.0,0.20000000000000004,retrieval_count=3>=N_MIN=3 and average_utility=-1.0000<=BETA=-0.2
16452,M089742,downgraded,2,-1.0,0.30000000000000004,quality_score=0.3000 < DOWNGRADE_THRESHOLD=0.4
16453,M025368,quarantined,3,-1.0,0.20000000000000004,retrieval_count=3>=N_MIN=3 and average_utility=-1.0000<=BETA=-0.2
16455,M086829,downgraded,2,-1.0,0.30000000000000004,quality_score=0.3000 < DOWNGRADE_THRESHOLD=0.4
16464,M070381,downgraded,2,-1.0,0.30000000000000004,quality_score=0.3000 < DOWNGRADE_THRESHOLD=0.4
16468,M091771,downgraded,2,-1.0,0.30000000000000004,quality_score=0.3000 < DOWNGRADE_THRESHOLD=0.4
16472,M019915,downgraded,2,-1.0,0.30000000000000004,quality_score=0.3000 < DOWNGRADE_THRESHOLD=0.4
16472,M055370,downgraded,2,-1.0,0.30000000000000004,quality_score=0.3000 < DOWNGRADE_THRESHOLD=0.4
16474,M029274,downgraded,2,-1.0,0.30000000000000004,quality_score=0.3000 < DOWNGRADE_THRESHOLD=0.4
16481,M085970,downgraded,2,-1.0,0.30000000000000004,quality_score=0.3000 < DOWNGRADE_THRESHOLD=0.4
16482,M024458,downgraded,2,-1.0,0.30000000000000004,quality_score=0.3000 < DOWNGRADE_THRESHOLD=0.4
16490,M078692,downgraded,2,-1.0,0.30000000000000004,quality_score=0.3000 < DOWNGRADE_THRESHOLD=0.4
16490,M084290,quarantined,3,-1.0,0.20000000000000004,retrieval_count=3>=N_MIN=3 and average_utility=-1.0000<=BETA=-0.2
16493,M066005,quarantined,3,-1.0,0.20000000000000004,retrieval_count=3>=N_MIN=3 and average_utility=-1.0000<=BETA=-0.2
16497,M055785,downgraded,2,-1.0,0.30000000000000004,quality_score=0.3000 < DOWNGRADE_THRESHOLD=0.4
16497,M077656,downgraded,2,-1.0,0.30000000000000004,quality_score=0.3000 < DOWNGRADE_THRESHOLD=0.4
16499,M017983,quarantined,3,-1.0,0.20000000000000004,retrieval_count=3>=N_MIN=3 and average_utility=-1.0000<=BETA=-0.2
16505,M002385,downgraded,2,-1.0,0.30000000000000004,quality_score=0.3000 < DOWNGRADE_THRESHOLD=0.4
16513,M019158,quarantined,3,-1.0,0.20000000000000004,retrieval_count=3>=N_MIN=3 and average_utility=-1.0000<=BETA=-0.2
16515,M030063,quarantined,3,-1.0,0.20000000000000004,retrieval_count=3>=N_MIN=3 and average_utility=-1.0000<=BETA=-0.2
16516,M016237,downgraded,2,-1.0,0.30000000000000004,quality_score=0.3000 < DOWNGRADE_THRESHOLD=0.4
16517,M089222,quarantined,3,-1.0,0.20000000000000004,retrieval_count=3>=N_MIN=3 and average_utility=-1.0000<=BETA=-0.2
16522,M057062,quarantined,3,-1.0,0.20000000000000004,retrieval_count=3>=N_MIN=3 and average_utility=-1.0000<=BETA=-0.2
16523,M069375,downgraded,2,-1.0,0.30000000000000004,quality_score=0.3000 < DOWNGRADE_THRESHOLD=0.4
16524,M023235,downgraded,2,-1.0,0.30000000000000004,quality_score=0.3000 < DOWNGRADE_THRESHOLD=0.4
16533,M025930,quarantined,3,-1.0,0.20000000000000004,retrieval_count=3>=N_MIN=3 and average_utility=-1.0000<=BETA=-0.2
16538,M083286,quarantined,3,-1.0,0.20000000000000004,retrieval_count=3>=N_MIN=3 and average_utility=-1.0000<=BETA=-0.2
16544,M018794,downgraded,2,-1.0,0.30000000000000004,quality_score=0.3000 < DOWNGRADE_THRESHOLD=0.4
16551,M091011,downgraded,2,-1.0,0.30000000000000004,quality_score=0.3000 < DOWNGRADE_THRESHOLD=0.4
16554,M097723,downgraded,2,-1.0,0.30000000000000004,quality_score=0.3000 < DOWNGRADE_THRESHOLD=0.4
16569,M047953,downgraded,2,-1.0,0.30000000000000004,quality_score=0.3000 < DOWNGRADE_THRESHOLD=0.4
16571,M070383,quarantined,3,-1.0,0.20000000000000004,retrieval_count=3>=N_MIN=3 and average_utility=-1.0000<=BETA=-0.2
16571,M040923,downgraded,2,-1.0,0.30000000000000004,quality_score=0.3000 < DOWNGRADE_THRESHOLD=0.4
16571,M082561,downgraded,2,-1.0,0.30000000000000004,quality_score=0.3000 < DOWNGRADE_THRESHOLD=0.4
16573,M006321,quarantined,3,-1.0,0.20000000000000004,retrieval_count=3>=N_MIN=3 and average_utility=-1.0000<=BETA=-0.2
16575,M075537,quarantined,3,-1.0,0.20000000000000004,retrieval_count=3>=N_MIN=3 and average_utility=-1.0000<=BETA=-0.2
16579,M059168,downgraded,2,-1.0,0.30000000000000004,quality_score=0.3000 < DOWNGRADE_THRESHOLD=0.4
16587,M077152,quarantined,3,-1.0,0.20000000000000004,retrieval_count=3>=N_MIN=3 and average_utility=-1.0000<=BETA=-0.2
16592,M097829,quarantined,3,-1.0,0.20000000000000004,retrieval_count=3>=N_MIN=3 and average_utility=-1.0000<=BETA=-0.2
16594,M077503,downgraded,2,-1.0,0.30000000000000004,quality_score=0.3000 < DOWNGRADE_THRESHOLD=0.4
16600,M035666,quarantined,3,-1.0,0.20000000000000004,retrieval_count=3>=N_MIN=3 and average_utility=-1.0000<=BETA=-0.2
16600,M007409,downgraded,2,-1.0,0.30000000000000004,quality_score=0.3000 < DOWNGRADE_THRESHOLD=0.4
16605,M078429,downgraded,2,-1.0,0.30000000000000004,quality_score=0.3000 < DOWNGRADE_THRESHOLD=0.4
16607,M004649,downgraded,2,-1.0,0.30000000000000004,quality_score=0.3000 < DOWNGRADE_THRESHOLD=0.4
16611,M052840,quarantined,3,-1.0,0.20000000000000004,retrieval_count=3>=N_MIN=3 and average_utility=-1.0000<=BETA=-0.2
16613,M080878,downgraded,2,-1.0,0.30000000000000004,quality_score=0.3000 < DOWNGRADE_THRESHOLD=0.4
16621,M009455,quarantined,3,-1.0,0.20000000000000004,retrieval_count=3>=N_MIN=3 and average_utility=-1.0000<=BETA=-0.2
16622,M047603,downgraded,2,-1.0,0.30000000000000004,quality_score=0.3000 < DOWNGRADE_THRESHOLD=0.4
16625,M019843,downgraded,2,-1.0,0.30000000000000004,quality_score=0.3000 < DOWNGRADE_THRESHOLD=0.4
16629,M053778,quarantined,3,-1.0,0.20000000000000004,retrieval_count=3>=N_MIN=3 and average_utility=-1.0000<=BETA=-0.2
16631,M077572,downgraded,2,-1.0,0.30000000000000004,quality_score=0.3000 < DOWNGRADE_THRESHOLD=0.4
16634,M090728,downgraded,2,-1.0,0.30000000000000004,quality_score=0.3000 < DOWNGRADE_THRESHOLD=0.4
16637,M070517,downgraded,2,-1.0,0.30000000000000004,quality_score=0.3000 < DOWNGRADE_THRESHOLD=0.4
16638,M029531,downgraded,2,-1.0,0.30000000000000004,quality_score=0.3000 < DOWNGRADE_THRESHOLD=0.4
16643,M050239,downgraded,2,-1.0,0.30000000000000004,quality_score=0.3000 < DOWNGRADE_THRESHOLD=0.4
16651,M016937,downgraded,2,-1.0,0.30000000000000004,quality_score=0.3000 < DOWNGRADE_THRESHOLD=0.4
16654,M032502,downgraded,2,-1.0,0.30000000000000004,quality_score=0.3000 < DOWNGRADE_THRESHOLD=0.4
16656,M040584,downgraded,2,-1.0,0.30000000000000004,quality_score=0.3000 < DOWNGRADE_THRESHOLD=0.4
16657,M004241,downgraded,2,-1.0,0.30000000000000004,quality_score=0.3000 < DOWNGRADE_THRESHOLD=0.4
16661,M024091,quarantined,3,-1.0,0.20000000000000004,retrieval_count=3>=N_MIN=3 and average_utility=-1.0000<=BETA=-0.2
16662,M091973,downgraded,2,-1.0,0.30000000000000004,quality_score=0.3000 < DOWNGRADE_THRESHOLD=0.4
16662,M075411,quarantined,3,-1.0,0.20000000000000004,retrieval_count=3>=N_MIN=3 and average_utility=-1.0000<=BETA=-0.2
16665,M089010,downgraded,2,-1.0,0.30000000000000004,quality_score=0.3000 < DOWNGRADE_THRESHOLD=0.4
16666,M101750,downgraded,2,-1.0,0.30000000000000004,quality_score=0.3000 < DOWNGRADE_THRESHOLD=0.4
16668,M004669,downgraded,2,-1.0,0.30000000000000004,quality_score=0.3000 < DOWNGRADE_THRESHOLD=0.4
16669,M041201,downgraded,2,-1.0,0.30000000000000004,quality_score=0.3000 < DOWNGRADE_THRESHOLD=0.4
16670,M044369,downgraded,2,-1.0,0.30000000000000004,quality_score=0.3000 < DOWNGRADE_THRESHOLD=0.4
16672,M023359,quarantined,3,-1.0,0.20000000000000004,retrieval_count=3>=N_MIN=3 and average_utility=-1.0000<=BETA=-0.2
16676,M003819,downgraded,2,-1.0,0.30000000000000004,quality_score=0.3000 < DOWNGRADE_THRESHOLD=0.4
16686,M029332,downgraded,2,-1.0,0.30000000000000004,quality_score=0.3000 < DOWNGRADE_THRESHOLD=0.4
16686,M031789,downgraded,2,-1.0,0.30000000000000004,quality_score=0.3000 < DOWNGRADE_THRESHOLD=0.4
16687,M012622,downgraded,2,-1.0,0.30000000000000004,quality_score=0.3000 < DOWNGRADE_THRESHOLD=0.4
16690,M043868,downgraded,2,-1.0,0.30000000000000004,quality_score=0.3000 < DOWNGRADE_THRESHOLD=0.4
16694,M079848,downgraded,2,-1.0,0.30000000000000004,quality_score=0.3000 < DOWNGRADE_THRESHOLD=0.4
16698,M067444,quarantined,3,-1.0,0.20000000000000004,retrieval_count=3>=N_MIN=3 and average_utility=-1.0000<=BETA=-0.2
16707,M022012,quarantined,3,-1.0,0.20000000000000004,retrieval_count=3>=N_MIN=3 and average_utility=-1.0000<=BETA=-0.2
16711,M018548,quarantined,3,-1.0,0.20000000000000004,retrieval_count=3>=N_MIN=3 and average_utility=-1.0000<=BETA=-0.2
16712,M085740,quarantined,3,-1.0,0.20000000000000004,retrieval_count=3>=N_MIN=3 and average_utility=-1.0000<=BETA=-0.2
16713,M092418,quarantined,3,-1.0,0.20000000000000004,retrieval_count=3>=N_MIN=3 and average_utility=-1.0000<=BETA=-0.2
16716,M070538,downgraded,2,-1.0,0.30000000000000004,quality_score=0.3000 < DOWNGRADE_THRESHOLD=0.4
16722,M083605,downgraded,2,-1.0,0.30000000000000004,quality_score=0.3000 < DOWNGRADE_THRESHOLD=0.4
16730,M058913,downgraded,2,-1.0,0.30000000000000004,quality_score=0.3000 < DOWNGRADE_THRESHOLD=0.4
16730,M100621,quarantined,3,-1.0,0.20000000000000004,retrieval_count=3>=N_MIN=3 and average_utility=-1.0000<=BETA=-0.2
16731,M080686,quarantined,3,-1.0,0.20000000000000004,retrieval_count=3>=N_MIN=3 and average_utility=-1.0000<=BETA=-0.2
16741,M016141,downgraded,2,-1.0,0.30000000000000004,quality_score=0.3000 < DOWNGRADE_THRESHOLD=0.4
16748,M098740,quarantined,3,-1.0,0.20000000000000004,retrieval_count=3>=N_MIN=3 and average_utility=-1.0000<=BETA=-0.2
16750,M050025,downgraded,2,-1.0,0.30000000000000004,quality_score=0.3000 < DOWNGRADE_THRESHOLD=0.4
16759,M031536,downgraded,2,-1.0,0.30000000000000004,quality_score=0.3000 < DOWNGRADE_THRESHOLD=0.4
16763,M069273,downgraded,2,-1.0,0.30000000000000004,quality_score=0.3000 < DOWNGRADE_THRESHOLD=0.4
16763,M046924,downgraded,2,-1.0,0.30000000000000004,quality_score=0.3000 < DOWNGRADE_THRESHOLD=0.4
16771,M100256,downgraded,2,-1.0,0.30000000000000004,quality_score=0.3000 < DOWNGRADE_THRESHOLD=0.4
16779,M059867,downgraded,2,-1.0,0.30000000000000004,quality_score=0.3000 < DOWNGRADE_THRESHOLD=0.4
16780,M049591,downgraded,2,-1.0,0.30000000000000004,quality_score=0.3000 < DOWNGRADE_THRESHOLD=0.4
16785,M063006,downgraded,2,-1.0,0.30000000000000004,quality_score=0.3000 < DOWNGRADE_THRESHOLD=0.4
16794,M064580,quarantined,3,-1.0,0.20000000000000004,retrieval_count=3>=N_MIN=3 and average_utility=-1.0000<=BETA=-0.2
16799,M017981,downgraded,2,-1.0,0.30000000000000004,quality_score=0.3000 < DOWNGRADE_THRESHOLD=0.4
16805,M047930,downgraded,2,-1.0,0.30000000000000004,quality_score=0.3000 < DOWNGRADE_THRESHOLD=0.4
16806,M002854,downgraded,2,-1.0,0.30000000000000004,quality_score=0.3000 < DOWNGRADE_THRESHOLD=0.4
16810,M098281,quarantined,3,-1.0,0.20000000000000004,retrieval_count=3>=N_MIN=3 and average_utility=-1.0000<=BETA=-0.2
16817,M023283,quarantined,3,-1.0,0.20000000000000004,retrieval_count=3>=N_MIN=3 and average_utility=-1.0000<=BETA=-0.2
16820,M099844,downgraded,2,-1.0,0.30000000000000004,quality_score=0.3000 < DOWNGRADE_THRESHOLD=0.4
16821,M018593,downgraded,2,-1.0,0.30000000000000004,quality_score=0.3000 < DOWNGRADE_THRESHOLD=0.4
16823,M029481,quarantined,3,-1.0,0.20000000000000004,retrieval_count=3>=N_MIN=3 and average_utility=-1.0000<=BETA=-0.2
16823,M038822,downgraded,2,-1.0,0.30000000000000004,quality_score=0.3000 < DOWNGRADE_THRESHOLD=0.4
16824,M055431,downgraded,2,-1.0,0.30000000000000004,quality_score=0.3000 < DOWNGRADE_THRESHOLD=0.4
16830,M031138,downgraded,2,-1.0,0.30000000000000004,quality_score=0.3000 < DOWNGRADE_THRESHOLD=0.4
16832,M015679,downgraded,2,-1.0,0.30000000000000004,quality_score=0.3000 < DOWNGRADE_THRESHOLD=0.4
16838,M077574,downgraded,2,-1.0,0.30000000000000004,quality_score=0.3000 < DOWNGRADE_THRESHOLD=0.4
16840,M052011,downgraded,2,-1.0,0.30000000000000004,quality_score=0.3000 < DOWNGRADE_THRESHOLD=0.4
16849,M040828,downgraded,2,-1.0,0.30000000000000004,quality_score=0.3000 < DOWNGRADE_THRESHOLD=0.4
16854,M039958,downgraded,2,-1.0,0.30000000000000004,quality_score=0.3000 < DOWNGRADE_THRESHOLD=0.4
16858,M033523,downgraded,2,-1.0,0.30000000000000004,quality_score=0.3000 < DOWNGRADE_THRESHOLD=0.4
16859,M042795,downgraded,2,-1.0,0.30000000000000004,quality_score=0.3000 < DOWNGRADE_THRESHOLD=0.4
16859,M028891,downgraded,2,-1.0,0.30000000000000004,quality_score=0.3000 < DOWNGRADE_THRESHOLD=0.4
16860,M042273,quarantined,3,-1.0,0.20000000000000004,retrieval_count=3>=N_MIN=3 and average_utility=-1.0000<=BETA=-0.2
16868,M062071,quarantined,3,-1.0,0.20000000000000004,retrieval_count=3>=N_MIN=3 and average_utility=-1.0000<=BETA=-0.2
16872,M034541,downgraded,2,-1.0,0.30000000000000004,quality_score=0.3000 < DOWNGRADE_THRESHOLD=0.4
16873,M041081,downgraded,2,-1.0,0.30000000000000004,quality_score=0.3000 < DOWNGRADE_THRESHOLD=0.4
16878,M024812,quarantined,3,-1.0,0.20000000000000004,retrieval_count=3>=N_MIN=3 and average_utility=-1.0000<=BETA=-0.2
16879,M047932,quarantined,3,-1.0,0.20000000000000004,retrieval_count=3>=N_MIN=3 and average_utility=-1.0000<=BETA=-0.2
16887,M073789,downgraded,2,-1.0,0.30000000000000004,quality_score=0.3000 < DOWNGRADE_THRESHOLD=0.4
16887,M098946,quarantined,3,-1.0,0.20000000000000004,retrieval_count=3>=N_MIN=3 and average_utility=-1.0000<=BETA=-0.2
16892,M026929,downgraded,2,-1.0,0.30000000000000004,quality_score=0.3000 < DOWNGRADE_THRESHOLD=0.4
16899,M006959,downgraded,2,-1.0,0.30000000000000004,quality_score=0.3000 < DOWNGRADE_THRESHOLD=0.4
16907,M044033,downgraded,2,-1.0,0.30000000000000004,quality_score=0.3000 < DOWNGRADE_THRESHOLD=0.4
16912,M086732,quarantined,3,-1.0,0.20000000000000004,retrieval_count=3>=N_MIN=3 and average_utility=-1.0000<=BETA=-0.2
16918,M083518,downgraded,2,-1.0,0.30000000000000004,quality_score=0.3000 < DOWNGRADE_THRESHOLD=0.4
16919,M064932,quarantined,3,-1.0,0.20000000000000004,retrieval_count=3>=N_MIN=3 and average_utility=-1.0000<=BETA=-0.2
16922,M036934,downgraded,2,-1.0,0.30000000000000004,quality_score=0.3000 < DOWNGRADE_THRESHOLD=0.4
16933,M043669,quarantined,3,-1.0,0.20000000000000004,retrieval_count=3>=N_MIN=3 and average_utility=-1.0000<=BETA=-0.2
16941,M012029,quarantined,3,-1.0,0.20000000000000004,retrieval_count=3>=N_MIN=3 and average_utility=-1.0000<=BETA=-0.2
16946,M000755,downgraded,2,-1.0,0.30000000000000004,quality_score=0.3000 < DOWNGRADE_THRESHOLD=0.4
16957,M076649,downgraded,2,-1.0,0.30000000000000004,quality_score=0.3000 < DOWNGRADE_THRESHOLD=0.4
16958,M090967,downgraded,2,-1.0,0.30000000000000004,quality_score=0.3000 < DOWNGRADE_THRESHOLD=0.4
16961,M076113,downgraded,2,-1.0,0.30000000000000004,quality_score=0.3000 < DOWNGRADE_THRESHOLD=0.4
16961,M099529,downgraded,2,-1.0,0.30000000000000004,quality_score=0.3000 < DOWNGRADE_THRESHOLD=0.4
16963,M059192,quarantined,3,-1.0,0.20000000000000004,retrieval_count=3>=N_MIN=3 and average_utility=-1.0000<=BETA=-0.2
16968,M009206,quarantined,3,-1.0,0.20000000000000004,retrieval_count=3>=N_MIN=3 and average_utility=-1.0000<=BETA=-0.2
16968,M076113,quarantined,3,-1.0,0.20000000000000004,retrieval_count=3>=N_MIN=3 and average_utility=-1.0000<=BETA=-0.2
16971,M097066,downgraded,2,-1.0,0.30000000000000004,quality_score=0.3000 < DOWNGRADE_THRESHOLD=0.4
16973,M077405,downgraded,2,-1.0,0.30000000000000004,quality_score=0.3000 < DOWNGRADE_THRESHOLD=0.4
16973,M018607,quarantined,3,-1.0,0.20000000000000004,retrieval_count=3>=N_MIN=3 and average_utility=-1.0000<=BETA=-0.2
16973,M058740,downgraded,2,-1.0,0.30000000000000004,quality_score=0.3000 < DOWNGRADE_THRESHOLD=0.4
16982,M008425,quarantined,3,-1.0,0.20000000000000004,retrieval_count=3>=N_MIN=3 and average_utility=-1.0000<=BETA=-0.2
16990,M044450,quarantined,3,-1.0,0.20000000000000004,retrieval_count=3>=N_MIN=3 and average_utility=-1.0000<=BETA=-0.2
16992,M100045,downgraded,2,-1.0,0.30000000000000004,quality_score=0.3000 < DOWNGRADE_THRESHOLD=0.4
16992,M066897,quarantined,3,-1.0,0.20000000000000004,retrieval_count=3>=N_MIN=3 and average_utility=-1.0000<=BETA=-0.2
16994,M001499,downgraded,2,-1.0,0.30000000000000004,quality_score=0.3000 < DOWNGRADE_THRESHOLD=0.4
16994,M095636,downgraded,2,-1.0,0.30000000000000004,quality_score=0.3000 < DOWNGRADE_THRESHOLD=0.4
16995,M099666,quarantined,3,-1.0,0.20000000000000004,retrieval_count=3>=N_MIN=3 and average_utility=-1.0000<=BETA=-0.2
16997,M018459,downgraded,2,-1.0,0.30000000000000004,quality_score=0.3000 < DOWNGRADE_THRESHOLD=0.4
17003,M059387,quarantined,3,-1.0,0.20000000000000004,retrieval_count=3>=N_MIN=3 and average_utility=-1.0000<=BETA=-0.2
17007,M018449,downgraded,2,-1.0,0.30000000000000004,quality_score=0.3000 < DOWNGRADE_THRESHOLD=0.4
17008,M060743,quarantined,3,-1.0,0.20000000000000004,retrieval_count=3>=N_MIN=3 and average_utility=-1.0000<=BETA=-0.2
17009,M004486,downgraded,2,-1.0,0.30000000000000004,quality_score=0.3000 < DOWNGRADE_THRESHOLD=0.4
17010,M036169,downgraded,2,-1.0,0.30000000000000004,quality_score=0.3000 < DOWNGRADE_THRESHOLD=0.4
17012,M066135,downgraded,2,-1.0,0.30000000000000004,quality_score=0.3000 < DOWNGRADE_THRESHOLD=0.4
17018,M065567,downgraded,2,-1.0,0.30000000000000004,quality_score=0.3000 < DOWNGRADE_THRESHOLD=0.4
17023,M046914,downgraded,2,-1.0,0.30000000000000004,quality_score=0.3000 < DOWNGRADE_THRESHOLD=0.4
17024,M052998,downgraded,2,-1.0,0.30000000000000004,quality_score=0.3000 < DOWNGRADE_THRESHOLD=0.4
17026,M101695,downgraded,2,-1.0,0.30000000000000004,quality_score=0.3000 < DOWNGRADE_THRESHOLD=0.4
17026,M049884,downgraded,2,-1.0,0.30000000000000004,quality_score=0.3000 < DOWNGRADE_THRESHOLD=0.4
17030,M032611,quarantined,3,-1.0,0.20000000000000004,retrieval_count=3>=N_MIN=3 and average_utility=-1.0000<=BETA=-0.2
17031,M096633,downgraded,2,-1.0,0.30000000000000004,quality_score=0.3000 < DOWNGRADE_THRESHOLD=0.4
17037,M074295,downgraded,2,-1.0,0.30000000000000004,quality_score=0.3000 < DOWNGRADE_THRESHOLD=0.4
17038,M078205,downgraded,2,-1.0,0.30000000000000004,quality_score=0.3000 < DOWNGRADE_THRESHOLD=0.4
17039,M078742,downgraded,2,-1.0,0.30000000000000004,quality_score=0.3000 < DOWNGRADE_THRESHOLD=0.4
17044,M051039,downgraded,2,-1.0,0.30000000000000004,quality_score=0.3000 < DOWNGRADE_THRESHOLD=0.4
17054,M100019,downgraded,2,-1.0,0.30000000000000004,quality_score=0.3000 < DOWNGRADE_THRESHOLD=0.4
17058,M040324,downgraded,2,-1.0,0.30000000000000004,quality_score=0.3000 < DOWNGRADE_THRESHOLD=0.4
17059,M054233,quarantined,3,-1.0,0.20000000000000004,retrieval_count=3>=N_MIN=3 and average_utility=-1.0000<=BETA=-0.2
17063,M039855,quarantined,3,-1.0,0.20000000000000004,retrieval_count=3>=N_MIN=3 and average_utility=-1.0000<=BETA=-0.2
17064,M028134,downgraded,2,-1.0,0.30000000000000004,quality_score=0.3000 < DOWNGRADE_THRESHOLD=0.4
17068,M080099,quarantined,3,-1.0,0.20000000000000004,retrieval_count=3>=N_MIN=3 and average_utility=-1.0000<=BETA=-0.2
17073,M039336,quarantined,3,-1.0,0.20000000000000004,retrieval_count=3>=N_MIN=3 and average_utility=-1.0000<=BETA=-0.2
17084,M058537,downgraded,2,-1.0,0.30000000000000004,quality_score=0.3000 < DOWNGRADE_THRESHOLD=0.4
17087,M093705,downgraded,2,-1.0,0.30000000000000004,quality_score=0.3000 < DOWNGRADE_THRESHOLD=0.4
17093,M062922,downgraded,2,-1.0,0.30000000000000004,quality_score=0.3000 < DOWNGRADE_THRESHOLD=0.4
17098,M046293,downgraded,2,-1.0,0.30000000000000004,quality_score=0.3000 < DOWNGRADE_THRESHOLD=0.4
17101,M080878,quarantined,3,-1.0,0.20000000000000004,retrieval_count=3>=N_MIN=3 and average_utility=-1.0000<=BETA=-0.2
17114,M101385,downgraded,2,-1.0,0.30000000000000004,quality_score=0.3000 < DOWNGRADE_THRESHOLD=0.4
17116,M072118,quarantined,3,-1.0,0.20000000000000004,retrieval_count=3>=N_MIN=3 and average_utility=-1.0000<=BETA=-0.2
17120,M013540,downgraded,2,-1.0,0.30000000000000004,quality_score=0.3000 < DOWNGRADE_THRESHOLD=0.4
17128,M095180,downgraded,2,-1.0,0.30000000000000004,quality_score=0.3000 < DOWNGRADE_THRESHOLD=0.4
17130,M043127,downgraded,2,-1.0,0.30000000000000004,quality_score=0.3000 < DOWNGRADE_THRESHOLD=0.4
17134,M015401,quarantined,3,-1.0,0.20000000000000004,retrieval_count=3>=N_MIN=3 and average_utility=-1.0000<=BETA=-0.2
17148,M045260,downgraded,2,-1.0,0.30000000000000004,quality_score=0.3000 < DOWNGRADE_THRESHOLD=0.4
17149,M021904,downgraded,2,-1.0,0.30000000000000004,quality_score=0.3000 < DOWNGRADE_THRESHOLD=0.4
17152,M025582,downgraded,2,-1.0,0.30000000000000004,quality_score=0.3000 < DOWNGRADE_THRESHOLD=0.4
17153,M036627,downgraded,2,-1.0,0.30000000000000004,quality_score=0.3000 < DOWNGRADE_THRESHOLD=0.4
17154,M068431,downgraded,2,-1.0,0.30000000000000004,quality_score=0.3000 < DOWNGRADE_THRESHOLD=0.4
17159,M004173,downgraded,2,-1.0,0.30000000000000004,quality_score=0.3000 < DOWNGRADE_THRESHOLD=0.4
17163,M001252,downgraded,2,-1.0,0.30000000000000004,quality_score=0.3000 < DOWNGRADE_THRESHOLD=0.4
17165,M035203,quarantined,3,-1.0,0.20000000000000004,retrieval_count=3>=N_MIN=3 and average_utility=-1.0000<=BETA=-0.2
17171,M096516,quarantined,3,-1.0,0.20000000000000004,retrieval_count=3>=N_MIN=3 and average_utility=-1.0000<=BETA=-0.2
17172,M098861,downgraded,2,-1.0,0.30000000000000004,quality_score=0.3000 < DOWNGRADE_THRESHOLD=0.4
17181,M092228,downgraded,2,-1.0,0.30000000000000004,quality_score=0.3000 < DOWNGRADE_THRESHOLD=0.4
17184,M017253,quarantined,3,-1.0,0.20000000000000004,retrieval_count=3>=N_MIN=3 and average_utility=-1.0000<=BETA=-0.2
17198,M089657,downgraded,2,-1.0,0.30000000000000004,quality_score=0.3000 < DOWNGRADE_THRESHOLD=0.4
17201,M022683,downgraded,2,-1.0,0.30000000000000004,quality_score=0.3000 < DOWNGRADE_THRESHOLD=0.4
17203,M031379,downgraded,2,-1.0,0.30000000000000004,quality_score=0.3000 < DOWNGRADE_THRESHOLD=0.4
17217,M080434,downgraded,2,-1.0,0.30000000000000004,quality_score=0.3000 < DOWNGRADE_THRESHOLD=0.4
17218,M023827,downgraded,2,-1.0,0.30000000000000004,quality_score=0.3000 < DOWNGRADE_THRESHOLD=0.4
17219,M081540,downgraded,2,-1.0,0.30000000000000004,quality_score=0.3000 < DOWNGRADE_THRESHOLD=0.4
17221,M097527,downgraded,2,-1.0,0.30000000000000004,quality_score=0.3000 < DOWNGRADE_THRESHOLD=0.4
17228,M090604,downgraded,2,-1.0,0.30000000000000004,quality_score=0.3000 < DOWNGRADE_THRESHOLD=0.4
17229,M047099,quarantined,3,-1.0,0.20000000000000004,retrieval_count=3>=N_MIN=3 and average_utility=-1.0000<=BETA=-0.2
17239,M056724,downgraded,2,-1.0,0.30000000000000004,quality_score=0.3000 < DOWNGRADE_THRESHOLD=0.4
17249,M072930,downgraded,2,-1.0,0.30000000000000004,quality_score=0.3000 < DOWNGRADE_THRESHOLD=0.4
17251,M048371,downgraded,2,-1.0,0.30000000000000004,quality_score=0.3000 < DOWNGRADE_THRESHOLD=0.4
17255,M033895,quarantined,3,-1.0,0.20000000000000004,retrieval_count=3>=N_MIN=3 and average_utility=-1.0000<=BETA=-0.2
17262,M056166,downgraded,2,-1.0,0.30000000000000004,quality_score=0.3000 < DOWNGRADE_THRESHOLD=0.4
17273,M061909,quarantined,3,-1.0,0.20000000000000004,retrieval_count=3>=N_MIN=3 and average_utility=-1.0000<=BETA=-0.2
17276,M056747,downgraded,2,-1.0,0.30000000000000004,quality_score=0.3000 < DOWNGRADE_THRESHOLD=0.4
17277,M044033,quarantined,3,-1.0,0.20000000000000004,retrieval_count=3>=N_MIN=3 and average_utility=-1.0000<=BETA=-0.2
17279,M057070,quarantined,3,-1.0,0.20000000000000004,retrieval_count=3>=N_MIN=3 and average_utility=-1.0000<=BETA=-0.2
17289,M025582,quarantined,3,-1.0,0.20000000000000004,retrieval_count=3>=N_MIN=3 and average_utility=-1.0000<=BETA=-0.2
17290,M053294,downgraded,2,-1.0,0.30000000000000004,quality_score=0.3000 < DOWNGRADE_THRESHOLD=0.4
17292,M047595,downgraded,2,-1.0,0.30000000000000004,quality_score=0.3000 < DOWNGRADE_THRESHOLD=0.4
17292,M086671,downgraded,2,-1.0,0.30000000000000004,quality_score=0.3000 < DOWNGRADE_THRESHOLD=0.4
17296,M031754,quarantined,3,-1.0,0.20000000000000004,retrieval_count=3>=N_MIN=3 and average_utility=-1.0000<=BETA=-0.2
17312,M078194,quarantined,3,-1.0,0.20000000000000004,retrieval_count=3>=N_MIN=3 and average_utility=-1.0000<=BETA=-0.2
17317,M089617,quarantined,3,-1.0,0.20000000000000004,retrieval_count=3>=N_MIN=3 and average_utility=-1.0000<=BETA=-0.2
17320,M037342,downgraded,2,-1.0,0.30000000000000004,quality_score=0.3000 < DOWNGRADE_THRESHOLD=0.4
17323,M096660,downgraded,2,-1.0,0.30000000000000004,quality_score=0.3000 < DOWNGRADE_THRESHOLD=0.4
17327,M043869,quarantined,3,-1.0,0.20000000000000004,retrieval_count=3>=N_MIN=3 and average_utility=-1.0000<=BETA=-0.2
17330,M060013,downgraded,2,-1.0,0.30000000000000004,quality_score=0.3000 < DOWNGRADE_THRESHOLD=0.4
17331,M031629,downgraded,2,-1.0,0.30000000000000004,quality_score=0.3000 < DOWNGRADE_THRESHOLD=0.4
17338,M004636,downgraded,2,-1.0,0.30000000000000004,quality_score=0.3000 < DOWNGRADE_THRESHOLD=0.4
17341,M049822,quarantined,3,-1.0,0.20000000000000004,retrieval_count=3>=N_MIN=3 and average_utility=-1.0000<=BETA=-0.2
17345,M021880,downgraded,2,-1.0,0.30000000000000004,quality_score=0.3000 < DOWNGRADE_THRESHOLD=0.4
17351,M005602,downgraded,2,-1.0,0.30000000000000004,quality_score=0.3000 < DOWNGRADE_THRESHOLD=0.4
17353,M056088,downgraded,2,-1.0,0.30000000000000004,quality_score=0.3000 < DOWNGRADE_THRESHOLD=0.4
17356,M052011,quarantined,3,-1.0,0.20000000000000004,retrieval_count=3>=N_MIN=3 and average_utility=-1.0000<=BETA=-0.2
17357,M075945,quarantined,3,-1.0,0.20000000000000004,retrieval_count=3>=N_MIN=3 and average_utility=-1.0000<=BETA=-0.2
17360,M085283,quarantined,3,-1.0,0.20000000000000004,retrieval_count=3>=N_MIN=3 and average_utility=-1.0000<=BETA=-0.2
17361,M026522,quarantined,3,-1.0,0.20000000000000004,retrieval_count=3>=N_MIN=3 and average_utility=-1.0000<=BETA=-0.2
17362,M070944,downgraded,2,-1.0,0.30000000000000004,quality_score=0.3000 < DOWNGRADE_THRESHOLD=0.4
17373,M075600,quarantined,3,-1.0,0.20000000000000004,retrieval_count=3>=N_MIN=3 and average_utility=-1.0000<=BETA=-0.2
17375,M037786,quarantined,3,-1.0,0.20000000000000004,retrieval_count=3>=N_MIN=3 and average_utility=-1.0000<=BETA=-0.2
17375,M067882,quarantined,3,-1.0,0.20000000000000004,retrieval_count=3>=N_MIN=3 and average_utility=-1.0000<=BETA=-0.2
17375,M095442,quarantined,3,-1.0,0.20000000000000004,retrieval_count=3>=N_MIN=3 and average_utility=-1.0000<=BETA=-0.2
17376,M006618,downgraded,2,-1.0,0.30000000000000004,quality_score=0.3000 < DOWNGRADE_THRESHOLD=0.4
17379,M010041,downgraded,2,-1.0,0.30000000000000004,quality_score=0.3000 < DOWNGRADE_THRESHOLD=0.4
17399,M024966,quarantined,3,-1.0,0.20000000000000004,retrieval_count=3>=N_MIN=3 and average_utility=-1.0000<=BETA=-0.2
17401,M073743,downgraded,2,-1.0,0.30000000000000004,quality_score=0.3000 < DOWNGRADE_THRESHOLD=0.4
17402,M086764,quarantined,3,-1.0,0.20000000000000004,retrieval_count=3>=N_MIN=3 and average_utility=-1.0000<=BETA=-0.2
17409,M051494,downgraded,2,-1.0,0.30000000000000004,quality_score=0.3000 < DOWNGRADE_THRESHOLD=0.4
17412,M069330,downgraded,2,-1.0,0.30000000000000004,quality_score=0.3000 < DOWNGRADE_THRESHOLD=0.4
17413,M046205,quarantined,3,-1.0,0.20000000000000004,retrieval_count=3>=N_MIN=3 and average_utility=-1.0000<=BETA=-0.2
17423,M037590,quarantined,3,-1.0,0.20000000000000004,retrieval_count=3>=N_MIN=3 and average_utility=-1.0000<=BETA=-0.2
17423,M001476,quarantined,3,-1.0,0.20000000000000004,retrieval_count=3>=N_MIN=3 and average_utility=-1.0000<=BETA=-0.2
17424,M084186,quarantined,3,-1.0,0.20000000000000004,retrieval_count=3>=N_MIN=3 and average_utility=-1.0000<=BETA=-0.2
17435,M066270,downgraded,2,-1.0,0.30000000000000004,quality_score=0.3000 < DOWNGRADE_THRESHOLD=0.4
17435,M023553,downgraded,2,-1.0,0.30000000000000004,quality_score=0.3000 < DOWNGRADE_THRESHOLD=0.4
17449,M088011,downgraded,2,-1.0,0.30000000000000004,quality_score=0.3000 < DOWNGRADE_THRESHOLD=0.4
17451,M006708,quarantined,3,-1.0,0.20000000000000004,retrieval_count=3>=N_MIN=3 and average_utility=-1.0000<=BETA=-0.2
17451,M100832,quarantined,3,-1.0,0.20000000000000004,retrieval_count=3>=N_MIN=3 and average_utility=-1.0000<=BETA=-0.2
17454,M079572,quarantined,3,-1.0,0.20000000000000004,retrieval_count=3>=N_MIN=3 and average_utility=-1.0000<=BETA=-0.2
17455,M075095,downgraded,2,-1.0,0.30000000000000004,quality_score=0.3000 < DOWNGRADE_THRESHOLD=0.4
17457,M076470,downgraded,2,-1.0,0.30000000000000004,quality_score=0.3000 < DOWNGRADE_THRESHOLD=0.4
17464,M048253,downgraded,2,-1.0,0.30000000000000004,quality_score=0.3000 < DOWNGRADE_THRESHOLD=0.4
17465,M011931,downgraded,2,-1.0,0.30000000000000004,quality_score=0.3000 < DOWNGRADE_THRESHOLD=0.4
17466,M090071,downgraded,2,-1.0,0.30000000000000004,quality_score=0.3000 < DOWNGRADE_THRESHOLD=0.4
17473,M098804,quarantined,3,-1.0,0.20000000000000004,retrieval_count=3>=N_MIN=3 and average_utility=-1.0000<=BETA=-0.2
17483,M094500,quarantined,3,-1.0,0.20000000000000004,retrieval_count=3>=N_MIN=3 and average_utility=-1.0000<=BETA=-0.2
17485,M021273,downgraded,2,-1.0,0.30000000000000004,quality_score=0.3000 < DOWNGRADE_THRESHOLD=0.4
17490,M029956,downgraded,2,-1.0,0.30000000000000004,quality_score=0.3000 < DOWNGRADE_THRESHOLD=0.4
17495,M014880,downgraded,2,-1.0,0.30000000000000004,quality_score=0.3000 < DOWNGRADE_THRESHOLD=0.4
17503,M035182,downgraded,2,-1.0,0.30000000000000004,quality_score=0.3000 < DOWNGRADE_THRESHOLD=0.4
17505,M054042,downgraded,2,-1.0,0.30000000000000004,quality_score=0.3000 < DOWNGRADE_THRESHOLD=0.4
17505,M092579,quarantined,3,-1.0,0.20000000000000004,retrieval_count=3>=N_MIN=3 and average_utility=-1.0000<=BETA=-0.2
17507,M062387,downgraded,2,-1.0,0.30000000000000004,quality_score=0.3000 < DOWNGRADE_THRESHOLD=0.4
17517,M067606,downgraded,2,-1.0,0.30000000000000004,quality_score=0.3000 < DOWNGRADE_THRESHOLD=0.4
17526,M012860,downgraded,2,-1.0,0.30000000000000004,quality_score=0.3000 < DOWNGRADE_THRESHOLD=0.4
17528,M054697,downgraded,2,-1.0,0.30000000000000004,quality_score=0.3000 < DOWNGRADE_THRESHOLD=0.4
17531,M071677,downgraded,2,-1.0,0.30000000000000004,quality_score=0.3000 < DOWNGRADE_THRESHOLD=0.4
17532,M055206,downgraded,2,-1.0,0.30000000000000004,quality_score=0.3000 < DOWNGRADE_THRESHOLD=0.4
17533,M039218,quarantined,3,-1.0,0.20000000000000004,retrieval_count=3>=N_MIN=3 and average_utility=-1.0000<=BETA=-0.2
17535,M043913,downgraded,2,-1.0,0.30000000000000004,quality_score=0.3000 < DOWNGRADE_THRESHOLD=0.4
17538,M012845,quarantined,3,-1.0,0.20000000000000004,retrieval_count=3>=N_MIN=3 and average_utility=-1.0000<=BETA=-0.2
17541,M038010,downgraded,2,-1.0,0.30000000000000004,quality_score=0.3000 < DOWNGRADE_THRESHOLD=0.4
17562,M077621,downgraded,2,-1.0,0.30000000000000004,quality_score=0.3000 < DOWNGRADE_THRESHOLD=0.4
17564,M014293,quarantined,3,-1.0,0.20000000000000004,retrieval_count=3>=N_MIN=3 and average_utility=-1.0000<=BETA=-0.2
17567,M054852,downgraded,2,-1.0,0.30000000000000004,quality_score=0.3000 < DOWNGRADE_THRESHOLD=0.4
17570,M069384,downgraded,2,-1.0,0.30000000000000004,quality_score=0.3000 < DOWNGRADE_THRESHOLD=0.4
17571,M033437,downgraded,2,-1.0,0.30000000000000004,quality_score=0.3000 < DOWNGRADE_THRESHOLD=0.4
17573,M050522,quarantined,3,-1.0,0.20000000000000004,retrieval_count=3>=N_MIN=3 and average_utility=-1.0000<=BETA=-0.2
17573,M024149,downgraded,2,-1.0,0.30000000000000004,quality_score=0.3000 < DOWNGRADE_THRESHOLD=0.4
17573,M100575,downgraded,2,-1.0,0.30000000000000004,quality_score=0.3000 < DOWNGRADE_THRESHOLD=0.4
17573,M071925,quarantined,3,-1.0,0.20000000000000004,retrieval_count=3>=N_MIN=3 and average_utility=-1.0000<=BETA=-0.2
17574,M044419,quarantined,3,-1.0,0.20000000000000004,retrieval_count=3>=N_MIN=3 and average_utility=-1.0000<=BETA=-0.2
17576,M063926,downgraded,2,-1.0,0.30000000000000004,quality_score=0.3000 < DOWNGRADE_THRESHOLD=0.4
17578,M019581,downgraded,2,-1.0,0.30000000000000004,quality_score=0.3000 < DOWNGRADE_THRESHOLD=0.4
17579,M081614,downgraded,2,-1.0,0.30000000000000004,quality_score=0.3000 < DOWNGRADE_THRESHOLD=0.4
17583,M012152,quarantined,3,-1.0,0.20000000000000004,retrieval_count=3>=N_MIN=3 and average_utility=-1.0000<=BETA=-0.2
17583,M070881,downgraded,2,-1.0,0.30000000000000004,quality_score=0.3000 < DOWNGRADE_THRESHOLD=0.4
17586,M079199,downgraded,2,-1.0,0.30000000000000004,quality_score=0.3000 < DOWNGRADE_THRESHOLD=0.4
17590,M074405,downgraded,2,-1.0,0.30000000000000004,quality_score=0.3000 < DOWNGRADE_THRESHOLD=0.4
17597,M055078,downgraded,2,-1.0,0.30000000000000004,quality_score=0.3000 < DOWNGRADE_THRESHOLD=0.4
17597,M097756,downgraded,2,-1.0,0.30000000000000004,quality_score=0.3000 < DOWNGRADE_THRESHOLD=0.4
17599,M063181,quarantined,3,-1.0,0.20000000000000004,retrieval_count=3>=N_MIN=3 and average_utility=-1.0000<=BETA=-0.2
17605,M028376,quarantined,3,-1.0,0.20000000000000004,retrieval_count=3>=N_MIN=3 and average_utility=-1.0000<=BETA=-0.2
17614,M058238,downgraded,2,-1.0,0.30000000000000004,quality_score=0.3000 < DOWNGRADE_THRESHOLD=0.4
17619,M065567,quarantined,3,-1.0,0.20000000000000004,retrieval_count=3>=N_MIN=3 and average_utility=-1.0000<=BETA=-0.2
17622,M035916,downgraded,2,-1.0,0.30000000000000004,quality_score=0.3000 < DOWNGRADE_THRESHOLD=0.4
17622,M008410,quarantined,3,-1.0,0.20000000000000004,retrieval_count=3>=N_MIN=3 and average_utility=-1.0000<=BETA=-0.2
17623,M079706,quarantined,3,-1.0,0.20000000000000004,retrieval_count=3>=N_MIN=3 and average_utility=-1.0000<=BETA=-0.2
17624,M047727,quarantined,3,-1.0,0.20000000000000004,retrieval_count=3>=N_MIN=3 and average_utility=-1.0000<=BETA=-0.2
17624,M030688,quarantined,3,-1.0,0.20000000000000004,retrieval_count=3>=N_MIN=3 and average_utility=-1.0000<=BETA=-0.2
17626,M049200,quarantined,3,-1.0,0.20000000000000004,retrieval_count=3>=N_MIN=3 and average_utility=-1.0000<=BETA=-0.2
17632,M006509,downgraded,2,-1.0,0.30000000000000004,quality_score=0.3000 < DOWNGRADE_THRESHOLD=0.4
17634,M004990,quarantined,3,-1.0,0.20000000000000004,retrieval_count=3>=N_MIN=3 and average_utility=-1.0000<=BETA=-0.2
17635,M059864,quarantined,3,-1.0,0.20000000000000004,retrieval_count=3>=N_MIN=3 and average_utility=-1.0000<=BETA=-0.2
17635,M101727,quarantined,3,-1.0,0.20000000000000004,retrieval_count=3>=N_MIN=3 and average_utility=-1.0000<=BETA=-0.2
17636,M043166,downgraded,2,-1.0,0.30000000000000004,quality_score=0.3000 < DOWNGRADE_THRESHOLD=0.4
17638,M070714,quarantined,3,-1.0,0.20000000000000004,retrieval_count=3>=N_MIN=3 and average_utility=-1.0000<=BETA=-0.2
17640,M005918,downgraded,2,-1.0,0.30000000000000004,quality_score=0.3000 < DOWNGRADE_THRESHOLD=0.4
17640,M000246,downgraded,2,-1.0,0.30000000000000004,quality_score=0.3000 < DOWNGRADE_THRESHOLD=0.4
17647,M007860,downgraded,2,-1.0,0.30000000000000004,quality_score=0.3000 < DOWNGRADE_THRESHOLD=0.4
17651,M081979,downgraded,2,-1.0,0.30000000000000004,quality_score=0.3000 < DOWNGRADE_THRESHOLD=0.4
17658,M001432,downgraded,2,-1.0,0.30000000000000004,quality_score=0.3000 < DOWNGRADE_THRESHOLD=0.4
17661,M014496,quarantined,3,-1.0,0.20000000000000004,retrieval_count=3>=N_MIN=3 and average_utility=-1.0000<=BETA=-0.2
17667,M006458,quarantined,3,-1.0,0.20000000000000004,retrieval_count=3>=N_MIN=3 and average_utility=-1.0000<=BETA=-0.2
17672,M062704,downgraded,2,-1.0,0.30000000000000004,quality_score=0.3000 < DOWNGRADE_THRESHOLD=0.4
17675,M073492,downgraded,2,-1.0,0.30000000000000004,quality_score=0.3000 < DOWNGRADE_THRESHOLD=0.4
17675,M017120,quarantined,3,-1.0,0.20000000000000004,retrieval_count=3>=N_MIN=3 and average_utility=-1.0000<=BETA=-0.2
17677,M020434,downgraded,2,-1.0,0.30000000000000004,quality_score=0.3000 < DOWNGRADE_THRESHOLD=0.4
17678,M002058,downgraded,2,-1.0,0.30000000000000004,quality_score=0.3000 < DOWNGRADE_THRESHOLD=0.4
17679,M086335,downgraded,2,-1.0,0.30000000000000004,quality_score=0.3000 < DOWNGRADE_THRESHOLD=0.4
17680,M086981,downgraded,2,-1.0,0.30000000000000004,quality_score=0.3000 < DOWNGRADE_THRESHOLD=0.4
17681,M002822,quarantined,3,-1.0,0.20000000000000004,retrieval_count=3>=N_MIN=3 and average_utility=-1.0000<=BETA=-0.2
17683,M073550,downgraded,2,-1.0,0.30000000000000004,quality_score=0.3000 < DOWNGRADE_THRESHOLD=0.4
17683,M040734,downgraded,2,-1.0,0.30000000000000004,quality_score=0.3000 < DOWNGRADE_THRESHOLD=0.4
17686,M082909,downgraded,2,-1.0,0.30000000000000004,quality_score=0.3000 < DOWNGRADE_THRESHOLD=0.4
17689,M031510,downgraded,2,-1.0,0.30000000000000004,quality_score=0.3000 < DOWNGRADE_THRESHOLD=0.4
17697,M079692,quarantined,3,-1.0,0.20000000000000004,retrieval_count=3>=N_MIN=3 and average_utility=-1.0000<=BETA=-0.2
17702,M022134,downgraded,2,-1.0,0.30000000000000004,quality_score=0.3000 < DOWNGRADE_THRESHOLD=0.4
17704,M056658,downgraded,2,-1.0,0.30000000000000004,quality_score=0.3000 < DOWNGRADE_THRESHOLD=0.4
17731,M005562,quarantined,3,-1.0,0.20000000000000004,retrieval_count=3>=N_MIN=3 and average_utility=-1.0000<=BETA=-0.2
17734,M087860,quarantined,3,-1.0,0.20000000000000004,retrieval_count=3>=N_MIN=3 and average_utility=-1.0000<=BETA=-0.2
17736,M039035,quarantined,3,-1.0,0.20000000000000004,retrieval_count=3>=N_MIN=3 and average_utility=-1.0000<=BETA=-0.2
17738,M056047,quarantined,3,-1.0,0.20000000000000004,retrieval_count=3>=N_MIN=3 and average_utility=-1.0000<=BETA=-0.2
17740,M079384,downgraded,2,-1.0,0.30000000000000004,quality_score=0.3000 < DOWNGRADE_THRESHOLD=0.4
17741,M079936,downgraded,2,-1.0,0.30000000000000004,quality_score=0.3000 < DOWNGRADE_THRESHOLD=0.4
17742,M039036,downgraded,2,-1.0,0.30000000000000004,quality_score=0.3000 < DOWNGRADE_THRESHOLD=0.4
17754,M013196,downgraded,2,-1.0,0.30000000000000004,quality_score=0.3000 < DOWNGRADE_THRESHOLD=0.4
17758,M037845,downgraded,2,-1.0,0.30000000000000004,quality_score=0.3000 < DOWNGRADE_THRESHOLD=0.4
17762,M002668,quarantined,3,-1.0,0.20000000000000004,retrieval_count=3>=N_MIN=3 and average_utility=-1.0000<=BETA=-0.2
17763,M031455,quarantined,3,-1.0,0.20000000000000004,retrieval_count=3>=N_MIN=3 and average_utility=-1.0000<=BETA=-0.2
17764,M094377,downgraded,2,-1.0,0.30000000000000004,quality_score=0.3000 < DOWNGRADE_THRESHOLD=0.4
17769,M083928,downgraded,2,-1.0,0.30000000000000004,quality_score=0.3000 < DOWNGRADE_THRESHOLD=0.4
17769,M037382,downgraded,2,-1.0,0.30000000000000004,quality_score=0.3000 < DOWNGRADE_THRESHOLD=0.4
17771,M022845,downgraded,2,-1.0,0.30000000000000004,quality_score=0.3000 < DOWNGRADE_THRESHOLD=0.4
17772,M086847,downgraded,2,-1.0,0.30000000000000004,quality_score=0.3000 < DOWNGRADE_THRESHOLD=0.4
17780,M084711,downgraded,2,-1.0,0.30000000000000004,quality_score=0.3000 < DOWNGRADE_THRESHOLD=0.4
17780,M072823,quarantined,3,-1.0,0.20000000000000004,retrieval_count=3>=N_MIN=3 and average_utility=-1.0000<=BETA=-0.2
17789,M025344,downgraded,2,-1.0,0.30000000000000004,quality_score=0.3000 < DOWNGRADE_THRESHOLD=0.4
17789,M054549,downgraded,2,-1.0,0.30000000000000004,quality_score=0.3000 < DOWNGRADE_THRESHOLD=0.4
17790,M049965,downgraded,2,-1.0,0.30000000000000004,quality_score=0.3000 < DOWNGRADE_THRESHOLD=0.4
17792,M043260,quarantined,3,-1.0,0.20000000000000004,retrieval_count=3>=N_MIN=3 and average_utility=-1.0000<=BETA=-0.2
17792,M055272,quarantined,3,-1.0,0.20000000000000004,retrieval_count=3>=N_MIN=3 and average_utility=-1.0000<=BETA=-0.2
17795,M055353,downgraded,2,-1.0,0.30000000000000004,quality_score=0.3000 < DOWNGRADE_THRESHOLD=0.4
17801,M063019,downgraded,2,-1.0,0.30000000000000004,quality_score=0.3000 < DOWNGRADE_THRESHOLD=0.4
17803,M035732,quarantined,3,-1.0,0.20000000000000004,retrieval_count=3>=N_MIN=3 and average_utility=-1.0000<=BETA=-0.2
17804,M053209,downgraded,2,-1.0,0.30000000000000004,quality_score=0.3000 < DOWNGRADE_THRESHOLD=0.4
17816,M005496,quarantined,3,-1.0,0.20000000000000004,retrieval_count=3>=N_MIN=3 and average_utility=-1.0000<=BETA=-0.2
17819,M033122,downgraded,2,-1.0,0.30000000000000004,quality_score=0.3000 < DOWNGRADE_THRESHOLD=0.4
17822,M089497,downgraded,2,-1.0,0.30000000000000004,quality_score=0.3000 < DOWNGRADE_THRESHOLD=0.4
17823,M089905,downgraded,2,-1.0,0.30000000000000004,quality_score=0.3000 < DOWNGRADE_THRESHOLD=0.4
17826,M062629,quarantined,3,-1.0,0.20000000000000004,retrieval_count=3>=N_MIN=3 and average_utility=-1.0000<=BETA=-0.2
17828,M006432,quarantined,3,-1.0,0.20000000000000004,retrieval_count=3>=N_MIN=3 and average_utility=-1.0000<=BETA=-0.2
17829,M003922,downgraded,2,-1.0,0.30000000000000004,quality_score=0.3000 < DOWNGRADE_THRESHOLD=0.4
17837,M080615,quarantined,3,-1.0,0.20000000000000004,retrieval_count=3>=N_MIN=3 and average_utility=-1.0000<=BETA=-0.2
17837,M036911,quarantined,3,-1.0,0.20000000000000004,retrieval_count=3>=N_MIN=3 and average_utility=-1.0000<=BETA=-0.2
17839,M081348,downgraded,2,-1.0,0.30000000000000004,quality_score=0.3000 < DOWNGRADE_THRESHOLD=0.4
17839,M067953,downgraded,2,-1.0,0.30000000000000004,quality_score=0.3000 < DOWNGRADE_THRESHOLD=0.4
17841,M016303,downgraded,2,-1.0,0.30000000000000004,quality_score=0.3000 < DOWNGRADE_THRESHOLD=0.4
17842,M096972,downgraded,2,-1.0,0.30000000000000004,quality_score=0.3000 < DOWNGRADE_THRESHOLD=0.4
17846,M068172,downgraded,2,-1.0,0.30000000000000004,quality_score=0.3000 < DOWNGRADE_THRESHOLD=0.4
17849,M005086,downgraded,2,-1.0,0.30000000000000004,quality_score=0.3000 < DOWNGRADE_THRESHOLD=0.4
17863,M020767,quarantined,3,-1.0,0.20000000000000004,retrieval_count=3>=N_MIN=3 and average_utility=-1.0000<=BETA=-0.2
17868,M016157,quarantined,3,-1.0,0.20000000000000004,retrieval_count=3>=N_MIN=3 and average_utility=-1.0000<=BETA=-0.2
17869,M047381,quarantined,3,-1.0,0.20000000000000004,retrieval_count=3>=N_MIN=3 and average_utility=-1.0000<=BETA=-0.2
17874,M046914,quarantined,3,-1.0,0.20000000000000004,retrieval_count=3>=N_MIN=3 and average_utility=-1.0000<=BETA=-0.2
17874,M014106,downgraded,2,-1.0,0.30000000000000004,quality_score=0.3000 < DOWNGRADE_THRESHOLD=0.4
17875,M052746,downgraded,2,-1.0,0.30000000000000004,quality_score=0.3000 < DOWNGRADE_THRESHOLD=0.4
17885,M041447,quarantined,3,-1.0,0.20000000000000004,retrieval_count=3>=N_MIN=3 and average_utility=-1.0000<=BETA=-0.2
17892,M066991,downgraded,2,-1.0,0.30000000000000004,quality_score=0.3000 < DOWNGRADE_THRESHOLD=0.4
17894,M050423,downgraded,2,-1.0,0.30000000000000004,quality_score=0.3000 < DOWNGRADE_THRESHOLD=0.4
17894,M012334,downgraded,2,-1.0,0.30000000000000004,quality_score=0.3000 < DOWNGRADE_THRESHOLD=0.4
17900,M064278,downgraded,2,-1.0,0.30000000000000004,quality_score=0.3000 < DOWNGRADE_THRESHOLD=0.4
17900,M016539,downgraded,2,-1.0,0.30000000000000004,quality_score=0.3000 < DOWNGRADE_THRESHOLD=0.4
17901,M000343,downgraded,2,-1.0,0.30000000000000004,quality_score=0.3000 < DOWNGRADE_THRESHOLD=0.4
17905,M032819,downgraded,2,-1.0,0.30000000000000004,quality_score=0.3000 < DOWNGRADE_THRESHOLD=0.4
17906,M057031,quarantined,3,-1.0,0.20000000000000004,retrieval_count=3>=N_MIN=3 and average_utility=-1.0000<=BETA=-0.2
17911,M056326,downgraded,2,-1.0,0.30000000000000004,quality_score=0.3000 < DOWNGRADE_THRESHOLD=0.4
17911,M077932,quarantined,3,-1.0,0.20000000000000004,retrieval_count=3>=N_MIN=3 and average_utility=-1.0000<=BETA=-0.2
17912,M018555,downgraded,2,-1.0,0.30000000000000004,quality_score=0.3000 < DOWNGRADE_THRESHOLD=0.4
17913,M032851,downgraded,2,-1.0,0.30000000000000004,quality_score=0.3000 < DOWNGRADE_THRESHOLD=0.4
17915,M082034,downgraded,2,-1.0,0.30000000000000004,quality_score=0.3000 < DOWNGRADE_THRESHOLD=0.4
17916,M029231,quarantined,3,-1.0,0.20000000000000004,retrieval_count=3>=N_MIN=3 and average_utility=-1.0000<=BETA=-0.2
17918,M089905,quarantined,3,-1.0,0.20000000000000004,retrieval_count=3>=N_MIN=3 and average_utility=-1.0000<=BETA=-0.2
17922,M078137,downgraded,2,-1.0,0.30000000000000004,quality_score=0.3000 < DOWNGRADE_THRESHOLD=0.4
17923,M055146,downgraded,2,-1.0,0.30000000000000004,quality_score=0.3000 < DOWNGRADE_THRESHOLD=0.4
17923,M013444,downgraded,2,-1.0,0.30000000000000004,quality_score=0.3000 < DOWNGRADE_THRESHOLD=0.4
17927,M066324,quarantined,3,-1.0,0.20000000000000004,retrieval_count=3>=N_MIN=3 and average_utility=-1.0000<=BETA=-0.2
17931,M076073,downgraded,2,-1.0,0.30000000000000004,quality_score=0.3000 < DOWNGRADE_THRESHOLD=0.4
17935,M047300,downgraded,2,-1.0,0.30000000000000004,quality_score=0.3000 < DOWNGRADE_THRESHOLD=0.4
17945,M065393,downgraded,2,-1.0,0.30000000000000004,quality_score=0.3000 < DOWNGRADE_THRESHOLD=0.4
17954,M099364,downgraded,2,-1.0,0.30000000000000004,quality_score=0.3000 < DOWNGRADE_THRESHOLD=0.4
17956,M043222,downgraded,2,-1.0,0.30000000000000004,quality_score=0.3000 < DOWNGRADE_THRESHOLD=0.4
17960,M023832,downgraded,2,-1.0,0.30000000000000004,quality_score=0.3000 < DOWNGRADE_THRESHOLD=0.4
17961,M071289,quarantined,3,-1.0,0.20000000000000004,retrieval_count=3>=N_MIN=3 and average_utility=-1.0000<=BETA=-0.2
17961,M075934,quarantined,3,-1.0,0.20000000000000004,retrieval_count=3>=N_MIN=3 and average_utility=-1.0000<=BETA=-0.2
17965,M049610,downgraded,2,-1.0,0.30000000000000004,quality_score=0.3000 < DOWNGRADE_THRESHOLD=0.4
17967,M080037,downgraded,2,-1.0,0.30000000000000004,quality_score=0.3000 < DOWNGRADE_THRESHOLD=0.4
17967,M089377,downgraded,2,-1.0,0.30000000000000004,quality_score=0.3000 < DOWNGRADE_THRESHOLD=0.4
17977,M071108,downgraded,2,-1.0,0.30000000000000004,quality_score=0.3000 < DOWNGRADE_THRESHOLD=0.4
17982,M081160,downgraded,2,-1.0,0.30000000000000004,quality_score=0.3000 < DOWNGRADE_THRESHOLD=0.4
17983,M044661,downgraded,2,-1.0,0.30000000000000004,quality_score=0.3000 < DOWNGRADE_THRESHOLD=0.4
17990,M073655,downgraded,2,-1.0,0.30000000000000004,quality_score=0.3000 < DOWNGRADE_THRESHOLD=0.4
17996,M028090,downgraded,2,-1.0,0.30000000000000004,quality_score=0.3000 < DOWNGRADE_THRESHOLD=0.4
17998,M022845,quarantined,3,-1.0,0.20000000000000004,retrieval_count=3>=N_MIN=3 and average_utility=-1.0000<=BETA=-0.2
18004,M081939,downgraded,2,-1.0,0.30000000000000004,quality_score=0.3000 < DOWNGRADE_THRESHOLD=0.4
18004,M066683,downgraded,2,-1.0,0.30000000000000004,quality_score=0.3000 < DOWNGRADE_THRESHOLD=0.4
18007,M029594,downgraded,2,-1.0,0.30000000000000004,quality_score=0.3000 < DOWNGRADE_THRESHOLD=0.4
18010,M017460,downgraded,2,-1.0,0.30000000000000004,quality_score=0.3000 < DOWNGRADE_THRESHOLD=0.4
18014,M073436,downgraded,2,-1.0,0.30000000000000004,quality_score=0.3000 < DOWNGRADE_THRESHOLD=0.4
18029,M071057,quarantined,3,-1.0,0.20000000000000004,retrieval_count=3>=N_MIN=3 and average_utility=-1.0000<=BETA=-0.2
18034,M056918,quarantined,3,-1.0,0.20000000000000004,retrieval_count=3>=N_MIN=3 and average_utility=-1.0000<=BETA=-0.2
18035,M037156,downgraded,2,-1.0,0.30000000000000004,quality_score=0.3000 < DOWNGRADE_THRESHOLD=0.4
18038,M050044,downgraded,2,-1.0,0.30000000000000004,quality_score=0.3000 < DOWNGRADE_THRESHOLD=0.4
18041,M038059,downgraded,2,-1.0,0.30000000000000004,quality_score=0.3000 < DOWNGRADE_THRESHOLD=0.4
18043,M096929,downgraded,2,-1.0,0.30000000000000004,quality_score=0.3000 < DOWNGRADE_THRESHOLD=0.4
18047,M081515,downgraded,2,-1.0,0.30000000000000004,quality_score=0.3000 < DOWNGRADE_THRESHOLD=0.4
18048,M037970,downgraded,2,-1.0,0.30000000000000004,quality_score=0.3000 < DOWNGRADE_THRESHOLD=0.4
18049,M050747,downgraded,2,-1.0,0.30000000000000004,quality_score=0.3000 < DOWNGRADE_THRESHOLD=0.4
18050,M040593,downgraded,2,-1.0,0.30000000000000004,quality_score=0.3000 < DOWNGRADE_THRESHOLD=0.4
18052,M076486,quarantined,3,-1.0,0.20000000000000004,retrieval_count=3>=N_MIN=3 and average_utility=-1.0000<=BETA=-0.2
18056,M083440,downgraded,2,-1.0,0.30000000000000004,quality_score=0.3000 < DOWNGRADE_THRESHOLD=0.4
18060,M073682,quarantined,3,-1.0,0.20000000000000004,retrieval_count=3>=N_MIN=3 and average_utility=-1.0000<=BETA=-0.2
18062,M017297,downgraded,2,-1.0,0.30000000000000004,quality_score=0.3000 < DOWNGRADE_THRESHOLD=0.4
18065,M037912,quarantined,3,-1.0,0.20000000000000004,retrieval_count=3>=N_MIN=3 and average_utility=-1.0000<=BETA=-0.2
18076,M039232,downgraded,2,-1.0,0.30000000000000004,quality_score=0.3000 < DOWNGRADE_THRESHOLD=0.4
18082,M031090,downgraded,2,-1.0,0.30000000000000004,quality_score=0.3000 < DOWNGRADE_THRESHOLD=0.4
18084,M012860,quarantined,3,-1.0,0.20000000000000004,retrieval_count=3>=N_MIN=3 and average_utility=-1.0000<=BETA=-0.2
18087,M023948,downgraded,2,-1.0,0.30000000000000004,quality_score=0.3000 < DOWNGRADE_THRESHOLD=0.4
18089,M017835,downgraded,2,-1.0,0.30000000000000004,quality_score=0.3000 < DOWNGRADE_THRESHOLD=0.4
18092,M059432,downgraded,2,-1.0,0.30000000000000004,quality_score=0.3000 < DOWNGRADE_THRESHOLD=0.4
18097,M050025,quarantined,3,-1.0,0.20000000000000004,retrieval_count=3>=N_MIN=3 and average_utility=-1.0000<=BETA=-0.2
18103,M021273,quarantined,3,-1.0,0.20000000000000004,retrieval_count=3>=N_MIN=3 and average_utility=-1.0000<=BETA=-0.2
18111,M067540,downgraded,2,-1.0,0.30000000000000004,quality_score=0.3000 < DOWNGRADE_THRESHOLD=0.4
18111,M066114,downgraded,2,-1.0,0.30000000000000004,quality_score=0.3000 < DOWNGRADE_THRESHOLD=0.4
18119,M018236,downgraded,2,-1.0,0.30000000000000004,quality_score=0.3000 < DOWNGRADE_THRESHOLD=0.4
18120,M095955,downgraded,2,-1.0,0.30000000000000004,quality_score=0.3000 < DOWNGRADE_THRESHOLD=0.4
18123,M088011,quarantined,3,-1.0,0.20000000000000004,retrieval_count=3>=N_MIN=3 and average_utility=-1.0000<=BETA=-0.2
18125,M046678,quarantined,3,-1.0,0.20000000000000004,retrieval_count=3>=N_MIN=3 and average_utility=-1.0000<=BETA=-0.2
18127,M027342,downgraded,2,-1.0,0.30000000000000004,quality_score=0.3000 < DOWNGRADE_THRESHOLD=0.4
18128,M025539,quarantined,3,-1.0,0.20000000000000004,retrieval_count=3>=N_MIN=3 and average_utility=-1.0000<=BETA=-0.2
18130,M021111,downgraded,2,-1.0,0.30000000000000004,quality_score=0.3000 < DOWNGRADE_THRESHOLD=0.4
18132,M036405,downgraded,2,-1.0,0.30000000000000004,quality_score=0.3000 < DOWNGRADE_THRESHOLD=0.4
18132,M033122,quarantined,3,-1.0,0.20000000000000004,retrieval_count=3>=N_MIN=3 and average_utility=-1.0000<=BETA=-0.2
18135,M019473,quarantined,3,-1.0,0.20000000000000004,retrieval_count=3>=N_MIN=3 and average_utility=-1.0000<=BETA=-0.2
18139,M041620,downgraded,2,-1.0,0.30000000000000004,quality_score=0.3000 < DOWNGRADE_THRESHOLD=0.4
18140,M048021,downgraded,2,-1.0,0.30000000000000004,quality_score=0.3000 < DOWNGRADE_THRESHOLD=0.4
18141,M061876,downgraded,2,-1.0,0.30000000000000004,quality_score=0.3000 < DOWNGRADE_THRESHOLD=0.4
18143,M061617,downgraded,2,-1.0,0.30000000000000004,quality_score=0.3000 < DOWNGRADE_THRESHOLD=0.4
18149,M015721,quarantined,3,-1.0,0.20000000000000004,retrieval_count=3>=N_MIN=3 and average_utility=-1.0000<=BETA=-0.2
18149,M016199,downgraded,2,-1.0,0.30000000000000004,quality_score=0.3000 < DOWNGRADE_THRESHOLD=0.4
18151,M016705,downgraded,2,-1.0,0.30000000000000004,quality_score=0.3000 < DOWNGRADE_THRESHOLD=0.4
18158,M048972,quarantined,3,-1.0,0.20000000000000004,retrieval_count=3>=N_MIN=3 and average_utility=-1.0000<=BETA=-0.2
18168,M016684,downgraded,2,-1.0,0.30000000000000004,quality_score=0.3000 < DOWNGRADE_THRESHOLD=0.4
18170,M077896,quarantined,3,-1.0,0.20000000000000004,retrieval_count=3>=N_MIN=3 and average_utility=-1.0000<=BETA=-0.2
18174,M091312,downgraded,2,-1.0,0.30000000000000004,quality_score=0.3000 < DOWNGRADE_THRESHOLD=0.4
18186,M034637,quarantined,3,-1.0,0.20000000000000004,retrieval_count=3>=N_MIN=3 and average_utility=-1.0000<=BETA=-0.2
18187,M015521,quarantined,3,-1.0,0.20000000000000004,retrieval_count=3>=N_MIN=3 and average_utility=-1.0000<=BETA=-0.2
18198,M010036,downgraded,2,-1.0,0.30000000000000004,quality_score=0.3000 < DOWNGRADE_THRESHOLD=0.4
18200,M030734,downgraded,2,-1.0,0.30000000000000004,quality_score=0.3000 < DOWNGRADE_THRESHOLD=0.4
18202,M022998,quarantined,3,-1.0,0.20000000000000004,retrieval_count=3>=N_MIN=3 and average_utility=-1.0000<=BETA=-0.2
18203,M054722,quarantined,3,-1.0,0.20000000000000004,retrieval_count=3>=N_MIN=3 and average_utility=-1.0000<=BETA=-0.2
18205,M066783,downgraded,2,-1.0,0.30000000000000004,quality_score=0.3000 < DOWNGRADE_THRESHOLD=0.4
18210,M065834,quarantined,3,-1.0,0.20000000000000004,retrieval_count=3>=N_MIN=3 and average_utility=-1.0000<=BETA=-0.2
18217,M030941,downgraded,2,-1.0,0.30000000000000004,quality_score=0.3000 < DOWNGRADE_THRESHOLD=0.4
18221,M010357,downgraded,2,-1.0,0.30000000000000004,quality_score=0.3000 < DOWNGRADE_THRESHOLD=0.4
18222,M040031,quarantined,3,-1.0,0.20000000000000004,retrieval_count=3>=N_MIN=3 and average_utility=-1.0000<=BETA=-0.2
18223,M023859,downgraded,2,-1.0,0.30000000000000004,quality_score=0.3000 < DOWNGRADE_THRESHOLD=0.4
18228,M075832,quarantined,3,-1.0,0.20000000000000004,retrieval_count=3>=N_MIN=3 and average_utility=-1.0000<=BETA=-0.2
18232,M035153,quarantined,3,-1.0,0.20000000000000004,retrieval_count=3>=N_MIN=3 and average_utility=-1.0000<=BETA=-0.2
18239,M033415,quarantined,3,-1.0,0.20000000000000004,retrieval_count=3>=N_MIN=3 and average_utility=-1.0000<=BETA=-0.2
18242,M051871,downgraded,2,-1.0,0.30000000000000004,quality_score=0.3000 < DOWNGRADE_THRESHOLD=0.4
18243,M095313,downgraded,2,-1.0,0.30000000000000004,quality_score=0.3000 < DOWNGRADE_THRESHOLD=0.4
18246,M061678,downgraded,2,-1.0,0.30000000000000004,quality_score=0.3000 < DOWNGRADE_THRESHOLD=0.4
18253,M038277,downgraded,2,-1.0,0.30000000000000004,quality_score=0.3000 < DOWNGRADE_THRESHOLD=0.4
18256,M029951,downgraded,2,-1.0,0.30000000000000004,quality_score=0.3000 < DOWNGRADE_THRESHOLD=0.4
18263,M085190,quarantined,3,-1.0,0.20000000000000004,retrieval_count=3>=N_MIN=3 and average_utility=-1.0000<=BETA=-0.2
18267,M019478,downgraded,2,-1.0,0.30000000000000004,quality_score=0.3000 < DOWNGRADE_THRESHOLD=0.4
18276,M066872,quarantined,3,-1.0,0.20000000000000004,retrieval_count=3>=N_MIN=3 and average_utility=-1.0000<=BETA=-0.2
18281,M078835,downgraded,2,-1.0,0.30000000000000004,quality_score=0.3000 < DOWNGRADE_THRESHOLD=0.4
18292,M028580,downgraded,2,-1.0,0.30000000000000004,quality_score=0.3000 < DOWNGRADE_THRESHOLD=0.4
18303,M017981,quarantined,3,-1.0,0.20000000000000004,retrieval_count=3>=N_MIN=3 and average_utility=-1.0000<=BETA=-0.2
18305,M080810,downgraded,2,-1.0,0.30000000000000004,quality_score=0.3000 < DOWNGRADE_THRESHOLD=0.4
18310,M015875,quarantined,3,-1.0,0.20000000000000004,retrieval_count=3>=N_MIN=3 and average_utility=-1.0000<=BETA=-0.2
18311,M044599,quarantined,3,-1.0,0.20000000000000004,retrieval_count=3>=N_MIN=3 and average_utility=-1.0000<=BETA=-0.2
18312,M017918,downgraded,2,-1.0,0.30000000000000004,quality_score=0.3000 < DOWNGRADE_THRESHOLD=0.4
18313,M034402,downgraded,2,-1.0,0.30000000000000004,quality_score=0.3000 < DOWNGRADE_THRESHOLD=0.4
18314,M087043,quarantined,3,-1.0,0.20000000000000004,retrieval_count=3>=N_MIN=3 and average_utility=-1.0000<=BETA=-0.2
18327,M021919,downgraded,2,-1.0,0.30000000000000004,quality_score=0.3000 < DOWNGRADE_THRESHOLD=0.4
18331,M055785,quarantined,3,-1.0,0.20000000000000004,retrieval_count=3>=N_MIN=3 and average_utility=-1.0000<=BETA=-0.2
18335,M030466,downgraded,2,-1.0,0.30000000000000004,quality_score=0.3000 < DOWNGRADE_THRESHOLD=0.4
18340,M059299,downgraded,2,-1.0,0.30000000000000004,quality_score=0.3000 < DOWNGRADE_THRESHOLD=0.4
18346,M087289,downgraded,2,-1.0,0.30000000000000004,quality_score=0.3000 < DOWNGRADE_THRESHOLD=0.4
18349,M060321,quarantined,3,-1.0,0.20000000000000004,retrieval_count=3>=N_MIN=3 and average_utility=-1.0000<=BETA=-0.2
18352,M069070,downgraded,2,-1.0,0.30000000000000004,quality_score=0.3000 < DOWNGRADE_THRESHOLD=0.4
18353,M091243,quarantined,3,-1.0,0.20000000000000004,retrieval_count=3>=N_MIN=3 and average_utility=-1.0000<=BETA=-0.2
18360,M011264,quarantined,3,-1.0,0.20000000000000004,retrieval_count=3>=N_MIN=3 and average_utility=-1.0000<=BETA=-0.2
18365,M041632,downgraded,2,-1.0,0.30000000000000004,quality_score=0.3000 < DOWNGRADE_THRESHOLD=0.4
18371,M049131,quarantined,3,-1.0,0.20000000000000004,retrieval_count=3>=N_MIN=3 and average_utility=-1.0000<=BETA=-0.2
18374,M044864,quarantined,3,-1.0,0.20000000000000004,retrieval_count=3>=N_MIN=3 and average_utility=-1.0000<=BETA=-0.2
18377,M047943,downgraded,2,-1.0,0.30000000000000004,quality_score=0.3000 < DOWNGRADE_THRESHOLD=0.4
18380,M034855,downgraded,2,-1.0,0.30000000000000004,quality_score=0.3000 < DOWNGRADE_THRESHOLD=0.4
18381,M028700,downgraded,2,-1.0,0.30000000000000004,quality_score=0.3000 < DOWNGRADE_THRESHOLD=0.4
18382,M051891,downgraded,2,-1.0,0.30000000000000004,quality_score=0.3000 < DOWNGRADE_THRESHOLD=0.4
18393,M031871,downgraded,2,-1.0,0.30000000000000004,quality_score=0.3000 < DOWNGRADE_THRESHOLD=0.4
18393,M059867,quarantined,3,-1.0,0.20000000000000004,retrieval_count=3>=N_MIN=3 and average_utility=-1.0000<=BETA=-0.2
18397,M002693,downgraded,2,-1.0,0.30000000000000004,quality_score=0.3000 < DOWNGRADE_THRESHOLD=0.4
18399,M062719,quarantined,3,-1.0,0.20000000000000004,retrieval_count=3>=N_MIN=3 and average_utility=-1.0000<=BETA=-0.2
18399,M003498,downgraded,2,-1.0,0.30000000000000004,quality_score=0.3000 < DOWNGRADE_THRESHOLD=0.4
18400,M068004,downgraded,2,-1.0,0.30000000000000004,quality_score=0.3000 < DOWNGRADE_THRESHOLD=0.4
18407,M008652,quarantined,3,-1.0,0.20000000000000004,retrieval_count=3>=N_MIN=3 and average_utility=-1.0000<=BETA=-0.2
18412,M048656,downgraded,2,-1.0,0.30000000000000004,quality_score=0.3000 < DOWNGRADE_THRESHOLD=0.4
18414,M005046,downgraded,2,-1.0,0.30000000000000004,quality_score=0.3000 < DOWNGRADE_THRESHOLD=0.4
18419,M076101,downgraded,2,-1.0,0.30000000000000004,quality_score=0.3000 < DOWNGRADE_THRESHOLD=0.4
18430,M027331,downgraded,2,-1.0,0.30000000000000004,quality_score=0.3000 < DOWNGRADE_THRESHOLD=0.4
18436,M068584,downgraded,2,-1.0,0.30000000000000004,quality_score=0.3000 < DOWNGRADE_THRESHOLD=0.4
18437,M003687,quarantined,3,-1.0,0.20000000000000004,retrieval_count=3>=N_MIN=3 and average_utility=-1.0000<=BETA=-0.2
18440,M071027,downgraded,2,-1.0,0.30000000000000004,quality_score=0.3000 < DOWNGRADE_THRESHOLD=0.4
18442,M020522,downgraded,2,-1.0,0.30000000000000004,quality_score=0.3000 < DOWNGRADE_THRESHOLD=0.4
18442,M027191,downgraded,2,-1.0,0.30000000000000004,quality_score=0.3000 < DOWNGRADE_THRESHOLD=0.4
18446,M044449,quarantined,3,-1.0,0.20000000000000004,retrieval_count=3>=N_MIN=3 and average_utility=-1.0000<=BETA=-0.2
18449,M028790,downgraded,2,-1.0,0.30000000000000004,quality_score=0.3000 < DOWNGRADE_THRESHOLD=0.4
18449,M061154,quarantined,3,-1.0,0.20000000000000004,retrieval_count=3>=N_MIN=3 and average_utility=-1.0000<=BETA=-0.2
18450,M017927,downgraded,2,-1.0,0.30000000000000004,quality_score=0.3000 < DOWNGRADE_THRESHOLD=0.4
18454,M066610,quarantined,3,-1.0,0.20000000000000004,retrieval_count=3>=N_MIN=3 and average_utility=-1.0000<=BETA=-0.2
18457,M008175,downgraded,2,-1.0,0.30000000000000004,quality_score=0.3000 < DOWNGRADE_THRESHOLD=0.4
18460,M092835,quarantined,3,-1.0,0.20000000000000004,retrieval_count=3>=N_MIN=3 and average_utility=-1.0000<=BETA=-0.2
18469,M011646,downgraded,2,-1.0,0.30000000000000004,quality_score=0.3000 < DOWNGRADE_THRESHOLD=0.4
18472,M093752,downgraded,2,-1.0,0.30000000000000004,quality_score=0.3000 < DOWNGRADE_THRESHOLD=0.4
18475,M000476,downgraded,2,-1.0,0.30000000000000004,quality_score=0.3000 < DOWNGRADE_THRESHOLD=0.4
18475,M040324,quarantined,3,-1.0,0.20000000000000004,retrieval_count=3>=N_MIN=3 and average_utility=-1.0000<=BETA=-0.2
18481,M046006,quarantined,3,-1.0,0.20000000000000004,retrieval_count=3>=N_MIN=3 and average_utility=-1.0000<=BETA=-0.2
18490,M027854,downgraded,2,-1.0,0.30000000000000004,quality_score=0.3000 < DOWNGRADE_THRESHOLD=0.4
18491,M080544,downgraded,2,-1.0,0.30000000000000004,quality_score=0.3000 < DOWNGRADE_THRESHOLD=0.4
18499,M032945,downgraded,2,-1.0,0.30000000000000004,quality_score=0.3000 < DOWNGRADE_THRESHOLD=0.4
18502,M004649,quarantined,3,-1.0,0.20000000000000004,retrieval_count=3>=N_MIN=3 and average_utility=-1.0000<=BETA=-0.2
18503,M004837,downgraded,2,-1.0,0.30000000000000004,quality_score=0.3000 < DOWNGRADE_THRESHOLD=0.4
18505,M018394,downgraded,2,-1.0,0.30000000000000004,quality_score=0.3000 < DOWNGRADE_THRESHOLD=0.4
18509,M054691,quarantined,3,-1.0,0.20000000000000004,retrieval_count=3>=N_MIN=3 and average_utility=-1.0000<=BETA=-0.2
18509,M022444,downgraded,2,-1.0,0.30000000000000004,quality_score=0.3000 < DOWNGRADE_THRESHOLD=0.4
18520,M064441,downgraded,2,-1.0,0.30000000000000004,quality_score=0.3000 < DOWNGRADE_THRESHOLD=0.4
18521,M036329,downgraded,2,-1.0,0.30000000000000004,quality_score=0.3000 < DOWNGRADE_THRESHOLD=0.4
18525,M069552,downgraded,2,-1.0,0.30000000000000004,quality_score=0.3000 < DOWNGRADE_THRESHOLD=0.4
18531,M027854,quarantined,3,-1.0,0.20000000000000004,retrieval_count=3>=N_MIN=3 and average_utility=-1.0000<=BETA=-0.2
18532,M069450,downgraded,2,-1.0,0.30000000000000004,quality_score=0.3000 < DOWNGRADE_THRESHOLD=0.4
18538,M071132,downgraded,2,-1.0,0.30000000000000004,quality_score=0.3000 < DOWNGRADE_THRESHOLD=0.4
18541,M037059,quarantined,3,-1.0,0.20000000000000004,retrieval_count=3>=N_MIN=3 and average_utility=-1.0000<=BETA=-0.2
18548,M003182,downgraded,2,-1.0,0.30000000000000004,quality_score=0.3000 < DOWNGRADE_THRESHOLD=0.4
18552,M087436,quarantined,3,-1.0,0.20000000000000004,retrieval_count=3>=N_MIN=3 and average_utility=-1.0000<=BETA=-0.2
18555,M067423,quarantined,3,-1.0,0.20000000000000004,retrieval_count=3>=N_MIN=3 and average_utility=-1.0000<=BETA=-0.2
18556,M012421,quarantined,3,-1.0,0.20000000000000004,retrieval_count=3>=N_MIN=3 and average_utility=-1.0000<=BETA=-0.2
18558,M043892,quarantined,3,-1.0,0.20000000000000004,retrieval_count=3>=N_MIN=3 and average_utility=-1.0000<=BETA=-0.2
18558,M076581,downgraded,2,-1.0,0.30000000000000004,quality_score=0.3000 < DOWNGRADE_THRESHOLD=0.4
18562,M033460,downgraded,2,-1.0,0.30000000000000004,quality_score=0.3000 < DOWNGRADE_THRESHOLD=0.4
18563,M058751,downgraded,2,-1.0,0.30000000000000004,quality_score=0.3000 < DOWNGRADE_THRESHOLD=0.4
18566,M021939,downgraded,2,-1.0,0.30000000000000004,quality_score=0.3000 < DOWNGRADE_THRESHOLD=0.4
18571,M007009,quarantined,3,-1.0,0.20000000000000004,retrieval_count=3>=N_MIN=3 and average_utility=-1.0000<=BETA=-0.2
18575,M013836,downgraded,2,-1.0,0.30000000000000004,quality_score=0.3000 < DOWNGRADE_THRESHOLD=0.4
18586,M083756,downgraded,2,-1.0,0.30000000000000004,quality_score=0.3000 < DOWNGRADE_THRESHOLD=0.4
18594,M069636,downgraded,2,-1.0,0.30000000000000004,quality_score=0.3000 < DOWNGRADE_THRESHOLD=0.4
18604,M097945,downgraded,2,-1.0,0.30000000000000004,quality_score=0.3000 < DOWNGRADE_THRESHOLD=0.4
18604,M066115,downgraded,2,-1.0,0.30000000000000004,quality_score=0.3000 < DOWNGRADE_THRESHOLD=0.4
18607,M078058,downgraded,2,-1.0,0.30000000000000004,quality_score=0.3000 < DOWNGRADE_THRESHOLD=0.4
18608,M034855,quarantined,3,-1.0,0.20000000000000004,retrieval_count=3>=N_MIN=3 and average_utility=-1.0000<=BETA=-0.2
18616,M010227,downgraded,2,-1.0,0.30000000000000004,quality_score=0.3000 < DOWNGRADE_THRESHOLD=0.4
18617,M049930,downgraded,2,-1.0,0.30000000000000004,quality_score=0.3000 < DOWNGRADE_THRESHOLD=0.4
18624,M078355,downgraded,2,-1.0,0.30000000000000004,quality_score=0.3000 < DOWNGRADE_THRESHOLD=0.4
18633,M093112,quarantined,3,-1.0,0.20000000000000004,retrieval_count=3>=N_MIN=3 and average_utility=-1.0000<=BETA=-0.2
18640,M036624,quarantined,3,-1.0,0.20000000000000004,retrieval_count=3>=N_MIN=3 and average_utility=-1.0000<=BETA=-0.2
18646,M029423,downgraded,2,-1.0,0.30000000000000004,quality_score=0.3000 < DOWNGRADE_THRESHOLD=0.4
18650,M025938,quarantined,3,-1.0,0.20000000000000004,retrieval_count=3>=N_MIN=3 and average_utility=-1.0000<=BETA=-0.2
18651,M054844,quarantined,3,-1.0,0.20000000000000004,retrieval_count=3>=N_MIN=3 and average_utility=-1.0000<=BETA=-0.2
18654,M098240,downgraded,2,-1.0,0.30000000000000004,quality_score=0.3000 < DOWNGRADE_THRESHOLD=0.4
18655,M047580,downgraded,2,-1.0,0.30000000000000004,quality_score=0.3000 < DOWNGRADE_THRESHOLD=0.4
18655,M039761,quarantined,3,-1.0,0.20000000000000004,retrieval_count=3>=N_MIN=3 and average_utility=-1.0000<=BETA=-0.2
18660,M073798,quarantined,3,-1.0,0.20000000000000004,retrieval_count=3>=N_MIN=3 and average_utility=-1.0000<=BETA=-0.2
18660,M071955,downgraded,2,-1.0,0.30000000000000004,quality_score=0.3000 < DOWNGRADE_THRESHOLD=0.4
18664,M048484,quarantined,3,-1.0,0.20000000000000004,retrieval_count=3>=N_MIN=3 and average_utility=-1.0000<=BETA=-0.2
18665,M053494,quarantined,3,-1.0,0.20000000000000004,retrieval_count=3>=N_MIN=3 and average_utility=-1.0000<=BETA=-0.2
18668,M012544,downgraded,2,-1.0,0.30000000000000004,quality_score=0.3000 < DOWNGRADE_THRESHOLD=0.4
18668,M098713,downgraded,2,-1.0,0.30000000000000004,quality_score=0.3000 < DOWNGRADE_THRESHOLD=0.4
18669,M058746,downgraded,2,-1.0,0.30000000000000004,quality_score=0.3000 < DOWNGRADE_THRESHOLD=0.4
18670,M072090,downgraded,2,-1.0,0.30000000000000004,quality_score=0.3000 < DOWNGRADE_THRESHOLD=0.4
18671,M089097,downgraded,2,-1.0,0.30000000000000004,quality_score=0.3000 < DOWNGRADE_THRESHOLD=0.4
18671,M080571,quarantined,3,-1.0,0.20000000000000004,retrieval_count=3>=N_MIN=3 and average_utility=-1.0000<=BETA=-0.2
18676,M023893,downgraded,2,-1.0,0.30000000000000004,quality_score=0.3000 < DOWNGRADE_THRESHOLD=0.4
18676,M021715,downgraded,2,-1.0,0.30000000000000004,quality_score=0.3000 < DOWNGRADE_THRESHOLD=0.4
18685,M042170,quarantined,3,-1.0,0.20000000000000004,retrieval_count=3>=N_MIN=3 and average_utility=-1.0000<=BETA=-0.2
18686,M044369,quarantined,3,-1.0,0.20000000000000004,retrieval_count=3>=N_MIN=3 and average_utility=-1.0000<=BETA=-0.2
18689,M045797,quarantined,3,-1.0,0.20000000000000004,retrieval_count=3>=N_MIN=3 and average_utility=-1.0000<=BETA=-0.2
18693,M004288,downgraded,2,-1.0,0.30000000000000004,quality_score=0.3000 < DOWNGRADE_THRESHOLD=0.4
18694,M076557,downgraded,2,-1.0,0.30000000000000004,quality_score=0.3000 < DOWNGRADE_THRESHOLD=0.4
18695,M032259,downgraded,2,-1.0,0.30000000000000004,quality_score=0.3000 < DOWNGRADE_THRESHOLD=0.4
18697,M086272,quarantined,3,-1.0,0.20000000000000004,retrieval_count=3>=N_MIN=3 and average_utility=-1.0000<=BETA=-0.2
18699,M016925,downgraded,2,-1.0,0.30000000000000004,quality_score=0.3000 < DOWNGRADE_THRESHOLD=0.4
18700,M012713,downgraded,2,-1.0,0.30000000000000004,quality_score=0.3000 < DOWNGRADE_THRESHOLD=0.4
18706,M079859,downgraded,2,-1.0,0.30000000000000004,quality_score=0.3000 < DOWNGRADE_THRESHOLD=0.4
18718,M005362,downgraded,2,-1.0,0.30000000000000004,quality_score=0.3000 < DOWNGRADE_THRESHOLD=0.4
18736,M016475,quarantined,3,-1.0,0.20000000000000004,retrieval_count=3>=N_MIN=3 and average_utility=-1.0000<=BETA=-0.2
18737,M021591,downgraded,2,-1.0,0.30000000000000004,quality_score=0.3000 < DOWNGRADE_THRESHOLD=0.4
18737,M013503,quarantined,3,-1.0,0.20000000000000004,retrieval_count=3>=N_MIN=3 and average_utility=-1.0000<=BETA=-0.2
18738,M019556,quarantined,3,-1.0,0.20000000000000004,retrieval_count=3>=N_MIN=3 and average_utility=-1.0000<=BETA=-0.2
18739,M005586,downgraded,2,-1.0,0.30000000000000004,quality_score=0.3000 < DOWNGRADE_THRESHOLD=0.4
18744,M099872,downgraded,2,-1.0,0.30000000000000004,quality_score=0.3000 < DOWNGRADE_THRESHOLD=0.4
18754,M018593,quarantined,3,-1.0,0.20000000000000004,retrieval_count=3>=N_MIN=3 and average_utility=-1.0000<=BETA=-0.2
18760,M045147,quarantined,3,-1.0,0.20000000000000004,retrieval_count=3>=N_MIN=3 and average_utility=-1.0000<=BETA=-0.2
18767,M010574,quarantined,3,-1.0,0.20000000000000004,retrieval_count=3>=N_MIN=3 and average_utility=-1.0000<=BETA=-0.2
18767,M071482,quarantined,3,-1.0,0.20000000000000004,retrieval_count=3>=N_MIN=3 and average_utility=-1.0000<=BETA=-0.2
18771,M048246,downgraded,2,-1.0,0.30000000000000004,quality_score=0.3000 < DOWNGRADE_THRESHOLD=0.4
18772,M016783,downgraded,2,-1.0,0.30000000000000004,quality_score=0.3000 < DOWNGRADE_THRESHOLD=0.4
18773,M089377,quarantined,3,-1.0,0.20000000000000004,retrieval_count=3>=N_MIN=3 and average_utility=-1.0000<=BETA=-0.2
18780,M085007,downgraded,2,-1.0,0.30000000000000004,quality_score=0.3000 < DOWNGRADE_THRESHOLD=0.4
18782,M081540,quarantined,3,-1.0,0.20000000000000004,retrieval_count=3>=N_MIN=3 and average_utility=-1.0000<=BETA=-0.2
18783,M062146,quarantined,3,-1.0,0.20000000000000004,retrieval_count=3>=N_MIN=3 and average_utility=-1.0000<=BETA=-0.2
18786,M089810,downgraded,2,-1.0,0.30000000000000004,quality_score=0.3000 < DOWNGRADE_THRESHOLD=0.4
18799,M005837,downgraded,2,-1.0,0.30000000000000004,quality_score=0.3000 < DOWNGRADE_THRESHOLD=0.4
18802,M036275,quarantined,3,-1.0,0.20000000000000004,retrieval_count=3>=N_MIN=3 and average_utility=-1.0000<=BETA=-0.2
18809,M082388,quarantined,3,-1.0,0.20000000000000004,retrieval_count=3>=N_MIN=3 and average_utility=-1.0000<=BETA=-0.2
18811,M009212,quarantined,3,-1.0,0.20000000000000004,retrieval_count=3>=N_MIN=3 and average_utility=-1.0000<=BETA=-0.2
18813,M072197,downgraded,2,-1.0,0.30000000000000004,quality_score=0.3000 < DOWNGRADE_THRESHOLD=0.4
18817,M005291,quarantined,3,-1.0,0.20000000000000004,retrieval_count=3>=N_MIN=3 and average_utility=-1.0000<=BETA=-0.2
18821,M030466,quarantined,3,-1.0,0.20000000000000004,retrieval_count=3>=N_MIN=3 and average_utility=-1.0000<=BETA=-0.2
18822,M047937,downgraded,2,-1.0,0.30000000000000004,quality_score=0.3000 < DOWNGRADE_THRESHOLD=0.4
18823,M070355,downgraded,2,-1.0,0.30000000000000004,quality_score=0.3000 < DOWNGRADE_THRESHOLD=0.4
18827,M063203,quarantined,3,-1.0,0.20000000000000004,retrieval_count=3>=N_MIN=3 and average_utility=-1.0000<=BETA=-0.2
18836,M053922,downgraded,2,-1.0,0.30000000000000004,quality_score=0.3000 < DOWNGRADE_THRESHOLD=0.4
18839,M084348,downgraded,2,-1.0,0.30000000000000004,quality_score=0.3000 < DOWNGRADE_THRESHOLD=0.4
18843,M054904,downgraded,2,-1.0,0.30000000000000004,quality_score=0.3000 < DOWNGRADE_THRESHOLD=0.4
18854,M047309,quarantined,3,-1.0,0.20000000000000004,retrieval_count=3>=N_MIN=3 and average_utility=-1.0000<=BETA=-0.2
18871,M047791,downgraded,2,-1.0,0.30000000000000004,quality_score=0.3000 < DOWNGRADE_THRESHOLD=0.4
18872,M090558,downgraded,2,-1.0,0.30000000000000004,quality_score=0.3000 < DOWNGRADE_THRESHOLD=0.4
18873,M029603,downgraded,2,-1.0,0.30000000000000004,quality_score=0.3000 < DOWNGRADE_THRESHOLD=0.4
18879,M070249,downgraded,2,-1.0,0.30000000000000004,quality_score=0.3000 < DOWNGRADE_THRESHOLD=0.4
18883,M069914,downgraded,2,-1.0,0.30000000000000004,quality_score=0.3000 < DOWNGRADE_THRESHOLD=0.4
18887,M083591,downgraded,2,-1.0,0.30000000000000004,quality_score=0.3000 < DOWNGRADE_THRESHOLD=0.4
18889,M083090,downgraded,2,-1.0,0.30000000000000004,quality_score=0.3000 < DOWNGRADE_THRESHOLD=0.4
18894,M024215,downgraded,2,-1.0,0.30000000000000004,quality_score=0.3000 < DOWNGRADE_THRESHOLD=0.4
18898,M020610,downgraded,2,-1.0,0.30000000000000004,quality_score=0.3000 < DOWNGRADE_THRESHOLD=0.4
18902,M089767,downgraded,2,-1.0,0.30000000000000004,quality_score=0.3000 < DOWNGRADE_THRESHOLD=0.4
18904,M069812,downgraded,2,-1.0,0.30000000000000004,quality_score=0.3000 < DOWNGRADE_THRESHOLD=0.4
18904,M063318,downgraded,2,-1.0,0.30000000000000004,quality_score=0.3000 < DOWNGRADE_THRESHOLD=0.4
18909,M006918,quarantined,3,-1.0,0.20000000000000004,retrieval_count=3>=N_MIN=3 and average_utility=-1.0000<=BETA=-0.2
18916,M054934,downgraded,2,-1.0,0.30000000000000004,quality_score=0.3000 < DOWNGRADE_THRESHOLD=0.4
18917,M061424,downgraded,2,-1.0,0.30000000000000004,quality_score=0.3000 < DOWNGRADE_THRESHOLD=0.4
18919,M062434,quarantined,3,-1.0,0.20000000000000004,retrieval_count=3>=N_MIN=3 and average_utility=-1.0000<=BETA=-0.2
18932,M006638,downgraded,2,-1.0,0.30000000000000004,quality_score=0.3000 < DOWNGRADE_THRESHOLD=0.4
18935,M001819,downgraded,2,-1.0,0.30000000000000004,quality_score=0.3000 < DOWNGRADE_THRESHOLD=0.4
18938,M074446,downgraded,2,-1.0,0.30000000000000004,quality_score=0.3000 < DOWNGRADE_THRESHOLD=0.4
18944,M078777,downgraded,2,-1.0,0.30000000000000004,quality_score=0.3000 < DOWNGRADE_THRESHOLD=0.4
18949,M037753,downgraded,2,-1.0,0.30000000000000004,quality_score=0.3000 < DOWNGRADE_THRESHOLD=0.4
18953,M050697,downgraded,2,-1.0,0.30000000000000004,quality_score=0.3000 < DOWNGRADE_THRESHOLD=0.4
18958,M081014,downgraded,2,-1.0,0.30000000000000004,quality_score=0.3000 < DOWNGRADE_THRESHOLD=0.4
18962,M043636,downgraded,2,-1.0,0.30000000000000004,quality_score=0.3000 < DOWNGRADE_THRESHOLD=0.4
18963,M062387,quarantined,3,-1.0,0.20000000000000004,retrieval_count=3>=N_MIN=3 and average_utility=-1.0000<=BETA=-0.2
18963,M072473,downgraded,2,-1.0,0.30000000000000004,quality_score=0.3000 < DOWNGRADE_THRESHOLD=0.4
18969,M067153,downgraded,2,-1.0,0.30000000000000004,quality_score=0.3000 < DOWNGRADE_THRESHOLD=0.4
18972,M008018,downgraded,2,-1.0,0.30000000000000004,quality_score=0.3000 < DOWNGRADE_THRESHOLD=0.4
18976,M058176,downgraded,2,-1.0,0.30000000000000004,quality_score=0.3000 < DOWNGRADE_THRESHOLD=0.4
18988,M055386,downgraded,2,-1.0,0.30000000000000004,quality_score=0.3000 < DOWNGRADE_THRESHOLD=0.4
18991,M087569,downgraded,2,-1.0,0.30000000000000004,quality_score=0.3000 < DOWNGRADE_THRESHOLD=0.4
18995,M061910,downgraded,2,-1.0,0.30000000000000004,quality_score=0.3000 < DOWNGRADE_THRESHOLD=0.4
19004,M064613,downgraded,2,-1.0,0.30000000000000004,quality_score=0.3000 < DOWNGRADE_THRESHOLD=0.4
19008,M006957,quarantined,3,-1.0,0.20000000000000004,retrieval_count=3>=N_MIN=3 and average_utility=-1.0000<=BETA=-0.2
19009,M079108,downgraded,2,-1.0,0.30000000000000004,quality_score=0.3000 < DOWNGRADE_THRESHOLD=0.4
19012,M030849,downgraded,2,-1.0,0.30000000000000004,quality_score=0.3000 < DOWNGRADE_THRESHOLD=0.4
19013,M088174,downgraded,2,-1.0,0.30000000000000004,quality_score=0.3000 < DOWNGRADE_THRESHOLD=0.4
19018,M039056,quarantined,3,-1.0,0.20000000000000004,retrieval_count=3>=N_MIN=3 and average_utility=-1.0000<=BETA=-0.2
19029,M071275,downgraded,2,-1.0,0.30000000000000004,quality_score=0.3000 < DOWNGRADE_THRESHOLD=0.4
19031,M025551,downgraded,2,-1.0,0.30000000000000004,quality_score=0.3000 < DOWNGRADE_THRESHOLD=0.4
19033,M058632,quarantined,3,-1.0,0.20000000000000004,retrieval_count=3>=N_MIN=3 and average_utility=-1.0000<=BETA=-0.2
19039,M012449,quarantined,3,-1.0,0.20000000000000004,retrieval_count=3>=N_MIN=3 and average_utility=-1.0000<=BETA=-0.2
19041,M053826,quarantined,3,-1.0,0.20000000000000004,retrieval_count=3>=N_MIN=3 and average_utility=-1.0000<=BETA=-0.2
19042,M100865,quarantined,3,-1.0,0.20000000000000004,retrieval_count=3>=N_MIN=3 and average_utility=-1.0000<=BETA=-0.2
19042,M088631,downgraded,2,-1.0,0.30000000000000004,quality_score=0.3000 < DOWNGRADE_THRESHOLD=0.4
19043,M095923,downgraded,2,-1.0,0.30000000000000004,quality_score=0.3000 < DOWNGRADE_THRESHOLD=0.4
19049,M079936,quarantined,3,-1.0,0.20000000000000004,retrieval_count=3>=N_MIN=3 and average_utility=-1.0000<=BETA=-0.2
19065,M025224,downgraded,2,-1.0,0.30000000000000004,quality_score=0.3000 < DOWNGRADE_THRESHOLD=0.4
19065,M058359,downgraded,2,-1.0,0.30000000000000004,quality_score=0.3000 < DOWNGRADE_THRESHOLD=0.4
19070,M072946,downgraded,2,-1.0,0.30000000000000004,quality_score=0.3000 < DOWNGRADE_THRESHOLD=0.4
19073,M049573,quarantined,3,-1.0,0.20000000000000004,retrieval_count=3>=N_MIN=3 and average_utility=-1.0000<=BETA=-0.2
19075,M051992,downgraded,2,-1.0,0.30000000000000004,quality_score=0.3000 < DOWNGRADE_THRESHOLD=0.4
19084,M084883,downgraded,2,-1.0,0.30000000000000004,quality_score=0.3000 < DOWNGRADE_THRESHOLD=0.4
19087,M082747,quarantined,3,-1.0,0.20000000000000004,retrieval_count=3>=N_MIN=3 and average_utility=-1.0000<=BETA=-0.2
19090,M006651,quarantined,3,-1.0,0.20000000000000004,retrieval_count=3>=N_MIN=3 and average_utility=-1.0000<=BETA=-0.2
19091,M026317,quarantined,3,-1.0,0.20000000000000004,retrieval_count=3>=N_MIN=3 and average_utility=-1.0000<=BETA=-0.2
19096,M077574,quarantined,3,-1.0,0.20000000000000004,retrieval_count=3>=N_MIN=3 and average_utility=-1.0000<=BETA=-0.2
19098,M081867,downgraded,2,-1.0,0.30000000000000004,quality_score=0.3000 < DOWNGRADE_THRESHOLD=0.4
19100,M029241,downgraded,2,-1.0,0.30000000000000004,quality_score=0.3000 < DOWNGRADE_THRESHOLD=0.4
19105,M009810,downgraded,2,-1.0,0.30000000000000004,quality_score=0.3000 < DOWNGRADE_THRESHOLD=0.4
19110,M010698,downgraded,2,-1.0,0.30000000000000004,quality_score=0.3000 < DOWNGRADE_THRESHOLD=0.4
19110,M012299,downgraded,2,-1.0,0.30000000000000004,quality_score=0.3000 < DOWNGRADE_THRESHOLD=0.4
19111,M023449,quarantined,3,-1.0,0.20000000000000004,retrieval_count=3>=N_MIN=3 and average_utility=-1.0000<=BETA=-0.2
19113,M061311,downgraded,2,-1.0,0.30000000000000004,quality_score=0.3000 < DOWNGRADE_THRESHOLD=0.4
19129,M028384,quarantined,3,-1.0,0.20000000000000004,retrieval_count=3>=N_MIN=3 and average_utility=-1.0000<=BETA=-0.2
19131,M098438,downgraded,2,-1.0,0.30000000000000004,quality_score=0.3000 < DOWNGRADE_THRESHOLD=0.4
19133,M040264,downgraded,2,-1.0,0.30000000000000004,quality_score=0.3000 < DOWNGRADE_THRESHOLD=0.4
19140,M044979,quarantined,3,-1.0,0.20000000000000004,retrieval_count=3>=N_MIN=3 and average_utility=-1.0000<=BETA=-0.2
19142,M058751,quarantined,3,-1.0,0.20000000000000004,retrieval_count=3>=N_MIN=3 and average_utility=-1.0000<=BETA=-0.2
19143,M058026,downgraded,2,-1.0,0.30000000000000004,quality_score=0.3000 < DOWNGRADE_THRESHOLD=0.4
19146,M024229,downgraded,2,-1.0,0.30000000000000004,quality_score=0.3000 < DOWNGRADE_THRESHOLD=0.4
19146,M036319,downgraded,2,-1.0,0.30000000000000004,quality_score=0.3000 < DOWNGRADE_THRESHOLD=0.4
19147,M020305,quarantined,3,-1.0,0.20000000000000004,retrieval_count=3>=N_MIN=3 and average_utility=-1.0000<=BETA=-0.2
19149,M097079,quarantined,3,-1.0,0.20000000000000004,retrieval_count=3>=N_MIN=3 and average_utility=-1.0000<=BETA=-0.2
19150,M074401,downgraded,2,-1.0,0.30000000000000004,quality_score=0.3000 < DOWNGRADE_THRESHOLD=0.4
19163,M077825,quarantined,3,-1.0,0.20000000000000004,retrieval_count=3>=N_MIN=3 and average_utility=-1.0000<=BETA=-0.2
19172,M031236,downgraded,2,-1.0,0.30000000000000004,quality_score=0.3000 < DOWNGRADE_THRESHOLD=0.4
19175,M068869,downgraded,2,-1.0,0.30000000000000004,quality_score=0.3000 < DOWNGRADE_THRESHOLD=0.4
19182,M077385,downgraded,2,-1.0,0.30000000000000004,quality_score=0.3000 < DOWNGRADE_THRESHOLD=0.4
19183,M085114,downgraded,2,-1.0,0.30000000000000004,quality_score=0.3000 < DOWNGRADE_THRESHOLD=0.4
19186,M080682,downgraded,2,-1.0,0.30000000000000004,quality_score=0.3000 < DOWNGRADE_THRESHOLD=0.4
19194,M016740,quarantined,3,-1.0,0.20000000000000004,retrieval_count=3>=N_MIN=3 and average_utility=-1.0000<=BETA=-0.2
19196,M053777,downgraded,2,-1.0,0.30000000000000004,quality_score=0.3000 < DOWNGRADE_THRESHOLD=0.4
19197,M088288,downgraded,2,-1.0,0.30000000000000004,quality_score=0.3000 < DOWNGRADE_THRESHOLD=0.4
19200,M033742,downgraded,2,-1.0,0.30000000000000004,quality_score=0.3000 < DOWNGRADE_THRESHOLD=0.4
19206,M016373,quarantined,3,-1.0,0.20000000000000004,retrieval_count=3>=N_MIN=3 and average_utility=-1.0000<=BETA=-0.2
19206,M014934,quarantined,3,-1.0,0.20000000000000004,retrieval_count=3>=N_MIN=3 and average_utility=-1.0000<=BETA=-0.2
19211,M029332,quarantined,3,-1.0,0.20000000000000004,retrieval_count=3>=N_MIN=3 and average_utility=-1.0000<=BETA=-0.2
19211,M031789,quarantined,3,-1.0,0.20000000000000004,retrieval_count=3>=N_MIN=3 and average_utility=-1.0000<=BETA=-0.2
19212,M076735,downgraded,2,-1.0,0.30000000000000004,quality_score=0.3000 < DOWNGRADE_THRESHOLD=0.4
19220,M091179,quarantined,3,-1.0,0.20000000000000004,retrieval_count=3>=N_MIN=3 and average_utility=-1.0000<=BETA=-0.2
19222,M008913,downgraded,2,-1.0,0.30000000000000004,quality_score=0.3000 < DOWNGRADE_THRESHOLD=0.4
19223,M051569,quarantined,3,-1.0,0.20000000000000004,retrieval_count=3>=N_MIN=3 and average_utility=-1.0000<=BETA=-0.2
19224,M058850,quarantined,3,-1.0,0.20000000000000004,retrieval_count=3>=N_MIN=3 and average_utility=-1.0000<=BETA=-0.2
19227,M061901,downgraded,2,-1.0,0.30000000000000004,quality_score=0.3000 < DOWNGRADE_THRESHOLD=0.4
19230,M066917,downgraded,2,-1.0,0.30000000000000004,quality_score=0.3000 < DOWNGRADE_THRESHOLD=0.4
19233,M009104,quarantined,3,-1.0,0.20000000000000004,retrieval_count=3>=N_MIN=3 and average_utility=-1.0000<=BETA=-0.2
19234,M094838,quarantined,3,-1.0,0.20000000000000004,retrieval_count=3>=N_MIN=3 and average_utility=-1.0000<=BETA=-0.2
19239,M019571,downgraded,2,-1.0,0.30000000000000004,quality_score=0.3000 < DOWNGRADE_THRESHOLD=0.4
19240,M100546,quarantined,3,-1.0,0.20000000000000004,retrieval_count=3>=N_MIN=3 and average_utility=-1.0000<=BETA=-0.2
19247,M017471,downgraded,2,-1.0,0.30000000000000004,quality_score=0.3000 < DOWNGRADE_THRESHOLD=0.4
19247,M047117,downgraded,2,-1.0,0.30000000000000004,quality_score=0.3000 < DOWNGRADE_THRESHOLD=0.4
19247,M075983,downgraded,2,-1.0,0.30000000000000004,quality_score=0.3000 < DOWNGRADE_THRESHOLD=0.4
19248,M064130,quarantined,3,-1.0,0.20000000000000004,retrieval_count=3>=N_MIN=3 and average_utility=-1.0000<=BETA=-0.2
19249,M024148,downgraded,2,-1.0,0.30000000000000004,quality_score=0.3000 < DOWNGRADE_THRESHOLD=0.4
19250,M100256,quarantined,3,-1.0,0.20000000000000004,retrieval_count=3>=N_MIN=3 and average_utility=-1.0000<=BETA=-0.2
19257,M097133,quarantined,3,-1.0,0.20000000000000004,retrieval_count=3>=N_MIN=3 and average_utility=-1.0000<=BETA=-0.2
19258,M028364,downgraded,2,-1.0,0.30000000000000004,quality_score=0.3000 < DOWNGRADE_THRESHOLD=0.4
19260,M096972,quarantined,3,-1.0,0.20000000000000004,retrieval_count=3>=N_MIN=3 and average_utility=-1.0000<=BETA=-0.2
19261,M031629,quarantined,3,-1.0,0.20000000000000004,retrieval_count=3>=N_MIN=3 and average_utility=-1.0000<=BETA=-0.2
19262,M013754,downgraded,2,-1.0,0.30000000000000004,quality_score=0.3000 < DOWNGRADE_THRESHOLD=0.4
19270,M006700,downgraded,2,-1.0,0.30000000000000004,quality_score=0.3000 < DOWNGRADE_THRESHOLD=0.4
19273,M074995,downgraded,2,-1.0,0.30000000000000004,quality_score=0.3000 < DOWNGRADE_THRESHOLD=0.4
19273,M047206,downgraded,2,-1.0,0.30000000000000004,quality_score=0.3000 < DOWNGRADE_THRESHOLD=0.4
19276,M087184,downgraded,2,-1.0,0.30000000000000004,quality_score=0.3000 < DOWNGRADE_THRESHOLD=0.4
19277,M005958,quarantined,3,-1.0,0.20000000000000004,retrieval_count=3>=N_MIN=3 and average_utility=-1.0000<=BETA=-0.2
19279,M092239,quarantined,3,-1.0,0.20000000000000004,retrieval_count=3>=N_MIN=3 and average_utility=-1.0000<=BETA=-0.2
19280,M046244,downgraded,2,-1.0,0.30000000000000004,quality_score=0.3000 < DOWNGRADE_THRESHOLD=0.4
19281,M076998,downgraded,2,-1.0,0.30000000000000004,quality_score=0.3000 < DOWNGRADE_THRESHOLD=0.4
19285,M052913,quarantined,3,-1.0,0.20000000000000004,retrieval_count=3>=N_MIN=3 and average_utility=-1.0000<=BETA=-0.2
19286,M071934,downgraded,2,-1.0,0.30000000000000004,quality_score=0.3000 < DOWNGRADE_THRESHOLD=0.4
19287,M055896,downgraded,2,-1.0,0.30000000000000004,quality_score=0.3000 < DOWNGRADE_THRESHOLD=0.4
19290,M067818,quarantined,3,-1.0,0.20000000000000004,retrieval_count=3>=N_MIN=3 and average_utility=-1.0000<=BETA=-0.2
19293,M073221,downgraded,2,-1.0,0.30000000000000004,quality_score=0.3000 < DOWNGRADE_THRESHOLD=0.4
19299,M030489,quarantined,3,-1.0,0.20000000000000004,retrieval_count=3>=N_MIN=3 and average_utility=-1.0000<=BETA=-0.2
19302,M058181,downgraded,2,-1.0,0.30000000000000004,quality_score=0.3000 < DOWNGRADE_THRESHOLD=0.4
19305,M098828,quarantined,3,-1.0,0.20000000000000004,retrieval_count=3>=N_MIN=3 and average_utility=-1.0000<=BETA=-0.2
19307,M086402,downgraded,2,-1.0,0.30000000000000004,quality_score=0.3000 < DOWNGRADE_THRESHOLD=0.4
19307,M018557,downgraded,2,-1.0,0.30000000000000004,quality_score=0.3000 < DOWNGRADE_THRESHOLD=0.4
19308,M036179,downgraded,2,-1.0,0.30000000000000004,quality_score=0.3000 < DOWNGRADE_THRESHOLD=0.4
19329,M061116,downgraded,2,-1.0,0.30000000000000004,quality_score=0.3000 < DOWNGRADE_THRESHOLD=0.4
19338,M004339,quarantined,3,-1.0,0.20000000000000004,retrieval_count=3>=N_MIN=3 and average_utility=-1.0000<=BETA=-0.2
19343,M046198,downgraded,2,-1.0,0.30000000000000004,quality_score=0.3000 < DOWNGRADE_THRESHOLD=0.4
19343,M059172,downgraded,2,-1.0,0.30000000000000004,quality_score=0.3000 < DOWNGRADE_THRESHOLD=0.4
19343,M067478,downgraded,2,-1.0,0.30000000000000004,quality_score=0.3000 < DOWNGRADE_THRESHOLD=0.4
19346,M067385,downgraded,2,-1.0,0.30000000000000004,quality_score=0.3000 < DOWNGRADE_THRESHOLD=0.4
19350,M042118,downgraded,2,-1.0,0.30000000000000004,quality_score=0.3000 < DOWNGRADE_THRESHOLD=0.4
19352,M027571,downgraded,2,-1.0,0.30000000000000004,quality_score=0.3000 < DOWNGRADE_THRESHOLD=0.4
19358,M095375,downgraded,2,-1.0,0.30000000000000004,quality_score=0.3000 < DOWNGRADE_THRESHOLD=0.4
19359,M074237,quarantined,3,-1.0,0.20000000000000004,retrieval_count=3>=N_MIN=3 and average_utility=-1.0000<=BETA=-0.2
19363,M076139,quarantined,3,-1.0,0.20000000000000004,retrieval_count=3>=N_MIN=3 and average_utility=-1.0000<=BETA=-0.2
19365,M046293,quarantined,3,-1.0,0.20000000000000004,retrieval_count=3>=N_MIN=3 and average_utility=-1.0000<=BETA=-0.2
19365,M041979,downgraded,2,-1.0,0.30000000000000004,quality_score=0.3000 < DOWNGRADE_THRESHOLD=0.4
19367,M051272,downgraded,2,-1.0,0.30000000000000004,quality_score=0.3000 < DOWNGRADE_THRESHOLD=0.4
19368,M043913,quarantined,3,-1.0,0.20000000000000004,retrieval_count=3>=N_MIN=3 and average_utility=-1.0000<=BETA=-0.2
19368,M007271,quarantined,3,-1.0,0.20000000000000004,retrieval_count=3>=N_MIN=3 and average_utility=-1.0000<=BETA=-0.2
19375,M032840,quarantined,3,-1.0,0.20000000000000004,retrieval_count=3>=N_MIN=3 and average_utility=-1.0000<=BETA=-0.2
19378,M044473,downgraded,2,-1.0,0.30000000000000004,quality_score=0.3000 < DOWNGRADE_THRESHOLD=0.4
19379,M079660,downgraded,2,-1.0,0.30000000000000004,quality_score=0.3000 < DOWNGRADE_THRESHOLD=0.4
19387,M086402,quarantined,3,-1.0,0.20000000000000004,retrieval_count=3>=N_MIN=3 and average_utility=-1.0000<=BETA=-0.2
19387,M018557,quarantined,3,-1.0,0.20000000000000004,retrieval_count=3>=N_MIN=3 and average_utility=-1.0000<=BETA=-0.2
19391,M018167,quarantined,3,-1.0,0.20000000000000004,retrieval_count=3>=N_MIN=3 and average_utility=-1.0000<=BETA=-0.2
19393,M011558,downgraded,2,-1.0,0.30000000000000004,quality_score=0.3000 < DOWNGRADE_THRESHOLD=0.4
19400,M068004,quarantined,3,-1.0,0.20000000000000004,retrieval_count=3>=N_MIN=3 and average_utility=-1.0000<=BETA=-0.2
19401,M030740,downgraded,2,-1.0,0.30000000000000004,quality_score=0.3000 < DOWNGRADE_THRESHOLD=0.4
19402,M091640,downgraded,2,-1.0,0.30000000000000004,quality_score=0.3000 < DOWNGRADE_THRESHOLD=0.4
19404,M035544,downgraded,2,-1.0,0.30000000000000004,quality_score=0.3000 < DOWNGRADE_THRESHOLD=0.4
19406,M027177,downgraded,2,-1.0,0.30000000000000004,quality_score=0.3000 < DOWNGRADE_THRESHOLD=0.4
19408,M013404,downgraded,2,-1.0,0.30000000000000004,quality_score=0.3000 < DOWNGRADE_THRESHOLD=0.4
19409,M077857,downgraded,2,-1.0,0.30000000000000004,quality_score=0.3000 < DOWNGRADE_THRESHOLD=0.4
19417,M013282,quarantined,3,-1.0,0.20000000000000004,retrieval_count=3>=N_MIN=3 and average_utility=-1.0000<=BETA=-0.2
19420,M083060,downgraded,2,-1.0,0.30000000000000004,quality_score=0.3000 < DOWNGRADE_THRESHOLD=0.4
19421,M010846,downgraded,2,-1.0,0.30000000000000004,quality_score=0.3000 < DOWNGRADE_THRESHOLD=0.4
19424,M055518,downgraded,2,-1.0,0.30000000000000004,quality_score=0.3000 < DOWNGRADE_THRESHOLD=0.4
19435,M021949,downgraded,2,-1.0,0.30000000000000004,quality_score=0.3000 < DOWNGRADE_THRESHOLD=0.4
19437,M026858,downgraded,2,-1.0,0.30000000000000004,quality_score=0.3000 < DOWNGRADE_THRESHOLD=0.4
19440,M022986,downgraded,2,-1.0,0.30000000000000004,quality_score=0.3000 < DOWNGRADE_THRESHOLD=0.4
19449,M053294,quarantined,3,-1.0,0.20000000000000004,retrieval_count=3>=N_MIN=3 and average_utility=-1.0000<=BETA=-0.2
19457,M095865,downgraded,2,-1.0,0.30000000000000004,quality_score=0.3000 < DOWNGRADE_THRESHOLD=0.4
19457,M068447,downgraded,2,-1.0,0.30000000000000004,quality_score=0.3000 < DOWNGRADE_THRESHOLD=0.4
19459,M051891,quarantined,3,-1.0,0.20000000000000004,retrieval_count=3>=N_MIN=3 and average_utility=-1.0000<=BETA=-0.2
19463,M001147,quarantined,3,-1.0,0.20000000000000004,retrieval_count=3>=N_MIN=3 and average_utility=-1.0000<=BETA=-0.2
19467,M017566,quarantined,3,-1.0,0.20000000000000004,retrieval_count=3>=N_MIN=3 and average_utility=-1.0000<=BETA=-0.2
19470,M046851,downgraded,2,-1.0,0.30000000000000004,quality_score=0.3000 < DOWNGRADE_THRESHOLD=0.4
19472,M011471,downgraded,2,-1.0,0.30000000000000004,quality_score=0.3000 < DOWNGRADE_THRESHOLD=0.4
19472,M080622,downgraded,2,-1.0,0.30000000000000004,quality_score=0.3000 < DOWNGRADE_THRESHOLD=0.4
19475,M062083,downgraded,2,-1.0,0.30000000000000004,quality_score=0.3000 < DOWNGRADE_THRESHOLD=0.4
19479,M079542,downgraded,2,-1.0,0.30000000000000004,quality_score=0.3000 < DOWNGRADE_THRESHOLD=0.4
19481,M028687,quarantined,3,-1.0,0.20000000000000004,retrieval_count=3>=N_MIN=3 and average_utility=-1.0000<=BETA=-0.2
19496,M072167,quarantined,3,-1.0,0.20000000000000004,retrieval_count=3>=N_MIN=3 and average_utility=-1.0000<=BETA=-0.2
19499,M047102,downgraded,2,-1.0,0.30000000000000004,quality_score=0.3000 < DOWNGRADE_THRESHOLD=0.4
19499,M045911,downgraded,2,-1.0,0.30000000000000004,quality_score=0.3000 < DOWNGRADE_THRESHOLD=0.4
19505,M078640,downgraded,2,-1.0,0.30000000000000004,quality_score=0.3000 < DOWNGRADE_THRESHOLD=0.4
19515,M069730,quarantined,3,-1.0,0.20000000000000004,retrieval_count=3>=N_MIN=3 and average_utility=-1.0000<=BETA=-0.2
19516,M025881,downgraded,2,-1.0,0.30000000000000004,quality_score=0.3000 < DOWNGRADE_THRESHOLD=0.4
19516,M024895,downgraded,2,-1.0,0.30000000000000004,quality_score=0.3000 < DOWNGRADE_THRESHOLD=0.4
19518,M050220,quarantined,3,-1.0,0.20000000000000004,retrieval_count=3>=N_MIN=3 and average_utility=-1.0000<=BETA=-0.2
19519,M073531,downgraded,2,-1.0,0.30000000000000004,quality_score=0.3000 < DOWNGRADE_THRESHOLD=0.4
19520,M083304,downgraded,2,-1.0,0.30000000000000004,quality_score=0.3000 < DOWNGRADE_THRESHOLD=0.4
19524,M101342,downgraded,2,-1.0,0.30000000000000004,quality_score=0.3000 < DOWNGRADE_THRESHOLD=0.4
19530,M085019,downgraded,2,-1.0,0.30000000000000004,quality_score=0.3000 < DOWNGRADE_THRESHOLD=0.4
19532,M002861,downgraded,2,-1.0,0.30000000000000004,quality_score=0.3000 < DOWNGRADE_THRESHOLD=0.4
19533,M048701,quarantined,3,-1.0,0.20000000000000004,retrieval_count=3>=N_MIN=3 and average_utility=-1.0000<=BETA=-0.2
19534,M074315,downgraded,2,-1.0,0.30000000000000004,quality_score=0.3000 < DOWNGRADE_THRESHOLD=0.4
19535,M025605,quarantined,3,-1.0,0.20000000000000004,retrieval_count=3>=N_MIN=3 and average_utility=-1.0000<=BETA=-0.2
19542,M100369,quarantined,3,-1.0,0.20000000000000004,retrieval_count=3>=N_MIN=3 and average_utility=-1.0000<=BETA=-0.2
19544,M101750,quarantined,3,-1.0,0.20000000000000004,retrieval_count=3>=N_MIN=3 and average_utility=-1.0000<=BETA=-0.2
19546,M099867,downgraded,2,-1.0,0.30000000000000004,quality_score=0.3000 < DOWNGRADE_THRESHOLD=0.4
19555,M063033,quarantined,3,-1.0,0.20000000000000004,retrieval_count=3>=N_MIN=3 and average_utility=-1.0000<=BETA=-0.2
19567,M100712,quarantined,3,-1.0,0.20000000000000004,retrieval_count=3>=N_MIN=3 and average_utility=-1.0000<=BETA=-0.2
19570,M081517,quarantined,3,-1.0,0.20000000000000004,retrieval_count=3>=N_MIN=3 and average_utility=-1.0000<=BETA=-0.2
19579,M060893,downgraded,2,-1.0,0.30000000000000004,quality_score=0.3000 < DOWNGRADE_THRESHOLD=0.4
19579,M083474,quarantined,3,-1.0,0.20000000000000004,retrieval_count=3>=N_MIN=3 and average_utility=-1.0000<=BETA=-0.2
19579,M049954,quarantined,3,-1.0,0.20000000000000004,retrieval_count=3>=N_MIN=3 and average_utility=-1.0000<=BETA=-0.2
19580,M044100,downgraded,2,-1.0,0.30000000000000004,quality_score=0.3000 < DOWNGRADE_THRESHOLD=0.4
19586,M053098,downgraded,2,-1.0,0.30000000000000004,quality_score=0.3000 < DOWNGRADE_THRESHOLD=0.4
19588,M043929,downgraded,2,-1.0,0.30000000000000004,quality_score=0.3000 < DOWNGRADE_THRESHOLD=0.4
19588,M073809,downgraded,2,-1.0,0.30000000000000004,quality_score=0.3000 < DOWNGRADE_THRESHOLD=0.4
19592,M087549,downgraded,2,-1.0,0.30000000000000004,quality_score=0.3000 < DOWNGRADE_THRESHOLD=0.4
19598,M076073,quarantined,3,-1.0,0.20000000000000004,retrieval_count=3>=N_MIN=3 and average_utility=-1.0000<=BETA=-0.2
19611,M095923,quarantined,3,-1.0,0.20000000000000004,retrieval_count=3>=N_MIN=3 and average_utility=-1.0000<=BETA=-0.2
19615,M042963,downgraded,2,-1.0,0.30000000000000004,quality_score=0.3000 < DOWNGRADE_THRESHOLD=0.4
19616,M094176,quarantined,3,-1.0,0.20000000000000004,retrieval_count=3>=N_MIN=3 and average_utility=-1.0000<=BETA=-0.2
19619,M099849,downgraded,2,-1.0,0.30000000000000004,quality_score=0.3000 < DOWNGRADE_THRESHOLD=0.4
19623,M022856,downgraded,2,-1.0,0.30000000000000004,quality_score=0.3000 < DOWNGRADE_THRESHOLD=0.4
19625,M089742,quarantined,3,-1.0,0.20000000000000004,retrieval_count=3>=N_MIN=3 and average_utility=-1.0000<=BETA=-0.2
19628,M007860,quarantined,3,-1.0,0.20000000000000004,retrieval_count=3>=N_MIN=3 and average_utility=-1.0000<=BETA=-0.2
19632,M101074,downgraded,2,-1.0,0.30000000000000004,quality_score=0.3000 < DOWNGRADE_THRESHOLD=0.4
19636,M043807,downgraded,2,-1.0,0.30000000000000004,quality_score=0.3000 < DOWNGRADE_THRESHOLD=0.4
19639,M017755,downgraded,2,-1.0,0.30000000000000004,quality_score=0.3000 < DOWNGRADE_THRESHOLD=0.4
19640,M092842,downgraded,2,-1.0,0.30000000000000004,quality_score=0.3000 < DOWNGRADE_THRESHOLD=0.4
19640,M042134,downgraded,2,-1.0,0.30000000000000004,quality_score=0.3000 < DOWNGRADE_THRESHOLD=0.4
19641,M069969,downgraded,2,-1.0,0.30000000000000004,quality_score=0.3000 < DOWNGRADE_THRESHOLD=0.4
19664,M074587,downgraded,2,-1.0,0.30000000000000004,quality_score=0.3000 < DOWNGRADE_THRESHOLD=0.4
19668,M085465,downgraded,2,-1.0,0.30000000000000004,quality_score=0.3000 < DOWNGRADE_THRESHOLD=0.4
19677,M047726,downgraded,2,-1.0,0.30000000000000004,quality_score=0.3000 < DOWNGRADE_THRESHOLD=0.4
19680,M069273,quarantined,3,-1.0,0.20000000000000004,retrieval_count=3>=N_MIN=3 and average_utility=-1.0000<=BETA=-0.2
19680,M046924,quarantined,3,-1.0,0.20000000000000004,retrieval_count=3>=N_MIN=3 and average_utility=-1.0000<=BETA=-0.2
19682,M062333,downgraded,2,-1.0,0.30000000000000004,quality_score=0.3000 < DOWNGRADE_THRESHOLD=0.4
19682,M083485,downgraded,2,-1.0,0.30000000000000004,quality_score=0.3000 < DOWNGRADE_THRESHOLD=0.4
19689,M094049,downgraded,2,-1.0,0.30000000000000004,quality_score=0.3000 < DOWNGRADE_THRESHOLD=0.4
19691,M037346,downgraded,2,-1.0,0.30000000000000004,quality_score=0.3000 < DOWNGRADE_THRESHOLD=0.4
19692,M059815,downgraded,2,-1.0,0.30000000000000004,quality_score=0.3000 < DOWNGRADE_THRESHOLD=0.4
19695,M029188,downgraded,2,-1.0,0.30000000000000004,quality_score=0.3000 < DOWNGRADE_THRESHOLD=0.4
19701,M024635,quarantined,3,-1.0,0.20000000000000004,retrieval_count=3>=N_MIN=3 and average_utility=-1.0000<=BETA=-0.2
19703,M006565,downgraded,2,-1.0,0.30000000000000004,quality_score=0.3000 < DOWNGRADE_THRESHOLD=0.4
19716,M058273,downgraded,2,-1.0,0.30000000000000004,quality_score=0.3000 < DOWNGRADE_THRESHOLD=0.4
19725,M069384,quarantined,3,-1.0,0.20000000000000004,retrieval_count=3>=N_MIN=3 and average_utility=-1.0000<=BETA=-0.2
19729,M055908,quarantined,3,-1.0,0.20000000000000004,retrieval_count=3>=N_MIN=3 and average_utility=-1.0000<=BETA=-0.2
19732,M024699,downgraded,2,-1.0,0.30000000000000004,quality_score=0.3000 < DOWNGRADE_THRESHOLD=0.4
19735,M033483,downgraded,2,-1.0,0.30000000000000004,quality_score=0.3000 < DOWNGRADE_THRESHOLD=0.4
19743,M003121,downgraded,2,-1.0,0.30000000000000004,quality_score=0.3000 < DOWNGRADE_THRESHOLD=0.4
19762,M017198,downgraded,2,-1.0,0.30000000000000004,quality_score=0.3000 < DOWNGRADE_THRESHOLD=0.4
19766,M069836,downgraded,2,-1.0,0.30000000000000004,quality_score=0.3000 < DOWNGRADE_THRESHOLD=0.4
19768,M042837,downgraded,2,-1.0,0.30000000000000004,quality_score=0.3000 < DOWNGRADE_THRESHOLD=0.4
19768,M051786,downgraded,2,-1.0,0.30000000000000004,quality_score=0.3000 < DOWNGRADE_THRESHOLD=0.4
19770,M005832,downgraded,2,-1.0,0.30000000000000004,quality_score=0.3000 < DOWNGRADE_THRESHOLD=0.4
19772,M100045,quarantined,3,-1.0,0.20000000000000004,retrieval_count=3>=N_MIN=3 and average_utility=-1.0000<=BETA=-0.2
19777,M099553,quarantined,3,-1.0,0.20000000000000004,retrieval_count=3>=N_MIN=3 and average_utility=-1.0000<=BETA=-0.2
19777,M048978,quarantined,3,-1.0,0.20000000000000004,retrieval_count=3>=N_MIN=3 and average_utility=-1.0000<=BETA=-0.2
19778,M007394,quarantined,3,-1.0,0.20000000000000004,retrieval_count=3>=N_MIN=3 and average_utility=-1.0000<=BETA=-0.2
19781,M028169,downgraded,2,-1.0,0.30000000000000004,quality_score=0.3000 < DOWNGRADE_THRESHOLD=0.4
19781,M037156,quarantined,3,-1.0,0.20000000000000004,retrieval_count=3>=N_MIN=3 and average_utility=-1.0000<=BETA=-0.2
19788,M083824,quarantined,3,-1.0,0.20000000000000004,retrieval_count=3>=N_MIN=3 and average_utility=-1.0000<=BETA=-0.2
19796,M045958,downgraded,2,-1.0,0.30000000000000004,quality_score=0.3000 < DOWNGRADE_THRESHOLD=0.4
19798,M077389,quarantined,3,-1.0,0.20000000000000004,retrieval_count=3>=N_MIN=3 and average_utility=-1.0000<=BETA=-0.2
19803,M069408,downgraded,2,-1.0,0.30000000000000004,quality_score=0.3000 < DOWNGRADE_THRESHOLD=0.4
19808,M059403,quarantined,3,-1.0,0.20000000000000004,retrieval_count=3>=N_MIN=3 and average_utility=-1.0000<=BETA=-0.2
19809,M040121,downgraded,2,-1.0,0.30000000000000004,quality_score=0.3000 < DOWNGRADE_THRESHOLD=0.4
19811,M065932,downgraded,2,-1.0,0.30000000000000004,quality_score=0.3000 < DOWNGRADE_THRESHOLD=0.4
19812,M059355,downgraded,2,-1.0,0.30000000000000004,quality_score=0.3000 < DOWNGRADE_THRESHOLD=0.4
19812,M074918,downgraded,2,-1.0,0.30000000000000004,quality_score=0.3000 < DOWNGRADE_THRESHOLD=0.4
19814,M062792,downgraded,2,-1.0,0.30000000000000004,quality_score=0.3000 < DOWNGRADE_THRESHOLD=0.4
19818,M035544,quarantined,3,-1.0,0.20000000000000004,retrieval_count=3>=N_MIN=3 and average_utility=-1.0000<=BETA=-0.2
19828,M080480,downgraded,2,-1.0,0.30000000000000004,quality_score=0.3000 < DOWNGRADE_THRESHOLD=0.4
19829,M023033,downgraded,2,-1.0,0.30000000000000004,quality_score=0.3000 < DOWNGRADE_THRESHOLD=0.4
19840,M097153,downgraded,2,-1.0,0.30000000000000004,quality_score=0.3000 < DOWNGRADE_THRESHOLD=0.4
19850,M084553,downgraded,2,-1.0,0.30000000000000004,quality_score=0.3000 < DOWNGRADE_THRESHOLD=0.4
19852,M096758,downgraded,2,-1.0,0.30000000000000004,quality_score=0.3000 < DOWNGRADE_THRESHOLD=0.4
19852,M059299,quarantined,3,-1.0,0.20000000000000004,retrieval_count=3>=N_MIN=3 and average_utility=-1.0000<=BETA=-0.2
19857,M023859,quarantined,3,-1.0,0.20000000000000004,retrieval_count=3>=N_MIN=3 and average_utility=-1.0000<=BETA=-0.2
19860,M053229,quarantined,3,-1.0,0.20000000000000004,retrieval_count=3>=N_MIN=3 and average_utility=-1.0000<=BETA=-0.2
19862,M025328,quarantined,3,-1.0,0.20000000000000004,retrieval_count=3>=N_MIN=3 and average_utility=-1.0000<=BETA=-0.2
19871,M093167,downgraded,2,-1.0,0.30000000000000004,quality_score=0.3000 < DOWNGRADE_THRESHOLD=0.4
19875,M083605,quarantined,3,-1.0,0.20000000000000004,retrieval_count=3>=N_MIN=3 and average_utility=-1.0000<=BETA=-0.2
19881,M022064,downgraded,2,-1.0,0.30000000000000004,quality_score=0.3000 < DOWNGRADE_THRESHOLD=0.4
19883,M055353,quarantined,3,-1.0,0.20000000000000004,retrieval_count=3>=N_MIN=3 and average_utility=-1.0000<=BETA=-0.2
19887,M097723,quarantined,3,-1.0,0.20000000000000004,retrieval_count=3>=N_MIN=3 and average_utility=-1.0000<=BETA=-0.2
19899,M082362,downgraded,2,-1.0,0.30000000000000004,quality_score=0.3000 < DOWNGRADE_THRESHOLD=0.4
19899,M047148,downgraded,2,-1.0,0.30000000000000004,quality_score=0.3000 < DOWNGRADE_THRESHOLD=0.4
19900,M057824,quarantined,3,-1.0,0.20000000000000004,retrieval_count=3>=N_MIN=3 and average_utility=-1.0000<=BETA=-0.2
19908,M009754,quarantined,3,-1.0,0.20000000000000004,retrieval_count=3>=N_MIN=3 and average_utility=-1.0000<=BETA=-0.2
19914,M056493,downgraded,2,-1.0,0.30000000000000004,quality_score=0.3000 < DOWNGRADE_THRESHOLD=0.4
19926,M088610,downgraded,2,-1.0,0.30000000000000004,quality_score=0.3000 < DOWNGRADE_THRESHOLD=0.4
19927,M082981,downgraded,2,-1.0,0.30000000000000004,quality_score=0.3000 < DOWNGRADE_THRESHOLD=0.4
19932,M023463,downgraded,2,-1.0,0.30000000000000004,quality_score=0.3000 < DOWNGRADE_THRESHOLD=0.4
19933,M055564,quarantined,3,-1.0,0.20000000000000004,retrieval_count=3>=N_MIN=3 and average_utility=-1.0000<=BETA=-0.2
19935,M063596,downgraded,2,-1.0,0.30000000000000004,quality_score=0.3000 < DOWNGRADE_THRESHOLD=0.4
19936,M046820,downgraded,2,-1.0,0.30000000000000004,quality_score=0.3000 < DOWNGRADE_THRESHOLD=0.4
19945,M093029,downgraded,2,-1.0,0.30000000000000004,quality_score=0.3000 < DOWNGRADE_THRESHOLD=0.4
19948,M016106,quarantined,3,-1.0,0.20000000000000004,retrieval_count=3>=N_MIN=3 and average_utility=-1.0000<=BETA=-0.2
19948,M046674,quarantined,3,-1.0,0.20000000000000004,retrieval_count=3>=N_MIN=3 and average_utility=-1.0000<=BETA=-0.2
19950,M050567,downgraded,2,-1.0,0.30000000000000004,quality_score=0.3000 < DOWNGRADE_THRESHOLD=0.4
19951,M023429,quarantined,3,-1.0,0.20000000000000004,retrieval_count=3>=N_MIN=3 and average_utility=-1.0000<=BETA=-0.2
19955,M071219,downgraded,2,-1.0,0.30000000000000004,quality_score=0.3000 < DOWNGRADE_THRESHOLD=0.4
19962,M005593,downgraded,2,-1.0,0.30000000000000004,quality_score=0.3000 < DOWNGRADE_THRESHOLD=0.4
19962,M017121,downgraded,2,-1.0,0.30000000000000004,quality_score=0.3000 < DOWNGRADE_THRESHOLD=0.4
19963,M099867,quarantined,3,-1.0,0.20000000000000004,retrieval_count=3>=N_MIN=3 and average_utility=-1.0000<=BETA=-0.2
19963,M047570,quarantined,3,-1.0,0.20000000000000004,retrieval_count=3>=N_MIN=3 and average_utility=-1.0000<=BETA=-0.2
19969,M093927,quarantined,3,-1.0,0.20000000000000004,retrieval_count=3>=N_MIN=3 and average_utility=-1.0000<=BETA=-0.2
19973,M087969,downgraded,2,-1.0,0.30000000000000004,quality_score=0.3000 < DOWNGRADE_THRESHOLD=0.4
19974,M055431,quarantined,3,-1.0,0.20000000000000004,retrieval_count=3>=N_MIN=3 and average_utility=-1.0000<=BETA=-0.2
19975,M087867,downgraded,2,-1.0,0.30000000000000004,quality_score=0.3000 < DOWNGRADE_THRESHOLD=0.4
19976,M086158,downgraded,2,-1.0,0.30000000000000004,quality_score=0.3000 < DOWNGRADE_THRESHOLD=0.4
19985,M016493,downgraded,2,-1.0,0.30000000000000004,quality_score=0.3000 < DOWNGRADE_THRESHOLD=0.4
19987,M086030,downgraded,2,-1.0,0.30000000000000004,quality_score=0.3000 < DOWNGRADE_THRESHOLD=0.4
19988,M055478,downgraded,2,-1.0,0.30000000000000004,quality_score=0.3000 < DOWNGRADE_THRESHOLD=0.4
19995,M083750,quarantined,3,-1.0,0.20000000000000004,retrieval_count=3>=N_MIN=3 and average_utility=-1.0000<=BETA=-0.2
19997,M021939,quarantined,3,-1.0,0.20000000000000004,retrieval_count=3>=N_MIN=3 and average_utility=-1.0000<=BETA=-0.2
19998,M064377,quarantined,3,-1.0,0.20000000000000004,retrieval_count=3>=N_MIN=3 and average_utility=-1.0000<=BETA=-0.2
19999,M004176,downgraded,2,-1.0,0.30000000000000004,quality_score=0.3000 < DOWNGRADE_THRESHOLD=0.4
20005,M015906,quarantined,3,-1.0,0.20000000000000004,retrieval_count=3>=N_MIN=3 and average_utility=-1.0000<=BETA=-0.2
20013,M031235,downgraded,2,-1.0,0.30000000000000004,quality_score=0.3000 < DOWNGRADE_THRESHOLD=0.4
20014,M032209,downgraded,2,-1.0,0.30000000000000004,quality_score=0.3000 < DOWNGRADE_THRESHOLD=0.4
20015,M046244,quarantined,3,-1.0,0.20000000000000004,retrieval_count=3>=N_MIN=3 and average_utility=-1.0000<=BETA=-0.2
20024,M024452,quarantined,3,-1.0,0.20000000000000004,retrieval_count=3>=N_MIN=3 and average_utility=-1.0000<=BETA=-0.2
20027,M071132,quarantined,3,-1.0,0.20000000000000004,retrieval_count=3>=N_MIN=3 and average_utility=-1.0000<=BETA=-0.2
20033,M004241,quarantined,3,-1.0,0.20000000000000004,retrieval_count=3>=N_MIN=3 and average_utility=-1.0000<=BETA=-0.2
20034,M096817,downgraded,2,-1.0,0.30000000000000004,quality_score=0.3000 < DOWNGRADE_THRESHOLD=0.4
20039,M006831,downgraded,2,-1.0,0.30000000000000004,quality_score=0.3000 < DOWNGRADE_THRESHOLD=0.4
20040,M071757,quarantined,3,-1.0,0.20000000000000004,retrieval_count=3>=N_MIN=3 and average_utility=-1.0000<=BETA=-0.2
20053,M026511,quarantined,3,-1.0,0.20000000000000004,retrieval_count=3>=N_MIN=3 and average_utility=-1.0000<=BETA=-0.2
20056,M053696,downgraded,2,-1.0,0.30000000000000004,quality_score=0.3000 < DOWNGRADE_THRESHOLD=0.4
20066,M072197,quarantined,3,-1.0,0.20000000000000004,retrieval_count=3>=N_MIN=3 and average_utility=-1.0000<=BETA=-0.2
20077,M028941,quarantined,3,-1.0,0.20000000000000004,retrieval_count=3>=N_MIN=3 and average_utility=-1.0000<=BETA=-0.2
20081,M006537,downgraded,2,-1.0,0.30000000000000004,quality_score=0.3000 < DOWNGRADE_THRESHOLD=0.4
20082,M072672,downgraded,2,-1.0,0.30000000000000004,quality_score=0.3000 < DOWNGRADE_THRESHOLD=0.4
20082,M067227,quarantined,3,-1.0,0.20000000000000004,retrieval_count=3>=N_MIN=3 and average_utility=-1.0000<=BETA=-0.2
20085,M024514,downgraded,2,-1.0,0.30000000000000004,quality_score=0.3000 < DOWNGRADE_THRESHOLD=0.4
20090,M089573,downgraded,2,-1.0,0.30000000000000004,quality_score=0.3000 < DOWNGRADE_THRESHOLD=0.4
20091,M076685,quarantined,3,-1.0,0.20000000000000004,retrieval_count=3>=N_MIN=3 and average_utility=-1.0000<=BETA=-0.2
20091,M080927,quarantined,3,-1.0,0.20000000000000004,retrieval_count=3>=N_MIN=3 and average_utility=-1.0000<=BETA=-0.2
20095,M074546,downgraded,2,-1.0,0.30000000000000004,quality_score=0.3000 < DOWNGRADE_THRESHOLD=0.4
20097,M046256,quarantined,3,-1.0,0.20000000000000004,retrieval_count=3>=N_MIN=3 and average_utility=-1.0000<=BETA=-0.2
20097,M029594,quarantined,3,-1.0,0.20000000000000004,retrieval_count=3>=N_MIN=3 and average_utility=-1.0000<=BETA=-0.2
20099,M013892,quarantined,3,-1.0,0.20000000000000004,retrieval_count=3>=N_MIN=3 and average_utility=-1.0000<=BETA=-0.2
20099,M027332,downgraded,2,-1.0,0.30000000000000004,quality_score=0.3000 < DOWNGRADE_THRESHOLD=0.4
20111,M022973,quarantined,3,-1.0,0.20000000000000004,retrieval_count=3>=N_MIN=3 and average_utility=-1.0000<=BETA=-0.2
20113,M054904,quarantined,3,-1.0,0.20000000000000004,retrieval_count=3>=N_MIN=3 and average_utility=-1.0000<=BETA=-0.2
20113,M058026,quarantined,3,-1.0,0.20000000000000004,retrieval_count=3>=N_MIN=3 and average_utility=-1.0000<=BETA=-0.2
20123,M008804,downgraded,2,-1.0,0.30000000000000004,quality_score=0.3000 < DOWNGRADE_THRESHOLD=0.4
20126,M097894,downgraded,2,-1.0,0.30000000000000004,quality_score=0.3000 < DOWNGRADE_THRESHOLD=0.4
20129,M040204,quarantined,3,-1.0,0.20000000000000004,retrieval_count=3>=N_MIN=3 and average_utility=-1.0000<=BETA=-0.2
20135,M028366,downgraded,2,-1.0,0.30000000000000004,quality_score=0.3000 < DOWNGRADE_THRESHOLD=0.4
20145,M076822,downgraded,2,-1.0,0.30000000000000004,quality_score=0.3000 < DOWNGRADE_THRESHOLD=0.4
20158,M012672,quarantined,3,-1.0,0.20000000000000004,retrieval_count=3>=N_MIN=3 and average_utility=-1.0000<=BETA=-0.2
20161,M080682,quarantined,3,-1.0,0.20000000000000004,retrieval_count=3>=N_MIN=3 and average_utility=-1.0000<=BETA=-0.2
20162,M027491,downgraded,2,-1.0,0.30000000000000004,quality_score=0.3000 < DOWNGRADE_THRESHOLD=0.4
20167,M011777,downgraded,2,-1.0,0.30000000000000004,quality_score=0.3000 < DOWNGRADE_THRESHOLD=0.4
20171,M077405,quarantined,3,-1.0,0.20000000000000004,retrieval_count=3>=N_MIN=3 and average_utility=-1.0000<=BETA=-0.2
20178,M075574,quarantined,3,-1.0,0.20000000000000004,retrieval_count=3>=N_MIN=3 and average_utility=-1.0000<=BETA=-0.2
20180,M097218,quarantined,3,-1.0,0.20000000000000004,retrieval_count=3>=N_MIN=3 and average_utility=-1.0000<=BETA=-0.2
20183,M009478,downgraded,2,-1.0,0.30000000000000004,quality_score=0.3000 < DOWNGRADE_THRESHOLD=0.4
20185,M019439,downgraded,2,-1.0,0.30000000000000004,quality_score=0.3000 < DOWNGRADE_THRESHOLD=0.4
20187,M071513,downgraded,2,-1.0,0.30000000000000004,quality_score=0.3000 < DOWNGRADE_THRESHOLD=0.4
20192,M024407,downgraded,2,-1.0,0.30000000000000004,quality_score=0.3000 < DOWNGRADE_THRESHOLD=0.4
20194,M022931,quarantined,3,-1.0,0.20000000000000004,retrieval_count=3>=N_MIN=3 and average_utility=-1.0000<=BETA=-0.2
20198,M076999,downgraded,2,-1.0,0.30000000000000004,quality_score=0.3000 < DOWNGRADE_THRESHOLD=0.4
20199,M067250,downgraded,2,-1.0,0.30000000000000004,quality_score=0.3000 < DOWNGRADE_THRESHOLD=0.4
20200,M015254,downgraded,2,-1.0,0.30000000000000004,quality_score=0.3000 < DOWNGRADE_THRESHOLD=0.4
20204,M073292,downgraded,2,-1.0,0.30000000000000004,quality_score=0.3000 < DOWNGRADE_THRESHOLD=0.4
20204,M075295,downgraded,2,-1.0,0.30000000000000004,quality_score=0.3000 < DOWNGRADE_THRESHOLD=0.4
20205,M067153,quarantined,3,-1.0,0.20000000000000004,retrieval_count=3>=N_MIN=3 and average_utility=-1.0000<=BETA=-0.2
20207,M080895,quarantined,3,-1.0,0.20000000000000004,retrieval_count=3>=N_MIN=3 and average_utility=-1.0000<=BETA=-0.2
20209,M052294,downgraded,2,-1.0,0.30000000000000004,quality_score=0.3000 < DOWNGRADE_THRESHOLD=0.4
20224,M041850,downgraded,2,-1.0,0.30000000000000004,quality_score=0.3000 < DOWNGRADE_THRESHOLD=0.4
20225,M053672,downgraded,2,-1.0,0.30000000000000004,quality_score=0.3000 < DOWNGRADE_THRESHOLD=0.4
20232,M024514,quarantined,3,-1.0,0.20000000000000004,retrieval_count=3>=N_MIN=3 and average_utility=-1.0000<=BETA=-0.2
20235,M018446,downgraded,2,-1.0,0.30000000000000004,quality_score=0.3000 < DOWNGRADE_THRESHOLD=0.4
20243,M039815,downgraded,2,-1.0,0.30000000000000004,quality_score=0.3000 < DOWNGRADE_THRESHOLD=0.4
20245,M059378,downgraded,2,-1.0,0.30000000000000004,quality_score=0.3000 < DOWNGRADE_THRESHOLD=0.4
20247,M043281,downgraded,2,-1.0,0.30000000000000004,quality_score=0.3000 < DOWNGRADE_THRESHOLD=0.4
20251,M071139,downgraded,2,-1.0,0.30000000000000004,quality_score=0.3000 < DOWNGRADE_THRESHOLD=0.4
20254,M089848,downgraded,2,-1.0,0.30000000000000004,quality_score=0.3000 < DOWNGRADE_THRESHOLD=0.4
20261,M061180,downgraded,2,-1.0,0.30000000000000004,quality_score=0.3000 < DOWNGRADE_THRESHOLD=0.4
20261,M077811,downgraded,2,-1.0,0.30000000000000004,quality_score=0.3000 < DOWNGRADE_THRESHOLD=0.4
20262,M032756,downgraded,2,-1.0,0.30000000000000004,quality_score=0.3000 < DOWNGRADE_THRESHOLD=0.4
20263,M093689,downgraded,2,-1.0,0.30000000000000004,quality_score=0.3000 < DOWNGRADE_THRESHOLD=0.4
20268,M036595,downgraded,2,-1.0,0.30000000000000004,quality_score=0.3000 < DOWNGRADE_THRESHOLD=0.4
20268,M058981,downgraded,2,-1.0,0.30000000000000004,quality_score=0.3000 < DOWNGRADE_THRESHOLD=0.4
20272,M036718,quarantined,3,-1.0,0.20000000000000004,retrieval_count=3>=N_MIN=3 and average_utility=-1.0000<=BETA=-0.2
20283,M079959,downgraded,2,-1.0,0.30000000000000004,quality_score=0.3000 < DOWNGRADE_THRESHOLD=0.4
20283,M043574,quarantined,3,-1.0,0.20000000000000004,retrieval_count=3>=N_MIN=3 and average_utility=-1.0000<=BETA=-0.2
20283,M063640,quarantined,3,-1.0,0.20000000000000004,retrieval_count=3>=N_MIN=3 and average_utility=-1.0000<=BETA=-0.2
20286,M083026,quarantined,3,-1.0,0.20000000000000004,retrieval_count=3>=N_MIN=3 and average_utility=-1.0000<=BETA=-0.2
20287,M036934,quarantined,3,-1.0,0.20000000000000004,retrieval_count=3>=N_MIN=3 and average_utility=-1.0000<=BETA=-0.2
20289,M022295,downgraded,2,-1.0,0.30000000000000004,quality_score=0.3000 < DOWNGRADE_THRESHOLD=0.4
20294,M072740,quarantined,3,-1.0,0.20000000000000004,retrieval_count=3>=N_MIN=3 and average_utility=-1.0000<=BETA=-0.2
20298,M080558,downgraded,2,-1.0,0.30000000000000004,quality_score=0.3000 < DOWNGRADE_THRESHOLD=0.4
20299,M009910,downgraded,2,-1.0,0.30000000000000004,quality_score=0.3000 < DOWNGRADE_THRESHOLD=0.4
20300,M053183,downgraded,2,-1.0,0.30000000000000004,quality_score=0.3000 < DOWNGRADE_THRESHOLD=0.4
20300,M062828,downgraded,2,-1.0,0.30000000000000004,quality_score=0.3000 < DOWNGRADE_THRESHOLD=0.4
20305,M093231,downgraded,2,-1.0,0.30000000000000004,quality_score=0.3000 < DOWNGRADE_THRESHOLD=0.4
20306,M066290,downgraded,2,-1.0,0.30000000000000004,quality_score=0.3000 < DOWNGRADE_THRESHOLD=0.4
20310,M024295,downgraded,2,-1.0,0.30000000000000004,quality_score=0.3000 < DOWNGRADE_THRESHOLD=0.4
20310,M011769,downgraded,2,-1.0,0.30000000000000004,quality_score=0.3000 < DOWNGRADE_THRESHOLD=0.4
20310,M009726,downgraded,2,-1.0,0.30000000000000004,quality_score=0.3000 < DOWNGRADE_THRESHOLD=0.4
20325,M047595,quarantined,3,-1.0,0.20000000000000004,retrieval_count=3>=N_MIN=3 and average_utility=-1.0000<=BETA=-0.2
20335,M089892,downgraded,2,-1.0,0.30000000000000004,quality_score=0.3000 < DOWNGRADE_THRESHOLD=0.4
20336,M014278,downgraded,2,-1.0,0.30000000000000004,quality_score=0.3000 < DOWNGRADE_THRESHOLD=0.4
20337,M086160,downgraded,2,-1.0,0.30000000000000004,quality_score=0.3000 < DOWNGRADE_THRESHOLD=0.4
20343,M021561,downgraded,2,-1.0,0.30000000000000004,quality_score=0.3000 < DOWNGRADE_THRESHOLD=0.4
20344,M072542,downgraded,2,-1.0,0.30000000000000004,quality_score=0.3000 < DOWNGRADE_THRESHOLD=0.4
20353,M042145,downgraded,2,-1.0,0.30000000000000004,quality_score=0.3000 < DOWNGRADE_THRESHOLD=0.4
20355,M101377,quarantined,3,-1.0,0.20000000000000004,retrieval_count=3>=N_MIN=3 and average_utility=-1.0000<=BETA=-0.2
20355,M003049,quarantined,3,-1.0,0.20000000000000004,retrieval_count=3>=N_MIN=3 and average_utility=-1.0000<=BETA=-0.2
20358,M090516,downgraded,2,-1.0,0.30000000000000004,quality_score=0.3000 < DOWNGRADE_THRESHOLD=0.4
20362,M007407,quarantined,3,-1.0,0.20000000000000004,retrieval_count=3>=N_MIN=3 and average_utility=-1.0000<=BETA=-0.2
20368,M016925,quarantined,3,-1.0,0.20000000000000004,retrieval_count=3>=N_MIN=3 and average_utility=-1.0000<=BETA=-0.2
