condition,round,archetype,rank,memory_id,feedback,semantic_similarity,state_alignment,context_alignment,final_ranking_score,retrieval_count_after,average_utility_after
static,1,Q001,1,M035956,1.0,1.0,1.0,1.0,1.0,1,1.0
static,1,Q001,2,M028549,0.0,0.9981349110603333,0.7142857142857143,0.9807776193272376,0.9940752983093262,1,0.0
static,1,Q001,3,M035537,1.0,0.9994309544563293,0.8571428571428571,0.9744138495092693,0.9932620525360107,1,1.0
static,1,Q001,4,M032957,1.0,0.9983353018760681,0.8571428571428571,0.96197571512457,0.9894951581954956,1,1.0
static,1,Q001,5,M028255,1.0,0.9990233778953552,0.7142857142857143,0.9601190476190476,0.9894437789916992,1,1.0
static,2,Q002,1,M060927,1.0,1.0,1.0,1.0,1.0,1,1.0
static,2,Q002,2,M080873,1.0,0.9988524913787842,1.0,0.9883996728462376,0.9964114427566528,1,1.0
static,2,Q002,3,M069758,1.0,0.998687744140625,0.9965986394557823,0.9790757906215921,0.9939815998077393,1,1.0
static,2,Q002,4,M085993,1.0,0.9992295503616333,0.819047619047619,0.9768947655398037,0.993761420249939,1,1.0
static,2,Q002,5,M047437,-1.0,0.999078631401062,0.819047619047619,0.9770992366412213,0.9937219619750977,1,-1.0
static,3,Q003,1,M079920,1.0,1.0,0.9714285714285714,1.0,1.0,1,1.0
static,3,Q003,2,M012821,-1.0,0.9993844032287598,0.9734693877551022,0.9938522355507089,0.9980937242507935,1,-1.0
static,3,Q003,3,M072610,1.0,0.9990502595901489,0.7925170068027212,0.9859187568157034,0.9959099292755127,1,1.0
static,3,Q003,4,M090781,0.0,0.999200701713562,0.7959183673469389,0.9743184296619412,0.9931000471115112,1,0.0
static,3,Q003,5,M004476,0.0,0.998794674873352,0.8115646258503402,0.9730234460196293,0.9925327301025391,1,0.0
static,4,Q004,1,M050078,0.0,1.0,0.8571428571428571,1.0,1.0,1,0.0
static,4,Q004,2,M059745,0.0,0.9982020854949951,0.8503401360544218,0.9780219780219781,0.9934267997741699,1,0.0
static,4,Q004,3,M049322,-1.0,0.9965438842773438,0.8312925170068028,0.9580089757570673,0.9874286651611328,1,-1.0
static,4,Q004,4,M059135,1.0,0.9978526830673218,0.8217687074829932,0.9417215418169617,0.9841419458389282,1,1.0
static,4,Q004,5,M091738,0.0,0.9967393279075623,0.8312925170068028,0.9236400050331348,0.9789535999298096,1,0.0
static,5,Q005,1,M044080,-1.0,1.0,0.9931972789115646,1.0,1.0,1,-1.0
static,5,Q005,2,M084721,1.0,0.9992156624794006,0.834013605442177,0.9945474372955289,0.9981663227081299,1,1.0
static,5,Q005,3,M047189,1.0,0.9991359114646912,0.7108843537414966,0.9931570338058887,0.9977707862854004,1,1.0
static,5,Q005,4,M054335,0.0,0.998910665512085,0.8312925170068028,0.9934569247546347,0.9977105855941772,1,0.0
static,5,Q005,5,M095999,1.0,0.9986827373504639,0.7074829931972789,0.9858233369683751,0.9956655502319336,1,1.0
static,6,Q006,1,M004727,1.0,1.0,0.9981203007518796,1.0,1.0,1,1.0
static,6,Q006,2,M016297,1.0,0.9977824687957764,0.8171679197994987,0.9870092693565977,0.9954218864440918,1,1.0
static,6,Q006,3,M014732,1.0,0.9978636503219604,0.7885964912280701,0.9806821994799094,0.9938887357711792,1,1.0
static,6,Q006,4,M090795,1.0,0.998614490032196,0.7802721088435375,0.9785850599781897,0.9938149452209473,1,1.0
static,6,Q006,5,M089503,1.0,0.9993441104888916,0.7885964912280701,0.9760087241003271,0.9936087131500244,1,1.0
static,7,Q007,1,M029944,1.0,1.000000238418579,1.0,1.0,1.0000001192092896,1,1.0
static,7,Q007,2,M030690,0.0,0.9987031817436218,0.8476190476190476,0.9678616866593964,0.991187334060669,1,0.0
static,7,Q007,3,M003265,-1.0,0.9979531168937683,0.8244897959183675,0.9533966669462852,0.9871209859848022,1,-1.0
static,7,Q007,4,M041095,1.0,0.9984678626060486,0.8285714285714285,0.9506410256410256,0.9867409467697144,1,1.0
static,7,Q007,5,M035734,0.0,0.9985516667366028,0.819047619047619,0.9494299275787824,0.9864885807037354,1,0.0
static,8,Q008,1,M084575,0.0,1.0000001192092896,0.8571428571428571,1.0,1.0000001192092896,1,0.0
static,8,Q008,2,M076048,1.0,0.9997464418411255,0.8518617973505191,0.9964285714285713,0.9989550113677979,1,1.0
static,8,Q008,3,M065714,1.0,0.9995644688606262,0.707124955245256,0.994942748091603,0.9984743595123291,1,1.0
static,8,Q008,4,M076797,1.0,0.9991171956062317,0.7090046544933762,0.9942475463467829,0.9980322122573853,1,1.0
static,8,Q008,5,M063614,0.0,0.9990450143814087,0.8069638381668457,0.9942475463467829,0.9979889392852783,1,0.0
static,9,Q009,1,M059479,-1.0,1.0000001192092896,0.9863945578231293,1.0,1.0000001192092896,1,-1.0
static,9,Q009,2,M022445,1.0,0.9995251893997192,0.8122448979591838,0.9971237731733914,0.9989960193634033,1,1.0
static,9,Q009,3,M053522,1.0,0.999415397644043,0.8435374149659864,0.9902808069792803,0.997219443321228,1,1.0
static,9,Q009,4,M043070,1.0,0.998935341835022,0.8312925170068028,0.9899809160305343,0.9968564510345459,1,1.0
static,9,Q009,5,M076903,1.0,0.9993971586227417,0.8054421768707484,0.9877044711014176,0.996564507484436,1,1.0
static,10,Q010,1,M056742,0.0,1.0,0.9962406015037594,1.0,1.0,1,0.0
static,10,Q010,2,M020473,-1.0,0.9994295835494995,0.9799140708915146,0.9931570338058887,0.9979469776153564,1,-1.0
static,10,Q010,3,M022852,0.0,0.9990639686584473,0.8180093089867526,0.9924618320610687,0.9975539445877075,1,0.0
static,10,Q010,4,M070100,0.0,0.9994654655456543,0.7870748299319728,0.9857142857142858,0.996107816696167,1,0.0
static,10,Q010,5,M085336,1.0,0.9990699887275696,0.8171679197994987,0.9820474372955289,0.9949538707733154,1,1.0
static,11,Q011,1,M043191,1.0,1.0000001192092896,0.9714285714285714,1.0,1.0000001192092896,1,1.0
static,11,Q011,2,M042153,-1.0,1.0000001192092896,0.9714285714285714,1.0,1.0000001192092896,1,-1.0
static,11,Q011,3,M063474,1.0,1.0000001192092896,0.8285714285714285,1.0,1.0000001192092896,1,1.0
static,11,Q011,4,M042506,0.0,1.0000001192092896,0.8025241675617615,1.0,1.0000001192092896,1,0.0
static,11,Q011,5,M089762,1.0,0.999800980091095,0.7047619047619048,0.9964285714285713,0.9989877939224243,1,1.0
static,12,Q012,1,M057809,0.0,1.0000001192092896,0.8571428571428571,1.0,1.0000001192092896,1,0.0
static,12,Q012,2,M078223,1.0,0.9991438388824463,0.8306122448979593,0.9849236641221374,0.9957172870635986,1,1.0
static,12,Q012,3,M081373,1.0,0.9991778135299683,0.8380952380952381,0.9841330425299891,0.9955400228500366,1,1.0
static,12,Q012,4,M091742,0.0,0.9990804195404053,1.0,0.971633042529989,0.992356538772583,1,0.0
static,12,Q012,5,M056558,0.0,0.998988151550293,0.7142857142857143,0.9705561613958561,0.9920319318771362,1,0.0
static,13,Q013,1,M004656,0.0,1.0000001192092896,1.0,1.0,1.0000001192092896,1,0.0
static,13,Q013,2,M000652,0.0,0.997107207775116,0.9904761904761905,0.9714537371025921,0.9911277294158936,1,0.0
static,13,Q013,3,M000489,1.0,0.9978896975517273,0.8476190476190476,0.9266154964628248,0.9803876876831055,1,1.0
static,13,Q013,4,M000224,1.0,0.9966926574707031,0.8380952380952381,0.9211835556301206,0.9783115386962891,1,1.0
static,13,Q013,5,M000522,1.0,0.9957696199417114,0.8285714285714285,0.9303165981601096,0.9300410151481628,1,1.0
static,14,Q014,1,M035347,-1.0,1.0,0.9523809523809524,1.0,1.0,1,-1.0
static,14,Q014,2,M022194,1.0,0.997409462928772,0.7940386680988185,0.9362598915079829,0.9825106859207153,1,1.0
static,14,Q014,3,M012192,0.0,0.996539831161499,0.8171679197994987,0.9520289824679138,0.9359312057495117,1,0.0
static,14,Q014,4,M061545,1.0,0.9918105602264404,0.9749910490511995,0.9073067835472415,0.9219130277633667,1,1.0
static,14,Q014,5,M034318,0.0,0.987061083316803,0.8253311851056212,0.9056325671783687,0.9186448454856873,1,0.0
static,15,Q015,1,M051010,0.0,1.0,0.8503401360544218,1.0,1.0,1,0.0
static,15,Q015,2,M101026,-1.0,0.9993199110031128,0.7993197278911566,0.9982142857142857,0.9991455078125,1,-1.0
static,15,Q015,3,M075258,1.0,0.9991916418075562,0.8122448979591838,0.993552344601963,0.9979031085968018,1,1.0
static,15,Q015,4,M063219,1.0,0.9991055727005005,0.8380952380952381,0.9931570338058887,0.9977525472640991,1,1.0
static,15,Q015,5,M039788,1.0,0.998693585395813,0.7142857142857143,0.9931570338058887,0.9975054264068604,1,1.0
static,16,Q016,1,M026665,1.0,1.0,1.0,1.0,1.0,1,1.0
static,16,Q016,2,M087806,0.0,0.9994206428527832,0.8571428571428571,0.9960332606324973,0.998660683631897,1,0.0
static,16,Q016,3,M068757,1.0,0.9996577501296997,0.8122448979591838,0.9946428571428572,0.9984554052352905,1,1.0
static,16,Q016,4,M070107,0.0,0.9994356632232666,0.8435374149659864,0.993552344601963,0.9980494976043701,1,0.0
static,16,Q016,5,M089155,1.0,0.9997481107711792,0.8503401360544218,0.9910714285714286,0.9976167678833008,1,1.0
static,17,Q017,1,M058435,1.0,1.000000238418579,0.9551020408163265,1.0,1.0000001192092896,1,1.0
static,17,Q017,2,M035900,1.0,0.9987359642982483,0.8050841389187254,0.97025627044711,0.9918056726455688,1,1.0
static,17,Q017,3,M044584,0.0,0.9985114336013794,0.8122448979591838,0.9606234096692111,0.9892627000808716,1,0.0
static,17,Q017,4,M052454,0.0,0.9986316561698914,0.8408163265306123,0.9545098984984481,0.9878065586090088,1,0.0
static,17,Q017,5,M059516,0.0,0.9993190765380859,0.8020408163265307,0.9459332969829154,0.9860748052597046,1,0.0
static,18,Q018,1,M050950,1.0,1.0000001192092896,0.9619047619047619,1.0,1.0000001192092896,1,1.0
static,18,Q018,2,M070554,1.0,0.999678373336792,0.819047619047619,0.9892857142857142,0.9971284866333008,1,1.0
static,18,Q018,3,M047611,1.0,0.999678373336792,0.9714285714285714,0.9892857142857142,0.9971284866333008,1,1.0
static,18,Q018,4,M100060,1.0,0.9984458684921265,0.7993197278911566,0.974618320610687,0.9927221536636353,1,1.0
static,18,Q018,5,M052330,1.0,0.9986474514007568,0.8095238095238095,0.9604416575790621,0.989298939704895,1,1.0
static,19,Q019,1,M046472,-1.0,0.9999999403953552,0.8571428571428571,1.0,1.0,1,-1.0
static,19,Q019,2,M026024,-1.0,0.996228039264679,0.7931972789115646,0.9349152755641306,0.9814656972885132,1,-1.0
static,19,Q019,3,M044611,0.0,0.9980992674827576,0.8571428571428571,0.9644083969465649,0.9399617314338684,1,0.0
static,19,Q019,4,M033266,1.0,0.9973161220550537,0.8122448979591838,0.9554571065067247,0.9372539520263672,1,1.0
static,19,Q019,5,M043388,-1.0,0.9955116510391235,0.8571428571428571,0.9546168526130357,0.9359612464904785,1,-1.0
static,20,Q020,1,M048011,0.0,1.0,0.8408163265306123,1.0,1.0,1,0.0
static,20,Q020,2,M069109,1.0,0.9990991950035095,0.9482993197278912,0.9806570338058888,0.9946237802505493,1,1.0
static,20,Q020,3,M033563,0.0,0.9956273436546326,0.8476190476190476,0.9691772921734755,0.9896707534790039,1,0.0
static,20,Q020,4,M061337,1.0,0.9985913038253784,0.7056032939491585,0.9560568884042165,0.9881690740585327,1,1.0
static,20,Q020,5,M064735,1.0,0.9988635778427124,0.8469387755102041,0.943452380952381,0.9851812124252319,1,1.0
static,21,Q001,1,M035956,1.0,1.0,1.0,1.0,1.0,2,1.0
static,21,Q001,2,M028549,0.0,0.9981349110603333,0.7142857142857143,0.9807776193272376,0.9940752983093262,2,0.0
static,21,Q001,3,M035537,1.0,0.9994309544563293,0.8571428571428571,0.9744138495092693,0.9932620525360107,2,1.0
static,21,Q001,4,M032957,1.0,0.9983353018760681,0.8571428571428571,0.96197571512457,0.9894951581954956,2,1.0
static,21,Q001,5,M028255,1.0,0.9990233778953552,0.7142857142857143,0.9601190476190476,0.9894437789916992,2,1.0
static,22,Q002,1,M060927,1.0,1.0,1.0,1.0,1.0,2,1.0
static,22,Q002,2,M080873,1.0,0.9988524913787842,1.0,0.9883996728462376,0.9964114427566528,2,1.0
static,22,Q002,3,M069758,1.0,0.998687744140625,0.9965986394557823,0.9790757906215921,0.9939815998077393,2,1.0
static,22,Q002,4,M085993,1.0,0.9992295503616333,0.819047619047619,0.9768947655398037,0.993761420249939,2,1.0
static,22,Q002,5,M047437,-1.0,0.999078631401062,0.819047619047619,0.9770992366412213,0.9937219619750977,2,-1.0
static,23,Q003,1,M079920,1.0,1.0,0.9714285714285714,1.0,1.0,2,1.0
static,23,Q003,2,M012821,-1.0,0.9993844032287598,0.9734693877551022,0.9938522355507089,0.9980937242507935,2,-1.0
static,23,Q003,3,M072610,1.0,0.9990502595901489,0.7925170068027212,0.9859187568157034,0.9959099292755127,2,1.0
static,23,Q003,4,M090781,0.0,0.999200701713562,0.7959183673469389,0.9743184296619412,0.9931000471115112,2,0.0
static,23,Q003,5,M004476,0.0,0.998794674873352,0.8115646258503402,0.9730234460196293,0.9925327301025391,2,0.0
static,24,Q004,1,M050078,0.0,1.0,0.8571428571428571,1.0,1.0,2,0.0
static,24,Q004,2,M059745,0.0,0.9982020854949951,0.8503401360544218,0.9780219780219781,0.9934267997741699,2,0.0
static,24,Q004,3,M049322,-1.0,0.9965438842773438,0.8312925170068028,0.9580089757570673,0.9874286651611328,2,-1.0
static,24,Q004,4,M059135,1.0,0.9978526830673218,0.8217687074829932,0.9417215418169617,0.9841419458389282,2,1.0
static,24,Q004,5,M091738,0.0,0.9967393279075623,0.8312925170068028,0.9236400050331348,0.9789535999298096,2,0.0
static,25,Q005,1,M044080,-1.0,1.0,0.9931972789115646,1.0,1.0,2,-1.0
static,25,Q005,2,M084721,1.0,0.9992156624794006,0.834013605442177,0.9945474372955289,0.9981663227081299,2,1.0
static,25,Q005,3,M047189,1.0,0.9991359114646912,0.7108843537414966,0.9931570338058887,0.9977707862854004,2,1.0
static,25,Q005,4,M054335,0.0,0.998910665512085,0.8312925170068028,0.9934569247546347,0.9977105855941772,2,0.0
static,25,Q005,5,M095999,1.0,0.9986827373504639,0.7074829931972789,0.9858233369683751,0.9956655502319336,2,1.0
static,26,Q006,1,M004727,1.0,1.0,0.9981203007518796,1.0,1.0,2,1.0
static,26,Q006,2,M016297,1.0,0.9977824687957764,0.8171679197994987,0.9870092693565977,0.9954218864440918,2,1.0
static,26,Q006,3,M014732,1.0,0.9978636503219604,0.7885964912280701,0.9806821994799094,0.9938887357711792,2,1.0
static,26,Q006,4,M090795,1.0,0.998614490032196,0.7802721088435375,0.9785850599781897,0.9938149452209473,2,1.0
static,26,Q006,5,M089503,1.0,0.9993441104888916,0.7885964912280701,0.9760087241003271,0.9936087131500244,2,1.0
static,27,Q007,1,M029944,1.0,1.000000238418579,1.0,1.0,1.0000001192092896,2,1.0
static,27,Q007,2,M030690,0.0,0.9987031817436218,0.8476190476190476,0.9678616866593964,0.991187334060669,2,0.0
static,27,Q007,3,M003265,-1.0,0.9979531168937683,0.8244897959183675,0.9533966669462852,0.9871209859848022,2,-1.0
static,27,Q007,4,M041095,1.0,0.9984678626060486,0.8285714285714285,0.9506410256410256,0.9867409467697144,2,1.0
static,27,Q007,5,M035734,0.0,0.9985516667366028,0.819047619047619,0.9494299275787824,0.9864885807037354,2,0.0
static,28,Q008,1,M084575,0.0,1.0000001192092896,0.8571428571428571,1.0,1.0000001192092896,2,0.0
static,28,Q008,2,M076048,1.0,0.9997464418411255,0.8518617973505191,0.9964285714285713,0.9989550113677979,2,1.0
static,28,Q008,3,M065714,1.0,0.9995644688606262,0.707124955245256,0.994942748091603,0.9984743595123291,2,1.0
static,28,Q008,4,M076797,1.0,0.9991171956062317,0.7090046544933762,0.9942475463467829,0.9980322122573853,2,1.0
static,28,Q008,5,M063614,0.0,0.9990450143814087,0.8069638381668457,0.9942475463467829,0.9979889392852783,2,0.0
static,29,Q009,1,M059479,-1.0,1.0000001192092896,0.9863945578231293,1.0,1.0000001192092896,2,-1.0
static,29,Q009,2,M022445,1.0,0.9995251893997192,0.8122448979591838,0.9971237731733914,0.9989960193634033,2,1.0
static,29,Q009,3,M053522,1.0,0.999415397644043,0.8435374149659864,0.9902808069792803,0.997219443321228,2,1.0
static,29,Q009,4,M043070,1.0,0.998935341835022,0.8312925170068028,0.9899809160305343,0.9968564510345459,2,1.0
static,29,Q009,5,M076903,1.0,0.9993971586227417,0.8054421768707484,0.9877044711014176,0.996564507484436,2,1.0
static,30,Q010,1,M056742,0.0,1.0,0.9962406015037594,1.0,1.0,2,0.0
static,30,Q010,2,M020473,-1.0,0.9994295835494995,0.9799140708915146,0.9931570338058887,0.9979469776153564,2,-1.0
static,30,Q010,3,M022852,0.0,0.9990639686584473,0.8180093089867526,0.9924618320610687,0.9975539445877075,2,0.0
static,30,Q010,4,M070100,0.0,0.9994654655456543,0.7870748299319728,0.9857142857142858,0.996107816696167,2,0.0
static,30,Q010,5,M085336,1.0,0.9990699887275696,0.8171679197994987,0.9820474372955289,0.9949538707733154,2,1.0
static,31,Q011,1,M043191,1.0,1.0000001192092896,0.9714285714285714,1.0,1.0000001192092896,2,1.0
static,31,Q011,2,M042153,-1.0,1.0000001192092896,0.9714285714285714,1.0,1.0000001192092896,2,-1.0
static,31,Q011,3,M063474,1.0,1.0000001192092896,0.8285714285714285,1.0,1.0000001192092896,2,1.0
static,31,Q011,4,M042506,0.0,1.0000001192092896,0.8025241675617615,1.0,1.0000001192092896,2,0.0
static,31,Q011,5,M089762,1.0,0.999800980091095,0.7047619047619048,0.9964285714285713,0.9989877939224243,2,1.0
static,32,Q012,1,M057809,0.0,1.0000001192092896,0.8571428571428571,1.0,1.0000001192092896,2,0.0
static,32,Q012,2,M078223,1.0,0.9991438388824463,0.8306122448979593,0.9849236641221374,0.9957172870635986,2,1.0
static,32,Q012,3,M081373,1.0,0.9991778135299683,0.8380952380952381,0.9841330425299891,0.9955400228500366,2,1.0
static,32,Q012,4,M091742,0.0,0.9990804195404053,1.0,0.971633042529989,0.992356538772583,2,0.0
static,32,Q012,5,M056558,0.0,0.998988151550293,0.7142857142857143,0.9705561613958561,0.9920319318771362,2,0.0
static,33,Q013,1,M004656,0.0,1.0000001192092896,1.0,1.0,1.0000001192092896,2,0.0
static,33,Q013,2,M000652,0.0,0.997107207775116,0.9904761904761905,0.9714537371025921,0.9911277294158936,2,0.0
static,33,Q013,3,M000489,1.0,0.9978896975517273,0.8476190476190476,0.9266154964628248,0.9803876876831055,2,1.0
static,33,Q013,4,M000224,1.0,0.9966926574707031,0.8380952380952381,0.9211835556301206,0.9783115386962891,2,1.0
static,33,Q013,5,M000522,1.0,0.9957696199417114,0.8285714285714285,0.9303165981601096,0.9300410151481628,2,1.0
static,34,Q014,1,M035347,-1.0,1.0,0.9523809523809524,1.0,1.0,2,-1.0
static,34,Q014,2,M022194,1.0,0.997409462928772,0.7940386680988185,0.9362598915079829,0.9825106859207153,2,1.0
static,34,Q014,3,M012192,0.0,0.996539831161499,0.8171679197994987,0.9520289824679138,0.9359312057495117,2,0.0
static,34,Q014,4,M061545,1.0,0.9918105602264404,0.9749910490511995,0.9073067835472415,0.9219130277633667,2,1.0
static,34,Q014,5,M034318,0.0,0.987061083316803,0.8253311851056212,0.9056325671783687,0.9186448454856873,2,0.0
static,35,Q015,1,M051010,0.0,1.0,0.8503401360544218,1.0,1.0,2,0.0
static,35,Q015,2,M101026,-1.0,0.9993199110031128,0.7993197278911566,0.9982142857142857,0.9991455078125,2,-1.0
static,35,Q015,3,M075258,1.0,0.9991916418075562,0.8122448979591838,0.993552344601963,0.9979031085968018,2,1.0
static,35,Q015,4,M063219,1.0,0.9991055727005005,0.8380952380952381,0.9931570338058887,0.9977525472640991,2,1.0
static,35,Q015,5,M039788,1.0,0.998693585395813,0.7142857142857143,0.9931570338058887,0.9975054264068604,2,1.0
static,36,Q016,1,M026665,1.0,1.0,1.0,1.0,1.0,2,1.0
static,36,Q016,2,M087806,0.0,0.9994206428527832,0.8571428571428571,0.9960332606324973,0.998660683631897,2,0.0
static,36,Q016,3,M068757,1.0,0.9996577501296997,0.8122448979591838,0.9946428571428572,0.9984554052352905,2,1.0
static,36,Q016,4,M070107,0.0,0.9994356632232666,0.8435374149659864,0.993552344601963,0.9980494976043701,2,0.0
static,36,Q016,5,M089155,1.0,0.9997481107711792,0.8503401360544218,0.9910714285714286,0.9976167678833008,2,1.0
static,37,Q017,1,M058435,1.0,1.000000238418579,0.9551020408163265,1.0,1.0000001192092896,2,1.0
static,37,Q017,2,M035900,1.0,0.9987359642982483,0.8050841389187254,0.97025627044711,0.9918056726455688,2,1.0
static,37,Q017,3,M044584,0.0,0.9985114336013794,0.8122448979591838,0.9606234096692111,0.9892627000808716,2,0.0
static,37,Q017,4,M052454,0.0,0.9986316561698914,0.8408163265306123,0.9545098984984481,0.9878065586090088,2,0.0
static,37,Q017,5,M059516,0.0,0.9993190765380859,0.8020408163265307,0.9459332969829154,0.9860748052597046,2,0.0
static,38,Q018,1,M050950,1.0,1.0000001192092896,0.9619047619047619,1.0,1.0000001192092896,2,1.0
static,38,Q018,2,M070554,1.0,0.999678373336792,0.819047619047619,0.9892857142857142,0.9971284866333008,2,1.0
static,38,Q018,3,M047611,1.0,0.999678373336792,0.9714285714285714,0.9892857142857142,0.9971284866333008,2,1.0
static,38,Q018,4,M100060,1.0,0.9984458684921265,0.7993197278911566,0.974618320610687,0.9927221536636353,2,1.0
static,38,Q018,5,M052330,1.0,0.9986474514007568,0.8095238095238095,0.9604416575790621,0.989298939704895,2,1.0
static,39,Q019,1,M046472,-1.0,0.9999999403953552,0.8571428571428571,1.0,1.0,2,-1.0
static,39,Q019,2,M026024,-1.0,0.996228039264679,0.7931972789115646,0.9349152755641306,0.9814656972885132,2,-1.0
static,39,Q019,3,M044611,0.0,0.9980992674827576,0.8571428571428571,0.9644083969465649,0.9399617314338684,2,0.0
static,39,Q019,4,M033266,1.0,0.9973161220550537,0.8122448979591838,0.9554571065067247,0.9372539520263672,2,1.0
static,39,Q019,5,M043388,-1.0,0.9955116510391235,0.8571428571428571,0.9546168526130357,0.9359612464904785,2,-1.0
static,40,Q020,1,M048011,0.0,1.0,0.8408163265306123,1.0,1.0,2,0.0
static,40,Q020,2,M069109,1.0,0.9990991950035095,0.9482993197278912,0.9806570338058888,0.9946237802505493,2,1.0
static,40,Q020,3,M033563,0.0,0.9956273436546326,0.8476190476190476,0.9691772921734755,0.9896707534790039,2,0.0
static,40,Q020,4,M061337,1.0,0.9985913038253784,0.7056032939491585,0.9560568884042165,0.9881690740585327,2,1.0
static,40,Q020,5,M064735,1.0,0.9988635778427124,0.8469387755102041,0.943452380952381,0.9851812124252319,2,1.0
static,41,Q001,1,M035956,1.0,1.0,1.0,1.0,1.0,3,1.0
static,41,Q001,2,M028549,0.0,0.9981349110603333,0.7142857142857143,0.9807776193272376,0.9940752983093262,3,0.0
static,41,Q001,3,M035537,1.0,0.9994309544563293,0.8571428571428571,0.9744138495092693,0.9932620525360107,3,1.0
static,41,Q001,4,M032957,1.0,0.9983353018760681,0.8571428571428571,0.96197571512457,0.9894951581954956,3,1.0
static,41,Q001,5,M028255,1.0,0.9990233778953552,0.7142857142857143,0.9601190476190476,0.9894437789916992,3,1.0
static,42,Q002,1,M060927,1.0,1.0,1.0,1.0,1.0,3,1.0
static,42,Q002,2,M080873,1.0,0.9988524913787842,1.0,0.9883996728462376,0.9964114427566528,3,1.0
static,42,Q002,3,M069758,1.0,0.998687744140625,0.9965986394557823,0.9790757906215921,0.9939815998077393,3,1.0
static,42,Q002,4,M085993,1.0,0.9992295503616333,0.819047619047619,0.9768947655398037,0.993761420249939,3,1.0
static,42,Q002,5,M047437,-1.0,0.999078631401062,0.819047619047619,0.9770992366412213,0.9937219619750977,3,-1.0
static,43,Q003,1,M079920,1.0,1.0,0.9714285714285714,1.0,1.0,3,1.0
static,43,Q003,2,M012821,-1.0,0.9993844032287598,0.9734693877551022,0.9938522355507089,0.9980937242507935,3,-1.0
static,43,Q003,3,M072610,1.0,0.9990502595901489,0.7925170068027212,0.9859187568157034,0.9959099292755127,3,1.0
static,43,Q003,4,M090781,0.0,0.999200701713562,0.7959183673469389,0.9743184296619412,0.9931000471115112,3,0.0
static,43,Q003,5,M004476,0.0,0.998794674873352,0.8115646258503402,0.9730234460196293,0.9925327301025391,3,0.0
static,44,Q004,1,M050078,0.0,1.0,0.8571428571428571,1.0,1.0,3,0.0
static,44,Q004,2,M059745,0.0,0.9982020854949951,0.8503401360544218,0.9780219780219781,0.9934267997741699,3,0.0
static,44,Q004,3,M049322,-1.0,0.9965438842773438,0.8312925170068028,0.9580089757570673,0.9874286651611328,3,-1.0
static,44,Q004,4,M059135,1.0,0.9978526830673218,0.8217687074829932,0.9417215418169617,0.9841419458389282,3,1.0
static,44,Q004,5,M091738,0.0,0.9967393279075623,0.8312925170068028,0.9236400050331348,0.9789535999298096,3,0.0
static,45,Q005,1,M044080,-1.0,1.0,0.9931972789115646,1.0,1.0,3,-1.0
static,45,Q005,2,M084721,1.0,0.9992156624794006,0.834013605442177,0.9945474372955289,0.9981663227081299,3,1.0
static,45,Q005,3,M047189,1.0,0.9991359114646912,0.7108843537414966,0.9931570338058887,0.9977707862854004,3,1.0
static,45,Q005,4,M054335,0.0,0.998910665512085,0.8312925170068028,0.9934569247546347,0.9977105855941772,3,0.0
static,45,Q005,5,M095999,1.0,0.9986827373504639,0.7074829931972789,0.9858233369683751,0.9956655502319336,3,1.0
static,46,Q006,1,M004727,1.0,1.0,0.9981203007518796,1.0,1.0,3,1.0
static,46,Q006,2,M016297,1.0,0.9977824687957764,0.8171679197994987,0.9870092693565977,0.9954218864440918,3,1.0
static,46,Q006,3,M014732,1.0,0.9978636503219604,0.7885964912280701,0.9806821994799094,0.9938887357711792,3,1.0
static,46,Q006,4,M090795,1.0,0.998614490032196,0.7802721088435375,0.9785850599781897,0.9938149452209473,3,1.0
static,46,Q006,5,M089503,1.0,0.9993441104888916,0.7885964912280701,0.9760087241003271,0.9936087131500244,3,1.0
static,47,Q007,1,M029944,1.0,1.000000238418579,1.0,1.0,1.0000001192092896,3,1.0
static,47,Q007,2,M030690,0.0,0.9987031817436218,0.8476190476190476,0.9678616866593964,0.991187334060669,3,0.0
static,47,Q007,3,M003265,-1.0,0.9979531168937683,0.8244897959183675,0.9533966669462852,0.9871209859848022,3,-1.0
static,47,Q007,4,M041095,1.0,0.9984678626060486,0.8285714285714285,0.9506410256410256,0.9867409467697144,3,1.0
static,47,Q007,5,M035734,0.0,0.9985516667366028,0.819047619047619,0.9494299275787824,0.9864885807037354,3,0.0
static,48,Q008,1,M084575,0.0,1.0000001192092896,0.8571428571428571,1.0,1.0000001192092896,3,0.0
static,48,Q008,2,M076048,1.0,0.9997464418411255,0.8518617973505191,0.9964285714285713,0.9989550113677979,3,1.0
static,48,Q008,3,M065714,1.0,0.9995644688606262,0.707124955245256,0.994942748091603,0.9984743595123291,3,1.0
static,48,Q008,4,M076797,1.0,0.9991171956062317,0.7090046544933762,0.9942475463467829,0.9980322122573853,3,1.0
static,48,Q008,5,M063614,0.0,0.9990450143814087,0.8069638381668457,0.9942475463467829,0.9979889392852783,3,0.0
static,49,Q009,1,M059479,-1.0,1.0000001192092896,0.9863945578231293,1.0,1.0000001192092896,3,-1.0
static,49,Q009,2,M022445,1.0,0.9995251893997192,0.8122448979591838,0.9971237731733914,0.9989960193634033,3,1.0
static,49,Q009,3,M053522,1.0,0.999415397644043,0.8435374149659864,0.9902808069792803,0.997219443321228,3,1.0
static,49,Q009,4,M043070,1.0,0.998935341835022,0.8312925170068028,0.9899809160305343,0.9968564510345459,3,1.0
static,49,Q009,5,M076903,1.0,0.9993971586227417,0.8054421768707484,0.9877044711014176,0.996564507484436,3,1.0
static,50,Q010,1,M056742,0.0,1.0,0.9962406015037594,1.0,1.0,3,0.0
static,50,Q010,2,M020473,-1.0,0.9994295835494995,0.9799140708915146,0.9931570338058887,0.9979469776153564,3,-1.0
static,50,Q010,3,M022852,0.0,0.9990639686584473,0.8180093089867526,0.9924618320610687,0.9975539445877075,3,0.0
static,50,Q010,4,M070100,0.0,0.9994654655456543,0.7870748299319728,0.9857142857142858,0.996107816696167,3,0.0
static,50,Q010,5,M085336,1.0,0.9990699887275696,0.8171679197994987,0.9820474372955289,0.9949538707733154,3,1.0
static,51,Q011,1,M043191,1.0,1.0000001192092896,0.9714285714285714,1.0,1.0000001192092896,3,1.0
static,51,Q011,2,M042153,-1.0,1.0000001192092896,0.9714285714285714,1.0,1.0000001192092896,3,-1.0
static,51,Q011,3,M063474,1.0,1.0000001192092896,0.8285714285714285,1.0,1.0000001192092896,3,1.0
static,51,Q011,4,M042506,0.0,1.0000001192092896,0.8025241675617615,1.0,1.0000001192092896,3,0.0
static,51,Q011,5,M089762,1.0,0.999800980091095,0.7047619047619048,0.9964285714285713,0.9989877939224243,3,1.0
static,52,Q012,1,M057809,0.0,1.0000001192092896,0.8571428571428571,1.0,1.0000001192092896,3,0.0
static,52,Q012,2,M078223,1.0,0.9991438388824463,0.8306122448979593,0.9849236641221374,0.9957172870635986,3,1.0
static,52,Q012,3,M081373,1.0,0.9991778135299683,0.8380952380952381,0.9841330425299891,0.9955400228500366,3,1.0
static,52,Q012,4,M091742,0.0,0.9990804195404053,1.0,0.971633042529989,0.992356538772583,3,0.0
static,52,Q012,5,M056558,0.0,0.998988151550293,0.7142857142857143,0.9705561613958561,0.9920319318771362,3,0.0
static,53,Q013,1,M004656,0.0,1.0000001192092896,1.0,1.0,1.0000001192092896,3,0.0
static,53,Q013,2,M000652,0.0,0.997107207775116,0.9904761904761905,0.9714537371025921,0.9911277294158936,3,0.0
static,53,Q013,3,M000489,1.0,0.9978896975517273,0.8476190476190476,0.9266154964628248,0.9803876876831055,3,1.0
static,53,Q013,4,M000224,1.0,0.9966926574707031,0.8380952380952381,0.9211835556301206,0.9783115386962891,3,1.0
static,53,Q013,5,M000522,1.0,0.9957696199417114,0.8285714285714285,0.9303165981601096,0.9300410151481628,3,1.0
static,54,Q014,1,M035347,-1.0,1.0,0.9523809523809524,1.0,1.0,3,-1.0
static,54,Q014,2,M022194,1.0,0.997409462928772,0.7940386680988185,0.9362598915079829,0.9825106859207153,3,1.0
static,54,Q014,3,M012192,0.0,0.996539831161499,0.8171679197994987,0.9520289824679138,0.9359312057495117,3,0.0
static,54,Q014,4,M061545,1.0,0.9918105602264404,0.9749910490511995,0.9073067835472415,0.9219130277633667,3,1.0
static,54,Q014,5,M034318,0.0,0.987061083316803,0.8253311851056212,0.9056325671783687,0.9186448454856873,3,0.0
static,55,Q015,1,M051010,0.0,1.0,0.8503401360544218,1.0,1.0,3,0.0
static,55,Q015,2,M101026,-1.0,0.9993199110031128,0.7993197278911566,0.9982142857142857,0.9991455078125,3,-1.0
static,55,Q015,3,M075258,1.0,0.9991916418075562,0.8122448979591838,0.993552344601963,0.9979031085968018,3,1.0
static,55,Q015,4,M063219,1.0,0.9991055727005005,0.8380952380952381,0.9931570338058887,0.9977525472640991,3,1.0
static,55,Q015,5,M039788,1.0,0.998693585395813,0.7142857142857143,0.9931570338058887,0.9975054264068604,3,1.0
static,56,Q016,1,M026665,1.0,1.0,1.0,1.0,1.0,3,1.0
static,56,Q016,2,M087806,0.0,0.9994206428527832,0.8571428571428571,0.9960332606324973,0.998660683631897,3,0.0
static,56,Q016,3,M068757,1.0,0.9996577501296997,0.8122448979591838,0.9946428571428572,0.9984554052352905,3,1.0
static,56,Q016,4,M070107,0.0,0.9994356632232666,0.8435374149659864,0.993552344601963,0.9980494976043701,3,0.0
static,56,Q016,5,M089155,1.0,0.9997481107711792,0.8503401360544218,0.9910714285714286,0.9976167678833008,3,1.0
static,57,Q017,1,M058435,1.0,1.000000238418579,0.9551020408163265,1.0,1.0000001192092896,3,1.0
static,57,Q017,2,M035900,1.0,0.9987359642982483,0.8050841389187254,0.97025627044711,0.9918056726455688,3,1.0
static,57,Q017,3,M044584,0.0,0.9985114336013794,0.8122448979591838,0.9606234096692111,0.9892627000808716,3,0.0
static,57,Q017,4,M052454,0.0,0.9986316561698914,0.8408163265306123,0.9545098984984481,0.9878065586090088,3,0.0
static,57,Q017,5,M059516,0.0,0.9993190765380859,0.8020408163265307,0.9459332969829154,0.9860748052597046,3,0.0
static,58,Q018,1,M050950,1.0,1.0000001192092896,0.9619047619047619,1.0,1.0000001192092896,3,1.0
static,58,Q018,2,M070554,1.0,0.999678373336792,0.819047619047619,0.9892857142857142,0.9971284866333008,3,1.0
static,58,Q018,3,M047611,1.0,0.999678373336792,0.9714285714285714,0.9892857142857142,0.9971284866333008,3,1.0
static,58,Q018,4,M100060,1.0,0.9984458684921265,0.7993197278911566,0.974618320610687,0.9927221536636353,3,1.0
static,58,Q018,5,M052330,1.0,0.9986474514007568,0.8095238095238095,0.9604416575790621,0.989298939704895,3,1.0
static,59,Q019,1,M046472,-1.0,0.9999999403953552,0.8571428571428571,1.0,1.0,3,-1.0
static,59,Q019,2,M026024,-1.0,0.996228039264679,0.7931972789115646,0.9349152755641306,0.9814656972885132,3,-1.0
static,59,Q019,3,M044611,0.0,0.9980992674827576,0.8571428571428571,0.9644083969465649,0.9399617314338684,3,0.0
static,59,Q019,4,M033266,1.0,0.9973161220550537,0.8122448979591838,0.9554571065067247,0.9372539520263672,3,1.0
static,59,Q019,5,M043388,-1.0,0.9955116510391235,0.8571428571428571,0.9546168526130357,0.9359612464904785,3,-1.0
static,60,Q020,1,M048011,0.0,1.0,0.8408163265306123,1.0,1.0,3,0.0
static,60,Q020,2,M069109,1.0,0.9990991950035095,0.9482993197278912,0.9806570338058888,0.9946237802505493,3,1.0
static,60,Q020,3,M033563,0.0,0.9956273436546326,0.8476190476190476,0.9691772921734755,0.9896707534790039,3,0.0
static,60,Q020,4,M061337,1.0,0.9985913038253784,0.7056032939491585,0.9560568884042165,0.9881690740585327,3,1.0
static,60,Q020,5,M064735,1.0,0.9988635778427124,0.8469387755102041,0.943452380952381,0.9851812124252319,3,1.0
static,61,Q001,1,M035956,1.0,1.0,1.0,1.0,1.0,4,1.0
static,61,Q001,2,M028549,0.0,0.9981349110603333,0.7142857142857143,0.9807776193272376,0.9940752983093262,4,0.0
static,61,Q001,3,M035537,1.0,0.9994309544563293,0.8571428571428571,0.9744138495092693,0.9932620525360107,4,1.0
static,61,Q001,4,M032957,1.0,0.9983353018760681,0.8571428571428571,0.96197571512457,0.9894951581954956,4,1.0
static,61,Q001,5,M028255,1.0,0.9990233778953552,0.7142857142857143,0.9601190476190476,0.9894437789916992,4,1.0
static,62,Q002,1,M060927,1.0,1.0,1.0,1.0,1.0,4,1.0
static,62,Q002,2,M080873,1.0,0.9988524913787842,1.0,0.9883996728462376,0.9964114427566528,4,1.0
static,62,Q002,3,M069758,1.0,0.998687744140625,0.9965986394557823,0.9790757906215921,0.9939815998077393,4,1.0
static,62,Q002,4,M085993,1.0,0.9992295503616333,0.819047619047619,0.9768947655398037,0.993761420249939,4,1.0
static,62,Q002,5,M047437,-1.0,0.999078631401062,0.819047619047619,0.9770992366412213,0.9937219619750977,4,-1.0
static,63,Q003,1,M079920,1.0,1.0,0.9714285714285714,1.0,1.0,4,1.0
static,63,Q003,2,M012821,-1.0,0.9993844032287598,0.9734693877551022,0.9938522355507089,0.9980937242507935,4,-1.0
static,63,Q003,3,M072610,1.0,0.9990502595901489,0.7925170068027212,0.9859187568157034,0.9959099292755127,4,1.0
static,63,Q003,4,M090781,0.0,0.999200701713562,0.7959183673469389,0.9743184296619412,0.9931000471115112,4,0.0
static,63,Q003,5,M004476,0.0,0.998794674873352,0.8115646258503402,0.9730234460196293,0.9925327301025391,4,0.0
static,64,Q004,1,M050078,0.0,1.0,0.8571428571428571,1.0,1.0,4,0.0
static,64,Q004,2,M059745,0.0,0.9982020854949951,0.8503401360544218,0.9780219780219781,0.9934267997741699,4,0.0
static,64,Q004,3,M049322,-1.0,0.9965438842773438,0.8312925170068028,0.9580089757570673,0.9874286651611328,4,-1.0
static,64,Q004,4,M059135,1.0,0.9978526830673218,0.8217687074829932,0.9417215418169617,0.9841419458389282,4,1.0
static,64,Q004,5,M091738,0.0,0.9967393279075623,0.8312925170068028,0.9236400050331348,0.9789535999298096,4,0.0
static,65,Q005,1,M044080,-1.0,1.0,0.9931972789115646,1.0,1.0,4,-1.0
static,65,Q005,2,M084721,1.0,0.9992156624794006,0.834013605442177,0.9945474372955289,0.9981663227081299,4,1.0
static,65,Q005,3,M047189,1.0,0.9991359114646912,0.7108843537414966,0.9931570338058887,0.9977707862854004,4,1.0
static,65,Q005,4,M054335,0.0,0.998910665512085,0.8312925170068028,0.9934569247546347,0.9977105855941772,4,0.0
static,65,Q005,5,M095999,1.0,0.9986827373504639,0.7074829931972789,0.9858233369683751,0.9956655502319336,4,1.0
static,66,Q006,1,M004727,1.0,1.0,0.9981203007518796,1.0,1.0,4,1.0
static,66,Q006,2,M016297,1.0,0.9977824687957764,0.8171679197994987,0.9870092693565977,0.9954218864440918,4,1.0
static,66,Q006,3,M014732,1.0,0.9978636503219604,0.7885964912280701,0.9806821994799094,0.9938887357711792,4,1.0
static,66,Q006,4,M090795,1.0,0.998614490032196,0.7802721088435375,0.9785850599781897,0.9938149452209473,4,1.0
static,66,Q006,5,M089503,1.0,0.9993441104888916,0.7885964912280701,0.9760087241003271,0.9936087131500244,4,1.0
static,67,Q007,1,M029944,1.0,1.000000238418579,1.0,1.0,1.0000001192092896,4,1.0
static,67,Q007,2,M030690,0.0,0.9987031817436218,0.8476190476190476,0.9678616866593964,0.991187334060669,4,0.0
static,67,Q007,3,M003265,-1.0,0.9979531168937683,0.8244897959183675,0.9533966669462852,0.9871209859848022,4,-1.0
static,67,Q007,4,M041095,1.0,0.9984678626060486,0.8285714285714285,0.9506410256410256,0.9867409467697144,4,1.0
static,67,Q007,5,M035734,0.0,0.9985516667366028,0.819047619047619,0.9494299275787824,0.9864885807037354,4,0.0
static,68,Q008,1,M084575,0.0,1.0000001192092896,0.8571428571428571,1.0,1.0000001192092896,4,0.0
static,68,Q008,2,M076048,1.0,0.9997464418411255,0.8518617973505191,0.9964285714285713,0.9989550113677979,4,1.0
static,68,Q008,3,M065714,1.0,0.9995644688606262,0.707124955245256,0.994942748091603,0.9984743595123291,4,1.0
static,68,Q008,4,M076797,1.0,0.9991171956062317,0.7090046544933762,0.9942475463467829,0.9980322122573853,4,1.0
static,68,Q008,5,M063614,0.0,0.9990450143814087,0.8069638381668457,0.9942475463467829,0.9979889392852783,4,0.0
static,69,Q009,1,M059479,-1.0,1.0000001192092896,0.9863945578231293,1.0,1.0000001192092896,4,-1.0
static,69,Q009,2,M022445,1.0,0.9995251893997192,0.8122448979591838,0.9971237731733914,0.9989960193634033,4,1.0
static,69,Q009,3,M053522,1.0,0.999415397644043,0.8435374149659864,0.9902808069792803,0.997219443321228,4,1.0
static,69,Q009,4,M043070,1.0,0.998935341835022,0.8312925170068028,0.9899809160305343,0.9968564510345459,4,1.0
static,69,Q009,5,M076903,1.0,0.9993971586227417,0.8054421768707484,0.9877044711014176,0.996564507484436,4,1.0
static,70,Q010,1,M056742,0.0,1.0,0.9962406015037594,1.0,1.0,4,0.0
static,70,Q010,2,M020473,-1.0,0.9994295835494995,0.9799140708915146,0.9931570338058887,0.9979469776153564,4,-1.0
static,70,Q010,3,M022852,0.0,0.9990639686584473,0.8180093089867526,0.9924618320610687,0.9975539445877075,4,0.0
static,70,Q010,4,M070100,0.0,0.9994654655456543,0.7870748299319728,0.9857142857142858,0.996107816696167,4,0.0
static,70,Q010,5,M085336,1.0,0.9990699887275696,0.8171679197994987,0.9820474372955289,0.9949538707733154,4,1.0
static,71,Q011,1,M043191,1.0,1.0000001192092896,0.9714285714285714,1.0,1.0000001192092896,4,1.0
static,71,Q011,2,M042153,-1.0,1.0000001192092896,0.9714285714285714,1.0,1.0000001192092896,4,-1.0
static,71,Q011,3,M063474,1.0,1.0000001192092896,0.8285714285714285,1.0,1.0000001192092896,4,1.0
static,71,Q011,4,M042506,0.0,1.0000001192092896,0.8025241675617615,1.0,1.0000001192092896,4,0.0
static,71,Q011,5,M089762,1.0,0.999800980091095,0.7047619047619048,0.9964285714285713,0.9989877939224243,4,1.0
static,72,Q012,1,M057809,0.0,1.0000001192092896,0.8571428571428571,1.0,1.0000001192092896,4,0.0
static,72,Q012,2,M078223,1.0,0.9991438388824463,0.8306122448979593,0.9849236641221374,0.9957172870635986,4,1.0
static,72,Q012,3,M081373,1.0,0.9991778135299683,0.8380952380952381,0.9841330425299891,0.9955400228500366,4,1.0
static,72,Q012,4,M091742,0.0,0.9990804195404053,1.0,0.971633042529989,0.992356538772583,4,0.0
static,72,Q012,5,M056558,0.0,0.998988151550293,0.7142857142857143,0.9705561613958561,0.9920319318771362,4,0.0
static,73,Q013,1,M004656,0.0,1.0000001192092896,1.0,1.0,1.0000001192092896,4,0.0
static,73,Q013,2,M000652,0.0,0.997107207775116,0.9904761904761905,0.9714537371025921,0.9911277294158936,4,0.0
static,73,Q013,3,M000489,1.0,0.9978896975517273,0.8476190476190476,0.9266154964628248,0.9803876876831055,4,1.0
static,73,Q013,4,M000224,1.0,0.9966926574707031,0.8380952380952381,0.9211835556301206,0.9783115386962891,4,1.0
static,73,Q013,5,M000522,1.0,0.9957696199417114,0.8285714285714285,0.9303165981601096,0.9300410151481628,4,1.0
static,74,Q014,1,M035347,-1.0,1.0,0.9523809523809524,1.0,1.0,4,-1.0
static,74,Q014,2,M022194,1.0,0.997409462928772,0.7940386680988185,0.9362598915079829,0.9825106859207153,4,1.0
static,74,Q014,3,M012192,0.0,0.996539831161499,0.8171679197994987,0.9520289824679138,0.9359312057495117,4,0.0
static,74,Q014,4,M061545,1.0,0.9918105602264404,0.9749910490511995,0.9073067835472415,0.9219130277633667,4,1.0
static,74,Q014,5,M034318,0.0,0.987061083316803,0.8253311851056212,0.9056325671783687,0.9186448454856873,4,0.0
static,75,Q015,1,M051010,0.0,1.0,0.8503401360544218,1.0,1.0,4,0.0
static,75,Q015,2,M101026,-1.0,0.9993199110031128,0.7993197278911566,0.9982142857142857,0.9991455078125,4,-1.0
static,75,Q015,3,M075258,1.0,0.9991916418075562,0.8122448979591838,0.993552344601963,0.9979031085968018,4,1.0
static,75,Q015,4,M063219,1.0,0.9991055727005005,0.8380952380952381,0.9931570338058887,0.9977525472640991,4,1.0
static,75,Q015,5,M039788,1.0,0.998693585395813,0.7142857142857143,0.9931570338058887,0.9975054264068604,4,1.0
static,76,Q016,1,M026665,1.0,1.0,1.0,1.0,1.0,4,1.0
static,76,Q016,2,M087806,0.0,0.9994206428527832,0.8571428571428571,0.9960332606324973,0.998660683631897,4,0.0
static,76,Q016,3,M068757,1.0,0.9996577501296997,0.8122448979591838,0.9946428571428572,0.9984554052352905,4,1.0
static,76,Q016,4,M070107,0.0,0.9994356632232666,0.8435374149659864,0.993552344601963,0.9980494976043701,4,0.0
static,76,Q016,5,M089155,1.0,0.9997481107711792,0.8503401360544218,0.9910714285714286,0.9976167678833008,4,1.0
static,77,Q017,1,M058435,1.0,1.000000238418579,0.9551020408163265,1.0,1.0000001192092896,4,1.0
static,77,Q017,2,M035900,1.0,0.9987359642982483,0.8050841389187254,0.97025627044711,0.9918056726455688,4,1.0
static,77,Q017,3,M044584,0.0,0.9985114336013794,0.8122448979591838,0.9606234096692111,0.9892627000808716,4,0.0
static,77,Q017,4,M052454,0.0,0.9986316561698914,0.8408163265306123,0.9545098984984481,0.9878065586090088,4,0.0
static,77,Q017,5,M059516,0.0,0.9993190765380859,0.8020408163265307,0.9459332969829154,0.9860748052597046,4,0.0
static,78,Q018,1,M050950,1.0,1.0000001192092896,0.9619047619047619,1.0,1.0000001192092896,4,1.0
static,78,Q018,2,M070554,1.0,0.999678373336792,0.819047619047619,0.9892857142857142,0.9971284866333008,4,1.0
static,78,Q018,3,M047611,1.0,0.999678373336792,0.9714285714285714,0.9892857142857142,0.9971284866333008,4,1.0
static,78,Q018,4,M100060,1.0,0.9984458684921265,0.7993197278911566,0.974618320610687,0.9927221536636353,4,1.0
static,78,Q018,5,M052330,1.0,0.9986474514007568,0.8095238095238095,0.9604416575790621,0.989298939704895,4,1.0
static,79,Q019,1,M046472,-1.0,0.9999999403953552,0.8571428571428571,1.0,1.0,4,-1.0
static,79,Q019,2,M026024,-1.0,0.996228039264679,0.7931972789115646,0.9349152755641306,0.9814656972885132,4,-1.0
static,79,Q019,3,M044611,0.0,0.9980992674827576,0.8571428571428571,0.9644083969465649,0.9399617314338684,4,0.0
static,79,Q019,4,M033266,1.0,0.9973161220550537,0.8122448979591838,0.9554571065067247,0.9372539520263672,4,1.0
static,79,Q019,5,M043388,-1.0,0.9955116510391235,0.8571428571428571,0.9546168526130357,0.9359612464904785,4,-1.0
static,80,Q020,1,M048011,0.0,1.0,0.8408163265306123,1.0,1.0,4,0.0
static,80,Q020,2,M069109,1.0,0.9990991950035095,0.9482993197278912,0.9806570338058888,0.9946237802505493,4,1.0
static,80,Q020,3,M033563,0.0,0.9956273436546326,0.8476190476190476,0.9691772921734755,0.9896707534790039,4,0.0
static,80,Q020,4,M061337,1.0,0.9985913038253784,0.7056032939491585,0.9560568884042165,0.9881690740585327,4,1.0
static,80,Q020,5,M064735,1.0,0.9988635778427124,0.8469387755102041,0.943452380952381,0.9851812124252319,4,1.0
static,81,Q001,1,M035956,1.0,1.0,1.0,1.0,1.0,5,1.0
static,81,Q001,2,M028549,0.0,0.9981349110603333,0.7142857142857143,0.9807776193272376,0.9940752983093262,5,0.0
static,81,Q001,3,M035537,1.0,0.9994309544563293,0.8571428571428571,0.9744138495092693,0.9932620525360107,5,1.0
static,81,Q001,4,M032957,1.0,0.9983353018760681,0.8571428571428571,0.96197571512457,0.9894951581954956,5,1.0
static,81,Q001,5,M028255,1.0,0.9990233778953552,0.7142857142857143,0.9601190476190476,0.9894437789916992,5,1.0
static,82,Q002,1,M060927,1.0,1.0,1.0,1.0,1.0,5,1.0
static,82,Q002,2,M080873,1.0,0.9988524913787842,1.0,0.9883996728462376,0.9964114427566528,5,1.0
static,82,Q002,3,M069758,1.0,0.998687744140625,0.9965986394557823,0.9790757906215921,0.9939815998077393,5,1.0
static,82,Q002,4,M085993,1.0,0.9992295503616333,0.819047619047619,0.9768947655398037,0.993761420249939,5,1.0
static,82,Q002,5,M047437,-1.0,0.999078631401062,0.819047619047619,0.9770992366412213,0.9937219619750977,5,-1.0
static,83,Q003,1,M079920,1.0,1.0,0.9714285714285714,1.0,1.0,5,1.0
static,83,Q003,2,M012821,-1.0,0.9993844032287598,0.9734693877551022,0.9938522355507089,0.9980937242507935,5,-1.0
static,83,Q003,3,M072610,1.0,0.9990502595901489,0.7925170068027212,0.9859187568157034,0.9959099292755127,5,1.0
static,83,Q003,4,M090781,0.0,0.999200701713562,0.7959183673469389,0.9743184296619412,0.9931000471115112,5,0.0
static,83,Q003,5,M004476,0.0,0.998794674873352,0.8115646258503402,0.9730234460196293,0.9925327301025391,5,0.0
static,84,Q004,1,M050078,0.0,1.0,0.8571428571428571,1.0,1.0,5,0.0
static,84,Q004,2,M059745,0.0,0.9982020854949951,0.8503401360544218,0.9780219780219781,0.9934267997741699,5,0.0
static,84,Q004,3,M049322,-1.0,0.9965438842773438,0.8312925170068028,0.9580089757570673,0.9874286651611328,5,-1.0
static,84,Q004,4,M059135,1.0,0.9978526830673218,0.8217687074829932,0.9417215418169617,0.9841419458389282,5,1.0
static,84,Q004,5,M091738,0.0,0.9967393279075623,0.8312925170068028,0.9236400050331348,0.9789535999298096,5,0.0
static,85,Q005,1,M044080,-1.0,1.0,0.9931972789115646,1.0,1.0,5,-1.0
static,85,Q005,2,M084721,1.0,0.9992156624794006,0.834013605442177,0.9945474372955289,0.9981663227081299,5,1.0
static,85,Q005,3,M047189,1.0,0.9991359114646912,0.7108843537414966,0.9931570338058887,0.9977707862854004,5,1.0
static,85,Q005,4,M054335,0.0,0.998910665512085,0.8312925170068028,0.9934569247546347,0.9977105855941772,5,0.0
static,85,Q005,5,M095999,1.0,0.9986827373504639,0.7074829931972789,0.9858233369683751,0.9956655502319336,5,1.0
static,86,Q006,1,M004727,1.0,1.0,0.9981203007518796,1.0,1.0,5,1.0
static,86,Q006,2,M016297,1.0,0.9977824687957764,0.8171679197994987,0.9870092693565977,0.9954218864440918,5,1.0
static,86,Q006,3,M014732,1.0,0.9978636503219604,0.7885964912280701,0.9806821994799094,0.9938887357711792,5,1.0
static,86,Q006,4,M090795,1.0,0.998614490032196,0.7802721088435375,0.9785850599781897,0.9938149452209473,5,1.0
static,86,Q006,5,M089503,1.0,0.9993441104888916,0.7885964912280701,0.9760087241003271,0.9936087131500244,5,1.0
static,87,Q007,1,M029944,1.0,1.000000238418579,1.0,1.0,1.0000001192092896,5,1.0
static,87,Q007,2,M030690,0.0,0.9987031817436218,0.8476190476190476,0.9678616866593964,0.991187334060669,5,0.0
static,87,Q007,3,M003265,-1.0,0.9979531168937683,0.8244897959183675,0.9533966669462852,0.9871209859848022,5,-1.0
static,87,Q007,4,M041095,1.0,0.9984678626060486,0.8285714285714285,0.9506410256410256,0.9867409467697144,5,1.0
static,87,Q007,5,M035734,0.0,0.9985516667366028,0.819047619047619,0.9494299275787824,0.9864885807037354,5,0.0
static,88,Q008,1,M084575,0.0,1.0000001192092896,0.8571428571428571,1.0,1.0000001192092896,5,0.0
static,88,Q008,2,M076048,1.0,0.9997464418411255,0.8518617973505191,0.9964285714285713,0.9989550113677979,5,1.0
static,88,Q008,3,M065714,1.0,0.9995644688606262,0.707124955245256,0.994942748091603,0.9984743595123291,5,1.0
static,88,Q008,4,M076797,1.0,0.9991171956062317,0.7090046544933762,0.9942475463467829,0.9980322122573853,5,1.0
static,88,Q008,5,M063614,0.0,0.9990450143814087,0.8069638381668457,0.9942475463467829,0.9979889392852783,5,0.0
static,89,Q009,1,M059479,-1.0,1.0000001192092896,0.9863945578231293,1.0,1.0000001192092896,5,-1.0
static,89,Q009,2,M022445,1.0,0.9995251893997192,0.8122448979591838,0.9971237731733914,0.9989960193634033,5,1.0
static,89,Q009,3,M053522,1.0,0.999415397644043,0.8435374149659864,0.9902808069792803,0.997219443321228,5,1.0
static,89,Q009,4,M043070,1.0,0.998935341835022,0.8312925170068028,0.9899809160305343,0.9968564510345459,5,1.0
static,89,Q009,5,M076903,1.0,0.9993971586227417,0.8054421768707484,0.9877044711014176,0.996564507484436,5,1.0
static,90,Q010,1,M056742,0.0,1.0,0.9962406015037594,1.0,1.0,5,0.0
static,90,Q010,2,M020473,-1.0,0.9994295835494995,0.9799140708915146,0.9931570338058887,0.9979469776153564,5,-1.0
static,90,Q010,3,M022852,0.0,0.9990639686584473,0.8180093089867526,0.9924618320610687,0.9975539445877075,5,0.0
static,90,Q010,4,M070100,0.0,0.9994654655456543,0.7870748299319728,0.9857142857142858,0.996107816696167,5,0.0
static,90,Q010,5,M085336,1.0,0.9990699887275696,0.8171679197994987,0.9820474372955289,0.9949538707733154,5,1.0
static,91,Q011,1,M043191,1.0,1.0000001192092896,0.9714285714285714,1.0,1.0000001192092896,5,1.0
static,91,Q011,2,M042153,-1.0,1.0000001192092896,0.9714285714285714,1.0,1.0000001192092896,5,-1.0
static,91,Q011,3,M063474,1.0,1.0000001192092896,0.8285714285714285,1.0,1.0000001192092896,5,1.0
static,91,Q011,4,M042506,0.0,1.0000001192092896,0.8025241675617615,1.0,1.0000001192092896,5,0.0
static,91,Q011,5,M089762,1.0,0.999800980091095,0.7047619047619048,0.9964285714285713,0.9989877939224243,5,1.0
static,92,Q012,1,M057809,0.0,1.0000001192092896,0.8571428571428571,1.0,1.0000001192092896,5,0.0
static,92,Q012,2,M078223,1.0,0.9991438388824463,0.8306122448979593,0.9849236641221374,0.9957172870635986,5,1.0
static,92,Q012,3,M081373,1.0,0.9991778135299683,0.8380952380952381,0.9841330425299891,0.9955400228500366,5,1.0
static,92,Q012,4,M091742,0.0,0.9990804195404053,1.0,0.971633042529989,0.992356538772583,5,0.0
static,92,Q012,5,M056558,0.0,0.998988151550293,0.7142857142857143,0.9705561613958561,0.9920319318771362,5,0.0
static,93,Q013,1,M004656,0.0,1.0000001192092896,1.0,1.0,1.0000001192092896,5,0.0
static,93,Q013,2,M000652,0.0,0.997107207775116,0.9904761904761905,0.9714537371025921,0.9911277294158936,5,0.0
static,93,Q013,3,M000489,1.0,0.9978896975517273,0.8476190476190476,0.9266154964628248,0.9803876876831055,5,1.0
static,93,Q013,4,M000224,1.0,0.9966926574707031,0.8380952380952381,0.9211835556301206,0.9783115386962891,5,1.0
static,93,Q013,5,M000522,1.0,0.9957696199417114,0.8285714285714285,0.9303165981601096,0.9300410151481628,5,1.0
static,94,Q014,1,M035347,-1.0,1.0,0.9523809523809524,1.0,1.0,5,-1.0
static,94,Q014,2,M022194,1.0,0.997409462928772,0.7940386680988185,0.9362598915079829,0.9825106859207153,5,1.0
static,94,Q014,3,M012192,0.0,0.996539831161499,0.8171679197994987,0.9520289824679138,0.9359312057495117,5,0.0
static,94,Q014,4,M061545,1.0,0.9918105602264404,0.9749910490511995,0.9073067835472415,0.9219130277633667,5,1.0
static,94,Q014,5,M034318,0.0,0.987061083316803,0.8253311851056212,0.9056325671783687,0.9186448454856873,5,0.0
static,95,Q015,1,M051010,0.0,1.0,0.8503401360544218,1.0,1.0,5,0.0
static,95,Q015,2,M101026,-1.0,0.9993199110031128,0.7993197278911566,0.9982142857142857,0.9991455078125,5,-1.0
static,95,Q015,3,M075258,1.0,0.9991916418075562,0.8122448979591838,0.993552344601963,0.9979031085968018,5,1.0
static,95,Q015,4,M063219,1.0,0.9991055727005005,0.8380952380952381,0.9931570338058887,0.9977525472640991,5,1.0
static,95,Q015,5,M039788,1.0,0.998693585395813,0.7142857142857143,0.9931570338058887,0.9975054264068604,5,1.0
static,96,Q016,1,M026665,1.0,1.0,1.0,1.0,1.0,5,1.0
static,96,Q016,2,M087806,0.0,0.9994206428527832,0.8571428571428571,0.9960332606324973,0.998660683631897,5,0.0
static,96,Q016,3,M068757,1.0,0.9996577501296997,0.8122448979591838,0.9946428571428572,0.9984554052352905,5,1.0
static,96,Q016,4,M070107,0.0,0.9994356632232666,0.8435374149659864,0.993552344601963,0.9980494976043701,5,0.0
static,96,Q016,5,M089155,1.0,0.9997481107711792,0.8503401360544218,0.9910714285714286,0.9976167678833008,5,1.0
static,97,Q017,1,M058435,1.0,1.000000238418579,0.9551020408163265,1.0,1.0000001192092896,5,1.0
static,97,Q017,2,M035900,1.0,0.9987359642982483,0.8050841389187254,0.97025627044711,0.9918056726455688,5,1.0
static,97,Q017,3,M044584,0.0,0.9985114336013794,0.8122448979591838,0.9606234096692111,0.9892627000808716,5,0.0
static,97,Q017,4,M052454,0.0,0.9986316561698914,0.8408163265306123,0.9545098984984481,0.9878065586090088,5,0.0
static,97,Q017,5,M059516,0.0,0.9993190765380859,0.8020408163265307,0.9459332969829154,0.9860748052597046,5,0.0
static,98,Q018,1,M050950,1.0,1.0000001192092896,0.9619047619047619,1.0,1.0000001192092896,5,1.0
static,98,Q018,2,M070554,1.0,0.999678373336792,0.819047619047619,0.9892857142857142,0.9971284866333008,5,1.0
static,98,Q018,3,M047611,1.0,0.999678373336792,0.9714285714285714,0.9892857142857142,0.9971284866333008,5,1.0
static,98,Q018,4,M100060,1.0,0.9984458684921265,0.7993197278911566,0.974618320610687,0.9927221536636353,5,1.0
static,98,Q018,5,M052330,1.0,0.9986474514007568,0.8095238095238095,0.9604416575790621,0.989298939704895,5,1.0
static,99,Q019,1,M046472,-1.0,0.9999999403953552,0.8571428571428571,1.0,1.0,5,-1.0
static,99,Q019,2,M026024,-1.0,0.996228039264679,0.7931972789115646,0.9349152755641306,0.9814656972885132,5,-1.0
static,99,Q019,3,M044611,0.0,0.9980992674827576,0.8571428571428571,0.9644083969465649,0.9399617314338684,5,0.0
static,99,Q019,4,M033266,1.0,0.9973161220550537,0.8122448979591838,0.9554571065067247,0.9372539520263672,5,1.0
static,99,Q019,5,M043388,-1.0,0.9955116510391235,0.8571428571428571,0.9546168526130357,0.9359612464904785,5,-1.0
static,100,Q020,1,M048011,0.0,1.0,0.8408163265306123,1.0,1.0,5,0.0
static,100,Q020,2,M069109,1.0,0.9990991950035095,0.9482993197278912,0.9806570338058888,0.9946237802505493,5,1.0
static,100,Q020,3,M033563,0.0,0.9956273436546326,0.8476190476190476,0.9691772921734755,0.9896707534790039,5,0.0
static,100,Q020,4,M061337,1.0,0.9985913038253784,0.7056032939491585,0.9560568884042165,0.9881690740585327,5,1.0
static,100,Q020,5,M064735,1.0,0.9988635778427124,0.8469387755102041,0.943452380952381,0.9851812124252319,5,1.0
static,101,Q001,1,M035956,1.0,1.0,1.0,1.0,1.0,6,1.0
static,101,Q001,2,M028549,0.0,0.9981349110603333,0.7142857142857143,0.9807776193272376,0.9940752983093262,6,0.0
static,101,Q001,3,M035537,1.0,0.9994309544563293,0.8571428571428571,0.9744138495092693,0.9932620525360107,6,1.0
static,101,Q001,4,M032957,1.0,0.9983353018760681,0.8571428571428571,0.96197571512457,0.9894951581954956,6,1.0
static,101,Q001,5,M028255,1.0,0.9990233778953552,0.7142857142857143,0.9601190476190476,0.9894437789916992,6,1.0
static,102,Q002,1,M060927,1.0,1.0,1.0,1.0,1.0,6,1.0
static,102,Q002,2,M080873,1.0,0.9988524913787842,1.0,0.9883996728462376,0.9964114427566528,6,1.0
static,102,Q002,3,M069758,1.0,0.998687744140625,0.9965986394557823,0.9790757906215921,0.9939815998077393,6,1.0
static,102,Q002,4,M085993,1.0,0.9992295503616333,0.819047619047619,0.9768947655398037,0.993761420249939,6,1.0
static,102,Q002,5,M047437,-1.0,0.999078631401062,0.819047619047619,0.9770992366412213,0.9937219619750977,6,-1.0
static,103,Q003,1,M079920,1.0,1.0,0.9714285714285714,1.0,1.0,6,1.0
static,103,Q003,2,M012821,-1.0,0.9993844032287598,0.9734693877551022,0.9938522355507089,0.9980937242507935,6,-1.0
static,103,Q003,3,M072610,1.0,0.9990502595901489,0.7925170068027212,0.9859187568157034,0.9959099292755127,6,1.0
static,103,Q003,4,M090781,0.0,0.999200701713562,0.7959183673469389,0.9743184296619412,0.9931000471115112,6,0.0
static,103,Q003,5,M004476,0.0,0.998794674873352,0.8115646258503402,0.9730234460196293,0.9925327301025391,6,0.0
static,104,Q004,1,M050078,0.0,1.0,0.8571428571428571,1.0,1.0,6,0.0
static,104,Q004,2,M059745,0.0,0.9982020854949951,0.8503401360544218,0.9780219780219781,0.9934267997741699,6,0.0
static,104,Q004,3,M049322,-1.0,0.9965438842773438,0.8312925170068028,0.9580089757570673,0.9874286651611328,6,-1.0
static,104,Q004,4,M059135,1.0,0.9978526830673218,0.8217687074829932,0.9417215418169617,0.9841419458389282,6,1.0
static,104,Q004,5,M091738,0.0,0.9967393279075623,0.8312925170068028,0.9236400050331348,0.9789535999298096,6,0.0
static,105,Q005,1,M044080,-1.0,1.0,0.9931972789115646,1.0,1.0,6,-1.0
static,105,Q005,2,M084721,1.0,0.9992156624794006,0.834013605442177,0.9945474372955289,0.9981663227081299,6,1.0
static,105,Q005,3,M047189,1.0,0.9991359114646912,0.7108843537414966,0.9931570338058887,0.9977707862854004,6,1.0
static,105,Q005,4,M054335,0.0,0.998910665512085,0.8312925170068028,0.9934569247546347,0.9977105855941772,6,0.0
static,105,Q005,5,M095999,1.0,0.9986827373504639,0.7074829931972789,0.9858233369683751,0.9956655502319336,6,1.0
static,106,Q006,1,M004727,1.0,1.0,0.9981203007518796,1.0,1.0,6,1.0
static,106,Q006,2,M016297,1.0,0.9977824687957764,0.8171679197994987,0.9870092693565977,0.9954218864440918,6,1.0
static,106,Q006,3,M014732,1.0,0.9978636503219604,0.7885964912280701,0.9806821994799094,0.9938887357711792,6,1.0
static,106,Q006,4,M090795,1.0,0.998614490032196,0.7802721088435375,0.9785850599781897,0.9938149452209473,6,1.0
static,106,Q006,5,M089503,1.0,0.9993441104888916,0.7885964912280701,0.9760087241003271,0.9936087131500244,6,1.0
static,107,Q007,1,M029944,1.0,1.000000238418579,1.0,1.0,1.0000001192092896,6,1.0
static,107,Q007,2,M030690,0.0,0.9987031817436218,0.8476190476190476,0.9678616866593964,0.991187334060669,6,0.0
static,107,Q007,3,M003265,-1.0,0.9979531168937683,0.8244897959183675,0.9533966669462852,0.9871209859848022,6,-1.0
static,107,Q007,4,M041095,1.0,0.9984678626060486,0.8285714285714285,0.9506410256410256,0.9867409467697144,6,1.0
static,107,Q007,5,M035734,0.0,0.9985516667366028,0.819047619047619,0.9494299275787824,0.9864885807037354,6,0.0
static,108,Q008,1,M084575,0.0,1.0000001192092896,0.8571428571428571,1.0,1.0000001192092896,6,0.0
static,108,Q008,2,M076048,1.0,0.9997464418411255,0.8518617973505191,0.9964285714285713,0.9989550113677979,6,1.0
static,108,Q008,3,M065714,1.0,0.9995644688606262,0.707124955245256,0.994942748091603,0.9984743595123291,6,1.0
static,108,Q008,4,M076797,1.0,0.9991171956062317,0.7090046544933762,0.9942475463467829,0.9980322122573853,6,1.0
static,108,Q008,5,M063614,0.0,0.9990450143814087,0.8069638381668457,0.9942475463467829,0.9979889392852783,6,0.0
static,109,Q009,1,M059479,-1.0,1.0000001192092896,0.9863945578231293,1.0,1.0000001192092896,6,-1.0
static,109,Q009,2,M022445,1.0,0.9995251893997192,0.8122448979591838,0.9971237731733914,0.9989960193634033,6,1.0
static,109,Q009,3,M053522,1.0,0.999415397644043,0.8435374149659864,0.9902808069792803,0.997219443321228,6,1.0
static,109,Q009,4,M043070,1.0,0.998935341835022,0.8312925170068028,0.9899809160305343,0.9968564510345459,6,1.0
static,109,Q009,5,M076903,1.0,0.9993971586227417,0.8054421768707484,0.9877044711014176,0.996564507484436,6,1.0
static,110,Q010,1,M056742,0.0,1.0,0.9962406015037594,1.0,1.0,6,0.0
static,110,Q010,2,M020473,-1.0,0.9994295835494995,0.9799140708915146,0.9931570338058887,0.9979469776153564,6,-1.0
static,110,Q010,3,M022852,0.0,0.9990639686584473,0.8180093089867526,0.9924618320610687,0.9975539445877075,6,0.0
static,110,Q010,4,M070100,0.0,0.9994654655456543,0.7870748299319728,0.9857142857142858,0.996107816696167,6,0.0
static,110,Q010,5,M085336,1.0,0.9990699887275696,0.8171679197994987,0.9820474372955289,0.9949538707733154,6,1.0
static,111,Q011,1,M043191,1.0,1.0000001192092896,0.9714285714285714,1.0,1.0000001192092896,6,1.0
static,111,Q011,2,M042153,-1.0,1.0000001192092896,0.9714285714285714,1.0,1.0000001192092896,6,-1.0
static,111,Q011,3,M063474,1.0,1.0000001192092896,0.8285714285714285,1.0,1.0000001192092896,6,1.0
static,111,Q011,4,M042506,0.0,1.0000001192092896,0.8025241675617615,1.0,1.0000001192092896,6,0.0
static,111,Q011,5,M089762,1.0,0.999800980091095,0.7047619047619048,0.9964285714285713,0.9989877939224243,6,1.0
static,112,Q012,1,M057809,0.0,1.0000001192092896,0.8571428571428571,1.0,1.0000001192092896,6,0.0
static,112,Q012,2,M078223,1.0,0.9991438388824463,0.8306122448979593,0.9849236641221374,0.9957172870635986,6,1.0
static,112,Q012,3,M081373,1.0,0.9991778135299683,0.8380952380952381,0.9841330425299891,0.9955400228500366,6,1.0
static,112,Q012,4,M091742,0.0,0.9990804195404053,1.0,0.971633042529989,0.992356538772583,6,0.0
static,112,Q012,5,M056558,0.0,0.998988151550293,0.7142857142857143,0.9705561613958561,0.9920319318771362,6,0.0
static,113,Q013,1,M004656,0.0,1.0000001192092896,1.0,1.0,1.0000001192092896,6,0.0
static,113,Q013,2,M000652,0.0,0.997107207775116,0.9904761904761905,0.9714537371025921,0.9911277294158936,6,0.0
static,113,Q013,3,M000489,1.0,0.9978896975517273,0.8476190476190476,0.9266154964628248,0.9803876876831055,6,1.0
static,113,Q013,4,M000224,1.0,0.9966926574707031,0.8380952380952381,0.9211835556301206,0.9783115386962891,6,1.0
static,113,Q013,5,M000522,1.0,0.9957696199417114,0.8285714285714285,0.9303165981601096,0.9300410151481628,6,1.0
static,114,Q014,1,M035347,-1.0,1.0,0.9523809523809524,1.0,1.0,6,-1.0
static,114,Q014,2,M022194,1.0,0.997409462928772,0.7940386680988185,0.9362598915079829,0.9825106859207153,6,1.0
static,114,Q014,3,M012192,0.0,0.996539831161499,0.8171679197994987,0.9520289824679138,0.9359312057495117,6,0.0
static,114,Q014,4,M061545,1.0,0.9918105602264404,0.9749910490511995,0.9073067835472415,0.9219130277633667,6,1.0
static,114,Q014,5,M034318,0.0,0.987061083316803,0.8253311851056212,0.9056325671783687,0.9186448454856873,6,0.0
static,115,Q015,1,M051010,0.0,1.0,0.8503401360544218,1.0,1.0,6,0.0
static,115,Q015,2,M101026,-1.0,0.9993199110031128,0.7993197278911566,0.9982142857142857,0.9991455078125,6,-1.0
static,115,Q015,3,M075258,1.0,0.9991916418075562,0.8122448979591838,0.993552344601963,0.9979031085968018,6,1.0
static,115,Q015,4,M063219,1.0,0.9991055727005005,0.8380952380952381,0.9931570338058887,0.9977525472640991,6,1.0
static,115,Q015,5,M039788,1.0,0.998693585395813,0.7142857142857143,0.9931570338058887,0.9975054264068604,6,1.0
static,116,Q016,1,M026665,1.0,1.0,1.0,1.0,1.0,6,1.0
static,116,Q016,2,M087806,0.0,0.9994206428527832,0.8571428571428571,0.9960332606324973,0.998660683631897,6,0.0
static,116,Q016,3,M068757,1.0,0.9996577501296997,0.8122448979591838,0.9946428571428572,0.9984554052352905,6,1.0
static,116,Q016,4,M070107,0.0,0.9994356632232666,0.8435374149659864,0.993552344601963,0.9980494976043701,6,0.0
static,116,Q016,5,M089155,1.0,0.9997481107711792,0.8503401360544218,0.9910714285714286,0.9976167678833008,6,1.0
static,117,Q017,1,M058435,1.0,1.000000238418579,0.9551020408163265,1.0,1.0000001192092896,6,1.0
static,117,Q017,2,M035900,1.0,0.9987359642982483,0.8050841389187254,0.97025627044711,0.9918056726455688,6,1.0
static,117,Q017,3,M044584,0.0,0.9985114336013794,0.8122448979591838,0.9606234096692111,0.9892627000808716,6,0.0
static,117,Q017,4,M052454,0.0,0.9986316561698914,0.8408163265306123,0.9545098984984481,0.9878065586090088,6,0.0
static,117,Q017,5,M059516,0.0,0.9993190765380859,0.8020408163265307,0.9459332969829154,0.9860748052597046,6,0.0
static,118,Q018,1,M050950,1.0,1.0000001192092896,0.9619047619047619,1.0,1.0000001192092896,6,1.0
static,118,Q018,2,M070554,1.0,0.999678373336792,0.819047619047619,0.9892857142857142,0.9971284866333008,6,1.0
static,118,Q018,3,M047611,1.0,0.999678373336792,0.9714285714285714,0.9892857142857142,0.9971284866333008,6,1.0
static,118,Q018,4,M100060,1.0,0.9984458684921265,0.7993197278911566,0.974618320610687,0.9927221536636353,6,1.0
static,118,Q018,5,M052330,1.0,0.9986474514007568,0.8095238095238095,0.9604416575790621,0.989298939704895,6,1.0
static,119,Q019,1,M046472,-1.0,0.9999999403953552,0.8571428571428571,1.0,1.0,6,-1.0
static,119,Q019,2,M026024,-1.0,0.996228039264679,0.7931972789115646,0.9349152755641306,0.9814656972885132,6,-1.0
static,119,Q019,3,M044611,0.0,0.9980992674827576,0.8571428571428571,0.9644083969465649,0.9399617314338684,6,0.0
static,119,Q019,4,M033266,1.0,0.9973161220550537,0.8122448979591838,0.9554571065067247,0.9372539520263672,6,1.0
static,119,Q019,5,M043388,-1.0,0.9955116510391235,0.8571428571428571,0.9546168526130357,0.9359612464904785,6,-1.0
static,120,Q020,1,M048011,0.0,1.0,0.8408163265306123,1.0,1.0,6,0.0
static,120,Q020,2,M069109,1.0,0.9990991950035095,0.9482993197278912,0.9806570338058888,0.9946237802505493,6,1.0
static,120,Q020,3,M033563,0.0,0.9956273436546326,0.8476190476190476,0.9691772921734755,0.9896707534790039,6,0.0
static,120,Q020,4,M061337,1.0,0.9985913038253784,0.7056032939491585,0.9560568884042165,0.9881690740585327,6,1.0
static,120,Q020,5,M064735,1.0,0.9988635778427124,0.8469387755102041,0.943452380952381,0.9851812124252319,6,1.0
static,121,Q001,1,M035956,1.0,1.0,1.0,1.0,1.0,7,1.0
static,121,Q001,2,M028549,0.0,0.9981349110603333,0.7142857142857143,0.9807776193272376,0.9940752983093262,7,0.0
static,121,Q001,3,M035537,1.0,0.9994309544563293,0.8571428571428571,0.9744138495092693,0.9932620525360107,7,1.0
static,121,Q001,4,M032957,1.0,0.9983353018760681,0.8571428571428571,0.96197571512457,0.9894951581954956,7,1.0
static,121,Q001,5,M028255,1.0,0.9990233778953552,0.7142857142857143,0.9601190476190476,0.9894437789916992,7,1.0
static,122,Q002,1,M060927,1.0,1.0,1.0,1.0,1.0,7,1.0
static,122,Q002,2,M080873,1.0,0.9988524913787842,1.0,0.9883996728462376,0.9964114427566528,7,1.0
static,122,Q002,3,M069758,1.0,0.998687744140625,0.9965986394557823,0.9790757906215921,0.9939815998077393,7,1.0
static,122,Q002,4,M085993,1.0,0.9992295503616333,0.819047619047619,0.9768947655398037,0.993761420249939,7,1.0
static,122,Q002,5,M047437,-1.0,0.999078631401062,0.819047619047619,0.9770992366412213,0.9937219619750977,7,-1.0
static,123,Q003,1,M079920,1.0,1.0,0.9714285714285714,1.0,1.0,7,1.0
static,123,Q003,2,M012821,-1.0,0.9993844032287598,0.9734693877551022,0.9938522355507089,0.9980937242507935,7,-1.0
static,123,Q003,3,M072610,1.0,0.9990502595901489,0.7925170068027212,0.9859187568157034,0.9959099292755127,7,1.0
static,123,Q003,4,M090781,0.0,0.999200701713562,0.7959183673469389,0.9743184296619412,0.9931000471115112,7,0.0
static,123,Q003,5,M004476,0.0,0.998794674873352,0.8115646258503402,0.9730234460196293,0.9925327301025391,7,0.0
static,124,Q004,1,M050078,0.0,1.0,0.8571428571428571,1.0,1.0,7,0.0
static,124,Q004,2,M059745,0.0,0.9982020854949951,0.8503401360544218,0.9780219780219781,0.9934267997741699,7,0.0
static,124,Q004,3,M049322,-1.0,0.9965438842773438,0.8312925170068028,0.9580089757570673,0.9874286651611328,7,-1.0
static,124,Q004,4,M059135,1.0,0.9978526830673218,0.8217687074829932,0.9417215418169617,0.9841419458389282,7,1.0
static,124,Q004,5,M091738,0.0,0.9967393279075623,0.8312925170068028,0.9236400050331348,0.9789535999298096,7,0.0
static,125,Q005,1,M044080,-1.0,1.0,0.9931972789115646,1.0,1.0,7,-1.0
static,125,Q005,2,M084721,1.0,0.9992156624794006,0.834013605442177,0.9945474372955289,0.9981663227081299,7,1.0
static,125,Q005,3,M047189,1.0,0.9991359114646912,0.7108843537414966,0.9931570338058887,0.9977707862854004,7,1.0
static,125,Q005,4,M054335,0.0,0.998910665512085,0.8312925170068028,0.9934569247546347,0.9977105855941772,7,0.0
static,125,Q005,5,M095999,1.0,0.9986827373504639,0.7074829931972789,0.9858233369683751,0.9956655502319336,7,1.0
static,126,Q006,1,M004727,1.0,1.0,0.9981203007518796,1.0,1.0,7,1.0
static,126,Q006,2,M016297,1.0,0.9977824687957764,0.8171679197994987,0.9870092693565977,0.9954218864440918,7,1.0
static,126,Q006,3,M014732,1.0,0.9978636503219604,0.7885964912280701,0.9806821994799094,0.9938887357711792,7,1.0
static,126,Q006,4,M090795,1.0,0.998614490032196,0.7802721088435375,0.9785850599781897,0.9938149452209473,7,1.0
static,126,Q006,5,M089503,1.0,0.9993441104888916,0.7885964912280701,0.9760087241003271,0.9936087131500244,7,1.0
static,127,Q007,1,M029944,1.0,1.000000238418579,1.0,1.0,1.0000001192092896,7,1.0
static,127,Q007,2,M030690,0.0,0.9987031817436218,0.8476190476190476,0.9678616866593964,0.991187334060669,7,0.0
static,127,Q007,3,M003265,-1.0,0.9979531168937683,0.8244897959183675,0.9533966669462852,0.9871209859848022,7,-1.0
static,127,Q007,4,M041095,1.0,0.9984678626060486,0.8285714285714285,0.9506410256410256,0.9867409467697144,7,1.0
static,127,Q007,5,M035734,0.0,0.9985516667366028,0.819047619047619,0.9494299275787824,0.9864885807037354,7,0.0
static,128,Q008,1,M084575,0.0,1.0000001192092896,0.8571428571428571,1.0,1.0000001192092896,7,0.0
static,128,Q008,2,M076048,1.0,0.9997464418411255,0.8518617973505191,0.9964285714285713,0.9989550113677979,7,1.0
static,128,Q008,3,M065714,1.0,0.9995644688606262,0.707124955245256,0.994942748091603,0.9984743595123291,7,1.0
static,128,Q008,4,M076797,1.0,0.9991171956062317,0.7090046544933762,0.9942475463467829,0.9980322122573853,7,1.0
static,128,Q008,5,M063614,0.0,0.9990450143814087,0.8069638381668457,0.9942475463467829,0.9979889392852783,7,0.0
static,129,Q009,1,M059479,-1.0,1.0000001192092896,0.9863945578231293,1.0,1.0000001192092896,7,-1.0
static,129,Q009,2,M022445,1.0,0.9995251893997192,0.8122448979591838,0.9971237731733914,0.9989960193634033,7,1.0
static,129,Q009,3,M053522,1.0,0.999415397644043,0.8435374149659864,0.9902808069792803,0.997219443321228,7,1.0
static,129,Q009,4,M043070,1.0,0.998935341835022,0.8312925170068028,0.9899809160305343,0.9968564510345459,7,1.0
static,129,Q009,5,M076903,1.0,0.9993971586227417,0.8054421768707484,0.9877044711014176,0.996564507484436,7,1.0
static,130,Q010,1,M056742,0.0,1.0,0.9962406015037594,1.0,1.0,7,0.0
static,130,Q010,2,M020473,-1.0,0.9994295835494995,0.9799140708915146,0.9931570338058887,0.9979469776153564,7,-1.0
static,130,Q010,3,M022852,0.0,0.9990639686584473,0.8180093089867526,0.9924618320610687,0.9975539445877075,7,0.0
static,130,Q010,4,M070100,0.0,0.9994654655456543,0.7870748299319728,0.9857142857142858,0.996107816696167,7,0.0
static,130,Q010,5,M085336,1.0,0.9990699887275696,0.8171679197994987,0.9820474372955289,0.9949538707733154,7,1.0
static,131,Q011,1,M043191,1.0,1.0000001192092896,0.9714285714285714,1.0,1.0000001192092896,7,1.0
static,131,Q011,2,M042153,-1.0,1.0000001192092896,0.9714285714285714,1.0,1.0000001192092896,7,-1.0
static,131,Q011,3,M063474,1.0,1.0000001192092896,0.8285714285714285,1.0,1.0000001192092896,7,1.0
static,131,Q011,4,M042506,0.0,1.0000001192092896,0.8025241675617615,1.0,1.0000001192092896,7,0.0
static,131,Q011,5,M089762,1.0,0.999800980091095,0.7047619047619048,0.9964285714285713,0.9989877939224243,7,1.0
static,132,Q012,1,M057809,0.0,1.0000001192092896,0.8571428571428571,1.0,1.0000001192092896,7,0.0
static,132,Q012,2,M078223,1.0,0.9991438388824463,0.8306122448979593,0.9849236641221374,0.9957172870635986,7,1.0
static,132,Q012,3,M081373,1.0,0.9991778135299683,0.8380952380952381,0.9841330425299891,0.9955400228500366,7,1.0
static,132,Q012,4,M091742,0.0,0.9990804195404053,1.0,0.971633042529989,0.992356538772583,7,0.0
static,132,Q012,5,M056558,0.0,0.998988151550293,0.7142857142857143,0.9705561613958561,0.9920319318771362,7,0.0
static,133,Q013,1,M004656,0.0,1.0000001192092896,1.0,1.0,1.0000001192092896,7,0.0
static,133,Q013,2,M000652,0.0,0.997107207775116,0.9904761904761905,0.9714537371025921,0.9911277294158936,7,0.0
static,133,Q013,3,M000489,1.0,0.9978896975517273,0.8476190476190476,0.9266154964628248,0.9803876876831055,7,1.0
static,133,Q013,4,M000224,1.0,0.9966926574707031,0.8380952380952381,0.9211835556301206,0.9783115386962891,7,1.0
static,133,Q013,5,M000522,1.0,0.9957696199417114,0.8285714285714285,0.9303165981601096,0.9300410151481628,7,1.0
static,134,Q014,1,M035347,-1.0,1.0,0.9523809523809524,1.0,1.0,7,-1.0
static,134,Q014,2,M022194,1.0,0.997409462928772,0.7940386680988185,0.9362598915079829,0.9825106859207153,7,1.0
static,134,Q014,3,M012192,0.0,0.996539831161499,0.8171679197994987,0.9520289824679138,0.9359312057495117,7,0.0
static,134,Q014,4,M061545,1.0,0.9918105602264404,0.9749910490511995,0.9073067835472415,0.9219130277633667,7,1.0
static,134,Q014,5,M034318,0.0,0.987061083316803,0.8253311851056212,0.9056325671783687,0.9186448454856873,7,0.0
static,135,Q015,1,M051010,0.0,1.0,0.8503401360544218,1.0,1.0,7,0.0
static,135,Q015,2,M101026,-1.0,0.9993199110031128,0.7993197278911566,0.9982142857142857,0.9991455078125,7,-1.0
static,135,Q015,3,M075258,1.0,0.9991916418075562,0.8122448979591838,0.993552344601963,0.9979031085968018,7,1.0
static,135,Q015,4,M063219,1.0,0.9991055727005005,0.8380952380952381,0.9931570338058887,0.9977525472640991,7,1.0
static,135,Q015,5,M039788,1.0,0.998693585395813,0.7142857142857143,0.9931570338058887,0.9975054264068604,7,1.0
static,136,Q016,1,M026665,1.0,1.0,1.0,1.0,1.0,7,1.0
static,136,Q016,2,M087806,0.0,0.9994206428527832,0.8571428571428571,0.9960332606324973,0.998660683631897,7,0.0
static,136,Q016,3,M068757,1.0,0.9996577501296997,0.8122448979591838,0.9946428571428572,0.9984554052352905,7,1.0
static,136,Q016,4,M070107,0.0,0.9994356632232666,0.8435374149659864,0.993552344601963,0.9980494976043701,7,0.0
static,136,Q016,5,M089155,1.0,0.9997481107711792,0.8503401360544218,0.9910714285714286,0.9976167678833008,7,1.0
static,137,Q017,1,M058435,1.0,1.000000238418579,0.9551020408163265,1.0,1.0000001192092896,7,1.0
static,137,Q017,2,M035900,1.0,0.9987359642982483,0.8050841389187254,0.97025627044711,0.9918056726455688,7,1.0
static,137,Q017,3,M044584,0.0,0.9985114336013794,0.8122448979591838,0.9606234096692111,0.9892627000808716,7,0.0
static,137,Q017,4,M052454,0.0,0.9986316561698914,0.8408163265306123,0.9545098984984481,0.9878065586090088,7,0.0
static,137,Q017,5,M059516,0.0,0.9993190765380859,0.8020408163265307,0.9459332969829154,0.9860748052597046,7,0.0
static,138,Q018,1,M050950,1.0,1.0000001192092896,0.9619047619047619,1.0,1.0000001192092896,7,1.0
static,138,Q018,2,M070554,1.0,0.999678373336792,0.819047619047619,0.9892857142857142,0.9971284866333008,7,1.0
static,138,Q018,3,M047611,1.0,0.999678373336792,0.9714285714285714,0.9892857142857142,0.9971284866333008,7,1.0
static,138,Q018,4,M100060,1.0,0.9984458684921265,0.7993197278911566,0.974618320610687,0.9927221536636353,7,1.0
static,138,Q018,5,M052330,1.0,0.9986474514007568,0.8095238095238095,0.9604416575790621,0.989298939704895,7,1.0
static,139,Q019,1,M046472,-1.0,0.9999999403953552,0.8571428571428571,1.0,1.0,7,-1.0
static,139,Q019,2,M026024,-1.0,0.996228039264679,0.7931972789115646,0.9349152755641306,0.9814656972885132,7,-1.0
static,139,Q019,3,M044611,0.0,0.9980992674827576,0.8571428571428571,0.9644083969465649,0.9399617314338684,7,0.0
static,139,Q019,4,M033266,1.0,0.9973161220550537,0.8122448979591838,0.9554571065067247,0.9372539520263672,7,1.0
static,139,Q019,5,M043388,-1.0,0.9955116510391235,0.8571428571428571,0.9546168526130357,0.9359612464904785,7,-1.0
static,140,Q020,1,M048011,0.0,1.0,0.8408163265306123,1.0,1.0,7,0.0
static,140,Q020,2,M069109,1.0,0.9990991950035095,0.9482993197278912,0.9806570338058888,0.9946237802505493,7,1.0
static,140,Q020,3,M033563,0.0,0.9956273436546326,0.8476190476190476,0.9691772921734755,0.9896707534790039,7,0.0
static,140,Q020,4,M061337,1.0,0.9985913038253784,0.7056032939491585,0.9560568884042165,0.9881690740585327,7,1.0
static,140,Q020,5,M064735,1.0,0.9988635778427124,0.8469387755102041,0.943452380952381,0.9851812124252319,7,1.0
static,141,Q001,1,M035956,1.0,1.0,1.0,1.0,1.0,8,1.0
static,141,Q001,2,M028549,0.0,0.9981349110603333,0.7142857142857143,0.9807776193272376,0.9940752983093262,8,0.0
static,141,Q001,3,M035537,1.0,0.9994309544563293,0.8571428571428571,0.9744138495092693,0.9932620525360107,8,1.0
static,141,Q001,4,M032957,1.0,0.9983353018760681,0.8571428571428571,0.96197571512457,0.9894951581954956,8,1.0
static,141,Q001,5,M028255,1.0,0.9990233778953552,0.7142857142857143,0.9601190476190476,0.9894437789916992,8,1.0
static,142,Q002,1,M060927,1.0,1.0,1.0,1.0,1.0,8,1.0
static,142,Q002,2,M080873,1.0,0.9988524913787842,1.0,0.9883996728462376,0.9964114427566528,8,1.0
static,142,Q002,3,M069758,1.0,0.998687744140625,0.9965986394557823,0.9790757906215921,0.9939815998077393,8,1.0
static,142,Q002,4,M085993,1.0,0.9992295503616333,0.819047619047619,0.9768947655398037,0.993761420249939,8,1.0
static,142,Q002,5,M047437,-1.0,0.999078631401062,0.819047619047619,0.9770992366412213,0.9937219619750977,8,-1.0
static,143,Q003,1,M079920,1.0,1.0,0.9714285714285714,1.0,1.0,8,1.0
static,143,Q003,2,M012821,-1.0,0.9993844032287598,0.9734693877551022,0.9938522355507089,0.9980937242507935,8,-1.0
static,143,Q003,3,M072610,1.0,0.9990502595901489,0.7925170068027212,0.9859187568157034,0.9959099292755127,8,1.0
static,143,Q003,4,M090781,0.0,0.999200701713562,0.7959183673469389,0.9743184296619412,0.9931000471115112,8,0.0
static,143,Q003,5,M004476,0.0,0.998794674873352,0.8115646258503402,0.9730234460196293,0.9925327301025391,8,0.0
static,144,Q004,1,M050078,0.0,1.0,0.8571428571428571,1.0,1.0,8,0.0
static,144,Q004,2,M059745,0.0,0.9982020854949951,0.8503401360544218,0.9780219780219781,0.9934267997741699,8,0.0
static,144,Q004,3,M049322,-1.0,0.9965438842773438,0.8312925170068028,0.9580089757570673,0.9874286651611328,8,-1.0
static,144,Q004,4,M059135,1.0,0.9978526830673218,0.8217687074829932,0.9417215418169617,0.9841419458389282,8,1.0
static,144,Q004,5,M091738,0.0,0.9967393279075623,0.8312925170068028,0.9236400050331348,0.9789535999298096,8,0.0
static,145,Q005,1,M044080,-1.0,1.0,0.9931972789115646,1.0,1.0,8,-1.0
static,145,Q005,2,M084721,1.0,0.9992156624794006,0.834013605442177,0.9945474372955289,0.9981663227081299,8,1.0
static,145,Q005,3,M047189,1.0,0.9991359114646912,0.7108843537414966,0.9931570338058887,0.9977707862854004,8,1.0
static,145,Q005,4,M054335,0.0,0.998910665512085,0.8312925170068028,0.9934569247546347,0.9977105855941772,8,0.0
static,145,Q005,5,M095999,1.0,0.9986827373504639,0.7074829931972789,0.9858233369683751,0.9956655502319336,8,1.0
static,146,Q006,1,M004727,1.0,1.0,0.9981203007518796,1.0,1.0,8,1.0
static,146,Q006,2,M016297,1.0,0.9977824687957764,0.8171679197994987,0.9870092693565977,0.9954218864440918,8,1.0
static,146,Q006,3,M014732,1.0,0.9978636503219604,0.7885964912280701,0.9806821994799094,0.9938887357711792,8,1.0
static,146,Q006,4,M090795,1.0,0.998614490032196,0.7802721088435375,0.9785850599781897,0.9938149452209473,8,1.0
static,146,Q006,5,M089503,1.0,0.9993441104888916,0.7885964912280701,0.9760087241003271,0.9936087131500244,8,1.0
static,147,Q007,1,M029944,1.0,1.000000238418579,1.0,1.0,1.0000001192092896,8,1.0
static,147,Q007,2,M030690,0.0,0.9987031817436218,0.8476190476190476,0.9678616866593964,0.991187334060669,8,0.0
static,147,Q007,3,M003265,-1.0,0.9979531168937683,0.8244897959183675,0.9533966669462852,0.9871209859848022,8,-1.0
static,147,Q007,4,M041095,1.0,0.9984678626060486,0.8285714285714285,0.9506410256410256,0.9867409467697144,8,1.0
static,147,Q007,5,M035734,0.0,0.9985516667366028,0.819047619047619,0.9494299275787824,0.9864885807037354,8,0.0
static,148,Q008,1,M084575,0.0,1.0000001192092896,0.8571428571428571,1.0,1.0000001192092896,8,0.0
static,148,Q008,2,M076048,1.0,0.9997464418411255,0.8518617973505191,0.9964285714285713,0.9989550113677979,8,1.0
static,148,Q008,3,M065714,1.0,0.9995644688606262,0.707124955245256,0.994942748091603,0.9984743595123291,8,1.0
static,148,Q008,4,M076797,1.0,0.9991171956062317,0.7090046544933762,0.9942475463467829,0.9980322122573853,8,1.0
static,148,Q008,5,M063614,0.0,0.9990450143814087,0.8069638381668457,0.9942475463467829,0.9979889392852783,8,0.0
static,149,Q009,1,M059479,-1.0,1.0000001192092896,0.9863945578231293,1.0,1.0000001192092896,8,-1.0
static,149,Q009,2,M022445,1.0,0.9995251893997192,0.8122448979591838,0.9971237731733914,0.9989960193634033,8,1.0
static,149,Q009,3,M053522,1.0,0.999415397644043,0.8435374149659864,0.9902808069792803,0.997219443321228,8,1.0
static,149,Q009,4,M043070,1.0,0.998935341835022,0.8312925170068028,0.9899809160305343,0.9968564510345459,8,1.0
static,149,Q009,5,M076903,1.0,0.9993971586227417,0.8054421768707484,0.9877044711014176,0.996564507484436,8,1.0
static,150,Q010,1,M056742,0.0,1.0,0.9962406015037594,1.0,1.0,8,0.0
static,150,Q010,2,M020473,-1.0,0.9994295835494995,0.9799140708915146,0.9931570338058887,0.9979469776153564,8,-1.0
static,150,Q010,3,M022852,0.0,0.9990639686584473,0.8180093089867526,0.9924618320610687,0.9975539445877075,8,0.0
static,150,Q010,4,M070100,0.0,0.9994654655456543,0.7870748299319728,0.9857142857142858,0.996107816696167,8,0.0
static,150,Q010,5,M085336,1.0,0.9990699887275696,0.8171679197994987,0.9820474372955289,0.9949538707733154,8,1.0
static,151,Q011,1,M043191,1.0,1.0000001192092896,0.9714285714285714,1.0,1.0000001192092896,8,1.0
static,151,Q011,2,M042153,-1.0,1.0000001192092896,0.9714285714285714,1.0,1.0000001192092896,8,-1.0
static,151,Q011,3,M063474,1.0,1.0000001192092896,0.8285714285714285,1.0,1.0000001192092896,8,1.0
static,151,Q011,4,M042506,0.0,1.0000001192092896,0.8025241675617615,1.0,1.0000001192092896,8,0.0
static,151,Q011,5,M089762,1.0,0.999800980091095,0.7047619047619048,0.9964285714285713,0.9989877939224243,8,1.0
static,152,Q012,1,M057809,0.0,1.0000001192092896,0.8571428571428571,1.0,1.0000001192092896,8,0.0
static,152,Q012,2,M078223,1.0,0.9991438388824463,0.8306122448979593,0.9849236641221374,0.9957172870635986,8,1.0
static,152,Q012,3,M081373,1.0,0.9991778135299683,0.8380952380952381,0.9841330425299891,0.9955400228500366,8,1.0
static,152,Q012,4,M091742,0.0,0.9990804195404053,1.0,0.971633042529989,0.992356538772583,8,0.0
static,152,Q012,5,M056558,0.0,0.998988151550293,0.7142857142857143,0.9705561613958561,0.9920319318771362,8,0.0
static,153,Q013,1,M004656,0.0,1.0000001192092896,1.0,1.0,1.0000001192092896,8,0.0
static,153,Q013,2,M000652,0.0,0.997107207775116,0.9904761904761905,0.9714537371025921,0.9911277294158936,8,0.0
static,153,Q013,3,M000489,1.0,0.9978896975517273,0.8476190476190476,0.9266154964628248,0.9803876876831055,8,1.0
static,153,Q013,4,M000224,1.0,0.9966926574707031,0.8380952380952381,0.9211835556301206,0.9783115386962891,8,1.0
static,153,Q013,5,M000522,1.0,0.9957696199417114,0.8285714285714285,0.9303165981601096,0.9300410151481628,8,1.0
static,154,Q014,1,M035347,-1.0,1.0,0.9523809523809524,1.0,1.0,8,-1.0
static,154,Q014,2,M022194,1.0,0.997409462928772,0.7940386680988185,0.9362598915079829,0.9825106859207153,8,1.0
static,154,Q014,3,M012192,0.0,0.996539831161499,0.8171679197994987,0.9520289824679138,0.9359312057495117,8,0.0
static,154,Q014,4,M061545,1.0,0.9918105602264404,0.9749910490511995,0.9073067835472415,0.9219130277633667,8,1.0
static,154,Q014,5,M034318,0.0,0.987061083316803,0.8253311851056212,0.9056325671783687,0.9186448454856873,8,0.0
static,155,Q015,1,M051010,0.0,1.0,0.8503401360544218,1.0,1.0,8,0.0
static,155,Q015,2,M101026,-1.0,0.9993199110031128,0.7993197278911566,0.9982142857142857,0.9991455078125,8,-1.0
static,155,Q015,3,M075258,1.0,0.9991916418075562,0.8122448979591838,0.993552344601963,0.9979031085968018,8,1.0
static,155,Q015,4,M063219,1.0,0.9991055727005005,0.8380952380952381,0.9931570338058887,0.9977525472640991,8,1.0
static,155,Q015,5,M039788,1.0,0.998693585395813,0.7142857142857143,0.9931570338058887,0.9975054264068604,8,1.0
static,156,Q016,1,M026665,1.0,1.0,1.0,1.0,1.0,8,1.0
static,156,Q016,2,M087806,0.0,0.9994206428527832,0.8571428571428571,0.9960332606324973,0.998660683631897,8,0.0
static,156,Q016,3,M068757,1.0,0.9996577501296997,0.8122448979591838,0.9946428571428572,0.9984554052352905,8,1.0
static,156,Q016,4,M070107,0.0,0.9994356632232666,0.8435374149659864,0.993552344601963,0.9980494976043701,8,0.0
static,156,Q016,5,M089155,1.0,0.9997481107711792,0.8503401360544218,0.9910714285714286,0.9976167678833008,8,1.0
static,157,Q017,1,M058435,1.0,1.000000238418579,0.9551020408163265,1.0,1.0000001192092896,8,1.0
static,157,Q017,2,M035900,1.0,0.9987359642982483,0.8050841389187254,0.97025627044711,0.9918056726455688,8,1.0
static,157,Q017,3,M044584,0.0,0.9985114336013794,0.8122448979591838,0.9606234096692111,0.9892627000808716,8,0.0
static,157,Q017,4,M052454,0.0,0.9986316561698914,0.8408163265306123,0.9545098984984481,0.9878065586090088,8,0.0
static,157,Q017,5,M059516,0.0,0.9993190765380859,0.8020408163265307,0.9459332969829154,0.9860748052597046,8,0.0
static,158,Q018,1,M050950,1.0,1.0000001192092896,0.9619047619047619,1.0,1.0000001192092896,8,1.0
static,158,Q018,2,M070554,1.0,0.999678373336792,0.819047619047619,0.9892857142857142,0.9971284866333008,8,1.0
static,158,Q018,3,M047611,1.0,0.999678373336792,0.9714285714285714,0.9892857142857142,0.9971284866333008,8,1.0
static,158,Q018,4,M100060,1.0,0.9984458684921265,0.7993197278911566,0.974618320610687,0.9927221536636353,8,1.0
static,158,Q018,5,M052330,1.0,0.9986474514007568,0.8095238095238095,0.9604416575790621,0.989298939704895,8,1.0
static,159,Q019,1,M046472,-1.0,0.9999999403953552,0.8571428571428571,1.0,1.0,8,-1.0
static,159,Q019,2,M026024,-1.0,0.996228039264679,0.7931972789115646,0.9349152755641306,0.9814656972885132,8,-1.0
static,159,Q019,3,M044611,0.0,0.9980992674827576,0.8571428571428571,0.9644083969465649,0.9399617314338684,8,0.0
static,159,Q019,4,M033266,1.0,0.9973161220550537,0.8122448979591838,0.9554571065067247,0.9372539520263672,8,1.0
static,159,Q019,5,M043388,-1.0,0.9955116510391235,0.8571428571428571,0.9546168526130357,0.9359612464904785,8,-1.0
static,160,Q020,1,M048011,0.0,1.0,0.8408163265306123,1.0,1.0,8,0.0
static,160,Q020,2,M069109,1.0,0.9990991950035095,0.9482993197278912,0.9806570338058888,0.9946237802505493,8,1.0
static,160,Q020,3,M033563,0.0,0.9956273436546326,0.8476190476190476,0.9691772921734755,0.9896707534790039,8,0.0
static,160,Q020,4,M061337,1.0,0.9985913038253784,0.7056032939491585,0.9560568884042165,0.9881690740585327,8,1.0
static,160,Q020,5,M064735,1.0,0.9988635778427124,0.8469387755102041,0.943452380952381,0.9851812124252319,8,1.0
static,161,Q001,1,M035956,1.0,1.0,1.0,1.0,1.0,9,1.0
static,161,Q001,2,M028549,0.0,0.9981349110603333,0.7142857142857143,0.9807776193272376,0.9940752983093262,9,0.0
static,161,Q001,3,M035537,1.0,0.9994309544563293,0.8571428571428571,0.9744138495092693,0.9932620525360107,9,1.0
static,161,Q001,4,M032957,1.0,0.9983353018760681,0.8571428571428571,0.96197571512457,0.9894951581954956,9,1.0
static,161,Q001,5,M028255,1.0,0.9990233778953552,0.7142857142857143,0.9601190476190476,0.9894437789916992,9,1.0
static,162,Q002,1,M060927,1.0,1.0,1.0,1.0,1.0,9,1.0
static,162,Q002,2,M080873,1.0,0.9988524913787842,1.0,0.9883996728462376,0.9964114427566528,9,1.0
static,162,Q002,3,M069758,1.0,0.998687744140625,0.9965986394557823,0.9790757906215921,0.9939815998077393,9,1.0
static,162,Q002,4,M085993,1.0,0.9992295503616333,0.819047619047619,0.9768947655398037,0.993761420249939,9,1.0
static,162,Q002,5,M047437,-1.0,0.999078631401062,0.819047619047619,0.9770992366412213,0.9937219619750977,9,-1.0
static,163,Q003,1,M079920,1.0,1.0,0.9714285714285714,1.0,1.0,9,1.0
static,163,Q003,2,M012821,-1.0,0.9993844032287598,0.9734693877551022,0.9938522355507089,0.9980937242507935,9,-1.0
static,163,Q003,3,M072610,1.0,0.9990502595901489,0.7925170068027212,0.9859187568157034,0.9959099292755127,9,1.0
static,163,Q003,4,M090781,0.0,0.999200701713562,0.7959183673469389,0.9743184296619412,0.9931000471115112,9,0.0
static,163,Q003,5,M004476,0.0,0.998794674873352,0.8115646258503402,0.9730234460196293,0.9925327301025391,9,0.0
static,164,Q004,1,M050078,0.0,1.0,0.8571428571428571,1.0,1.0,9,0.0
static,164,Q004,2,M059745,0.0,0.9982020854949951,0.8503401360544218,0.9780219780219781,0.9934267997741699,9,0.0
static,164,Q004,3,M049322,-1.0,0.9965438842773438,0.8312925170068028,0.9580089757570673,0.9874286651611328,9,-1.0
static,164,Q004,4,M059135,1.0,0.9978526830673218,0.8217687074829932,0.9417215418169617,0.9841419458389282,9,1.0
static,164,Q004,5,M091738,0.0,0.9967393279075623,0.8312925170068028,0.9236400050331348,0.9789535999298096,9,0.0
static,165,Q005,1,M044080,-1.0,1.0,0.9931972789115646,1.0,1.0,9,-1.0
static,165,Q005,2,M084721,1.0,0.9992156624794006,0.834013605442177,0.9945474372955289,0.9981663227081299,9,1.0
static,165,Q005,3,M047189,1.0,0.9991359114646912,0.7108843537414966,0.9931570338058887,0.9977707862854004,9,1.0
static,165,Q005,4,M054335,0.0,0.998910665512085,0.8312925170068028,0.9934569247546347,0.9977105855941772,9,0.0
static,165,Q005,5,M095999,1.0,0.9986827373504639,0.7074829931972789,0.9858233369683751,0.9956655502319336,9,1.0
static,166,Q006,1,M004727,1.0,1.0,0.9981203007518796,1.0,1.0,9,1.0
static,166,Q006,2,M016297,1.0,0.9977824687957764,0.8171679197994987,0.9870092693565977,0.9954218864440918,9,1.0
static,166,Q006,3,M014732,1.0,0.9978636503219604,0.7885964912280701,0.9806821994799094,0.9938887357711792,9,1.0
static,166,Q006,4,M090795,1.0,0.998614490032196,0.7802721088435375,0.9785850599781897,0.9938149452209473,9,1.0
static,166,Q006,5,M089503,1.0,0.9993441104888916,0.7885964912280701,0.9760087241003271,0.9936087131500244,9,1.0
static,167,Q007,1,M029944,1.0,1.000000238418579,1.0,1.0,1.0000001192092896,9,1.0
static,167,Q007,2,M030690,0.0,0.9987031817436218,0.8476190476190476,0.9678616866593964,0.991187334060669,9,0.0
static,167,Q007,3,M003265,-1.0,0.9979531168937683,0.8244897959183675,0.9533966669462852,0.9871209859848022,9,-1.0
static,167,Q007,4,M041095,1.0,0.9984678626060486,0.8285714285714285,0.9506410256410256,0.9867409467697144,9,1.0
static,167,Q007,5,M035734,0.0,0.9985516667366028,0.819047619047619,0.9494299275787824,0.9864885807037354,9,0.0
static,168,Q008,1,M084575,0.0,1.0000001192092896,0.8571428571428571,1.0,1.0000001192092896,9,0.0
static,168,Q008,2,M076048,1.0,0.9997464418411255,0.8518617973505191,0.9964285714285713,0.9989550113677979,9,1.0
static,168,Q008,3,M065714,1.0,0.9995644688606262,0.707124955245256,0.994942748091603,0.9984743595123291,9,1.0
static,168,Q008,4,M076797,1.0,0.9991171956062317,0.7090046544933762,0.9942475463467829,0.9980322122573853,9,1.0
static,168,Q008,5,M063614,0.0,0.9990450143814087,0.8069638381668457,0.9942475463467829,0.9979889392852783,9,0.0
static,169,Q009,1,M059479,-1.0,1.0000001192092896,0.9863945578231293,1.0,1.0000001192092896,9,-1.0
static,169,Q009,2,M022445,1.0,0.9995251893997192,0.8122448979591838,0.9971237731733914,0.9989960193634033,9,1.0
static,169,Q009,3,M053522,1.0,0.999415397644043,0.8435374149659864,0.9902808069792803,0.997219443321228,9,1.0
static,169,Q009,4,M043070,1.0,0.998935341835022,0.8312925170068028,0.9899809160305343,0.9968564510345459,9,1.0
static,169,Q009,5,M076903,1.0,0.9993971586227417,0.8054421768707484,0.9877044711014176,0.996564507484436,9,1.0
static,170,Q010,1,M056742,0.0,1.0,0.9962406015037594,1.0,1.0,9,0.0
static,170,Q010,2,M020473,-1.0,0.9994295835494995,0.9799140708915146,0.9931570338058887,0.9979469776153564,9,-1.0
static,170,Q010,3,M022852,0.0,0.9990639686584473,0.8180093089867526,0.9924618320610687,0.9975539445877075,9,0.0
static,170,Q010,4,M070100,0.0,0.9994654655456543,0.7870748299319728,0.9857142857142858,0.996107816696167,9,0.0
static,170,Q010,5,M085336,1.0,0.9990699887275696,0.8171679197994987,0.9820474372955289,0.9949538707733154,9,1.0
static,171,Q011,1,M043191,1.0,1.0000001192092896,0.9714285714285714,1.0,1.0000001192092896,9,1.0
static,171,Q011,2,M042153,-1.0,1.0000001192092896,0.9714285714285714,1.0,1.0000001192092896,9,-1.0
static,171,Q011,3,M063474,1.0,1.0000001192092896,0.8285714285714285,1.0,1.0000001192092896,9,1.0
static,171,Q011,4,M042506,0.0,1.0000001192092896,0.8025241675617615,1.0,1.0000001192092896,9,0.0
static,171,Q011,5,M089762,1.0,0.999800980091095,0.7047619047619048,0.9964285714285713,0.9989877939224243,9,1.0
static,172,Q012,1,M057809,0.0,1.0000001192092896,0.8571428571428571,1.0,1.0000001192092896,9,0.0
static,172,Q012,2,M078223,1.0,0.9991438388824463,0.8306122448979593,0.9849236641221374,0.9957172870635986,9,1.0
static,172,Q012,3,M081373,1.0,0.9991778135299683,0.8380952380952381,0.9841330425299891,0.9955400228500366,9,1.0
static,172,Q012,4,M091742,0.0,0.9990804195404053,1.0,0.971633042529989,0.992356538772583,9,0.0
static,172,Q012,5,M056558,0.0,0.998988151550293,0.7142857142857143,0.9705561613958561,0.9920319318771362,9,0.0
static,173,Q013,1,M004656,0.0,1.0000001192092896,1.0,1.0,1.0000001192092896,9,0.0
static,173,Q013,2,M000652,0.0,0.997107207775116,0.9904761904761905,0.9714537371025921,0.9911277294158936,9,0.0
static,173,Q013,3,M000489,1.0,0.9978896975517273,0.8476190476190476,0.9266154964628248,0.9803876876831055,9,1.0
static,173,Q013,4,M000224,1.0,0.9966926574707031,0.8380952380952381,0.9211835556301206,0.9783115386962891,9,1.0
static,173,Q013,5,M000522,1.0,0.9957696199417114,0.8285714285714285,0.9303165981601096,0.9300410151481628,9,1.0
static,174,Q014,1,M035347,-1.0,1.0,0.9523809523809524,1.0,1.0,9,-1.0
static,174,Q014,2,M022194,1.0,0.997409462928772,0.7940386680988185,0.9362598915079829,0.9825106859207153,9,1.0
static,174,Q014,3,M012192,0.0,0.996539831161499,0.8171679197994987,0.9520289824679138,0.9359312057495117,9,0.0
static,174,Q014,4,M061545,1.0,0.9918105602264404,0.9749910490511995,0.9073067835472415,0.9219130277633667,9,1.0
static,174,Q014,5,M034318,0.0,0.987061083316803,0.8253311851056212,0.9056325671783687,0.9186448454856873,9,0.0
static,175,Q015,1,M051010,0.0,1.0,0.8503401360544218,1.0,1.0,9,0.0
static,175,Q015,2,M101026,-1.0,0.9993199110031128,0.7993197278911566,0.9982142857142857,0.9991455078125,9,-1.0
static,175,Q015,3,M075258,1.0,0.9991916418075562,0.8122448979591838,0.993552344601963,0.9979031085968018,9,1.0
static,175,Q015,4,M063219,1.0,0.9991055727005005,0.8380952380952381,0.9931570338058887,0.9977525472640991,9,1.0
static,175,Q015,5,M039788,1.0,0.998693585395813,0.7142857142857143,0.9931570338058887,0.9975054264068604,9,1.0
static,176,Q016,1,M026665,1.0,1.0,1.0,1.0,1.0,9,1.0
static,176,Q016,2,M087806,0.0,0.9994206428527832,0.8571428571428571,0.9960332606324973,0.998660683631897,9,0.0
static,176,Q016,3,M068757,1.0,0.9996577501296997,0.8122448979591838,0.9946428571428572,0.9984554052352905,9,1.0
static,176,Q016,4,M070107,0.0,0.9994356632232666,0.8435374149659864,0.993552344601963,0.9980494976043701,9,0.0
static,176,Q016,5,M089155,1.0,0.9997481107711792,0.8503401360544218,0.9910714285714286,0.9976167678833008,9,1.0
static,177,Q017,1,M058435,1.0,1.000000238418579,0.9551020408163265,1.0,1.0000001192092896,9,1.0
static,177,Q017,2,M035900,1.0,0.9987359642982483,0.8050841389187254,0.97025627044711,0.9918056726455688,9,1.0
static,177,Q017,3,M044584,0.0,0.9985114336013794,0.8122448979591838,0.9606234096692111,0.9892627000808716,9,0.0
static,177,Q017,4,M052454,0.0,0.9986316561698914,0.8408163265306123,0.9545098984984481,0.9878065586090088,9,0.0
static,177,Q017,5,M059516,0.0,0.9993190765380859,0.8020408163265307,0.9459332969829154,0.9860748052597046,9,0.0
static,178,Q018,1,M050950,1.0,1.0000001192092896,0.9619047619047619,1.0,1.0000001192092896,9,1.0
static,178,Q018,2,M070554,1.0,0.999678373336792,0.819047619047619,0.9892857142857142,0.9971284866333008,9,1.0
static,178,Q018,3,M047611,1.0,0.999678373336792,0.9714285714285714,0.9892857142857142,0.9971284866333008,9,1.0
static,178,Q018,4,M100060,1.0,0.9984458684921265,0.7993197278911566,0.974618320610687,0.9927221536636353,9,1.0
static,178,Q018,5,M052330,1.0,0.9986474514007568,0.8095238095238095,0.9604416575790621,0.989298939704895,9,1.0
static,179,Q019,1,M046472,-1.0,0.9999999403953552,0.8571428571428571,1.0,1.0,9,-1.0
static,179,Q019,2,M026024,-1.0,0.996228039264679,0.7931972789115646,0.9349152755641306,0.9814656972885132,9,-1.0
static,179,Q019,3,M044611,0.0,0.9980992674827576,0.8571428571428571,0.9644083969465649,0.9399617314338684,9,0.0
static,179,Q019,4,M033266,1.0,0.9973161220550537,0.8122448979591838,0.9554571065067247,0.9372539520263672,9,1.0
static,179,Q019,5,M043388,-1.0,0.9955116510391235,0.8571428571428571,0.9546168526130357,0.9359612464904785,9,-1.0
static,180,Q020,1,M048011,0.0,1.0,0.8408163265306123,1.0,1.0,9,0.0
static,180,Q020,2,M069109,1.0,0.9990991950035095,0.9482993197278912,0.9806570338058888,0.9946237802505493,9,1.0
static,180,Q020,3,M033563,0.0,0.9956273436546326,0.8476190476190476,0.9691772921734755,0.9896707534790039,9,0.0
static,180,Q020,4,M061337,1.0,0.9985913038253784,0.7056032939491585,0.9560568884042165,0.9881690740585327,9,1.0
static,180,Q020,5,M064735,1.0,0.9988635778427124,0.8469387755102041,0.943452380952381,0.9851812124252319,9,1.0
static,181,Q001,1,M035956,1.0,1.0,1.0,1.0,1.0,10,1.0
static,181,Q001,2,M028549,0.0,0.9981349110603333,0.7142857142857143,0.9807776193272376,0.9940752983093262,10,0.0
static,181,Q001,3,M035537,1.0,0.9994309544563293,0.8571428571428571,0.9744138495092693,0.9932620525360107,10,1.0
static,181,Q001,4,M032957,1.0,0.9983353018760681,0.8571428571428571,0.96197571512457,0.9894951581954956,10,1.0
static,181,Q001,5,M028255,1.0,0.9990233778953552,0.7142857142857143,0.9601190476190476,0.9894437789916992,10,1.0
static,182,Q002,1,M060927,1.0,1.0,1.0,1.0,1.0,10,1.0
static,182,Q002,2,M080873,1.0,0.9988524913787842,1.0,0.9883996728462376,0.9964114427566528,10,1.0
static,182,Q002,3,M069758,1.0,0.998687744140625,0.9965986394557823,0.9790757906215921,0.9939815998077393,10,1.0
static,182,Q002,4,M085993,1.0,0.9992295503616333,0.819047619047619,0.9768947655398037,0.993761420249939,10,1.0
static,182,Q002,5,M047437,-1.0,0.999078631401062,0.819047619047619,0.9770992366412213,0.9937219619750977,10,-1.0
static,183,Q003,1,M079920,1.0,1.0,0.9714285714285714,1.0,1.0,10,1.0
static,183,Q003,2,M012821,-1.0,0.9993844032287598,0.9734693877551022,0.9938522355507089,0.9980937242507935,10,-1.0
static,183,Q003,3,M072610,1.0,0.9990502595901489,0.7925170068027212,0.9859187568157034,0.9959099292755127,10,1.0
static,183,Q003,4,M090781,0.0,0.999200701713562,0.7959183673469389,0.9743184296619412,0.9931000471115112,10,0.0
static,183,Q003,5,M004476,0.0,0.998794674873352,0.8115646258503402,0.9730234460196293,0.9925327301025391,10,0.0
static,184,Q004,1,M050078,0.0,1.0,0.8571428571428571,1.0,1.0,10,0.0
static,184,Q004,2,M059745,0.0,0.9982020854949951,0.8503401360544218,0.9780219780219781,0.9934267997741699,10,0.0
static,184,Q004,3,M049322,-1.0,0.9965438842773438,0.8312925170068028,0.9580089757570673,0.9874286651611328,10,-1.0
static,184,Q004,4,M059135,1.0,0.9978526830673218,0.8217687074829932,0.9417215418169617,0.9841419458389282,10,1.0
static,184,Q004,5,M091738,0.0,0.9967393279075623,0.8312925170068028,0.9236400050331348,0.9789535999298096,10,0.0
static,185,Q005,1,M044080,-1.0,1.0,0.9931972789115646,1.0,1.0,10,-1.0
static,185,Q005,2,M084721,1.0,0.9992156624794006,0.834013605442177,0.9945474372955289,0.9981663227081299,10,1.0
static,185,Q005,3,M047189,1.0,0.9991359114646912,0.7108843537414966,0.9931570338058887,0.9977707862854004,10,1.0
static,185,Q005,4,M054335,0.0,0.998910665512085,0.8312925170068028,0.9934569247546347,0.9977105855941772,10,0.0
static,185,Q005,5,M095999,1.0,0.9986827373504639,0.7074829931972789,0.9858233369683751,0.9956655502319336,10,1.0
static,186,Q006,1,M004727,1.0,1.0,0.9981203007518796,1.0,1.0,10,1.0
static,186,Q006,2,M016297,1.0,0.9977824687957764,0.8171679197994987,0.9870092693565977,0.9954218864440918,10,1.0
static,186,Q006,3,M014732,1.0,0.9978636503219604,0.7885964912280701,0.9806821994799094,0.9938887357711792,10,1.0
static,186,Q006,4,M090795,1.0,0.998614490032196,0.7802721088435375,0.9785850599781897,0.9938149452209473,10,1.0
static,186,Q006,5,M089503,1.0,0.9993441104888916,0.7885964912280701,0.9760087241003271,0.9936087131500244,10,1.0
static,187,Q007,1,M029944,1.0,1.000000238418579,1.0,1.0,1.0000001192092896,10,1.0
static,187,Q007,2,M030690,0.0,0.9987031817436218,0.8476190476190476,0.9678616866593964,0.991187334060669,10,0.0
static,187,Q007,3,M003265,-1.0,0.9979531168937683,0.8244897959183675,0.9533966669462852,0.9871209859848022,10,-1.0
static,187,Q007,4,M041095,1.0,0.9984678626060486,0.8285714285714285,0.9506410256410256,0.9867409467697144,10,1.0
static,187,Q007,5,M035734,0.0,0.9985516667366028,0.819047619047619,0.9494299275787824,0.9864885807037354,10,0.0
static,188,Q008,1,M084575,0.0,1.0000001192092896,0.8571428571428571,1.0,1.0000001192092896,10,0.0
static,188,Q008,2,M076048,1.0,0.9997464418411255,0.8518617973505191,0.9964285714285713,0.9989550113677979,10,1.0
static,188,Q008,3,M065714,1.0,0.9995644688606262,0.707124955245256,0.994942748091603,0.9984743595123291,10,1.0
static,188,Q008,4,M076797,1.0,0.9991171956062317,0.7090046544933762,0.9942475463467829,0.9980322122573853,10,1.0
static,188,Q008,5,M063614,0.0,0.9990450143814087,0.8069638381668457,0.9942475463467829,0.9979889392852783,10,0.0
static,189,Q009,1,M059479,-1.0,1.0000001192092896,0.9863945578231293,1.0,1.0000001192092896,10,-1.0
static,189,Q009,2,M022445,1.0,0.9995251893997192,0.8122448979591838,0.9971237731733914,0.9989960193634033,10,1.0
static,189,Q009,3,M053522,1.0,0.999415397644043,0.8435374149659864,0.9902808069792803,0.997219443321228,10,1.0
static,189,Q009,4,M043070,1.0,0.998935341835022,0.8312925170068028,0.9899809160305343,0.9968564510345459,10,1.0
static,189,Q009,5,M076903,1.0,0.9993971586227417,0.8054421768707484,0.9877044711014176,0.996564507484436,10,1.0
static,190,Q010,1,M056742,0.0,1.0,0.9962406015037594,1.0,1.0,10,0.0
static,190,Q010,2,M020473,-1.0,0.9994295835494995,0.9799140708915146,0.9931570338058887,0.9979469776153564,10,-1.0
static,190,Q010,3,M022852,0.0,0.9990639686584473,0.8180093089867526,0.9924618320610687,0.9975539445877075,10,0.0
static,190,Q010,4,M070100,0.0,0.9994654655456543,0.7870748299319728,0.9857142857142858,0.996107816696167,10,0.0
static,190,Q010,5,M085336,1.0,0.9990699887275696,0.8171679197994987,0.9820474372955289,0.9949538707733154,10,1.0
static,191,Q011,1,M043191,1.0,1.0000001192092896,0.9714285714285714,1.0,1.0000001192092896,10,1.0
static,191,Q011,2,M042153,-1.0,1.0000001192092896,0.9714285714285714,1.0,1.0000001192092896,10,-1.0
static,191,Q011,3,M063474,1.0,1.0000001192092896,0.8285714285714285,1.0,1.0000001192092896,10,1.0
static,191,Q011,4,M042506,0.0,1.0000001192092896,0.8025241675617615,1.0,1.0000001192092896,10,0.0
static,191,Q011,5,M089762,1.0,0.999800980091095,0.7047619047619048,0.9964285714285713,0.9989877939224243,10,1.0
static,192,Q012,1,M057809,0.0,1.0000001192092896,0.8571428571428571,1.0,1.0000001192092896,10,0.0
static,192,Q012,2,M078223,1.0,0.9991438388824463,0.8306122448979593,0.9849236641221374,0.9957172870635986,10,1.0
static,192,Q012,3,M081373,1.0,0.9991778135299683,0.8380952380952381,0.9841330425299891,0.9955400228500366,10,1.0
static,192,Q012,4,M091742,0.0,0.9990804195404053,1.0,0.971633042529989,0.992356538772583,10,0.0
static,192,Q012,5,M056558,0.0,0.998988151550293,0.7142857142857143,0.9705561613958561,0.9920319318771362,10,0.0
static,193,Q013,1,M004656,0.0,1.0000001192092896,1.0,1.0,1.0000001192092896,10,0.0
static,193,Q013,2,M000652,0.0,0.997107207775116,0.9904761904761905,0.9714537371025921,0.9911277294158936,10,0.0
static,193,Q013,3,M000489,1.0,0.9978896975517273,0.8476190476190476,0.9266154964628248,0.9803876876831055,10,1.0
static,193,Q013,4,M000224,1.0,0.9966926574707031,0.8380952380952381,0.9211835556301206,0.9783115386962891,10,1.0
static,193,Q013,5,M000522,1.0,0.9957696199417114,0.8285714285714285,0.9303165981601096,0.9300410151481628,10,1.0
static,194,Q014,1,M035347,-1.0,1.0,0.9523809523809524,1.0,1.0,10,-1.0
static,194,Q014,2,M022194,1.0,0.997409462928772,0.7940386680988185,0.9362598915079829,0.9825106859207153,10,1.0
static,194,Q014,3,M012192,0.0,0.996539831161499,0.8171679197994987,0.9520289824679138,0.9359312057495117,10,0.0
static,194,Q014,4,M061545,1.0,0.9918105602264404,0.9749910490511995,0.9073067835472415,0.9219130277633667,10,1.0
static,194,Q014,5,M034318,0.0,0.987061083316803,0.8253311851056212,0.9056325671783687,0.9186448454856873,10,0.0
static,195,Q015,1,M051010,0.0,1.0,0.8503401360544218,1.0,1.0,10,0.0
static,195,Q015,2,M101026,-1.0,0.9993199110031128,0.7993197278911566,0.9982142857142857,0.9991455078125,10,-1.0
static,195,Q015,3,M075258,1.0,0.9991916418075562,0.8122448979591838,0.993552344601963,0.9979031085968018,10,1.0
static,195,Q015,4,M063219,1.0,0.9991055727005005,0.8380952380952381,0.9931570338058887,0.9977525472640991,10,1.0
static,195,Q015,5,M039788,1.0,0.998693585395813,0.7142857142857143,0.9931570338058887,0.9975054264068604,10,1.0
static,196,Q016,1,M026665,1.0,1.0,1.0,1.0,1.0,10,1.0
static,196,Q016,2,M087806,0.0,0.9994206428527832,0.8571428571428571,0.9960332606324973,0.998660683631897,10,0.0
static,196,Q016,3,M068757,1.0,0.9996577501296997,0.8122448979591838,0.9946428571428572,0.9984554052352905,10,1.0
static,196,Q016,4,M070107,0.0,0.9994356632232666,0.8435374149659864,0.993552344601963,0.9980494976043701,10,0.0
static,196,Q016,5,M089155,1.0,0.9997481107711792,0.8503401360544218,0.9910714285714286,0.9976167678833008,10,1.0
static,197,Q017,1,M058435,1.0,1.000000238418579,0.9551020408163265,1.0,1.0000001192092896,10,1.0
static,197,Q017,2,M035900,1.0,0.9987359642982483,0.8050841389187254,0.97025627044711,0.9918056726455688,10,1.0
static,197,Q017,3,M044584,0.0,0.9985114336013794,0.8122448979591838,0.9606234096692111,0.9892627000808716,10,0.0
static,197,Q017,4,M052454,0.0,0.9986316561698914,0.8408163265306123,0.9545098984984481,0.9878065586090088,10,0.0
static,197,Q017,5,M059516,0.0,0.9993190765380859,0.8020408163265307,0.9459332969829154,0.9860748052597046,10,0.0
static,198,Q018,1,M050950,1.0,1.0000001192092896,0.9619047619047619,1.0,1.0000001192092896,10,1.0
static,198,Q018,2,M070554,1.0,0.999678373336792,0.819047619047619,0.9892857142857142,0.9971284866333008,10,1.0
static,198,Q018,3,M047611,1.0,0.999678373336792,0.9714285714285714,0.9892857142857142,0.9971284866333008,10,1.0
static,198,Q018,4,M100060,1.0,0.9984458684921265,0.7993197278911566,0.974618320610687,0.9927221536636353,10,1.0
static,198,Q018,5,M052330,1.0,0.9986474514007568,0.8095238095238095,0.9604416575790621,0.989298939704895,10,1.0
static,199,Q019,1,M046472,-1.0,0.9999999403953552,0.8571428571428571,1.0,1.0,10,-1.0
static,199,Q019,2,M026024,-1.0,0.996228039264679,0.7931972789115646,0.9349152755641306,0.9814656972885132,10,-1.0
static,199,Q019,3,M044611,0.0,0.9980992674827576,0.8571428571428571,0.9644083969465649,0.9399617314338684,10,0.0
static,199,Q019,4,M033266,1.0,0.9973161220550537,0.8122448979591838,0.9554571065067247,0.9372539520263672,10,1.0
static,199,Q019,5,M043388,-1.0,0.9955116510391235,0.8571428571428571,0.9546168526130357,0.9359612464904785,10,-1.0
static,200,Q020,1,M048011,0.0,1.0,0.8408163265306123,1.0,1.0,10,0.0
static,200,Q020,2,M069109,1.0,0.9990991950035095,0.9482993197278912,0.9806570338058888,0.9946237802505493,10,1.0
static,200,Q020,3,M033563,0.0,0.9956273436546326,0.8476190476190476,0.9691772921734755,0.9896707534790039,10,0.0
static,200,Q020,4,M061337,1.0,0.9985913038253784,0.7056032939491585,0.9560568884042165,0.9881690740585327,10,1.0
static,200,Q020,5,M064735,1.0,0.9988635778427124,0.8469387755102041,0.943452380952381,0.9851812124252319,10,1.0
static,201,Q001,1,M035956,1.0,1.0,1.0,1.0,1.0,11,1.0
static,201,Q001,2,M028549,0.0,0.9981349110603333,0.7142857142857143,0.9807776193272376,0.9940752983093262,11,0.0
static,201,Q001,3,M035537,1.0,0.9994309544563293,0.8571428571428571,0.9744138495092693,0.9932620525360107,11,1.0
static,201,Q001,4,M032957,1.0,0.9983353018760681,0.8571428571428571,0.96197571512457,0.9894951581954956,11,1.0
static,201,Q001,5,M028255,1.0,0.9990233778953552,0.7142857142857143,0.9601190476190476,0.9894437789916992,11,1.0
static,202,Q002,1,M060927,1.0,1.0,1.0,1.0,1.0,11,1.0
static,202,Q002,2,M080873,1.0,0.9988524913787842,1.0,0.9883996728462376,0.9964114427566528,11,1.0
static,202,Q002,3,M069758,1.0,0.998687744140625,0.9965986394557823,0.9790757906215921,0.9939815998077393,11,1.0
static,202,Q002,4,M085993,1.0,0.9992295503616333,0.819047619047619,0.9768947655398037,0.993761420249939,11,1.0
static,202,Q002,5,M047437,-1.0,0.999078631401062,0.819047619047619,0.9770992366412213,0.9937219619750977,11,-1.0
static,203,Q003,1,M079920,1.0,1.0,0.9714285714285714,1.0,1.0,11,1.0
static,203,Q003,2,M012821,-1.0,0.9993844032287598,0.9734693877551022,0.9938522355507089,0.9980937242507935,11,-1.0
static,203,Q003,3,M072610,1.0,0.9990502595901489,0.7925170068027212,0.9859187568157034,0.9959099292755127,11,1.0
static,203,Q003,4,M090781,0.0,0.999200701713562,0.7959183673469389,0.9743184296619412,0.9931000471115112,11,0.0
static,203,Q003,5,M004476,0.0,0.998794674873352,0.8115646258503402,0.9730234460196293,0.9925327301025391,11,0.0
static,204,Q004,1,M050078,0.0,1.0,0.8571428571428571,1.0,1.0,11,0.0
static,204,Q004,2,M059745,0.0,0.9982020854949951,0.8503401360544218,0.9780219780219781,0.9934267997741699,11,0.0
static,204,Q004,3,M049322,-1.0,0.9965438842773438,0.8312925170068028,0.9580089757570673,0.9874286651611328,11,-1.0
static,204,Q004,4,M059135,1.0,0.9978526830673218,0.8217687074829932,0.9417215418169617,0.9841419458389282,11,1.0
static,204,Q004,5,M091738,0.0,0.9967393279075623,0.8312925170068028,0.9236400050331348,0.9789535999298096,11,0.0
static,205,Q005,1,M044080,-1.0,1.0,0.9931972789115646,1.0,1.0,11,-1.0
static,205,Q005,2,M084721,1.0,0.9992156624794006,0.834013605442177,0.9945474372955289,0.9981663227081299,11,1.0
static,205,Q005,3,M047189,1.0,0.9991359114646912,0.7108843537414966,0.9931570338058887,0.9977707862854004,11,1.0
static,205,Q005,4,M054335,0.0,0.998910665512085,0.8312925170068028,0.9934569247546347,0.9977105855941772,11,0.0
static,205,Q005,5,M095999,1.0,0.9986827373504639,0.7074829931972789,0.9858233369683751,0.9956655502319336,11,1.0
static,206,Q006,1,M004727,1.0,1.0,0.9981203007518796,1.0,1.0,11,1.0
static,206,Q006,2,M016297,1.0,0.9977824687957764,0.8171679197994987,0.9870092693565977,0.9954218864440918,11,1.0
static,206,Q006,3,M014732,1.0,0.9978636503219604,0.7885964912280701,0.9806821994799094,0.9938887357711792,11,1.0
static,206,Q006,4,M090795,1.0,0.998614490032196,0.7802721088435375,0.9785850599781897,0.9938149452209473,11,1.0
static,206,Q006,5,M089503,1.0,0.9993441104888916,0.7885964912280701,0.9760087241003271,0.9936087131500244,11,1.0
static,207,Q007,1,M029944,1.0,1.000000238418579,1.0,1.0,1.0000001192092896,11,1.0
static,207,Q007,2,M030690,0.0,0.9987031817436218,0.8476190476190476,0.9678616866593964,0.991187334060669,11,0.0
static,207,Q007,3,M003265,-1.0,0.9979531168937683,0.8244897959183675,0.9533966669462852,0.9871209859848022,11,-1.0
static,207,Q007,4,M041095,1.0,0.9984678626060486,0.8285714285714285,0.9506410256410256,0.9867409467697144,11,1.0
static,207,Q007,5,M035734,0.0,0.9985516667366028,0.819047619047619,0.9494299275787824,0.9864885807037354,11,0.0
static,208,Q008,1,M084575,0.0,1.0000001192092896,0.8571428571428571,1.0,1.0000001192092896,11,0.0
static,208,Q008,2,M076048,1.0,0.9997464418411255,0.8518617973505191,0.9964285714285713,0.9989550113677979,11,1.0
static,208,Q008,3,M065714,1.0,0.9995644688606262,0.707124955245256,0.994942748091603,0.9984743595123291,11,1.0
static,208,Q008,4,M076797,1.0,0.9991171956062317,0.7090046544933762,0.9942475463467829,0.9980322122573853,11,1.0
static,208,Q008,5,M063614,0.0,0.9990450143814087,0.8069638381668457,0.9942475463467829,0.9979889392852783,11,0.0
static,209,Q009,1,M059479,-1.0,1.0000001192092896,0.9863945578231293,1.0,1.0000001192092896,11,-1.0
static,209,Q009,2,M022445,1.0,0.9995251893997192,0.8122448979591838,0.9971237731733914,0.9989960193634033,11,1.0
static,209,Q009,3,M053522,1.0,0.999415397644043,0.8435374149659864,0.9902808069792803,0.997219443321228,11,1.0
static,209,Q009,4,M043070,1.0,0.998935341835022,0.8312925170068028,0.9899809160305343,0.9968564510345459,11,1.0
static,209,Q009,5,M076903,1.0,0.9993971586227417,0.8054421768707484,0.9877044711014176,0.996564507484436,11,1.0
static,210,Q010,1,M056742,0.0,1.0,0.9962406015037594,1.0,1.0,11,0.0
static,210,Q010,2,M020473,-1.0,0.9994295835494995,0.9799140708915146,0.9931570338058887,0.9979469776153564,11,-1.0
static,210,Q010,3,M022852,0.0,0.9990639686584473,0.8180093089867526,0.9924618320610687,0.9975539445877075,11,0.0
static,210,Q010,4,M070100,0.0,0.9994654655456543,0.7870748299319728,0.9857142857142858,0.996107816696167,11,0.0
static,210,Q010,5,M085336,1.0,0.9990699887275696,0.8171679197994987,0.9820474372955289,0.9949538707733154,11,1.0
static,211,Q011,1,M043191,1.0,1.0000001192092896,0.9714285714285714,1.0,1.0000001192092896,11,1.0
static,211,Q011,2,M042153,-1.0,1.0000001192092896,0.9714285714285714,1.0,1.0000001192092896,11,-1.0
static,211,Q011,3,M063474,1.0,1.0000001192092896,0.8285714285714285,1.0,1.0000001192092896,11,1.0
static,211,Q011,4,M042506,0.0,1.0000001192092896,0.8025241675617615,1.0,1.0000001192092896,11,0.0
static,211,Q011,5,M089762,1.0,0.999800980091095,0.7047619047619048,0.9964285714285713,0.9989877939224243,11,1.0
static,212,Q012,1,M057809,0.0,1.0000001192092896,0.8571428571428571,1.0,1.0000001192092896,11,0.0
static,212,Q012,2,M078223,1.0,0.9991438388824463,0.8306122448979593,0.9849236641221374,0.9957172870635986,11,1.0
static,212,Q012,3,M081373,1.0,0.9991778135299683,0.8380952380952381,0.9841330425299891,0.9955400228500366,11,1.0
static,212,Q012,4,M091742,0.0,0.9990804195404053,1.0,0.971633042529989,0.992356538772583,11,0.0
static,212,Q012,5,M056558,0.0,0.998988151550293,0.7142857142857143,0.9705561613958561,0.9920319318771362,11,0.0
static,213,Q013,1,M004656,0.0,1.0000001192092896,1.0,1.0,1.0000001192092896,11,0.0
static,213,Q013,2,M000652,0.0,0.997107207775116,0.9904761904761905,0.9714537371025921,0.9911277294158936,11,0.0
static,213,Q013,3,M000489,1.0,0.9978896975517273,0.8476190476190476,0.9266154964628248,0.9803876876831055,11,1.0
static,213,Q013,4,M000224,1.0,0.9966926574707031,0.8380952380952381,0.9211835556301206,0.9783115386962891,11,1.0
static,213,Q013,5,M000522,1.0,0.9957696199417114,0.8285714285714285,0.9303165981601096,0.9300410151481628,11,1.0
static,214,Q014,1,M035347,-1.0,1.0,0.9523809523809524,1.0,1.0,11,-1.0
static,214,Q014,2,M022194,1.0,0.997409462928772,0.7940386680988185,0.9362598915079829,0.9825106859207153,11,1.0
static,214,Q014,3,M012192,0.0,0.996539831161499,0.8171679197994987,0.9520289824679138,0.9359312057495117,11,0.0
static,214,Q014,4,M061545,1.0,0.9918105602264404,0.9749910490511995,0.9073067835472415,0.9219130277633667,11,1.0
static,214,Q014,5,M034318,0.0,0.987061083316803,0.8253311851056212,0.9056325671783687,0.9186448454856873,11,0.0
static,215,Q015,1,M051010,0.0,1.0,0.8503401360544218,1.0,1.0,11,0.0
static,215,Q015,2,M101026,-1.0,0.9993199110031128,0.7993197278911566,0.9982142857142857,0.9991455078125,11,-1.0
static,215,Q015,3,M075258,1.0,0.9991916418075562,0.8122448979591838,0.993552344601963,0.9979031085968018,11,1.0
static,215,Q015,4,M063219,1.0,0.9991055727005005,0.8380952380952381,0.9931570338058887,0.9977525472640991,11,1.0
static,215,Q015,5,M039788,1.0,0.998693585395813,0.7142857142857143,0.9931570338058887,0.9975054264068604,11,1.0
static,216,Q016,1,M026665,1.0,1.0,1.0,1.0,1.0,11,1.0
static,216,Q016,2,M087806,0.0,0.9994206428527832,0.8571428571428571,0.9960332606324973,0.998660683631897,11,0.0
static,216,Q016,3,M068757,1.0,0.9996577501296997,0.8122448979591838,0.9946428571428572,0.9984554052352905,11,1.0
static,216,Q016,4,M070107,0.0,0.9994356632232666,0.8435374149659864,0.993552344601963,0.9980494976043701,11,0.0
static,216,Q016,5,M089155,1.0,0.9997481107711792,0.8503401360544218,0.9910714285714286,0.9976167678833008,11,1.0
static,217,Q017,1,M058435,1.0,1.000000238418579,0.9551020408163265,1.0,1.0000001192092896,11,1.0
static,217,Q017,2,M035900,1.0,0.9987359642982483,0.8050841389187254,0.97025627044711,0.9918056726455688,11,1.0
static,217,Q017,3,M044584,0.0,0.9985114336013794,0.8122448979591838,0.9606234096692111,0.9892627000808716,11,0.0
static,217,Q017,4,M052454,0.0,0.9986316561698914,0.8408163265306123,0.9545098984984481,0.9878065586090088,11,0.0
static,217,Q017,5,M059516,0.0,0.9993190765380859,0.8020408163265307,0.9459332969829154,0.9860748052597046,11,0.0
static,218,Q018,1,M050950,1.0,1.0000001192092896,0.9619047619047619,1.0,1.0000001192092896,11,1.0
static,218,Q018,2,M070554,1.0,0.999678373336792,0.819047619047619,0.9892857142857142,0.9971284866333008,11,1.0
static,218,Q018,3,M047611,1.0,0.999678373336792,0.9714285714285714,0.9892857142857142,0.9971284866333008,11,1.0
static,218,Q018,4,M100060,1.0,0.9984458684921265,0.7993197278911566,0.974618320610687,0.9927221536636353,11,1.0
static,218,Q018,5,M052330,1.0,0.9986474514007568,0.8095238095238095,0.9604416575790621,0.989298939704895,11,1.0
static,219,Q019,1,M046472,-1.0,0.9999999403953552,0.8571428571428571,1.0,1.0,11,-1.0
static,219,Q019,2,M026024,-1.0,0.996228039264679,0.7931972789115646,0.9349152755641306,0.9814656972885132,11,-1.0
static,219,Q019,3,M044611,0.0,0.9980992674827576,0.8571428571428571,0.9644083969465649,0.9399617314338684,11,0.0
static,219,Q019,4,M033266,1.0,0.9973161220550537,0.8122448979591838,0.9554571065067247,0.9372539520263672,11,1.0
static,219,Q019,5,M043388,-1.0,0.9955116510391235,0.8571428571428571,0.9546168526130357,0.9359612464904785,11,-1.0
static,220,Q020,1,M048011,0.0,1.0,0.8408163265306123,1.0,1.0,11,0.0
static,220,Q020,2,M069109,1.0,0.9990991950035095,0.9482993197278912,0.9806570338058888,0.9946237802505493,11,1.0
static,220,Q020,3,M033563,0.0,0.9956273436546326,0.8476190476190476,0.9691772921734755,0.9896707534790039,11,0.0
static,220,Q020,4,M061337,1.0,0.9985913038253784,0.7056032939491585,0.9560568884042165,0.9881690740585327,11,1.0
static,220,Q020,5,M064735,1.0,0.9988635778427124,0.8469387755102041,0.943452380952381,0.9851812124252319,11,1.0
static,221,Q001,1,M035956,1.0,1.0,1.0,1.0,1.0,12,1.0
static,221,Q001,2,M028549,0.0,0.9981349110603333,0.7142857142857143,0.9807776193272376,0.9940752983093262,12,0.0
static,221,Q001,3,M035537,1.0,0.9994309544563293,0.8571428571428571,0.9744138495092693,0.9932620525360107,12,1.0
static,221,Q001,4,M032957,1.0,0.9983353018760681,0.8571428571428571,0.96197571512457,0.9894951581954956,12,1.0
static,221,Q001,5,M028255,1.0,0.9990233778953552,0.7142857142857143,0.9601190476190476,0.9894437789916992,12,1.0
static,222,Q002,1,M060927,1.0,1.0,1.0,1.0,1.0,12,1.0
static,222,Q002,2,M080873,1.0,0.9988524913787842,1.0,0.9883996728462376,0.9964114427566528,12,1.0
static,222,Q002,3,M069758,1.0,0.998687744140625,0.9965986394557823,0.9790757906215921,0.9939815998077393,12,1.0
static,222,Q002,4,M085993,1.0,0.9992295503616333,0.819047619047619,0.9768947655398037,0.993761420249939,12,1.0
static,222,Q002,5,M047437,-1.0,0.999078631401062,0.819047619047619,0.9770992366412213,0.9937219619750977,12,-1.0
static,223,Q003,1,M079920,1.0,1.0,0.9714285714285714,1.0,1.0,12,1.0
static,223,Q003,2,M012821,-1.0,0.9993844032287598,0.9734693877551022,0.9938522355507089,0.9980937242507935,12,-1.0
static,223,Q003,3,M072610,1.0,0.9990502595901489,0.7925170068027212,0.9859187568157034,0.9959099292755127,12,1.0
static,223,Q003,4,M090781,0.0,0.999200701713562,0.7959183673469389,0.9743184296619412,0.9931000471115112,12,0.0
static,223,Q003,5,M004476,0.0,0.998794674873352,0.8115646258503402,0.9730234460196293,0.9925327301025391,12,0.0
static,224,Q004,1,M050078,0.0,1.0,0.8571428571428571,1.0,1.0,12,0.0
static,224,Q004,2,M059745,0.0,0.9982020854949951,0.8503401360544218,0.9780219780219781,0.9934267997741699,12,0.0
static,224,Q004,3,M049322,-1.0,0.9965438842773438,0.8312925170068028,0.9580089757570673,0.9874286651611328,12,-1.0
static,224,Q004,4,M059135,1.0,0.9978526830673218,0.8217687074829932,0.9417215418169617,0.9841419458389282,12,1.0
static,224,Q004,5,M091738,0.0,0.9967393279075623,0.8312925170068028,0.9236400050331348,0.9789535999298096,12,0.0
static,225,Q005,1,M044080,-1.0,1.0,0.9931972789115646,1.0,1.0,12,-1.0
static,225,Q005,2,M084721,1.0,0.9992156624794006,0.834013605442177,0.9945474372955289,0.9981663227081299,12,1.0
static,225,Q005,3,M047189,1.0,0.9991359114646912,0.7108843537414966,0.9931570338058887,0.9977707862854004,12,1.0
static,225,Q005,4,M054335,0.0,0.998910665512085,0.8312925170068028,0.9934569247546347,0.9977105855941772,12,0.0
static,225,Q005,5,M095999,1.0,0.9986827373504639,0.7074829931972789,0.9858233369683751,0.9956655502319336,12,1.0
static,226,Q006,1,M004727,1.0,1.0,0.9981203007518796,1.0,1.0,12,1.0
static,226,Q006,2,M016297,1.0,0.9977824687957764,0.8171679197994987,0.9870092693565977,0.9954218864440918,12,1.0
static,226,Q006,3,M014732,1.0,0.9978636503219604,0.7885964912280701,0.9806821994799094,0.9938887357711792,12,1.0
static,226,Q006,4,M090795,1.0,0.998614490032196,0.7802721088435375,0.9785850599781897,0.9938149452209473,12,1.0
static,226,Q006,5,M089503,1.0,0.9993441104888916,0.7885964912280701,0.9760087241003271,0.9936087131500244,12,1.0
static,227,Q007,1,M029944,1.0,1.000000238418579,1.0,1.0,1.0000001192092896,12,1.0
static,227,Q007,2,M030690,0.0,0.9987031817436218,0.8476190476190476,0.9678616866593964,0.991187334060669,12,0.0
static,227,Q007,3,M003265,-1.0,0.9979531168937683,0.8244897959183675,0.9533966669462852,0.9871209859848022,12,-1.0
static,227,Q007,4,M041095,1.0,0.9984678626060486,0.8285714285714285,0.9506410256410256,0.9867409467697144,12,1.0
static,227,Q007,5,M035734,0.0,0.9985516667366028,0.819047619047619,0.9494299275787824,0.9864885807037354,12,0.0
static,228,Q008,1,M084575,0.0,1.0000001192092896,0.8571428571428571,1.0,1.0000001192092896,12,0.0
static,228,Q008,2,M076048,1.0,0.9997464418411255,0.8518617973505191,0.9964285714285713,0.9989550113677979,12,1.0
static,228,Q008,3,M065714,1.0,0.9995644688606262,0.707124955245256,0.994942748091603,0.9984743595123291,12,1.0
static,228,Q008,4,M076797,1.0,0.9991171956062317,0.7090046544933762,0.9942475463467829,0.9980322122573853,12,1.0
static,228,Q008,5,M063614,0.0,0.9990450143814087,0.8069638381668457,0.9942475463467829,0.9979889392852783,12,0.0
static,229,Q009,1,M059479,-1.0,1.0000001192092896,0.9863945578231293,1.0,1.0000001192092896,12,-1.0
static,229,Q009,2,M022445,1.0,0.9995251893997192,0.8122448979591838,0.9971237731733914,0.9989960193634033,12,1.0
static,229,Q009,3,M053522,1.0,0.999415397644043,0.8435374149659864,0.9902808069792803,0.997219443321228,12,1.0
static,229,Q009,4,M043070,1.0,0.998935341835022,0.8312925170068028,0.9899809160305343,0.9968564510345459,12,1.0
static,229,Q009,5,M076903,1.0,0.9993971586227417,0.8054421768707484,0.9877044711014176,0.996564507484436,12,1.0
static,230,Q010,1,M056742,0.0,1.0,0.9962406015037594,1.0,1.0,12,0.0
static,230,Q010,2,M020473,-1.0,0.9994295835494995,0.9799140708915146,0.9931570338058887,0.9979469776153564,12,-1.0
static,230,Q010,3,M022852,0.0,0.9990639686584473,0.8180093089867526,0.9924618320610687,0.9975539445877075,12,0.0
static,230,Q010,4,M070100,0.0,0.9994654655456543,0.7870748299319728,0.9857142857142858,0.996107816696167,12,0.0
static,230,Q010,5,M085336,1.0,0.9990699887275696,0.8171679197994987,0.9820474372955289,0.9949538707733154,12,1.0
static,231,Q011,1,M043191,1.0,1.0000001192092896,0.9714285714285714,1.0,1.0000001192092896,12,1.0
static,231,Q011,2,M042153,-1.0,1.0000001192092896,0.9714285714285714,1.0,1.0000001192092896,12,-1.0
static,231,Q011,3,M063474,1.0,1.0000001192092896,0.8285714285714285,1.0,1.0000001192092896,12,1.0
static,231,Q011,4,M042506,0.0,1.0000001192092896,0.8025241675617615,1.0,1.0000001192092896,12,0.0
static,231,Q011,5,M089762,1.0,0.999800980091095,0.7047619047619048,0.9964285714285713,0.9989877939224243,12,1.0
static,232,Q012,1,M057809,0.0,1.0000001192092896,0.8571428571428571,1.0,1.0000001192092896,12,0.0
static,232,Q012,2,M078223,1.0,0.9991438388824463,0.8306122448979593,0.9849236641221374,0.9957172870635986,12,1.0
static,232,Q012,3,M081373,1.0,0.9991778135299683,0.8380952380952381,0.9841330425299891,0.9955400228500366,12,1.0
static,232,Q012,4,M091742,0.0,0.9990804195404053,1.0,0.971633042529989,0.992356538772583,12,0.0
static,232,Q012,5,M056558,0.0,0.998988151550293,0.7142857142857143,0.9705561613958561,0.9920319318771362,12,0.0
static,233,Q013,1,M004656,0.0,1.0000001192092896,1.0,1.0,1.0000001192092896,12,0.0
static,233,Q013,2,M000652,0.0,0.997107207775116,0.9904761904761905,0.9714537371025921,0.9911277294158936,12,0.0
static,233,Q013,3,M000489,1.0,0.9978896975517273,0.8476190476190476,0.9266154964628248,0.9803876876831055,12,1.0
static,233,Q013,4,M000224,1.0,0.9966926574707031,0.8380952380952381,0.9211835556301206,0.9783115386962891,12,1.0
static,233,Q013,5,M000522,1.0,0.9957696199417114,0.8285714285714285,0.9303165981601096,0.9300410151481628,12,1.0
static,234,Q014,1,M035347,-1.0,1.0,0.9523809523809524,1.0,1.0,12,-1.0
static,234,Q014,2,M022194,1.0,0.997409462928772,0.7940386680988185,0.9362598915079829,0.9825106859207153,12,1.0
static,234,Q014,3,M012192,0.0,0.996539831161499,0.8171679197994987,0.9520289824679138,0.9359312057495117,12,0.0
static,234,Q014,4,M061545,1.0,0.9918105602264404,0.9749910490511995,0.9073067835472415,0.9219130277633667,12,1.0
static,234,Q014,5,M034318,0.0,0.987061083316803,0.8253311851056212,0.9056325671783687,0.9186448454856873,12,0.0
static,235,Q015,1,M051010,0.0,1.0,0.8503401360544218,1.0,1.0,12,0.0
static,235,Q015,2,M101026,-1.0,0.9993199110031128,0.7993197278911566,0.9982142857142857,0.9991455078125,12,-1.0
static,235,Q015,3,M075258,1.0,0.9991916418075562,0.8122448979591838,0.993552344601963,0.9979031085968018,12,1.0
static,235,Q015,4,M063219,1.0,0.9991055727005005,0.8380952380952381,0.9931570338058887,0.9977525472640991,12,1.0
static,235,Q015,5,M039788,1.0,0.998693585395813,0.7142857142857143,0.9931570338058887,0.9975054264068604,12,1.0
static,236,Q016,1,M026665,1.0,1.0,1.0,1.0,1.0,12,1.0
static,236,Q016,2,M087806,0.0,0.9994206428527832,0.8571428571428571,0.9960332606324973,0.998660683631897,12,0.0
static,236,Q016,3,M068757,1.0,0.9996577501296997,0.8122448979591838,0.9946428571428572,0.9984554052352905,12,1.0
static,236,Q016,4,M070107,0.0,0.9994356632232666,0.8435374149659864,0.993552344601963,0.9980494976043701,12,0.0
static,236,Q016,5,M089155,1.0,0.9997481107711792,0.8503401360544218,0.9910714285714286,0.9976167678833008,12,1.0
static,237,Q017,1,M058435,1.0,1.000000238418579,0.9551020408163265,1.0,1.0000001192092896,12,1.0
static,237,Q017,2,M035900,1.0,0.9987359642982483,0.8050841389187254,0.97025627044711,0.9918056726455688,12,1.0
static,237,Q017,3,M044584,0.0,0.9985114336013794,0.8122448979591838,0.9606234096692111,0.9892627000808716,12,0.0
static,237,Q017,4,M052454,0.0,0.9986316561698914,0.8408163265306123,0.9545098984984481,0.9878065586090088,12,0.0
static,237,Q017,5,M059516,0.0,0.9993190765380859,0.8020408163265307,0.9459332969829154,0.9860748052597046,12,0.0
static,238,Q018,1,M050950,1.0,1.0000001192092896,0.9619047619047619,1.0,1.0000001192092896,12,1.0
static,238,Q018,2,M070554,1.0,0.999678373336792,0.819047619047619,0.9892857142857142,0.9971284866333008,12,1.0
static,238,Q018,3,M047611,1.0,0.999678373336792,0.9714285714285714,0.9892857142857142,0.9971284866333008,12,1.0
static,238,Q018,4,M100060,1.0,0.9984458684921265,0.7993197278911566,0.974618320610687,0.9927221536636353,12,1.0
static,238,Q018,5,M052330,1.0,0.9986474514007568,0.8095238095238095,0.9604416575790621,0.989298939704895,12,1.0
static,239,Q019,1,M046472,-1.0,0.9999999403953552,0.8571428571428571,1.0,1.0,12,-1.0
static,239,Q019,2,M026024,-1.0,0.996228039264679,0.7931972789115646,0.9349152755641306,0.9814656972885132,12,-1.0
static,239,Q019,3,M044611,0.0,0.9980992674827576,0.8571428571428571,0.9644083969465649,0.9399617314338684,12,0.0
static,239,Q019,4,M033266,1.0,0.9973161220550537,0.8122448979591838,0.9554571065067247,0.9372539520263672,12,1.0
static,239,Q019,5,M043388,-1.0,0.9955116510391235,0.8571428571428571,0.9546168526130357,0.9359612464904785,12,-1.0
static,240,Q020,1,M048011,0.0,1.0,0.8408163265306123,1.0,1.0,12,0.0
static,240,Q020,2,M069109,1.0,0.9990991950035095,0.9482993197278912,0.9806570338058888,0.9946237802505493,12,1.0
static,240,Q020,3,M033563,0.0,0.9956273436546326,0.8476190476190476,0.9691772921734755,0.9896707534790039,12,0.0
static,240,Q020,4,M061337,1.0,0.9985913038253784,0.7056032939491585,0.9560568884042165,0.9881690740585327,12,1.0
static,240,Q020,5,M064735,1.0,0.9988635778427124,0.8469387755102041,0.943452380952381,0.9851812124252319,12,1.0
static,241,Q001,1,M035956,1.0,1.0,1.0,1.0,1.0,13,1.0
static,241,Q001,2,M028549,0.0,0.9981349110603333,0.7142857142857143,0.9807776193272376,0.9940752983093262,13,0.0
static,241,Q001,3,M035537,1.0,0.9994309544563293,0.8571428571428571,0.9744138495092693,0.9932620525360107,13,1.0
static,241,Q001,4,M032957,1.0,0.9983353018760681,0.8571428571428571,0.96197571512457,0.9894951581954956,13,1.0
static,241,Q001,5,M028255,1.0,0.9990233778953552,0.7142857142857143,0.9601190476190476,0.9894437789916992,13,1.0
static,242,Q002,1,M060927,1.0,1.0,1.0,1.0,1.0,13,1.0
static,242,Q002,2,M080873,1.0,0.9988524913787842,1.0,0.9883996728462376,0.9964114427566528,13,1.0
static,242,Q002,3,M069758,1.0,0.998687744140625,0.9965986394557823,0.9790757906215921,0.9939815998077393,13,1.0
static,242,Q002,4,M085993,1.0,0.9992295503616333,0.819047619047619,0.9768947655398037,0.993761420249939,13,1.0
static,242,Q002,5,M047437,-1.0,0.999078631401062,0.819047619047619,0.9770992366412213,0.9937219619750977,13,-1.0
static,243,Q003,1,M079920,1.0,1.0,0.9714285714285714,1.0,1.0,13,1.0
static,243,Q003,2,M012821,-1.0,0.9993844032287598,0.9734693877551022,0.9938522355507089,0.9980937242507935,13,-1.0
static,243,Q003,3,M072610,1.0,0.9990502595901489,0.7925170068027212,0.9859187568157034,0.9959099292755127,13,1.0
static,243,Q003,4,M090781,0.0,0.999200701713562,0.7959183673469389,0.9743184296619412,0.9931000471115112,13,0.0
static,243,Q003,5,M004476,0.0,0.998794674873352,0.8115646258503402,0.9730234460196293,0.9925327301025391,13,0.0
static,244,Q004,1,M050078,0.0,1.0,0.8571428571428571,1.0,1.0,13,0.0
static,244,Q004,2,M059745,0.0,0.9982020854949951,0.8503401360544218,0.9780219780219781,0.9934267997741699,13,0.0
static,244,Q004,3,M049322,-1.0,0.9965438842773438,0.8312925170068028,0.9580089757570673,0.9874286651611328,13,-1.0
static,244,Q004,4,M059135,1.0,0.9978526830673218,0.8217687074829932,0.9417215418169617,0.9841419458389282,13,1.0
static,244,Q004,5,M091738,0.0,0.9967393279075623,0.8312925170068028,0.9236400050331348,0.9789535999298096,13,0.0
static,245,Q005,1,M044080,-1.0,1.0,0.9931972789115646,1.0,1.0,13,-1.0
static,245,Q005,2,M084721,1.0,0.9992156624794006,0.834013605442177,0.9945474372955289,0.9981663227081299,13,1.0
static,245,Q005,3,M047189,1.0,0.9991359114646912,0.7108843537414966,0.9931570338058887,0.9977707862854004,13,1.0
static,245,Q005,4,M054335,0.0,0.998910665512085,0.8312925170068028,0.9934569247546347,0.9977105855941772,13,0.0
static,245,Q005,5,M095999,1.0,0.9986827373504639,0.7074829931972789,0.9858233369683751,0.9956655502319336,13,1.0
static,246,Q006,1,M004727,1.0,1.0,0.9981203007518796,1.0,1.0,13,1.0
static,246,Q006,2,M016297,1.0,0.9977824687957764,0.8171679197994987,0.9870092693565977,0.9954218864440918,13,1.0
static,246,Q006,3,M014732,1.0,0.9978636503219604,0.7885964912280701,0.9806821994799094,0.9938887357711792,13,1.0
static,246,Q006,4,M090795,1.0,0.998614490032196,0.7802721088435375,0.9785850599781897,0.9938149452209473,13,1.0
static,246,Q006,5,M089503,1.0,0.9993441104888916,0.7885964912280701,0.9760087241003271,0.9936087131500244,13,1.0
static,247,Q007,1,M029944,1.0,1.000000238418579,1.0,1.0,1.0000001192092896,13,1.0
static,247,Q007,2,M030690,0.0,0.9987031817436218,0.8476190476190476,0.9678616866593964,0.991187334060669,13,0.0
static,247,Q007,3,M003265,-1.0,0.9979531168937683,0.8244897959183675,0.9533966669462852,0.9871209859848022,13,-1.0
static,247,Q007,4,M041095,1.0,0.9984678626060486,0.8285714285714285,0.9506410256410256,0.9867409467697144,13,1.0
static,247,Q007,5,M035734,0.0,0.9985516667366028,0.819047619047619,0.9494299275787824,0.9864885807037354,13,0.0
static,248,Q008,1,M084575,0.0,1.0000001192092896,0.8571428571428571,1.0,1.0000001192092896,13,0.0
static,248,Q008,2,M076048,1.0,0.9997464418411255,0.8518617973505191,0.9964285714285713,0.9989550113677979,13,1.0
static,248,Q008,3,M065714,1.0,0.9995644688606262,0.707124955245256,0.994942748091603,0.9984743595123291,13,1.0
static,248,Q008,4,M076797,1.0,0.9991171956062317,0.7090046544933762,0.9942475463467829,0.9980322122573853,13,1.0
static,248,Q008,5,M063614,0.0,0.9990450143814087,0.8069638381668457,0.9942475463467829,0.9979889392852783,13,0.0
static,249,Q009,1,M059479,-1.0,1.0000001192092896,0.9863945578231293,1.0,1.0000001192092896,13,-1.0
static,249,Q009,2,M022445,1.0,0.9995251893997192,0.8122448979591838,0.9971237731733914,0.9989960193634033,13,1.0
static,249,Q009,3,M053522,1.0,0.999415397644043,0.8435374149659864,0.9902808069792803,0.997219443321228,13,1.0
static,249,Q009,4,M043070,1.0,0.998935341835022,0.8312925170068028,0.9899809160305343,0.9968564510345459,13,1.0
static,249,Q009,5,M076903,1.0,0.9993971586227417,0.8054421768707484,0.9877044711014176,0.996564507484436,13,1.0
static,250,Q010,1,M056742,0.0,1.0,0.9962406015037594,1.0,1.0,13,0.0
static,250,Q010,2,M020473,-1.0,0.9994295835494995,0.9799140708915146,0.9931570338058887,0.9979469776153564,13,-1.0
static,250,Q010,3,M022852,0.0,0.9990639686584473,0.8180093089867526,0.9924618320610687,0.9975539445877075,13,0.0
static,250,Q010,4,M070100,0.0,0.9994654655456543,0.7870748299319728,0.9857142857142858,0.996107816696167,13,0.0
static,250,Q010,5,M085336,1.0,0.9990699887275696,0.8171679197994987,0.9820474372955289,0.9949538707733154,13,1.0
static,251,Q011,1,M043191,1.0,1.0000001192092896,0.9714285714285714,1.0,1.0000001192092896,13,1.0
static,251,Q011,2,M042153,-1.0,1.0000001192092896,0.9714285714285714,1.0,1.0000001192092896,13,-1.0
static,251,Q011,3,M063474,1.0,1.0000001192092896,0.8285714285714285,1.0,1.0000001192092896,13,1.0
static,251,Q011,4,M042506,0.0,1.0000001192092896,0.8025241675617615,1.0,1.0000001192092896,13,0.0
static,251,Q011,5,M089762,1.0,0.999800980091095,0.7047619047619048,0.9964285714285713,0.9989877939224243,13,1.0
static,252,Q012,1,M057809,0.0,1.0000001192092896,0.8571428571428571,1.0,1.0000001192092896,13,0.0
static,252,Q012,2,M078223,1.0,0.9991438388824463,0.8306122448979593,0.9849236641221374,0.9957172870635986,13,1.0
static,252,Q012,3,M081373,1.0,0.9991778135299683,0.8380952380952381,0.9841330425299891,0.9955400228500366,13,1.0
static,252,Q012,4,M091742,0.0,0.9990804195404053,1.0,0.971633042529989,0.992356538772583,13,0.0
static,252,Q012,5,M056558,0.0,0.998988151550293,0.7142857142857143,0.9705561613958561,0.9920319318771362,13,0.0
static,253,Q013,1,M004656,0.0,1.0000001192092896,1.0,1.0,1.0000001192092896,13,0.0
static,253,Q013,2,M000652,0.0,0.997107207775116,0.9904761904761905,0.9714537371025921,0.9911277294158936,13,0.0
static,253,Q013,3,M000489,1.0,0.9978896975517273,0.8476190476190476,0.9266154964628248,0.9803876876831055,13,1.0
static,253,Q013,4,M000224,1.0,0.9966926574707031,0.8380952380952381,0.9211835556301206,0.9783115386962891,13,1.0
static,253,Q013,5,M000522,1.0,0.9957696199417114,0.8285714285714285,0.9303165981601096,0.9300410151481628,13,1.0
static,254,Q014,1,M035347,-1.0,1.0,0.9523809523809524,1.0,1.0,13,-1.0
static,254,Q014,2,M022194,1.0,0.997409462928772,0.7940386680988185,0.9362598915079829,0.9825106859207153,13,1.0
static,254,Q014,3,M012192,0.0,0.996539831161499,0.8171679197994987,0.9520289824679138,0.9359312057495117,13,0.0
static,254,Q014,4,M061545,1.0,0.9918105602264404,0.9749910490511995,0.9073067835472415,0.9219130277633667,13,1.0
static,254,Q014,5,M034318,0.0,0.987061083316803,0.8253311851056212,0.9056325671783687,0.9186448454856873,13,0.0
static,255,Q015,1,M051010,0.0,1.0,0.8503401360544218,1.0,1.0,13,0.0
static,255,Q015,2,M101026,-1.0,0.9993199110031128,0.7993197278911566,0.9982142857142857,0.9991455078125,13,-1.0
static,255,Q015,3,M075258,1.0,0.9991916418075562,0.8122448979591838,0.993552344601963,0.9979031085968018,13,1.0
static,255,Q015,4,M063219,1.0,0.9991055727005005,0.8380952380952381,0.9931570338058887,0.9977525472640991,13,1.0
static,255,Q015,5,M039788,1.0,0.998693585395813,0.7142857142857143,0.9931570338058887,0.9975054264068604,13,1.0
static,256,Q016,1,M026665,1.0,1.0,1.0,1.0,1.0,13,1.0
static,256,Q016,2,M087806,0.0,0.9994206428527832,0.8571428571428571,0.9960332606324973,0.998660683631897,13,0.0
static,256,Q016,3,M068757,1.0,0.9996577501296997,0.8122448979591838,0.9946428571428572,0.9984554052352905,13,1.0
static,256,Q016,4,M070107,0.0,0.9994356632232666,0.8435374149659864,0.993552344601963,0.9980494976043701,13,0.0
static,256,Q016,5,M089155,1.0,0.9997481107711792,0.8503401360544218,0.9910714285714286,0.9976167678833008,13,1.0
static,257,Q017,1,M058435,1.0,1.000000238418579,0.9551020408163265,1.0,1.0000001192092896,13,1.0
static,257,Q017,2,M035900,1.0,0.9987359642982483,0.8050841389187254,0.97025627044711,0.9918056726455688,13,1.0
static,257,Q017,3,M044584,0.0,0.9985114336013794,0.8122448979591838,0.9606234096692111,0.9892627000808716,13,0.0
static,257,Q017,4,M052454,0.0,0.9986316561698914,0.8408163265306123,0.9545098984984481,0.9878065586090088,13,0.0
static,257,Q017,5,M059516,0.0,0.9993190765380859,0.8020408163265307,0.9459332969829154,0.9860748052597046,13,0.0
static,258,Q018,1,M050950,1.0,1.0000001192092896,0.9619047619047619,1.0,1.0000001192092896,13,1.0
static,258,Q018,2,M070554,1.0,0.999678373336792,0.819047619047619,0.9892857142857142,0.9971284866333008,13,1.0
static,258,Q018,3,M047611,1.0,0.999678373336792,0.9714285714285714,0.9892857142857142,0.9971284866333008,13,1.0
static,258,Q018,4,M100060,1.0,0.9984458684921265,0.7993197278911566,0.974618320610687,0.9927221536636353,13,1.0
static,258,Q018,5,M052330,1.0,0.9986474514007568,0.8095238095238095,0.9604416575790621,0.989298939704895,13,1.0
static,259,Q019,1,M046472,-1.0,0.9999999403953552,0.8571428571428571,1.0,1.0,13,-1.0
static,259,Q019,2,M026024,-1.0,0.996228039264679,0.7931972789115646,0.9349152755641306,0.9814656972885132,13,-1.0
static,259,Q019,3,M044611,0.0,0.9980992674827576,0.8571428571428571,0.9644083969465649,0.9399617314338684,13,0.0
static,259,Q019,4,M033266,1.0,0.9973161220550537,0.8122448979591838,0.9554571065067247,0.9372539520263672,13,1.0
static,259,Q019,5,M043388,-1.0,0.9955116510391235,0.8571428571428571,0.9546168526130357,0.9359612464904785,13,-1.0
static,260,Q020,1,M048011,0.0,1.0,0.8408163265306123,1.0,1.0,13,0.0
static,260,Q020,2,M069109,1.0,0.9990991950035095,0.9482993197278912,0.9806570338058888,0.9946237802505493,13,1.0
static,260,Q020,3,M033563,0.0,0.9956273436546326,0.8476190476190476,0.9691772921734755,0.9896707534790039,13,0.0
static,260,Q020,4,M061337,1.0,0.9985913038253784,0.7056032939491585,0.9560568884042165,0.9881690740585327,13,1.0
static,260,Q020,5,M064735,1.0,0.9988635778427124,0.8469387755102041,0.943452380952381,0.9851812124252319,13,1.0
static,261,Q001,1,M035956,1.0,1.0,1.0,1.0,1.0,14,1.0
static,261,Q001,2,M028549,0.0,0.9981349110603333,0.7142857142857143,0.9807776193272376,0.9940752983093262,14,0.0
static,261,Q001,3,M035537,1.0,0.9994309544563293,0.8571428571428571,0.9744138495092693,0.9932620525360107,14,1.0
static,261,Q001,4,M032957,1.0,0.9983353018760681,0.8571428571428571,0.96197571512457,0.9894951581954956,14,1.0
static,261,Q001,5,M028255,1.0,0.9990233778953552,0.7142857142857143,0.9601190476190476,0.9894437789916992,14,1.0
static,262,Q002,1,M060927,1.0,1.0,1.0,1.0,1.0,14,1.0
static,262,Q002,2,M080873,1.0,0.9988524913787842,1.0,0.9883996728462376,0.9964114427566528,14,1.0
static,262,Q002,3,M069758,1.0,0.998687744140625,0.9965986394557823,0.9790757906215921,0.9939815998077393,14,1.0
static,262,Q002,4,M085993,1.0,0.9992295503616333,0.819047619047619,0.9768947655398037,0.993761420249939,14,1.0
static,262,Q002,5,M047437,-1.0,0.999078631401062,0.819047619047619,0.9770992366412213,0.9937219619750977,14,-1.0
static,263,Q003,1,M079920,1.0,1.0,0.9714285714285714,1.0,1.0,14,1.0
static,263,Q003,2,M012821,-1.0,0.9993844032287598,0.9734693877551022,0.9938522355507089,0.9980937242507935,14,-1.0
static,263,Q003,3,M072610,1.0,0.9990502595901489,0.7925170068027212,0.9859187568157034,0.9959099292755127,14,1.0
static,263,Q003,4,M090781,0.0,0.999200701713562,0.7959183673469389,0.9743184296619412,0.9931000471115112,14,0.0
static,263,Q003,5,M004476,0.0,0.998794674873352,0.8115646258503402,0.9730234460196293,0.9925327301025391,14,0.0
static,264,Q004,1,M050078,0.0,1.0,0.8571428571428571,1.0,1.0,14,0.0
static,264,Q004,2,M059745,0.0,0.9982020854949951,0.8503401360544218,0.9780219780219781,0.9934267997741699,14,0.0
static,264,Q004,3,M049322,-1.0,0.9965438842773438,0.8312925170068028,0.9580089757570673,0.9874286651611328,14,-1.0
static,264,Q004,4,M059135,1.0,0.9978526830673218,0.8217687074829932,0.9417215418169617,0.9841419458389282,14,1.0
static,264,Q004,5,M091738,0.0,0.9967393279075623,0.8312925170068028,0.9236400050331348,0.9789535999298096,14,0.0
static,265,Q005,1,M044080,-1.0,1.0,0.9931972789115646,1.0,1.0,14,-1.0
static,265,Q005,2,M084721,1.0,0.9992156624794006,0.834013605442177,0.9945474372955289,0.9981663227081299,14,1.0
static,265,Q005,3,M047189,1.0,0.9991359114646912,0.7108843537414966,0.9931570338058887,0.9977707862854004,14,1.0
static,265,Q005,4,M054335,0.0,0.998910665512085,0.8312925170068028,0.9934569247546347,0.9977105855941772,14,0.0
static,265,Q005,5,M095999,1.0,0.9986827373504639,0.7074829931972789,0.9858233369683751,0.9956655502319336,14,1.0
static,266,Q006,1,M004727,1.0,1.0,0.9981203007518796,1.0,1.0,14,1.0
static,266,Q006,2,M016297,1.0,0.9977824687957764,0.8171679197994987,0.9870092693565977,0.9954218864440918,14,1.0
static,266,Q006,3,M014732,1.0,0.9978636503219604,0.7885964912280701,0.9806821994799094,0.9938887357711792,14,1.0
static,266,Q006,4,M090795,1.0,0.998614490032196,0.7802721088435375,0.9785850599781897,0.9938149452209473,14,1.0
static,266,Q006,5,M089503,1.0,0.9993441104888916,0.7885964912280701,0.9760087241003271,0.9936087131500244,14,1.0
static,267,Q007,1,M029944,1.0,1.000000238418579,1.0,1.0,1.0000001192092896,14,1.0
static,267,Q007,2,M030690,0.0,0.9987031817436218,0.8476190476190476,0.9678616866593964,0.991187334060669,14,0.0
static,267,Q007,3,M003265,-1.0,0.9979531168937683,0.8244897959183675,0.9533966669462852,0.9871209859848022,14,-1.0
static,267,Q007,4,M041095,1.0,0.9984678626060486,0.8285714285714285,0.9506410256410256,0.9867409467697144,14,1.0
static,267,Q007,5,M035734,0.0,0.9985516667366028,0.819047619047619,0.9494299275787824,0.9864885807037354,14,0.0
static,268,Q008,1,M084575,0.0,1.0000001192092896,0.8571428571428571,1.0,1.0000001192092896,14,0.0
static,268,Q008,2,M076048,1.0,0.9997464418411255,0.8518617973505191,0.9964285714285713,0.9989550113677979,14,1.0
static,268,Q008,3,M065714,1.0,0.9995644688606262,0.707124955245256,0.994942748091603,0.9984743595123291,14,1.0
static,268,Q008,4,M076797,1.0,0.9991171956062317,0.7090046544933762,0.9942475463467829,0.9980322122573853,14,1.0
static,268,Q008,5,M063614,0.0,0.9990450143814087,0.8069638381668457,0.9942475463467829,0.9979889392852783,14,0.0
static,269,Q009,1,M059479,-1.0,1.0000001192092896,0.9863945578231293,1.0,1.0000001192092896,14,-1.0
static,269,Q009,2,M022445,1.0,0.9995251893997192,0.8122448979591838,0.9971237731733914,0.9989960193634033,14,1.0
static,269,Q009,3,M053522,1.0,0.999415397644043,0.8435374149659864,0.9902808069792803,0.997219443321228,14,1.0
static,269,Q009,4,M043070,1.0,0.998935341835022,0.8312925170068028,0.9899809160305343,0.9968564510345459,14,1.0
static,269,Q009,5,M076903,1.0,0.9993971586227417,0.8054421768707484,0.9877044711014176,0.996564507484436,14,1.0
static,270,Q010,1,M056742,0.0,1.0,0.9962406015037594,1.0,1.0,14,0.0
static,270,Q010,2,M020473,-1.0,0.9994295835494995,0.9799140708915146,0.9931570338058887,0.9979469776153564,14,-1.0
static,270,Q010,3,M022852,0.0,0.9990639686584473,0.8180093089867526,0.9924618320610687,0.9975539445877075,14,0.0
static,270,Q010,4,M070100,0.0,0.9994654655456543,0.7870748299319728,0.9857142857142858,0.996107816696167,14,0.0
static,270,Q010,5,M085336,1.0,0.9990699887275696,0.8171679197994987,0.9820474372955289,0.9949538707733154,14,1.0
static,271,Q011,1,M043191,1.0,1.0000001192092896,0.9714285714285714,1.0,1.0000001192092896,14,1.0
static,271,Q011,2,M042153,-1.0,1.0000001192092896,0.9714285714285714,1.0,1.0000001192092896,14,-1.0
static,271,Q011,3,M063474,1.0,1.0000001192092896,0.8285714285714285,1.0,1.0000001192092896,14,1.0
static,271,Q011,4,M042506,0.0,1.0000001192092896,0.8025241675617615,1.0,1.0000001192092896,14,0.0
static,271,Q011,5,M089762,1.0,0.999800980091095,0.7047619047619048,0.9964285714285713,0.9989877939224243,14,1.0
static,272,Q012,1,M057809,0.0,1.0000001192092896,0.8571428571428571,1.0,1.0000001192092896,14,0.0
static,272,Q012,2,M078223,1.0,0.9991438388824463,0.8306122448979593,0.9849236641221374,0.9957172870635986,14,1.0
static,272,Q012,3,M081373,1.0,0.9991778135299683,0.8380952380952381,0.9841330425299891,0.9955400228500366,14,1.0
static,272,Q012,4,M091742,0.0,0.9990804195404053,1.0,0.971633042529989,0.992356538772583,14,0.0
static,272,Q012,5,M056558,0.0,0.998988151550293,0.7142857142857143,0.9705561613958561,0.9920319318771362,14,0.0
static,273,Q013,1,M004656,0.0,1.0000001192092896,1.0,1.0,1.0000001192092896,14,0.0
static,273,Q013,2,M000652,0.0,0.997107207775116,0.9904761904761905,0.9714537371025921,0.9911277294158936,14,0.0
static,273,Q013,3,M000489,1.0,0.9978896975517273,0.8476190476190476,0.9266154964628248,0.9803876876831055,14,1.0
static,273,Q013,4,M000224,1.0,0.9966926574707031,0.8380952380952381,0.9211835556301206,0.9783115386962891,14,1.0
static,273,Q013,5,M000522,1.0,0.9957696199417114,0.8285714285714285,0.9303165981601096,0.9300410151481628,14,1.0
static,274,Q014,1,M035347,-1.0,1.0,0.9523809523809524,1.0,1.0,14,-1.0
static,274,Q014,2,M022194,1.0,0.997409462928772,0.7940386680988185,0.9362598915079829,0.9825106859207153,14,1.0
static,274,Q014,3,M012192,0.0,0.996539831161499,0.8171679197994987,0.9520289824679138,0.9359312057495117,14,0.0
static,274,Q014,4,M061545,1.0,0.9918105602264404,0.9749910490511995,0.9073067835472415,0.9219130277633667,14,1.0
static,274,Q014,5,M034318,0.0,0.987061083316803,0.8253311851056212,0.9056325671783687,0.9186448454856873,14,0.0
static,275,Q015,1,M051010,0.0,1.0,0.8503401360544218,1.0,1.0,14,0.0
static,275,Q015,2,M101026,-1.0,0.9993199110031128,0.7993197278911566,0.9982142857142857,0.9991455078125,14,-1.0
static,275,Q015,3,M075258,1.0,0.9991916418075562,0.8122448979591838,0.993552344601963,0.9979031085968018,14,1.0
static,275,Q015,4,M063219,1.0,0.9991055727005005,0.8380952380952381,0.9931570338058887,0.9977525472640991,14,1.0
static,275,Q015,5,M039788,1.0,0.998693585395813,0.7142857142857143,0.9931570338058887,0.9975054264068604,14,1.0
static,276,Q016,1,M026665,1.0,1.0,1.0,1.0,1.0,14,1.0
static,276,Q016,2,M087806,0.0,0.9994206428527832,0.8571428571428571,0.9960332606324973,0.998660683631897,14,0.0
static,276,Q016,3,M068757,1.0,0.9996577501296997,0.8122448979591838,0.9946428571428572,0.9984554052352905,14,1.0
static,276,Q016,4,M070107,0.0,0.9994356632232666,0.8435374149659864,0.993552344601963,0.9980494976043701,14,0.0
static,276,Q016,5,M089155,1.0,0.9997481107711792,0.8503401360544218,0.9910714285714286,0.9976167678833008,14,1.0
static,277,Q017,1,M058435,1.0,1.000000238418579,0.9551020408163265,1.0,1.0000001192092896,14,1.0
static,277,Q017,2,M035900,1.0,0.9987359642982483,0.8050841389187254,0.97025627044711,0.9918056726455688,14,1.0
static,277,Q017,3,M044584,0.0,0.9985114336013794,0.8122448979591838,0.9606234096692111,0.9892627000808716,14,0.0
static,277,Q017,4,M052454,0.0,0.9986316561698914,0.8408163265306123,0.9545098984984481,0.9878065586090088,14,0.0
static,277,Q017,5,M059516,0.0,0.9993190765380859,0.8020408163265307,0.9459332969829154,0.9860748052597046,14,0.0
static,278,Q018,1,M050950,1.0,1.0000001192092896,0.9619047619047619,1.0,1.0000001192092896,14,1.0
static,278,Q018,2,M070554,1.0,0.999678373336792,0.819047619047619,0.9892857142857142,0.9971284866333008,14,1.0
static,278,Q018,3,M047611,1.0,0.999678373336792,0.9714285714285714,0.9892857142857142,0.9971284866333008,14,1.0
static,278,Q018,4,M100060,1.0,0.9984458684921265,0.7993197278911566,0.974618320610687,0.9927221536636353,14,1.0
static,278,Q018,5,M052330,1.0,0.9986474514007568,0.8095238095238095,0.9604416575790621,0.989298939704895,14,1.0
static,279,Q019,1,M046472,-1.0,0.9999999403953552,0.8571428571428571,1.0,1.0,14,-1.0
static,279,Q019,2,M026024,-1.0,0.996228039264679,0.7931972789115646,0.9349152755641306,0.9814656972885132,14,-1.0
static,279,Q019,3,M044611,0.0,0.9980992674827576,0.8571428571428571,0.9644083969465649,0.9399617314338684,14,0.0
static,279,Q019,4,M033266,1.0,0.9973161220550537,0.8122448979591838,0.9554571065067247,0.9372539520263672,14,1.0
static,279,Q019,5,M043388,-1.0,0.9955116510391235,0.8571428571428571,0.9546168526130357,0.9359612464904785,14,-1.0
static,280,Q020,1,M048011,0.0,1.0,0.8408163265306123,1.0,1.0,14,0.0
static,280,Q020,2,M069109,1.0,0.9990991950035095,0.9482993197278912,0.9806570338058888,0.9946237802505493,14,1.0
static,280,Q020,3,M033563,0.0,0.9956273436546326,0.8476190476190476,0.9691772921734755,0.9896707534790039,14,0.0
static,280,Q020,4,M061337,1.0,0.9985913038253784,0.7056032939491585,0.9560568884042165,0.9881690740585327,14,1.0
static,280,Q020,5,M064735,1.0,0.9988635778427124,0.8469387755102041,0.943452380952381,0.9851812124252319,14,1.0
static,281,Q001,1,M035956,1.0,1.0,1.0,1.0,1.0,15,1.0
static,281,Q001,2,M028549,0.0,0.9981349110603333,0.7142857142857143,0.9807776193272376,0.9940752983093262,15,0.0
static,281,Q001,3,M035537,1.0,0.9994309544563293,0.8571428571428571,0.9744138495092693,0.9932620525360107,15,1.0
static,281,Q001,4,M032957,1.0,0.9983353018760681,0.8571428571428571,0.96197571512457,0.9894951581954956,15,1.0
static,281,Q001,5,M028255,1.0,0.9990233778953552,0.7142857142857143,0.9601190476190476,0.9894437789916992,15,1.0
static,282,Q002,1,M060927,1.0,1.0,1.0,1.0,1.0,15,1.0
static,282,Q002,2,M080873,1.0,0.9988524913787842,1.0,0.9883996728462376,0.9964114427566528,15,1.0
static,282,Q002,3,M069758,1.0,0.998687744140625,0.9965986394557823,0.9790757906215921,0.9939815998077393,15,1.0
static,282,Q002,4,M085993,1.0,0.9992295503616333,0.819047619047619,0.9768947655398037,0.993761420249939,15,1.0
static,282,Q002,5,M047437,-1.0,0.999078631401062,0.819047619047619,0.9770992366412213,0.9937219619750977,15,-1.0
static,283,Q003,1,M079920,1.0,1.0,0.9714285714285714,1.0,1.0,15,1.0
static,283,Q003,2,M012821,-1.0,0.9993844032287598,0.9734693877551022,0.9938522355507089,0.9980937242507935,15,-1.0
static,283,Q003,3,M072610,1.0,0.9990502595901489,0.7925170068027212,0.9859187568157034,0.9959099292755127,15,1.0
static,283,Q003,4,M090781,0.0,0.999200701713562,0.7959183673469389,0.9743184296619412,0.9931000471115112,15,0.0
static,283,Q003,5,M004476,0.0,0.998794674873352,0.8115646258503402,0.9730234460196293,0.9925327301025391,15,0.0
static,284,Q004,1,M050078,0.0,1.0,0.8571428571428571,1.0,1.0,15,0.0
static,284,Q004,2,M059745,0.0,0.9982020854949951,0.8503401360544218,0.9780219780219781,0.9934267997741699,15,0.0
static,284,Q004,3,M049322,-1.0,0.9965438842773438,0.8312925170068028,0.9580089757570673,0.9874286651611328,15,-1.0
static,284,Q004,4,M059135,1.0,0.9978526830673218,0.8217687074829932,0.9417215418169617,0.9841419458389282,15,1.0
static,284,Q004,5,M091738,0.0,0.9967393279075623,0.8312925170068028,0.9236400050331348,0.9789535999298096,15,0.0
static,285,Q005,1,M044080,-1.0,1.0,0.9931972789115646,1.0,1.0,15,-1.0
static,285,Q005,2,M084721,1.0,0.9992156624794006,0.834013605442177,0.9945474372955289,0.9981663227081299,15,1.0
static,285,Q005,3,M047189,1.0,0.9991359114646912,0.7108843537414966,0.9931570338058887,0.9977707862854004,15,1.0
static,285,Q005,4,M054335,0.0,0.998910665512085,0.8312925170068028,0.9934569247546347,0.9977105855941772,15,0.0
static,285,Q005,5,M095999,1.0,0.9986827373504639,0.7074829931972789,0.9858233369683751,0.9956655502319336,15,1.0
static,286,Q006,1,M004727,1.0,1.0,0.9981203007518796,1.0,1.0,15,1.0
static,286,Q006,2,M016297,1.0,0.9977824687957764,0.8171679197994987,0.9870092693565977,0.9954218864440918,15,1.0
static,286,Q006,3,M014732,1.0,0.9978636503219604,0.7885964912280701,0.9806821994799094,0.9938887357711792,15,1.0
static,286,Q006,4,M090795,1.0,0.998614490032196,0.7802721088435375,0.9785850599781897,0.9938149452209473,15,1.0
static,286,Q006,5,M089503,1.0,0.9993441104888916,0.7885964912280701,0.9760087241003271,0.9936087131500244,15,1.0
static,287,Q007,1,M029944,1.0,1.000000238418579,1.0,1.0,1.0000001192092896,15,1.0
static,287,Q007,2,M030690,0.0,0.9987031817436218,0.8476190476190476,0.9678616866593964,0.991187334060669,15,0.0
static,287,Q007,3,M003265,-1.0,0.9979531168937683,0.8244897959183675,0.9533966669462852,0.9871209859848022,15,-1.0
static,287,Q007,4,M041095,1.0,0.9984678626060486,0.8285714285714285,0.9506410256410256,0.9867409467697144,15,1.0
static,287,Q007,5,M035734,0.0,0.9985516667366028,0.819047619047619,0.9494299275787824,0.9864885807037354,15,0.0
static,288,Q008,1,M084575,0.0,1.0000001192092896,0.8571428571428571,1.0,1.0000001192092896,15,0.0
static,288,Q008,2,M076048,1.0,0.9997464418411255,0.8518617973505191,0.9964285714285713,0.9989550113677979,15,1.0
static,288,Q008,3,M065714,1.0,0.9995644688606262,0.707124955245256,0.994942748091603,0.9984743595123291,15,1.0
static,288,Q008,4,M076797,1.0,0.9991171956062317,0.7090046544933762,0.9942475463467829,0.9980322122573853,15,1.0
static,288,Q008,5,M063614,0.0,0.9990450143814087,0.8069638381668457,0.9942475463467829,0.9979889392852783,15,0.0
static,289,Q009,1,M059479,-1.0,1.0000001192092896,0.9863945578231293,1.0,1.0000001192092896,15,-1.0
static,289,Q009,2,M022445,1.0,0.9995251893997192,0.8122448979591838,0.9971237731733914,0.9989960193634033,15,1.0
static,289,Q009,3,M053522,1.0,0.999415397644043,0.8435374149659864,0.9902808069792803,0.997219443321228,15,1.0
static,289,Q009,4,M043070,1.0,0.998935341835022,0.8312925170068028,0.9899809160305343,0.9968564510345459,15,1.0
static,289,Q009,5,M076903,1.0,0.9993971586227417,0.8054421768707484,0.9877044711014176,0.996564507484436,15,1.0
static,290,Q010,1,M056742,0.0,1.0,0.9962406015037594,1.0,1.0,15,0.0
static,290,Q010,2,M020473,-1.0,0.9994295835494995,0.9799140708915146,0.9931570338058887,0.9979469776153564,15,-1.0
static,290,Q010,3,M022852,0.0,0.9990639686584473,0.8180093089867526,0.9924618320610687,0.9975539445877075,15,0.0
static,290,Q010,4,M070100,0.0,0.9994654655456543,0.7870748299319728,0.9857142857142858,0.996107816696167,15,0.0
static,290,Q010,5,M085336,1.0,0.9990699887275696,0.8171679197994987,0.9820474372955289,0.9949538707733154,15,1.0
static,291,Q011,1,M043191,1.0,1.0000001192092896,0.9714285714285714,1.0,1.0000001192092896,15,1.0
static,291,Q011,2,M042153,-1.0,1.0000001192092896,0.9714285714285714,1.0,1.0000001192092896,15,-1.0
static,291,Q011,3,M063474,1.0,1.0000001192092896,0.8285714285714285,1.0,1.0000001192092896,15,1.0
static,291,Q011,4,M042506,0.0,1.0000001192092896,0.8025241675617615,1.0,1.0000001192092896,15,0.0
static,291,Q011,5,M089762,1.0,0.999800980091095,0.7047619047619048,0.9964285714285713,0.9989877939224243,15,1.0
static,292,Q012,1,M057809,0.0,1.0000001192092896,0.8571428571428571,1.0,1.0000001192092896,15,0.0
static,292,Q012,2,M078223,1.0,0.9991438388824463,0.8306122448979593,0.9849236641221374,0.9957172870635986,15,1.0
static,292,Q012,3,M081373,1.0,0.9991778135299683,0.8380952380952381,0.9841330425299891,0.9955400228500366,15,1.0
static,292,Q012,4,M091742,0.0,0.9990804195404053,1.0,0.971633042529989,0.992356538772583,15,0.0
static,292,Q012,5,M056558,0.0,0.998988151550293,0.7142857142857143,0.9705561613958561,0.9920319318771362,15,0.0
static,293,Q013,1,M004656,0.0,1.0000001192092896,1.0,1.0,1.0000001192092896,15,0.0
static,293,Q013,2,M000652,0.0,0.997107207775116,0.9904761904761905,0.9714537371025921,0.9911277294158936,15,0.0
static,293,Q013,3,M000489,1.0,0.9978896975517273,0.8476190476190476,0.9266154964628248,0.9803876876831055,15,1.0
static,293,Q013,4,M000224,1.0,0.9966926574707031,0.8380952380952381,0.9211835556301206,0.9783115386962891,15,1.0
static,293,Q013,5,M000522,1.0,0.9957696199417114,0.8285714285714285,0.9303165981601096,0.9300410151481628,15,1.0
static,294,Q014,1,M035347,-1.0,1.0,0.9523809523809524,1.0,1.0,15,-1.0
static,294,Q014,2,M022194,1.0,0.997409462928772,0.7940386680988185,0.9362598915079829,0.9825106859207153,15,1.0
static,294,Q014,3,M012192,0.0,0.996539831161499,0.8171679197994987,0.9520289824679138,0.9359312057495117,15,0.0
static,294,Q014,4,M061545,1.0,0.9918105602264404,0.9749910490511995,0.9073067835472415,0.9219130277633667,15,1.0
static,294,Q014,5,M034318,0.0,0.987061083316803,0.8253311851056212,0.9056325671783687,0.9186448454856873,15,0.0
static,295,Q015,1,M051010,0.0,1.0,0.8503401360544218,1.0,1.0,15,0.0
static,295,Q015,2,M101026,-1.0,0.9993199110031128,0.7993197278911566,0.9982142857142857,0.9991455078125,15,-1.0
static,295,Q015,3,M075258,1.0,0.9991916418075562,0.8122448979591838,0.993552344601963,0.9979031085968018,15,1.0
static,295,Q015,4,M063219,1.0,0.9991055727005005,0.8380952380952381,0.9931570338058887,0.9977525472640991,15,1.0
static,295,Q015,5,M039788,1.0,0.998693585395813,0.7142857142857143,0.9931570338058887,0.9975054264068604,15,1.0
static,296,Q016,1,M026665,1.0,1.0,1.0,1.0,1.0,15,1.0
static,296,Q016,2,M087806,0.0,0.9994206428527832,0.8571428571428571,0.9960332606324973,0.998660683631897,15,0.0
static,296,Q016,3,M068757,1.0,0.9996577501296997,0.8122448979591838,0.9946428571428572,0.9984554052352905,15,1.0
static,296,Q016,4,M070107,0.0,0.9994356632232666,0.8435374149659864,0.993552344601963,0.9980494976043701,15,0.0
static,296,Q016,5,M089155,1.0,0.9997481107711792,0.8503401360544218,0.9910714285714286,0.9976167678833008,15,1.0
static,297,Q017,1,M058435,1.0,1.000000238418579,0.9551020408163265,1.0,1.0000001192092896,15,1.0
static,297,Q017,2,M035900,1.0,0.9987359642982483,0.8050841389187254,0.97025627044711,0.9918056726455688,15,1.0
static,297,Q017,3,M044584,0.0,0.9985114336013794,0.8122448979591838,0.9606234096692111,0.9892627000808716,15,0.0
static,297,Q017,4,M052454,0.0,0.9986316561698914,0.8408163265306123,0.9545098984984481,0.9878065586090088,15,0.0
static,297,Q017,5,M059516,0.0,0.9993190765380859,0.8020408163265307,0.9459332969829154,0.9860748052597046,15,0.0
static,298,Q018,1,M050950,1.0,1.0000001192092896,0.9619047619047619,1.0,1.0000001192092896,15,1.0
static,298,Q018,2,M070554,1.0,0.999678373336792,0.819047619047619,0.9892857142857142,0.9971284866333008,15,1.0
static,298,Q018,3,M047611,1.0,0.999678373336792,0.9714285714285714,0.9892857142857142,0.9971284866333008,15,1.0
static,298,Q018,4,M100060,1.0,0.9984458684921265,0.7993197278911566,0.974618320610687,0.9927221536636353,15,1.0
static,298,Q018,5,M052330,1.0,0.9986474514007568,0.8095238095238095,0.9604416575790621,0.989298939704895,15,1.0
static,299,Q019,1,M046472,-1.0,0.9999999403953552,0.8571428571428571,1.0,1.0,15,-1.0
static,299,Q019,2,M026024,-1.0,0.996228039264679,0.7931972789115646,0.9349152755641306,0.9814656972885132,15,-1.0
static,299,Q019,3,M044611,0.0,0.9980992674827576,0.8571428571428571,0.9644083969465649,0.9399617314338684,15,0.0
static,299,Q019,4,M033266,1.0,0.9973161220550537,0.8122448979591838,0.9554571065067247,0.9372539520263672,15,1.0
static,299,Q019,5,M043388,-1.0,0.9955116510391235,0.8571428571428571,0.9546168526130357,0.9359612464904785,15,-1.0
static,300,Q020,1,M048011,0.0,1.0,0.8408163265306123,1.0,1.0,15,0.0
static,300,Q020,2,M069109,1.0,0.9990991950035095,0.9482993197278912,0.9806570338058888,0.9946237802505493,15,1.0
static,300,Q020,3,M033563,0.0,0.9956273436546326,0.8476190476190476,0.9691772921734755,0.9896707534790039,15,0.0
static,300,Q020,4,M061337,1.0,0.9985913038253784,0.7056032939491585,0.9560568884042165,0.9881690740585327,15,1.0
static,300,Q020,5,M064735,1.0,0.9988635778427124,0.8469387755102041,0.943452380952381,0.9851812124252319,15,1.0
history_deletion,1,Q001,1,M035956,1.0,1.0,1.0,1.0,1.0,1,1.0
history_deletion,1,Q001,2,M028549,0.0,0.9981349110603333,0.7142857142857143,0.9807776193272376,0.9940752983093262,1,0.0
history_deletion,1,Q001,3,M035537,1.0,0.9994309544563293,0.8571428571428571,0.9744138495092693,0.9932620525360107,1,1.0
history_deletion,1,Q001,4,M032957,1.0,0.9983353018760681,0.8571428571428571,0.96197571512457,0.9894951581954956,1,1.0
history_deletion,1,Q001,5,M028255,1.0,0.9990233778953552,0.7142857142857143,0.9601190476190476,0.9894437789916992,1,1.0
history_deletion,2,Q002,1,M060927,1.0,1.0,1.0,1.0,1.0,1,1.0
history_deletion,2,Q002,2,M080873,1.0,0.9988524913787842,1.0,0.9883996728462376,0.9964114427566528,1,1.0
history_deletion,2,Q002,3,M069758,1.0,0.998687744140625,0.9965986394557823,0.9790757906215921,0.9939815998077393,1,1.0
history_deletion,2,Q002,4,M085993,1.0,0.9992295503616333,0.819047619047619,0.9768947655398037,0.993761420249939,1,1.0
history_deletion,2,Q002,5,M047437,-1.0,0.999078631401062,0.819047619047619,0.9770992366412213,0.9937219619750977,1,-1.0
history_deletion,3,Q003,1,M079920,1.0,1.0,0.9714285714285714,1.0,1.0,1,1.0
history_deletion,3,Q003,2,M012821,-1.0,0.9993844032287598,0.9734693877551022,0.9938522355507089,0.9980937242507935,1,-1.0
history_deletion,3,Q003,3,M072610,1.0,0.9990502595901489,0.7925170068027212,0.9859187568157034,0.9959099292755127,1,1.0
history_deletion,3,Q003,4,M090781,0.0,0.999200701713562,0.7959183673469389,0.9743184296619412,0.9931000471115112,1,0.0
history_deletion,3,Q003,5,M004476,0.0,0.998794674873352,0.8115646258503402,0.9730234460196293,0.9925327301025391,1,0.0
history_deletion,4,Q004,1,M050078,0.0,1.0,0.8571428571428571,1.0,1.0,1,0.0
history_deletion,4,Q004,2,M059745,0.0,0.9982020854949951,0.8503401360544218,0.9780219780219781,0.9934267997741699,1,0.0
history_deletion,4,Q004,3,M049322,-1.0,0.9965438842773438,0.8312925170068028,0.9580089757570673,0.9874286651611328,1,-1.0
history_deletion,4,Q004,4,M059135,1.0,0.9978526830673218,0.8217687074829932,0.9417215418169617,0.9841419458389282,1,1.0
history_deletion,4,Q004,5,M091738,0.0,0.9967393279075623,0.8312925170068028,0.9236400050331348,0.9789535999298096,1,0.0
history_deletion,5,Q005,1,M044080,-1.0,1.0,0.9931972789115646,1.0,1.0,1,-1.0
history_deletion,5,Q005,2,M084721,1.0,0.9992156624794006,0.834013605442177,0.9945474372955289,0.9981663227081299,1,1.0
history_deletion,5,Q005,3,M047189,1.0,0.9991359114646912,0.7108843537414966,0.9931570338058887,0.9977707862854004,1,1.0
history_deletion,5,Q005,4,M054335,0.0,0.998910665512085,0.8312925170068028,0.9934569247546347,0.9977105855941772,1,0.0
history_deletion,5,Q005,5,M095999,1.0,0.9986827373504639,0.7074829931972789,0.9858233369683751,0.9956655502319336,1,1.0
history_deletion,6,Q006,1,M004727,1.0,1.0,0.9981203007518796,1.0,1.0,1,1.0
history_deletion,6,Q006,2,M016297,1.0,0.9977824687957764,0.8171679197994987,0.9870092693565977,0.9954218864440918,1,1.0
history_deletion,6,Q006,3,M014732,1.0,0.9978636503219604,0.7885964912280701,0.9806821994799094,0.9938887357711792,1,1.0
history_deletion,6,Q006,4,M090795,1.0,0.998614490032196,0.7802721088435375,0.9785850599781897,0.9938149452209473,1,1.0
history_deletion,6,Q006,5,M089503,1.0,0.9993441104888916,0.7885964912280701,0.9760087241003271,0.9936087131500244,1,1.0
history_deletion,7,Q007,1,M029944,1.0,1.000000238418579,1.0,1.0,1.0000001192092896,1,1.0
history_deletion,7,Q007,2,M030690,0.0,0.9987031817436218,0.8476190476190476,0.9678616866593964,0.991187334060669,1,0.0
history_deletion,7,Q007,3,M003265,-1.0,0.9979531168937683,0.8244897959183675,0.9533966669462852,0.9871209859848022,1,-1.0
history_deletion,7,Q007,4,M041095,1.0,0.9984678626060486,0.8285714285714285,0.9506410256410256,0.9867409467697144,1,1.0
history_deletion,7,Q007,5,M035734,0.0,0.9985516667366028,0.819047619047619,0.9494299275787824,0.9864885807037354,1,0.0
history_deletion,8,Q008,1,M084575,0.0,1.0000001192092896,0.8571428571428571,1.0,1.0000001192092896,1,0.0
history_deletion,8,Q008,2,M076048,1.0,0.9997464418411255,0.8518617973505191,0.9964285714285713,0.9989550113677979,1,1.0
history_deletion,8,Q008,3,M065714,1.0,0.9995644688606262,0.707124955245256,0.994942748091603,0.9984743595123291,1,1.0
history_deletion,8,Q008,4,M076797,1.0,0.9991171956062317,0.7090046544933762,0.9942475463467829,0.9980322122573853,1,1.0
history_deletion,8,Q008,5,M063614,0.0,0.9990450143814087,0.8069638381668457,0.9942475463467829,0.9979889392852783,1,0.0
history_deletion,9,Q009,1,M059479,-1.0,1.0000001192092896,0.9863945578231293,1.0,1.0000001192092896,1,-1.0
history_deletion,9,Q009,2,M022445,1.0,0.9995251893997192,0.8122448979591838,0.9971237731733914,0.9989960193634033,1,1.0
history_deletion,9,Q009,3,M053522,1.0,0.999415397644043,0.8435374149659864,0.9902808069792803,0.997219443321228,1,1.0
history_deletion,9,Q009,4,M043070,1.0,0.998935341835022,0.8312925170068028,0.9899809160305343,0.9968564510345459,1,1.0
history_deletion,9,Q009,5,M076903,1.0,0.9993971586227417,0.8054421768707484,0.9877044711014176,0.996564507484436,1,1.0
history_deletion,10,Q010,1,M056742,0.0,1.0,0.9962406015037594,1.0,1.0,1,0.0
history_deletion,10,Q010,2,M020473,-1.0,0.9994295835494995,0.9799140708915146,0.9931570338058887,0.9979469776153564,1,-1.0
history_deletion,10,Q010,3,M022852,0.0,0.9990639686584473,0.8180093089867526,0.9924618320610687,0.9975539445877075,1,0.0
history_deletion,10,Q010,4,M070100,0.0,0.9994654655456543,0.7870748299319728,0.9857142857142858,0.996107816696167,1,0.0
history_deletion,10,Q010,5,M085336,1.0,0.9990699887275696,0.8171679197994987,0.9820474372955289,0.9949538707733154,1,1.0
history_deletion,11,Q011,1,M043191,1.0,1.0000001192092896,0.9714285714285714,1.0,1.0000001192092896,1,1.0
history_deletion,11,Q011,2,M042153,-1.0,1.0000001192092896,0.9714285714285714,1.0,1.0000001192092896,1,-1.0
history_deletion,11,Q011,3,M063474,1.0,1.0000001192092896,0.8285714285714285,1.0,1.0000001192092896,1,1.0
history_deletion,11,Q011,4,M042506,0.0,1.0000001192092896,0.8025241675617615,1.0,1.0000001192092896,1,0.0
history_deletion,11,Q011,5,M089762,1.0,0.999800980091095,0.7047619047619048,0.9964285714285713,0.9989877939224243,1,1.0
history_deletion,12,Q012,1,M057809,0.0,1.0000001192092896,0.8571428571428571,1.0,1.0000001192092896,1,0.0
history_deletion,12,Q012,2,M078223,1.0,0.9991438388824463,0.8306122448979593,0.9849236641221374,0.9957172870635986,1,1.0
history_deletion,12,Q012,3,M081373,1.0,0.9991778135299683,0.8380952380952381,0.9841330425299891,0.9955400228500366,1,1.0
history_deletion,12,Q012,4,M091742,0.0,0.9990804195404053,1.0,0.971633042529989,0.992356538772583,1,0.0
history_deletion,12,Q012,5,M056558,0.0,0.998988151550293,0.7142857142857143,0.9705561613958561,0.9920319318771362,1,0.0
history_deletion,13,Q013,1,M004656,0.0,1.0000001192092896,1.0,1.0,1.0000001192092896,1,0.0
history_deletion,13,Q013,2,M000652,0.0,0.997107207775116,0.9904761904761905,0.9714537371025921,0.9911277294158936,1,0.0
history_deletion,13,Q013,3,M000489,1.0,0.9978896975517273,0.8476190476190476,0.9266154964628248,0.9803876876831055,1,1.0
history_deletion,13,Q013,4,M000224,1.0,0.9966926574707031,0.8380952380952381,0.9211835556301206,0.9783115386962891,1,1.0
history_deletion,13,Q013,5,M000522,1.0,0.9957696199417114,0.8285714285714285,0.9303165981601096,0.9300410151481628,1,1.0
history_deletion,14,Q014,1,M035347,-1.0,1.0,0.9523809523809524,1.0,1.0,1,-1.0
history_deletion,14,Q014,2,M022194,1.0,0.997409462928772,0.7940386680988185,0.9362598915079829,0.9825106859207153,1,1.0
history_deletion,14,Q014,3,M012192,0.0,0.996539831161499,0.8171679197994987,0.9520289824679138,0.9359312057495117,1,0.0
history_deletion,14,Q014,4,M061545,1.0,0.9918105602264404,0.9749910490511995,0.9073067835472415,0.9219130277633667,1,1.0
history_deletion,14,Q014,5,M034318,0.0,0.987061083316803,0.8253311851056212,0.9056325671783687,0.9186448454856873,1,0.0
history_deletion,15,Q015,1,M051010,0.0,1.0,0.8503401360544218,1.0,1.0,1,0.0
history_deletion,15,Q015,2,M101026,-1.0,0.9993199110031128,0.7993197278911566,0.9982142857142857,0.9991455078125,1,-1.0
history_deletion,15,Q015,3,M075258,1.0,0.9991916418075562,0.8122448979591838,0.993552344601963,0.9979031085968018,1,1.0
history_deletion,15,Q015,4,M063219,1.0,0.9991055727005005,0.8380952380952381,0.9931570338058887,0.9977525472640991,1,1.0
history_deletion,15,Q015,5,M039788,1.0,0.998693585395813,0.7142857142857143,0.9931570338058887,0.9975054264068604,1,1.0
history_deletion,16,Q016,1,M026665,1.0,1.0,1.0,1.0,1.0,1,1.0
history_deletion,16,Q016,2,M087806,0.0,0.9994206428527832,0.8571428571428571,0.9960332606324973,0.998660683631897,1,0.0
history_deletion,16,Q016,3,M068757,1.0,0.9996577501296997,0.8122448979591838,0.9946428571428572,0.9984554052352905,1,1.0
history_deletion,16,Q016,4,M070107,0.0,0.9994356632232666,0.8435374149659864,0.993552344601963,0.9980494976043701,1,0.0
history_deletion,16,Q016,5,M089155,1.0,0.9997481107711792,0.8503401360544218,0.9910714285714286,0.9976167678833008,1,1.0
history_deletion,17,Q017,1,M058435,1.0,1.000000238418579,0.9551020408163265,1.0,1.0000001192092896,1,1.0
history_deletion,17,Q017,2,M035900,1.0,0.9987359642982483,0.8050841389187254,0.97025627044711,0.9918056726455688,1,1.0
history_deletion,17,Q017,3,M044584,0.0,0.9985114336013794,0.8122448979591838,0.9606234096692111,0.9892627000808716,1,0.0
history_deletion,17,Q017,4,M052454,0.0,0.9986316561698914,0.8408163265306123,0.9545098984984481,0.9878065586090088,1,0.0
history_deletion,17,Q017,5,M059516,0.0,0.9993190765380859,0.8020408163265307,0.9459332969829154,0.9860748052597046,1,0.0
history_deletion,18,Q018,1,M050950,1.0,1.0000001192092896,0.9619047619047619,1.0,1.0000001192092896,1,1.0
history_deletion,18,Q018,2,M070554,1.0,0.999678373336792,0.819047619047619,0.9892857142857142,0.9971284866333008,1,1.0
history_deletion,18,Q018,3,M047611,1.0,0.999678373336792,0.9714285714285714,0.9892857142857142,0.9971284866333008,1,1.0
history_deletion,18,Q018,4,M100060,1.0,0.9984458684921265,0.7993197278911566,0.974618320610687,0.9927221536636353,1,1.0
history_deletion,18,Q018,5,M052330,1.0,0.9986474514007568,0.8095238095238095,0.9604416575790621,0.989298939704895,1,1.0
history_deletion,19,Q019,1,M046472,-1.0,0.9999999403953552,0.8571428571428571,1.0,1.0,1,-1.0
history_deletion,19,Q019,2,M026024,-1.0,0.996228039264679,0.7931972789115646,0.9349152755641306,0.9814656972885132,1,-1.0
history_deletion,19,Q019,3,M044611,0.0,0.9980992674827576,0.8571428571428571,0.9644083969465649,0.9399617314338684,1,0.0
history_deletion,19,Q019,4,M033266,1.0,0.9973161220550537,0.8122448979591838,0.9554571065067247,0.9372539520263672,1,1.0
history_deletion,19,Q019,5,M043388,-1.0,0.9955116510391235,0.8571428571428571,0.9546168526130357,0.9359612464904785,1,-1.0
history_deletion,20,Q020,1,M048011,0.0,1.0,0.8408163265306123,1.0,1.0,1,0.0
history_deletion,20,Q020,2,M069109,1.0,0.9990991950035095,0.9482993197278912,0.9806570338058888,0.9946237802505493,1,1.0
history_deletion,20,Q020,3,M033563,0.0,0.9956273436546326,0.8476190476190476,0.9691772921734755,0.9896707534790039,1,0.0
history_deletion,20,Q020,4,M061337,1.0,0.9985913038253784,0.7056032939491585,0.9560568884042165,0.9881690740585327,1,1.0
history_deletion,20,Q020,5,M064735,1.0,0.9988635778427124,0.8469387755102041,0.943452380952381,0.9851812124252319,1,1.0
history_deletion,21,Q001,1,M035956,1.0,1.0,1.0,1.0,1.0,2,1.0
history_deletion,21,Q001,2,M028549,0.0,0.9981349110603333,0.7142857142857143,0.9807776193272376,0.9940752983093262,2,0.0
history_deletion,21,Q001,3,M035537,1.0,0.9994309544563293,0.8571428571428571,0.9744138495092693,0.9932620525360107,2,1.0
history_deletion,21,Q001,4,M032957,1.0,0.9983353018760681,0.8571428571428571,0.96197571512457,0.9894951581954956,2,1.0
history_deletion,21,Q001,5,M028255,1.0,0.9990233778953552,0.7142857142857143,0.9601190476190476,0.9894437789916992,2,1.0
history_deletion,22,Q002,1,M060927,1.0,1.0,1.0,1.0,1.0,2,1.0
history_deletion,22,Q002,2,M080873,1.0,0.9988524913787842,1.0,0.9883996728462376,0.9964114427566528,2,1.0
history_deletion,22,Q002,3,M069758,1.0,0.998687744140625,0.9965986394557823,0.9790757906215921,0.9939815998077393,2,1.0
history_deletion,22,Q002,4,M085993,1.0,0.9992295503616333,0.819047619047619,0.9768947655398037,0.993761420249939,2,1.0
history_deletion,22,Q002,5,M047437,-1.0,0.999078631401062,0.819047619047619,0.9770992366412213,0.9937219619750977,2,-1.0
history_deletion,23,Q003,1,M079920,1.0,1.0,0.9714285714285714,1.0,1.0,2,1.0
history_deletion,23,Q003,2,M012821,-1.0,0.9993844032287598,0.9734693877551022,0.9938522355507089,0.9980937242507935,2,-1.0
history_deletion,23,Q003,3,M072610,1.0,0.9990502595901489,0.7925170068027212,0.9859187568157034,0.9959099292755127,2,1.0
history_deletion,23,Q003,4,M090781,0.0,0.999200701713562,0.7959183673469389,0.9743184296619412,0.9931000471115112,2,0.0
history_deletion,23,Q003,5,M004476,0.0,0.998794674873352,0.8115646258503402,0.9730234460196293,0.9925327301025391,2,0.0
history_deletion,24,Q004,1,M050078,0.0,1.0,0.8571428571428571,1.0,1.0,2,0.0
history_deletion,24,Q004,2,M059745,0.0,0.9982020854949951,0.8503401360544218,0.9780219780219781,0.9934267997741699,2,0.0
history_deletion,24,Q004,3,M049322,-1.0,0.9965438842773438,0.8312925170068028,0.9580089757570673,0.9874286651611328,2,-1.0
history_deletion,24,Q004,4,M059135,1.0,0.9978526830673218,0.8217687074829932,0.9417215418169617,0.9841419458389282,2,1.0
history_deletion,24,Q004,5,M091738,0.0,0.9967393279075623,0.8312925170068028,0.9236400050331348,0.9789535999298096,2,0.0
history_deletion,25,Q005,1,M044080,-1.0,1.0,0.9931972789115646,1.0,1.0,2,-1.0
history_deletion,25,Q005,2,M084721,1.0,0.9992156624794006,0.834013605442177,0.9945474372955289,0.9981663227081299,2,1.0
history_deletion,25,Q005,3,M047189,1.0,0.9991359114646912,0.7108843537414966,0.9931570338058887,0.9977707862854004,2,1.0
history_deletion,25,Q005,4,M054335,0.0,0.998910665512085,0.8312925170068028,0.9934569247546347,0.9977105855941772,2,0.0
history_deletion,25,Q005,5,M095999,1.0,0.9986827373504639,0.7074829931972789,0.9858233369683751,0.9956655502319336,2,1.0
history_deletion,26,Q006,1,M004727,1.0,1.0,0.9981203007518796,1.0,1.0,2,1.0
history_deletion,26,Q006,2,M016297,1.0,0.9977824687957764,0.8171679197994987,0.9870092693565977,0.9954218864440918,2,1.0
history_deletion,26,Q006,3,M014732,1.0,0.9978636503219604,0.7885964912280701,0.9806821994799094,0.9938887357711792,2,1.0
history_deletion,26,Q006,4,M090795,1.0,0.998614490032196,0.7802721088435375,0.9785850599781897,0.9938149452209473,2,1.0
history_deletion,26,Q006,5,M089503,1.0,0.9993441104888916,0.7885964912280701,0.9760087241003271,0.9936087131500244,2,1.0
history_deletion,27,Q007,1,M029944,1.0,1.000000238418579,1.0,1.0,1.0000001192092896,2,1.0
history_deletion,27,Q007,2,M030690,0.0,0.9987031817436218,0.8476190476190476,0.9678616866593964,0.991187334060669,2,0.0
history_deletion,27,Q007,3,M003265,-1.0,0.9979531168937683,0.8244897959183675,0.9533966669462852,0.9871209859848022,2,-1.0
history_deletion,27,Q007,4,M041095,1.0,0.9984678626060486,0.8285714285714285,0.9506410256410256,0.9867409467697144,2,1.0
history_deletion,27,Q007,5,M035734,0.0,0.9985516667366028,0.819047619047619,0.9494299275787824,0.9864885807037354,2,0.0
history_deletion,28,Q008,1,M084575,0.0,1.0000001192092896,0.8571428571428571,1.0,1.0000001192092896,2,0.0
history_deletion,28,Q008,2,M076048,1.0,0.9997464418411255,0.8518617973505191,0.9964285714285713,0.9989550113677979,2,1.0
history_deletion,28,Q008,3,M065714,1.0,0.9995644688606262,0.707124955245256,0.994942748091603,0.9984743595123291,2,1.0
history_deletion,28,Q008,4,M076797,1.0,0.9991171956062317,0.7090046544933762,0.9942475463467829,0.9980322122573853,2,1.0
history_deletion,28,Q008,5,M063614,0.0,0.9990450143814087,0.8069638381668457,0.9942475463467829,0.9979889392852783,2,0.0
history_deletion,29,Q009,1,M059479,-1.0,1.0000001192092896,0.9863945578231293,1.0,1.0000001192092896,2,-1.0
history_deletion,29,Q009,2,M022445,1.0,0.9995251893997192,0.8122448979591838,0.9971237731733914,0.9989960193634033,2,1.0
history_deletion,29,Q009,3,M053522,1.0,0.999415397644043,0.8435374149659864,0.9902808069792803,0.997219443321228,2,1.0
history_deletion,29,Q009,4,M043070,1.0,0.998935341835022,0.8312925170068028,0.9899809160305343,0.9968564510345459,2,1.0
history_deletion,29,Q009,5,M076903,1.0,0.9993971586227417,0.8054421768707484,0.9877044711014176,0.996564507484436,2,1.0
history_deletion,30,Q010,1,M056742,0.0,1.0,0.9962406015037594,1.0,1.0,2,0.0
history_deletion,30,Q010,2,M020473,-1.0,0.9994295835494995,0.9799140708915146,0.9931570338058887,0.9979469776153564,2,-1.0
history_deletion,30,Q010,3,M022852,0.0,0.9990639686584473,0.8180093089867526,0.9924618320610687,0.9975539445877075,2,0.0
history_deletion,30,Q010,4,M070100,0.0,0.9994654655456543,0.7870748299319728,0.9857142857142858,0.996107816696167,2,0.0
history_deletion,30,Q010,5,M085336,1.0,0.9990699887275696,0.8171679197994987,0.9820474372955289,0.9949538707733154,2,1.0
history_deletion,31,Q011,1,M043191,1.0,1.0000001192092896,0.9714285714285714,1.0,1.0000001192092896,2,1.0
history_deletion,31,Q011,2,M042153,-1.0,1.0000001192092896,0.9714285714285714,1.0,1.0000001192092896,2,-1.0
history_deletion,31,Q011,3,M063474,1.0,1.0000001192092896,0.8285714285714285,1.0,1.0000001192092896,2,1.0
history_deletion,31,Q011,4,M042506,0.0,1.0000001192092896,0.8025241675617615,1.0,1.0000001192092896,2,0.0
history_deletion,31,Q011,5,M089762,1.0,0.999800980091095,0.7047619047619048,0.9964285714285713,0.9989877939224243,2,1.0
history_deletion,32,Q012,1,M057809,0.0,1.0000001192092896,0.8571428571428571,1.0,1.0000001192092896,2,0.0
history_deletion,32,Q012,2,M078223,1.0,0.9991438388824463,0.8306122448979593,0.9849236641221374,0.9957172870635986,2,1.0
history_deletion,32,Q012,3,M081373,1.0,0.9991778135299683,0.8380952380952381,0.9841330425299891,0.9955400228500366,2,1.0
history_deletion,32,Q012,4,M091742,0.0,0.9990804195404053,1.0,0.971633042529989,0.992356538772583,2,0.0
history_deletion,32,Q012,5,M056558,0.0,0.998988151550293,0.7142857142857143,0.9705561613958561,0.9920319318771362,2,0.0
history_deletion,33,Q013,1,M004656,0.0,1.0000001192092896,1.0,1.0,1.0000001192092896,2,0.0
history_deletion,33,Q013,2,M000652,0.0,0.997107207775116,0.9904761904761905,0.9714537371025921,0.9911277294158936,2,0.0
history_deletion,33,Q013,3,M000489,1.0,0.9978896975517273,0.8476190476190476,0.9266154964628248,0.9803876876831055,2,1.0
history_deletion,33,Q013,4,M000224,1.0,0.9966926574707031,0.8380952380952381,0.9211835556301206,0.9783115386962891,2,1.0
history_deletion,33,Q013,5,M000522,1.0,0.9957696199417114,0.8285714285714285,0.9303165981601096,0.9300410151481628,2,1.0
history_deletion,34,Q014,1,M035347,-1.0,1.0,0.9523809523809524,1.0,1.0,2,-1.0
history_deletion,34,Q014,2,M022194,1.0,0.997409462928772,0.7940386680988185,0.9362598915079829,0.9825106859207153,2,1.0
history_deletion,34,Q014,3,M012192,0.0,0.996539831161499,0.8171679197994987,0.9520289824679138,0.9359312057495117,2,0.0
history_deletion,34,Q014,4,M061545,1.0,0.9918105602264404,0.9749910490511995,0.9073067835472415,0.9219130277633667,2,1.0
history_deletion,34,Q014,5,M034318,0.0,0.987061083316803,0.8253311851056212,0.9056325671783687,0.9186448454856873,2,0.0
history_deletion,35,Q015,1,M051010,0.0,1.0,0.8503401360544218,1.0,1.0,2,0.0
history_deletion,35,Q015,2,M101026,-1.0,0.9993199110031128,0.7993197278911566,0.9982142857142857,0.9991455078125,2,-1.0
history_deletion,35,Q015,3,M075258,1.0,0.9991916418075562,0.8122448979591838,0.993552344601963,0.9979031085968018,2,1.0
history_deletion,35,Q015,4,M063219,1.0,0.9991055727005005,0.8380952380952381,0.9931570338058887,0.9977525472640991,2,1.0
history_deletion,35,Q015,5,M039788,1.0,0.998693585395813,0.7142857142857143,0.9931570338058887,0.9975054264068604,2,1.0
history_deletion,36,Q016,1,M026665,1.0,1.0,1.0,1.0,1.0,2,1.0
history_deletion,36,Q016,2,M087806,0.0,0.9994206428527832,0.8571428571428571,0.9960332606324973,0.998660683631897,2,0.0
history_deletion,36,Q016,3,M068757,1.0,0.9996577501296997,0.8122448979591838,0.9946428571428572,0.9984554052352905,2,1.0
history_deletion,36,Q016,4,M070107,0.0,0.9994356632232666,0.8435374149659864,0.993552344601963,0.9980494976043701,2,0.0
history_deletion,36,Q016,5,M089155,1.0,0.9997481107711792,0.8503401360544218,0.9910714285714286,0.9976167678833008,2,1.0
history_deletion,37,Q017,1,M058435,1.0,1.000000238418579,0.9551020408163265,1.0,1.0000001192092896,2,1.0
history_deletion,37,Q017,2,M035900,1.0,0.9987359642982483,0.8050841389187254,0.97025627044711,0.9918056726455688,2,1.0
history_deletion,37,Q017,3,M044584,0.0,0.9985114336013794,0.8122448979591838,0.9606234096692111,0.9892627000808716,2,0.0
history_deletion,37,Q017,4,M052454,0.0,0.9986316561698914,0.8408163265306123,0.9545098984984481,0.9878065586090088,2,0.0
history_deletion,37,Q017,5,M059516,0.0,0.9993190765380859,0.8020408163265307,0.9459332969829154,0.9860748052597046,2,0.0
history_deletion,38,Q018,1,M050950,1.0,1.0000001192092896,0.9619047619047619,1.0,1.0000001192092896,2,1.0
history_deletion,38,Q018,2,M070554,1.0,0.999678373336792,0.819047619047619,0.9892857142857142,0.9971284866333008,2,1.0
history_deletion,38,Q018,3,M047611,1.0,0.999678373336792,0.9714285714285714,0.9892857142857142,0.9971284866333008,2,1.0
history_deletion,38,Q018,4,M100060,1.0,0.9984458684921265,0.7993197278911566,0.974618320610687,0.9927221536636353,2,1.0
history_deletion,38,Q018,5,M052330,1.0,0.9986474514007568,0.8095238095238095,0.9604416575790621,0.989298939704895,2,1.0
history_deletion,39,Q019,1,M046472,-1.0,0.9999999403953552,0.8571428571428571,1.0,1.0,2,-1.0
history_deletion,39,Q019,2,M026024,-1.0,0.996228039264679,0.7931972789115646,0.9349152755641306,0.9814656972885132,2,-1.0
history_deletion,39,Q019,3,M044611,0.0,0.9980992674827576,0.8571428571428571,0.9644083969465649,0.9399617314338684,2,0.0
history_deletion,39,Q019,4,M033266,1.0,0.9973161220550537,0.8122448979591838,0.9554571065067247,0.9372539520263672,2,1.0
history_deletion,39,Q019,5,M043388,-1.0,0.9955116510391235,0.8571428571428571,0.9546168526130357,0.9359612464904785,2,-1.0
history_deletion,40,Q020,1,M048011,0.0,1.0,0.8408163265306123,1.0,1.0,2,0.0
history_deletion,40,Q020,2,M069109,1.0,0.9990991950035095,0.9482993197278912,0.9806570338058888,0.9946237802505493,2,1.0
history_deletion,40,Q020,3,M033563,0.0,0.9956273436546326,0.8476190476190476,0.9691772921734755,0.9896707534790039,2,0.0
history_deletion,40,Q020,4,M061337,1.0,0.9985913038253784,0.7056032939491585,0.9560568884042165,0.9881690740585327,2,1.0
history_deletion,40,Q020,5,M064735,1.0,0.9988635778427124,0.8469387755102041,0.943452380952381,0.9851812124252319,2,1.0
history_deletion,41,Q001,1,M035956,1.0,1.0,1.0,1.0,1.0,3,1.0
history_deletion,41,Q001,2,M028549,0.0,0.9981349110603333,0.7142857142857143,0.9807776193272376,0.9940752983093262,3,0.0
history_deletion,41,Q001,3,M035537,1.0,0.9994309544563293,0.8571428571428571,0.9744138495092693,0.9932620525360107,3,1.0
history_deletion,41,Q001,4,M032957,1.0,0.9983353018760681,0.8571428571428571,0.96197571512457,0.9894951581954956,3,1.0
history_deletion,41,Q001,5,M028255,1.0,0.9990233778953552,0.7142857142857143,0.9601190476190476,0.9894437789916992,3,1.0
history_deletion,42,Q002,1,M060927,1.0,1.0,1.0,1.0,1.0,3,1.0
history_deletion,42,Q002,2,M080873,1.0,0.9988524913787842,1.0,0.9883996728462376,0.9964114427566528,3,1.0
history_deletion,42,Q002,3,M069758,1.0,0.998687744140625,0.9965986394557823,0.9790757906215921,0.9939815998077393,3,1.0
history_deletion,42,Q002,4,M085993,1.0,0.9992295503616333,0.819047619047619,0.9768947655398037,0.993761420249939,3,1.0
history_deletion,42,Q002,5,M047437,-1.0,0.999078631401062,0.819047619047619,0.9770992366412213,0.9937219619750977,3,-1.0
history_deletion,43,Q003,1,M079920,1.0,1.0,0.9714285714285714,1.0,1.0,3,1.0
history_deletion,43,Q003,2,M012821,-1.0,0.9993844032287598,0.9734693877551022,0.9938522355507089,0.9980937242507935,3,-1.0
history_deletion,43,Q003,3,M072610,1.0,0.9990502595901489,0.7925170068027212,0.9859187568157034,0.9959099292755127,3,1.0
history_deletion,43,Q003,4,M090781,0.0,0.999200701713562,0.7959183673469389,0.9743184296619412,0.9931000471115112,3,0.0
history_deletion,43,Q003,5,M004476,0.0,0.998794674873352,0.8115646258503402,0.9730234460196293,0.9925327301025391,3,0.0
history_deletion,44,Q004,1,M050078,0.0,1.0,0.8571428571428571,1.0,1.0,3,0.0
history_deletion,44,Q004,2,M059745,0.0,0.9982020854949951,0.8503401360544218,0.9780219780219781,0.9934267997741699,3,0.0
history_deletion,44,Q004,3,M049322,-1.0,0.9965438842773438,0.8312925170068028,0.9580089757570673,0.9874286651611328,3,-1.0
history_deletion,44,Q004,4,M059135,1.0,0.9978526830673218,0.8217687074829932,0.9417215418169617,0.9841419458389282,3,1.0
history_deletion,44,Q004,5,M091738,0.0,0.9967393279075623,0.8312925170068028,0.9236400050331348,0.9789535999298096,3,0.0
history_deletion,45,Q005,1,M044080,-1.0,1.0,0.9931972789115646,1.0,1.0,3,-1.0
history_deletion,45,Q005,2,M084721,1.0,0.9992156624794006,0.834013605442177,0.9945474372955289,0.9981663227081299,3,1.0
history_deletion,45,Q005,3,M047189,1.0,0.9991359114646912,0.7108843537414966,0.9931570338058887,0.9977707862854004,3,1.0
history_deletion,45,Q005,4,M054335,0.0,0.998910665512085,0.8312925170068028,0.9934569247546347,0.9977105855941772,3,0.0
history_deletion,45,Q005,5,M095999,1.0,0.9986827373504639,0.7074829931972789,0.9858233369683751,0.9956655502319336,3,1.0
history_deletion,46,Q006,1,M004727,1.0,1.0,0.9981203007518796,1.0,1.0,3,1.0
history_deletion,46,Q006,2,M016297,1.0,0.9977824687957764,0.8171679197994987,0.9870092693565977,0.9954218864440918,3,1.0
history_deletion,46,Q006,3,M014732,1.0,0.9978636503219604,0.7885964912280701,0.9806821994799094,0.9938887357711792,3,1.0
history_deletion,46,Q006,4,M090795,1.0,0.998614490032196,0.7802721088435375,0.9785850599781897,0.9938149452209473,3,1.0
history_deletion,46,Q006,5,M089503,1.0,0.9993441104888916,0.7885964912280701,0.9760087241003271,0.9936087131500244,3,1.0
history_deletion,47,Q007,1,M029944,1.0,1.000000238418579,1.0,1.0,1.0000001192092896,3,1.0
history_deletion,47,Q007,2,M030690,0.0,0.9987031817436218,0.8476190476190476,0.9678616866593964,0.991187334060669,3,0.0
history_deletion,47,Q007,3,M003265,-1.0,0.9979531168937683,0.8244897959183675,0.9533966669462852,0.9871209859848022,3,-1.0
history_deletion,47,Q007,4,M041095,1.0,0.9984678626060486,0.8285714285714285,0.9506410256410256,0.9867409467697144,3,1.0
history_deletion,47,Q007,5,M035734,0.0,0.9985516667366028,0.819047619047619,0.9494299275787824,0.9864885807037354,3,0.0
history_deletion,48,Q008,1,M084575,0.0,1.0000001192092896,0.8571428571428571,1.0,1.0000001192092896,3,0.0
history_deletion,48,Q008,2,M076048,1.0,0.9997464418411255,0.8518617973505191,0.9964285714285713,0.9989550113677979,3,1.0
history_deletion,48,Q008,3,M065714,1.0,0.9995644688606262,0.707124955245256,0.994942748091603,0.9984743595123291,3,1.0
history_deletion,48,Q008,4,M076797,1.0,0.9991171956062317,0.7090046544933762,0.9942475463467829,0.9980322122573853,3,1.0
history_deletion,48,Q008,5,M063614,0.0,0.9990450143814087,0.8069638381668457,0.9942475463467829,0.9979889392852783,3,0.0
history_deletion,49,Q009,1,M059479,-1.0,1.0000001192092896,0.9863945578231293,1.0,1.0000001192092896,3,-1.0
history_deletion,49,Q009,2,M022445,1.0,0.9995251893997192,0.8122448979591838,0.9971237731733914,0.9989960193634033,3,1.0
history_deletion,49,Q009,3,M053522,1.0,0.999415397644043,0.8435374149659864,0.9902808069792803,0.997219443321228,3,1.0
history_deletion,49,Q009,4,M043070,1.0,0.998935341835022,0.8312925170068028,0.9899809160305343,0.9968564510345459,3,1.0
history_deletion,49,Q009,5,M076903,1.0,0.9993971586227417,0.8054421768707484,0.9877044711014176,0.996564507484436,3,1.0
history_deletion,50,Q010,1,M056742,0.0,1.0,0.9962406015037594,1.0,1.0,3,0.0
history_deletion,50,Q010,2,M020473,-1.0,0.9994295835494995,0.9799140708915146,0.9931570338058887,0.9979469776153564,3,-1.0
history_deletion,50,Q010,3,M022852,0.0,0.9990639686584473,0.8180093089867526,0.9924618320610687,0.9975539445877075,3,0.0
history_deletion,50,Q010,4,M070100,0.0,0.9994654655456543,0.7870748299319728,0.9857142857142858,0.996107816696167,3,0.0
history_deletion,50,Q010,5,M085336,1.0,0.9990699887275696,0.8171679197994987,0.9820474372955289,0.9949538707733154,3,1.0
history_deletion,51,Q011,1,M043191,1.0,1.0000001192092896,0.9714285714285714,1.0,1.0000001192092896,3,1.0
history_deletion,51,Q011,2,M042153,-1.0,1.0000001192092896,0.9714285714285714,1.0,1.0000001192092896,3,-1.0
history_deletion,51,Q011,3,M063474,1.0,1.0000001192092896,0.8285714285714285,1.0,1.0000001192092896,3,1.0
history_deletion,51,Q011,4,M042506,0.0,1.0000001192092896,0.8025241675617615,1.0,1.0000001192092896,3,0.0
history_deletion,51,Q011,5,M089762,1.0,0.999800980091095,0.7047619047619048,0.9964285714285713,0.9989877939224243,3,1.0
history_deletion,52,Q012,1,M057809,0.0,1.0000001192092896,0.8571428571428571,1.0,1.0000001192092896,3,0.0
history_deletion,52,Q012,2,M078223,1.0,0.9991438388824463,0.8306122448979593,0.9849236641221374,0.9957172870635986,3,1.0
history_deletion,52,Q012,3,M081373,1.0,0.9991778135299683,0.8380952380952381,0.9841330425299891,0.9955400228500366,3,1.0
history_deletion,52,Q012,4,M091742,0.0,0.9990804195404053,1.0,0.971633042529989,0.992356538772583,3,0.0
history_deletion,52,Q012,5,M056558,0.0,0.998988151550293,0.7142857142857143,0.9705561613958561,0.9920319318771362,3,0.0
history_deletion,53,Q013,1,M004656,0.0,1.0000001192092896,1.0,1.0,1.0000001192092896,3,0.0
history_deletion,53,Q013,2,M000652,0.0,0.997107207775116,0.9904761904761905,0.9714537371025921,0.9911277294158936,3,0.0
history_deletion,53,Q013,3,M000489,1.0,0.9978896975517273,0.8476190476190476,0.9266154964628248,0.9803876876831055,3,1.0
history_deletion,53,Q013,4,M000224,1.0,0.9966926574707031,0.8380952380952381,0.9211835556301206,0.9783115386962891,3,1.0
history_deletion,53,Q013,5,M000522,1.0,0.9957696199417114,0.8285714285714285,0.9303165981601096,0.9300410151481628,3,1.0
history_deletion,54,Q014,1,M035347,-1.0,1.0,0.9523809523809524,1.0,1.0,3,-1.0
history_deletion,54,Q014,2,M022194,1.0,0.997409462928772,0.7940386680988185,0.9362598915079829,0.9825106859207153,3,1.0
history_deletion,54,Q014,3,M012192,0.0,0.996539831161499,0.8171679197994987,0.9520289824679138,0.9359312057495117,3,0.0
history_deletion,54,Q014,4,M061545,1.0,0.9918105602264404,0.9749910490511995,0.9073067835472415,0.9219130277633667,3,1.0
history_deletion,54,Q014,5,M034318,0.0,0.987061083316803,0.8253311851056212,0.9056325671783687,0.9186448454856873,3,0.0
history_deletion,55,Q015,1,M051010,0.0,1.0,0.8503401360544218,1.0,1.0,3,0.0
history_deletion,55,Q015,2,M101026,-1.0,0.9993199110031128,0.7993197278911566,0.9982142857142857,0.9991455078125,3,-1.0
history_deletion,55,Q015,3,M075258,1.0,0.9991916418075562,0.8122448979591838,0.993552344601963,0.9979031085968018,3,1.0
history_deletion,55,Q015,4,M063219,1.0,0.9991055727005005,0.8380952380952381,0.9931570338058887,0.9977525472640991,3,1.0
history_deletion,55,Q015,5,M039788,1.0,0.998693585395813,0.7142857142857143,0.9931570338058887,0.9975054264068604,3,1.0
history_deletion,56,Q016,1,M026665,1.0,1.0,1.0,1.0,1.0,3,1.0
history_deletion,56,Q016,2,M087806,0.0,0.9994206428527832,0.8571428571428571,0.9960332606324973,0.998660683631897,3,0.0
history_deletion,56,Q016,3,M068757,1.0,0.9996577501296997,0.8122448979591838,0.9946428571428572,0.9984554052352905,3,1.0
history_deletion,56,Q016,4,M070107,0.0,0.9994356632232666,0.8435374149659864,0.993552344601963,0.9980494976043701,3,0.0
history_deletion,56,Q016,5,M089155,1.0,0.9997481107711792,0.8503401360544218,0.9910714285714286,0.9976167678833008,3,1.0
history_deletion,57,Q017,1,M058435,1.0,1.000000238418579,0.9551020408163265,1.0,1.0000001192092896,3,1.0
history_deletion,57,Q017,2,M035900,1.0,0.9987359642982483,0.8050841389187254,0.97025627044711,0.9918056726455688,3,1.0
history_deletion,57,Q017,3,M044584,0.0,0.9985114336013794,0.8122448979591838,0.9606234096692111,0.9892627000808716,3,0.0
history_deletion,57,Q017,4,M052454,0.0,0.9986316561698914,0.8408163265306123,0.9545098984984481,0.9878065586090088,3,0.0
history_deletion,57,Q017,5,M059516,0.0,0.9993190765380859,0.8020408163265307,0.9459332969829154,0.9860748052597046,3,0.0
history_deletion,58,Q018,1,M050950,1.0,1.0000001192092896,0.9619047619047619,1.0,1.0000001192092896,3,1.0
history_deletion,58,Q018,2,M070554,1.0,0.999678373336792,0.819047619047619,0.9892857142857142,0.9971284866333008,3,1.0
history_deletion,58,Q018,3,M047611,1.0,0.999678373336792,0.9714285714285714,0.9892857142857142,0.9971284866333008,3,1.0
history_deletion,58,Q018,4,M100060,1.0,0.9984458684921265,0.7993197278911566,0.974618320610687,0.9927221536636353,3,1.0
history_deletion,58,Q018,5,M052330,1.0,0.9986474514007568,0.8095238095238095,0.9604416575790621,0.989298939704895,3,1.0
history_deletion,59,Q019,1,M046472,-1.0,0.9999999403953552,0.8571428571428571,1.0,1.0,3,-1.0
history_deletion,59,Q019,2,M026024,-1.0,0.996228039264679,0.7931972789115646,0.9349152755641306,0.9814656972885132,3,-1.0
history_deletion,59,Q019,3,M044611,0.0,0.9980992674827576,0.8571428571428571,0.9644083969465649,0.9399617314338684,3,0.0
history_deletion,59,Q019,4,M033266,1.0,0.9973161220550537,0.8122448979591838,0.9554571065067247,0.9372539520263672,3,1.0
history_deletion,59,Q019,5,M043388,-1.0,0.9955116510391235,0.8571428571428571,0.9546168526130357,0.9359612464904785,3,-1.0
history_deletion,60,Q020,1,M048011,0.0,1.0,0.8408163265306123,1.0,1.0,3,0.0
history_deletion,60,Q020,2,M069109,1.0,0.9990991950035095,0.9482993197278912,0.9806570338058888,0.9946237802505493,3,1.0
history_deletion,60,Q020,3,M033563,0.0,0.9956273436546326,0.8476190476190476,0.9691772921734755,0.9896707534790039,3,0.0
history_deletion,60,Q020,4,M061337,1.0,0.9985913038253784,0.7056032939491585,0.9560568884042165,0.9881690740585327,3,1.0
history_deletion,60,Q020,5,M064735,1.0,0.9988635778427124,0.8469387755102041,0.943452380952381,0.9851812124252319,3,1.0
history_deletion,61,Q001,1,M035956,1.0,1.0,1.0,1.0,1.0,4,1.0
history_deletion,61,Q001,2,M028549,0.0,0.9981349110603333,0.7142857142857143,0.9807776193272376,0.9940752983093262,4,0.0
history_deletion,61,Q001,3,M035537,1.0,0.9994309544563293,0.8571428571428571,0.9744138495092693,0.9932620525360107,4,1.0
history_deletion,61,Q001,4,M032957,1.0,0.9983353018760681,0.8571428571428571,0.96197571512457,0.9894951581954956,4,1.0
history_deletion,61,Q001,5,M028255,1.0,0.9990233778953552,0.7142857142857143,0.9601190476190476,0.9894437789916992,4,1.0
history_deletion,62,Q002,1,M060927,1.0,1.0,1.0,1.0,1.0,4,1.0
history_deletion,62,Q002,2,M080873,1.0,0.9988524913787842,1.0,0.9883996728462376,0.9964114427566528,4,1.0
history_deletion,62,Q002,3,M069758,1.0,0.998687744140625,0.9965986394557823,0.9790757906215921,0.9939815998077393,4,1.0
history_deletion,62,Q002,4,M085993,1.0,0.9992295503616333,0.819047619047619,0.9768947655398037,0.993761420249939,4,1.0
history_deletion,62,Q002,5,M045979,-1.0,0.99883633852005,0.7013605442176871,0.9755043620501634,0.9931778907775879,1,-1.0
history_deletion,63,Q003,1,M079920,1.0,1.0,0.9714285714285714,1.0,1.0,4,1.0
history_deletion,63,Q003,2,M072610,1.0,0.9990502595901489,0.7925170068027212,0.9859187568157034,0.9959099292755127,4,1.0
history_deletion,63,Q003,3,M090781,0.0,0.999200701713562,0.7959183673469389,0.9743184296619412,0.9931000471115112,4,0.0
history_deletion,63,Q003,4,M004476,0.0,0.998794674873352,0.8115646258503402,0.9730234460196293,0.9925327301025391,4,0.0
history_deletion,63,Q003,5,M028717,0.0,0.9990425109863281,0.8061224489795918,0.9711423118865866,0.992211103439331,1,0.0
history_deletion,64,Q004,1,M050078,0.0,1.0,0.8571428571428571,1.0,1.0,4,0.0
history_deletion,64,Q004,2,M059745,0.0,0.9982020854949951,0.8503401360544218,0.9780219780219781,0.9934267997741699,4,0.0
history_deletion,64,Q004,3,M059135,1.0,0.9978526830673218,0.8217687074829932,0.9417215418169617,0.9841419458389282,4,1.0
history_deletion,64,Q004,4,M091738,0.0,0.9967393279075623,0.8312925170068028,0.9236400050331348,0.9789535999298096,4,0.0
history_deletion,64,Q004,5,M077874,0.0,0.9964801073074341,0.8408163265306123,0.9029433352906635,0.9736239910125732,1,0.0
history_deletion,65,Q005,1,M084721,1.0,0.9992156624794006,0.834013605442177,0.9945474372955289,0.9981663227081299,4,1.0
history_deletion,65,Q005,2,M047189,1.0,0.9991359114646912,0.7108843537414966,0.9931570338058887,0.9977707862854004,4,1.0
history_deletion,65,Q005,3,M054335,0.0,0.998910665512085,0.8312925170068028,0.9934569247546347,0.9977105855941772,4,0.0
history_deletion,65,Q005,4,M095999,1.0,0.9986827373504639,0.7074829931972789,0.9858233369683751,0.9956655502319336,4,1.0
history_deletion,65,Q005,5,M099079,1.0,0.9987858533859253,0.7074829931972789,0.9848282442748092,0.995478630065918,1,1.0
history_deletion,66,Q006,1,M004727,1.0,1.0,0.9981203007518796,1.0,1.0,4,1.0
history_deletion,66,Q006,2,M016297,1.0,0.9977824687957764,0.8171679197994987,0.9870092693565977,0.9954218864440918,4,1.0
history_deletion,66,Q006,3,M014732,1.0,0.9978636503219604,0.7885964912280701,0.9806821994799094,0.9938887357711792,4,1.0
history_deletion,66,Q006,4,M090795,1.0,0.998614490032196,0.7802721088435375,0.9785850599781897,0.9938149452209473,4,1.0
history_deletion,66,Q006,5,M089503,1.0,0.9993441104888916,0.7885964912280701,0.9760087241003271,0.9936087131500244,4,1.0
history_deletion,67,Q007,1,M029944,1.0,1.000000238418579,1.0,1.0,1.0000001192092896,4,1.0
history_deletion,67,Q007,2,M030690,0.0,0.9987031817436218,0.8476190476190476,0.9678616866593964,0.991187334060669,4,0.0
history_deletion,67,Q007,3,M041095,1.0,0.9984678626060486,0.8285714285714285,0.9506410256410256,0.9867409467697144,4,1.0
history_deletion,67,Q007,4,M035734,0.0,0.9985516667366028,0.819047619047619,0.9494299275787824,0.9864885807037354,4,0.0
history_deletion,67,Q007,5,M024621,0.0,0.997981607913971,0.9619047619047619,0.9505204401196767,0.9864190816879272,1,0.0
history_deletion,68,Q008,1,M084575,0.0,1.0000001192092896,0.8571428571428571,1.0,1.0000001192092896,4,0.0
history_deletion,68,Q008,2,M076048,1.0,0.9997464418411255,0.8518617973505191,0.9964285714285713,0.9989550113677979,4,1.0
history_deletion,68,Q008,3,M065714,1.0,0.9995644688606262,0.707124955245256,0.994942748091603,0.9984743595123291,4,1.0
history_deletion,68,Q008,4,M076797,1.0,0.9991171956062317,0.7090046544933762,0.9942475463467829,0.9980322122573853,4,1.0
history_deletion,68,Q008,5,M063614,0.0,0.9990450143814087,0.8069638381668457,0.9942475463467829,0.9979889392852783,4,0.0
history_deletion,69,Q009,1,M022445,1.0,0.9995251893997192,0.8122448979591838,0.9971237731733914,0.9989960193634033,4,1.0
history_deletion,69,Q009,2,M053522,1.0,0.999415397644043,0.8435374149659864,0.9902808069792803,0.997219443321228,4,1.0
history_deletion,69,Q009,3,M043070,1.0,0.998935341835022,0.8312925170068028,0.9899809160305343,0.9968564510345459,4,1.0
history_deletion,69,Q009,4,M076903,1.0,0.9993971586227417,0.8054421768707484,0.9877044711014176,0.996564507484436,4,1.0
history_deletion,69,Q009,5,M044106,1.0,0.9993612766265869,0.8054421768707484,0.9838331515812432,0.9955750703811646,1,1.0
history_deletion,70,Q010,1,M056742,0.0,1.0,0.9962406015037594,1.0,1.0,4,0.0
history_deletion,70,Q010,2,M022852,0.0,0.9990639686584473,0.8180093089867526,0.9924618320610687,0.9975539445877075,4,0.0
history_deletion,70,Q010,3,M070100,0.0,0.9994654655456543,0.7870748299319728,0.9857142857142858,0.996107816696167,4,0.0
history_deletion,70,Q010,4,M085336,1.0,0.9990699887275696,0.8171679197994987,0.9820474372955289,0.9949538707733154,4,1.0
history_deletion,70,Q010,5,M088598,-1.0,0.9992007613182068,0.970390261367705,0.9801663031624864,0.994562029838562,1,-1.0
history_deletion,71,Q011,1,M043191,1.0,1.0000001192092896,0.9714285714285714,1.0,1.0000001192092896,4,1.0
history_deletion,71,Q011,2,M063474,1.0,1.0000001192092896,0.8285714285714285,1.0,1.0000001192092896,4,1.0
history_deletion,71,Q011,3,M042506,0.0,1.0000001192092896,0.8025241675617615,1.0,1.0000001192092896,4,0.0
history_deletion,71,Q011,4,M089762,1.0,0.999800980091095,0.7047619047619048,0.9964285714285713,0.9989877939224243,4,1.0
history_deletion,71,Q011,5,M042804,1.0,0.999800980091095,0.8380952380952381,0.9964285714285713,0.9989877939224243,1,1.0
history_deletion,72,Q012,1,M057809,0.0,1.0000001192092896,0.8571428571428571,1.0,1.0000001192092896,4,0.0
history_deletion,72,Q012,2,M078223,1.0,0.9991438388824463,0.8306122448979593,0.9849236641221374,0.9957172870635986,4,1.0
history_deletion,72,Q012,3,M081373,1.0,0.9991778135299683,0.8380952380952381,0.9841330425299891,0.9955400228500366,4,1.0
history_deletion,72,Q012,4,M091742,0.0,0.9990804195404053,1.0,0.971633042529989,0.992356538772583,4,0.0
history_deletion,72,Q012,5,M056558,0.0,0.998988151550293,0.7142857142857143,0.9705561613958561,0.9920319318771362,4,0.0
history_deletion,73,Q013,1,M004656,0.0,1.0000001192092896,1.0,1.0,1.0000001192092896,4,0.0
history_deletion,73,Q013,2,M000652,0.0,0.997107207775116,0.9904761904761905,0.9714537371025921,0.9911277294158936,4,0.0
history_deletion,73,Q013,3,M000489,1.0,0.9978896975517273,0.8476190476190476,0.9266154964628248,0.9803876876831055,4,1.0
history_deletion,73,Q013,4,M000224,1.0,0.9966926574707031,0.8380952380952381,0.9211835556301206,0.9783115386962891,4,1.0
history_deletion,73,Q013,5,M000522,1.0,0.9957696199417114,0.8285714285714285,0.9303165981601096,0.9300410151481628,4,1.0
history_deletion,74,Q014,1,M022194,1.0,0.997409462928772,0.7940386680988185,0.9362598915079829,0.9825106859207153,4,1.0
history_deletion,74,Q014,2,M012192,0.0,0.996539831161499,0.8171679197994987,0.9520289824679138,0.9359312057495117,4,0.0
history_deletion,74,Q014,3,M061545,1.0,0.9918105602264404,0.9749910490511995,0.9073067835472415,0.9219130277633667,4,1.0
history_deletion,74,Q014,4,M034318,0.0,0.987061083316803,0.8253311851056212,0.9056325671783687,0.9186448454856873,4,0.0
history_deletion,75,Q015,1,M051010,0.0,1.0,0.8503401360544218,1.0,1.0,4,0.0
history_deletion,75,Q015,2,M075258,1.0,0.9991916418075562,0.8122448979591838,0.993552344601963,0.9979031085968018,4,1.0
history_deletion,75,Q015,3,M063219,1.0,0.9991055727005005,0.8380952380952381,0.9931570338058887,0.9977525472640991,4,1.0
history_deletion,75,Q015,4,M039788,1.0,0.998693585395813,0.7142857142857143,0.9931570338058887,0.9975054264068604,4,1.0
history_deletion,75,Q015,5,M098760,1.0,0.9993159770965576,0.8285714285714285,0.9910714285714286,0.9973574876785278,1,1.0
history_deletion,76,Q016,1,M026665,1.0,1.0,1.0,1.0,1.0,4,1.0
history_deletion,76,Q016,2,M087806,0.0,0.9994206428527832,0.8571428571428571,0.9960332606324973,0.998660683631897,4,0.0
history_deletion,76,Q016,3,M068757,1.0,0.9996577501296997,0.8122448979591838,0.9946428571428572,0.9984554052352905,4,1.0
history_deletion,76,Q016,4,M070107,0.0,0.9994356632232666,0.8435374149659864,0.993552344601963,0.9980494976043701,4,0.0
history_deletion,76,Q016,5,M089155,1.0,0.9997481107711792,0.8503401360544218,0.9910714285714286,0.9976167678833008,4,1.0
history_deletion,77,Q017,1,M058435,1.0,1.000000238418579,0.9551020408163265,1.0,1.0000001192092896,4,1.0
history_deletion,77,Q017,2,M035900,1.0,0.9987359642982483,0.8050841389187254,0.97025627044711,0.9918056726455688,4,1.0
history_deletion,77,Q017,3,M044584,0.0,0.9985114336013794,0.8122448979591838,0.9606234096692111,0.9892627000808716,4,0.0
history_deletion,77,Q017,4,M052454,0.0,0.9986316561698914,0.8408163265306123,0.9545098984984481,0.9878065586090088,4,0.0
history_deletion,77,Q017,5,M059516,0.0,0.9993190765380859,0.8020408163265307,0.9459332969829154,0.9860748052597046,4,0.0
history_deletion,78,Q018,1,M050950,1.0,1.0000001192092896,0.9619047619047619,1.0,1.0000001192092896,4,1.0
history_deletion,78,Q018,2,M070554,1.0,0.999678373336792,0.819047619047619,0.9892857142857142,0.9971284866333008,4,1.0
history_deletion,78,Q018,3,M047611,1.0,0.999678373336792,0.9714285714285714,0.9892857142857142,0.9971284866333008,4,1.0
history_deletion,78,Q018,4,M100060,1.0,0.9984458684921265,0.7993197278911566,0.974618320610687,0.9927221536636353,4,1.0
history_deletion,78,Q018,5,M052330,1.0,0.9986474514007568,0.8095238095238095,0.9604416575790621,0.989298939704895,4,1.0
history_deletion,79,Q019,1,M044611,0.0,0.9980992674827576,0.8571428571428571,0.9644083969465649,0.9399617314338684,4,0.0
history_deletion,79,Q019,2,M033266,1.0,0.9973161220550537,0.8122448979591838,0.9554571065067247,0.9372539520263672,4,1.0
history_deletion,79,Q019,3,M042895,1.0,0.9960495233535767,0.8476190476190476,0.9498479573861254,0.9350917339324951,1,1.0
history_deletion,79,Q019,4,M044045,-1.0,0.9957184791564941,0.8435374149659864,0.9370732321114,0.9316994547843933,1,-1.0
history_deletion,79,Q019,5,M041625,0.0,0.9937268495559692,0.7074829931972789,0.9266116517070716,0.9278890490531921,1,0.0
history_deletion,80,Q020,1,M048011,0.0,1.0,0.8408163265306123,1.0,1.0,4,0.0
history_deletion,80,Q020,2,M069109,1.0,0.9990991950035095,0.9482993197278912,0.9806570338058888,0.9946237802505493,4,1.0
history_deletion,80,Q020,3,M033563,0.0,0.9956273436546326,0.8476190476190476,0.9691772921734755,0.9896707534790039,4,0.0
history_deletion,80,Q020,4,M061337,1.0,0.9985913038253784,0.7056032939491585,0.9560568884042165,0.9881690740585327,4,1.0
history_deletion,80,Q020,5,M064735,1.0,0.9988635778427124,0.8469387755102041,0.943452380952381,0.9851812124252319,4,1.0
history_deletion,81,Q001,1,M035956,1.0,1.0,1.0,1.0,1.0,5,1.0
history_deletion,81,Q001,2,M028549,0.0,0.9981349110603333,0.7142857142857143,0.9807776193272376,0.9940752983093262,5,0.0
history_deletion,81,Q001,3,M035537,1.0,0.9994309544563293,0.8571428571428571,0.9744138495092693,0.9932620525360107,5,1.0
history_deletion,81,Q001,4,M032957,1.0,0.9983353018760681,0.8571428571428571,0.96197571512457,0.9894951581954956,5,1.0
history_deletion,81,Q001,5,M028255,1.0,0.9990233778953552,0.7142857142857143,0.9601190476190476,0.9894437789916992,5,1.0
history_deletion,82,Q002,1,M060927,1.0,1.0,1.0,1.0,1.0,5,1.0
history_deletion,82,Q002,2,M080873,1.0,0.9988524913787842,1.0,0.9883996728462376,0.9964114427566528,5,1.0
history_deletion,82,Q002,3,M069758,1.0,0.998687744140625,0.9965986394557823,0.9790757906215921,0.9939815998077393,5,1.0
history_deletion,82,Q002,4,M085993,1.0,0.9992295503616333,0.819047619047619,0.9768947655398037,0.993761420249939,5,1.0
history_deletion,82,Q002,5,M045979,-1.0,0.99883633852005,0.7013605442176871,0.9755043620501634,0.9931778907775879,2,-1.0
history_deletion,83,Q003,1,M079920,1.0,1.0,0.9714285714285714,1.0,1.0,5,1.0
history_deletion,83,Q003,2,M072610,1.0,0.9990502595901489,0.7925170068027212,0.9859187568157034,0.9959099292755127,5,1.0
history_deletion,83,Q003,3,M090781,0.0,0.999200701713562,0.7959183673469389,0.9743184296619412,0.9931000471115112,5,0.0
history_deletion,83,Q003,4,M004476,0.0,0.998794674873352,0.8115646258503402,0.9730234460196293,0.9925327301025391,5,0.0
history_deletion,83,Q003,5,M028717,0.0,0.9990425109863281,0.8061224489795918,0.9711423118865866,0.992211103439331,2,0.0
history_deletion,84,Q004,1,M050078,0.0,1.0,0.8571428571428571,1.0,1.0,5,0.0
history_deletion,84,Q004,2,M059745,0.0,0.9982020854949951,0.8503401360544218,0.9780219780219781,0.9934267997741699,5,0.0
history_deletion,84,Q004,3,M059135,1.0,0.9978526830673218,0.8217687074829932,0.9417215418169617,0.9841419458389282,5,1.0
history_deletion,84,Q004,4,M091738,0.0,0.9967393279075623,0.8312925170068028,0.9236400050331348,0.9789535999298096,5,0.0
history_deletion,84,Q004,5,M077874,0.0,0.9964801073074341,0.8408163265306123,0.9029433352906635,0.9736239910125732,2,0.0
history_deletion,85,Q005,1,M084721,1.0,0.9992156624794006,0.834013605442177,0.9945474372955289,0.9981663227081299,5,1.0
history_deletion,85,Q005,2,M047189,1.0,0.9991359114646912,0.7108843537414966,0.9931570338058887,0.9977707862854004,5,1.0
history_deletion,85,Q005,3,M054335,0.0,0.998910665512085,0.8312925170068028,0.9934569247546347,0.9977105855941772,5,0.0
history_deletion,85,Q005,4,M095999,1.0,0.9986827373504639,0.7074829931972789,0.9858233369683751,0.9956655502319336,5,1.0
history_deletion,85,Q005,5,M099079,1.0,0.9987858533859253,0.7074829931972789,0.9848282442748092,0.995478630065918,2,1.0
history_deletion,86,Q006,1,M004727,1.0,1.0,0.9981203007518796,1.0,1.0,5,1.0
history_deletion,86,Q006,2,M016297,1.0,0.9977824687957764,0.8171679197994987,0.9870092693565977,0.9954218864440918,5,1.0
history_deletion,86,Q006,3,M014732,1.0,0.9978636503219604,0.7885964912280701,0.9806821994799094,0.9938887357711792,5,1.0
history_deletion,86,Q006,4,M090795,1.0,0.998614490032196,0.7802721088435375,0.9785850599781897,0.9938149452209473,5,1.0
history_deletion,86,Q006,5,M089503,1.0,0.9993441104888916,0.7885964912280701,0.9760087241003271,0.9936087131500244,5,1.0
history_deletion,87,Q007,1,M029944,1.0,1.000000238418579,1.0,1.0,1.0000001192092896,5,1.0
history_deletion,87,Q007,2,M030690,0.0,0.9987031817436218,0.8476190476190476,0.9678616866593964,0.991187334060669,5,0.0
history_deletion,87,Q007,3,M041095,1.0,0.9984678626060486,0.8285714285714285,0.9506410256410256,0.9867409467697144,5,1.0
history_deletion,87,Q007,4,M035734,0.0,0.9985516667366028,0.819047619047619,0.9494299275787824,0.9864885807037354,5,0.0
history_deletion,87,Q007,5,M024621,0.0,0.997981607913971,0.9619047619047619,0.9505204401196767,0.9864190816879272,2,0.0
history_deletion,88,Q008,1,M084575,0.0,1.0000001192092896,0.8571428571428571,1.0,1.0000001192092896,5,0.0
history_deletion,88,Q008,2,M076048,1.0,0.9997464418411255,0.8518617973505191,0.9964285714285713,0.9989550113677979,5,1.0
history_deletion,88,Q008,3,M065714,1.0,0.9995644688606262,0.707124955245256,0.994942748091603,0.9984743595123291,5,1.0
history_deletion,88,Q008,4,M076797,1.0,0.9991171956062317,0.7090046544933762,0.9942475463467829,0.9980322122573853,5,1.0
history_deletion,88,Q008,5,M063614,0.0,0.9990450143814087,0.8069638381668457,0.9942475463467829,0.9979889392852783,5,0.0
history_deletion,89,Q009,1,M022445,1.0,0.9995251893997192,0.8122448979591838,0.9971237731733914,0.9989960193634033,5,1.0
history_deletion,89,Q009,2,M053522,1.0,0.999415397644043,0.8435374149659864,0.9902808069792803,0.997219443321228,5,1.0
history_deletion,89,Q009,3,M043070,1.0,0.998935341835022,0.8312925170068028,0.9899809160305343,0.9968564510345459,5,1.0
history_deletion,89,Q009,4,M076903,1.0,0.9993971586227417,0.8054421768707484,0.9877044711014176,0.996564507484436,5,1.0
history_deletion,89,Q009,5,M044106,1.0,0.9993612766265869,0.8054421768707484,0.9838331515812432,0.9955750703811646,2,1.0
history_deletion,90,Q010,1,M056742,0.0,1.0,0.9962406015037594,1.0,1.0,5,0.0
history_deletion,90,Q010,2,M022852,0.0,0.9990639686584473,0.8180093089867526,0.9924618320610687,0.9975539445877075,5,0.0
history_deletion,90,Q010,3,M070100,0.0,0.9994654655456543,0.7870748299319728,0.9857142857142858,0.996107816696167,5,0.0
history_deletion,90,Q010,4,M085336,1.0,0.9990699887275696,0.8171679197994987,0.9820474372955289,0.9949538707733154,5,1.0
history_deletion,90,Q010,5,M088598,-1.0,0.9992007613182068,0.970390261367705,0.9801663031624864,0.994562029838562,2,-1.0
history_deletion,91,Q011,1,M043191,1.0,1.0000001192092896,0.9714285714285714,1.0,1.0000001192092896,5,1.0
history_deletion,91,Q011,2,M063474,1.0,1.0000001192092896,0.8285714285714285,1.0,1.0000001192092896,5,1.0
history_deletion,91,Q011,3,M042506,0.0,1.0000001192092896,0.8025241675617615,1.0,1.0000001192092896,5,0.0
history_deletion,91,Q011,4,M089762,1.0,0.999800980091095,0.7047619047619048,0.9964285714285713,0.9989877939224243,5,1.0
history_deletion,91,Q011,5,M042804,1.0,0.999800980091095,0.8380952380952381,0.9964285714285713,0.9989877939224243,2,1.0
history_deletion,92,Q012,1,M057809,0.0,1.0000001192092896,0.8571428571428571,1.0,1.0000001192092896,5,0.0
history_deletion,92,Q012,2,M078223,1.0,0.9991438388824463,0.8306122448979593,0.9849236641221374,0.9957172870635986,5,1.0
history_deletion,92,Q012,3,M081373,1.0,0.9991778135299683,0.8380952380952381,0.9841330425299891,0.9955400228500366,5,1.0
history_deletion,92,Q012,4,M091742,0.0,0.9990804195404053,1.0,0.971633042529989,0.992356538772583,5,0.0
history_deletion,92,Q012,5,M056558,0.0,0.998988151550293,0.7142857142857143,0.9705561613958561,0.9920319318771362,5,0.0
history_deletion,93,Q013,1,M004656,0.0,1.0000001192092896,1.0,1.0,1.0000001192092896,5,0.0
history_deletion,93,Q013,2,M000652,0.0,0.997107207775116,0.9904761904761905,0.9714537371025921,0.9911277294158936,5,0.0
history_deletion,93,Q013,3,M000489,1.0,0.9978896975517273,0.8476190476190476,0.9266154964628248,0.9803876876831055,5,1.0
history_deletion,93,Q013,4,M000224,1.0,0.9966926574707031,0.8380952380952381,0.9211835556301206,0.9783115386962891,5,1.0
history_deletion,93,Q013,5,M000522,1.0,0.9957696199417114,0.8285714285714285,0.9303165981601096,0.9300410151481628,5,1.0
history_deletion,94,Q014,1,M022194,1.0,0.997409462928772,0.7940386680988185,0.9362598915079829,0.9825106859207153,5,1.0
history_deletion,94,Q014,2,M012192,0.0,0.996539831161499,0.8171679197994987,0.9520289824679138,0.9359312057495117,5,0.0
history_deletion,94,Q014,3,M061545,1.0,0.9918105602264404,0.9749910490511995,0.9073067835472415,0.9219130277633667,5,1.0
history_deletion,94,Q014,4,M034318,0.0,0.987061083316803,0.8253311851056212,0.9056325671783687,0.9186448454856873,5,0.0
history_deletion,95,Q015,1,M051010,0.0,1.0,0.8503401360544218,1.0,1.0,5,0.0
history_deletion,95,Q015,2,M075258,1.0,0.9991916418075562,0.8122448979591838,0.993552344601963,0.9979031085968018,5,1.0
history_deletion,95,Q015,3,M063219,1.0,0.9991055727005005,0.8380952380952381,0.9931570338058887,0.9977525472640991,5,1.0
history_deletion,95,Q015,4,M039788,1.0,0.998693585395813,0.7142857142857143,0.9931570338058887,0.9975054264068604,5,1.0
history_deletion,95,Q015,5,M098760,1.0,0.9993159770965576,0.8285714285714285,0.9910714285714286,0.9973574876785278,2,1.0
history_deletion,96,Q016,1,M026665,1.0,1.0,1.0,1.0,1.0,5,1.0
history_deletion,96,Q016,2,M087806,0.0,0.9994206428527832,0.8571428571428571,0.9960332606324973,0.998660683631897,5,0.0
history_deletion,96,Q016,3,M068757,1.0,0.9996577501296997,0.8122448979591838,0.9946428571428572,0.9984554052352905,5,1.0
history_deletion,96,Q016,4,M070107,0.0,0.9994356632232666,0.8435374149659864,0.993552344601963,0.9980494976043701,5,0.0
history_deletion,96,Q016,5,M089155,1.0,0.9997481107711792,0.8503401360544218,0.9910714285714286,0.9976167678833008,5,1.0
history_deletion,97,Q017,1,M058435,1.0,1.000000238418579,0.9551020408163265,1.0,1.0000001192092896,5,1.0
history_deletion,97,Q017,2,M035900,1.0,0.9987359642982483,0.8050841389187254,0.97025627044711,0.9918056726455688,5,1.0
history_deletion,97,Q017,3,M044584,0.0,0.9985114336013794,0.8122448979591838,0.9606234096692111,0.9892627000808716,5,0.0
history_deletion,97,Q017,4,M052454,0.0,0.9986316561698914,0.8408163265306123,0.9545098984984481,0.9878065586090088,5,0.0
history_deletion,97,Q017,5,M059516,0.0,0.9993190765380859,0.8020408163265307,0.9459332969829154,0.9860748052597046,5,0.0
history_deletion,98,Q018,1,M050950,1.0,1.0000001192092896,0.9619047619047619,1.0,1.0000001192092896,5,1.0
history_deletion,98,Q018,2,M070554,1.0,0.999678373336792,0.819047619047619,0.9892857142857142,0.9971284866333008,5,1.0
history_deletion,98,Q018,3,M047611,1.0,0.999678373336792,0.9714285714285714,0.9892857142857142,0.9971284866333008,5,1.0
history_deletion,98,Q018,4,M100060,1.0,0.9984458684921265,0.7993197278911566,0.974618320610687,0.9927221536636353,5,1.0
history_deletion,98,Q018,5,M052330,1.0,0.9986474514007568,0.8095238095238095,0.9604416575790621,0.989298939704895,5,1.0
history_deletion,99,Q019,1,M044611,0.0,0.9980992674827576,0.8571428571428571,0.9644083969465649,0.9399617314338684,5,0.0
history_deletion,99,Q019,2,M033266,1.0,0.9973161220550537,0.8122448979591838,0.9554571065067247,0.9372539520263672,5,1.0
history_deletion,99,Q019,3,M042895,1.0,0.9960495233535767,0.8476190476190476,0.9498479573861254,0.9350917339324951,2,1.0
history_deletion,99,Q019,4,M044045,-1.0,0.9957184791564941,0.8435374149659864,0.9370732321114,0.9316994547843933,2,-1.0
history_deletion,99,Q019,5,M041625,0.0,0.9937268495559692,0.7074829931972789,0.9266116517070716,0.9278890490531921,2,0.0
history_deletion,100,Q020,1,M048011,0.0,1.0,0.8408163265306123,1.0,1.0,5,0.0
history_deletion,100,Q020,2,M069109,1.0,0.9990991950035095,0.9482993197278912,0.9806570338058888,0.9946237802505493,5,1.0
history_deletion,100,Q020,3,M033563,0.0,0.9956273436546326,0.8476190476190476,0.9691772921734755,0.9896707534790039,5,0.0
history_deletion,100,Q020,4,M061337,1.0,0.9985913038253784,0.7056032939491585,0.9560568884042165,0.9881690740585327,5,1.0
history_deletion,100,Q020,5,M064735,1.0,0.9988635778427124,0.8469387755102041,0.943452380952381,0.9851812124252319,5,1.0
history_deletion,101,Q001,1,M035956,1.0,1.0,1.0,1.0,1.0,6,1.0
history_deletion,101,Q001,2,M028549,0.0,0.9981349110603333,0.7142857142857143,0.9807776193272376,0.9940752983093262,6,0.0
history_deletion,101,Q001,3,M035537,1.0,0.9994309544563293,0.8571428571428571,0.9744138495092693,0.9932620525360107,6,1.0
history_deletion,101,Q001,4,M032957,1.0,0.9983353018760681,0.8571428571428571,0.96197571512457,0.9894951581954956,6,1.0
history_deletion,101,Q001,5,M028255,1.0,0.9990233778953552,0.7142857142857143,0.9601190476190476,0.9894437789916992,6,1.0
history_deletion,102,Q002,1,M060927,1.0,1.0,1.0,1.0,1.0,6,1.0
history_deletion,102,Q002,2,M080873,1.0,0.9988524913787842,1.0,0.9883996728462376,0.9964114427566528,6,1.0
history_deletion,102,Q002,3,M069758,1.0,0.998687744140625,0.9965986394557823,0.9790757906215921,0.9939815998077393,6,1.0
history_deletion,102,Q002,4,M085993,1.0,0.9992295503616333,0.819047619047619,0.9768947655398037,0.993761420249939,6,1.0
history_deletion,102,Q002,5,M045979,-1.0,0.99883633852005,0.7013605442176871,0.9755043620501634,0.9931778907775879,3,-1.0
history_deletion,103,Q003,1,M079920,1.0,1.0,0.9714285714285714,1.0,1.0,6,1.0
history_deletion,103,Q003,2,M072610,1.0,0.9990502595901489,0.7925170068027212,0.9859187568157034,0.9959099292755127,6,1.0
history_deletion,103,Q003,3,M090781,0.0,0.999200701713562,0.7959183673469389,0.9743184296619412,0.9931000471115112,6,0.0
history_deletion,103,Q003,4,M004476,0.0,0.998794674873352,0.8115646258503402,0.9730234460196293,0.9925327301025391,6,0.0
history_deletion,103,Q003,5,M028717,0.0,0.9990425109863281,0.8061224489795918,0.9711423118865866,0.992211103439331,3,0.0
history_deletion,104,Q004,1,M050078,0.0,1.0,0.8571428571428571,1.0,1.0,6,0.0
history_deletion,104,Q004,2,M059745,0.0,0.9982020854949951,0.8503401360544218,0.9780219780219781,0.9934267997741699,6,0.0
history_deletion,104,Q004,3,M059135,1.0,0.9978526830673218,0.8217687074829932,0.9417215418169617,0.9841419458389282,6,1.0
history_deletion,104,Q004,4,M091738,0.0,0.9967393279075623,0.8312925170068028,0.9236400050331348,0.9789535999298096,6,0.0
history_deletion,104,Q004,5,M077874,0.0,0.9964801073074341,0.8408163265306123,0.9029433352906635,0.9736239910125732,3,0.0
history_deletion,105,Q005,1,M084721,1.0,0.9992156624794006,0.834013605442177,0.9945474372955289,0.9981663227081299,6,1.0
history_deletion,105,Q005,2,M047189,1.0,0.9991359114646912,0.7108843537414966,0.9931570338058887,0.9977707862854004,6,1.0
history_deletion,105,Q005,3,M054335,0.0,0.998910665512085,0.8312925170068028,0.9934569247546347,0.9977105855941772,6,0.0
history_deletion,105,Q005,4,M095999,1.0,0.9986827373504639,0.7074829931972789,0.9858233369683751,0.9956655502319336,6,1.0
history_deletion,105,Q005,5,M099079,1.0,0.9987858533859253,0.7074829931972789,0.9848282442748092,0.995478630065918,3,1.0
history_deletion,106,Q006,1,M004727,1.0,1.0,0.9981203007518796,1.0,1.0,6,1.0
history_deletion,106,Q006,2,M016297,1.0,0.9977824687957764,0.8171679197994987,0.9870092693565977,0.9954218864440918,6,1.0
history_deletion,106,Q006,3,M014732,1.0,0.9978636503219604,0.7885964912280701,0.9806821994799094,0.9938887357711792,6,1.0
history_deletion,106,Q006,4,M090795,1.0,0.998614490032196,0.7802721088435375,0.9785850599781897,0.9938149452209473,6,1.0
history_deletion,106,Q006,5,M089503,1.0,0.9993441104888916,0.7885964912280701,0.9760087241003271,0.9936087131500244,6,1.0
history_deletion,107,Q007,1,M029944,1.0,1.000000238418579,1.0,1.0,1.0000001192092896,6,1.0
history_deletion,107,Q007,2,M030690,0.0,0.9987031817436218,0.8476190476190476,0.9678616866593964,0.991187334060669,6,0.0
history_deletion,107,Q007,3,M041095,1.0,0.9984678626060486,0.8285714285714285,0.9506410256410256,0.9867409467697144,6,1.0
history_deletion,107,Q007,4,M035734,0.0,0.9985516667366028,0.819047619047619,0.9494299275787824,0.9864885807037354,6,0.0
history_deletion,107,Q007,5,M024621,0.0,0.997981607913971,0.9619047619047619,0.9505204401196767,0.9864190816879272,3,0.0
history_deletion,108,Q008,1,M084575,0.0,1.0000001192092896,0.8571428571428571,1.0,1.0000001192092896,6,0.0
history_deletion,108,Q008,2,M076048,1.0,0.9997464418411255,0.8518617973505191,0.9964285714285713,0.9989550113677979,6,1.0
history_deletion,108,Q008,3,M065714,1.0,0.9995644688606262,0.707124955245256,0.994942748091603,0.9984743595123291,6,1.0
history_deletion,108,Q008,4,M076797,1.0,0.9991171956062317,0.7090046544933762,0.9942475463467829,0.9980322122573853,6,1.0
history_deletion,108,Q008,5,M063614,0.0,0.9990450143814087,0.8069638381668457,0.9942475463467829,0.9979889392852783,6,0.0
history_deletion,109,Q009,1,M022445,1.0,0.9995251893997192,0.8122448979591838,0.9971237731733914,0.9989960193634033,6,1.0
history_deletion,109,Q009,2,M053522,1.0,0.999415397644043,0.8435374149659864,0.9902808069792803,0.997219443321228,6,1.0
history_deletion,109,Q009,3,M043070,1.0,0.998935341835022,0.8312925170068028,0.9899809160305343,0.9968564510345459,6,1.0
history_deletion,109,Q009,4,M076903,1.0,0.9993971586227417,0.8054421768707484,0.9877044711014176,0.996564507484436,6,1.0
history_deletion,109,Q009,5,M044106,1.0,0.9993612766265869,0.8054421768707484,0.9838331515812432,0.9955750703811646,3,1.0
history_deletion,110,Q010,1,M056742,0.0,1.0,0.9962406015037594,1.0,1.0,6,0.0
history_deletion,110,Q010,2,M022852,0.0,0.9990639686584473,0.8180093089867526,0.9924618320610687,0.9975539445877075,6,0.0
history_deletion,110,Q010,3,M070100,0.0,0.9994654655456543,0.7870748299319728,0.9857142857142858,0.996107816696167,6,0.0
history_deletion,110,Q010,4,M085336,1.0,0.9990699887275696,0.8171679197994987,0.9820474372955289,0.9949538707733154,6,1.0
history_deletion,110,Q010,5,M088598,-1.0,0.9992007613182068,0.970390261367705,0.9801663031624864,0.994562029838562,3,-1.0
history_deletion,111,Q011,1,M043191,1.0,1.0000001192092896,0.9714285714285714,1.0,1.0000001192092896,6,1.0
history_deletion,111,Q011,2,M063474,1.0,1.0000001192092896,0.8285714285714285,1.0,1.0000001192092896,6,1.0
history_deletion,111,Q011,3,M042506,0.0,1.0000001192092896,0.8025241675617615,1.0,1.0000001192092896,6,0.0
history_deletion,111,Q011,4,M089762,1.0,0.999800980091095,0.7047619047619048,0.9964285714285713,0.9989877939224243,6,1.0
history_deletion,111,Q011,5,M042804,1.0,0.999800980091095,0.8380952380952381,0.9964285714285713,0.9989877939224243,3,1.0
history_deletion,112,Q012,1,M057809,0.0,1.0000001192092896,0.8571428571428571,1.0,1.0000001192092896,6,0.0
history_deletion,112,Q012,2,M078223,1.0,0.9991438388824463,0.8306122448979593,0.9849236641221374,0.9957172870635986,6,1.0
history_deletion,112,Q012,3,M081373,1.0,0.9991778135299683,0.8380952380952381,0.9841330425299891,0.9955400228500366,6,1.0
history_deletion,112,Q012,4,M091742,0.0,0.9990804195404053,1.0,0.971633042529989,0.992356538772583,6,0.0
history_deletion,112,Q012,5,M056558,0.0,0.998988151550293,0.7142857142857143,0.9705561613958561,0.9920319318771362,6,0.0
history_deletion,113,Q013,1,M004656,0.0,1.0000001192092896,1.0,1.0,1.0000001192092896,6,0.0
history_deletion,113,Q013,2,M000652,0.0,0.997107207775116,0.9904761904761905,0.9714537371025921,0.9911277294158936,6,0.0
history_deletion,113,Q013,3,M000489,1.0,0.9978896975517273,0.8476190476190476,0.9266154964628248,0.9803876876831055,6,1.0
history_deletion,113,Q013,4,M000224,1.0,0.9966926574707031,0.8380952380952381,0.9211835556301206,0.9783115386962891,6,1.0
history_deletion,113,Q013,5,M000522,1.0,0.9957696199417114,0.8285714285714285,0.9303165981601096,0.9300410151481628,6,1.0
history_deletion,114,Q014,1,M022194,1.0,0.997409462928772,0.7940386680988185,0.9362598915079829,0.9825106859207153,6,1.0
history_deletion,114,Q014,2,M012192,0.0,0.996539831161499,0.8171679197994987,0.9520289824679138,0.9359312057495117,6,0.0
history_deletion,114,Q014,3,M061545,1.0,0.9918105602264404,0.9749910490511995,0.9073067835472415,0.9219130277633667,6,1.0
history_deletion,114,Q014,4,M034318,0.0,0.987061083316803,0.8253311851056212,0.9056325671783687,0.9186448454856873,6,0.0
history_deletion,115,Q015,1,M051010,0.0,1.0,0.8503401360544218,1.0,1.0,6,0.0
history_deletion,115,Q015,2,M075258,1.0,0.9991916418075562,0.8122448979591838,0.993552344601963,0.9979031085968018,6,1.0
history_deletion,115,Q015,3,M063219,1.0,0.9991055727005005,0.8380952380952381,0.9931570338058887,0.9977525472640991,6,1.0
history_deletion,115,Q015,4,M039788,1.0,0.998693585395813,0.7142857142857143,0.9931570338058887,0.9975054264068604,6,1.0
history_deletion,115,Q015,5,M098760,1.0,0.9993159770965576,0.8285714285714285,0.9910714285714286,0.9973574876785278,3,1.0
history_deletion,116,Q016,1,M026665,1.0,1.0,1.0,1.0,1.0,6,1.0
history_deletion,116,Q016,2,M087806,0.0,0.9994206428527832,0.8571428571428571,0.9960332606324973,0.998660683631897,6,0.0
history_deletion,116,Q016,3,M068757,1.0,0.9996577501296997,0.8122448979591838,0.9946428571428572,0.9984554052352905,6,1.0
history_deletion,116,Q016,4,M070107,0.0,0.9994356632232666,0.8435374149659864,0.993552344601963,0.9980494976043701,6,0.0
history_deletion,116,Q016,5,M089155,1.0,0.9997481107711792,0.8503401360544218,0.9910714285714286,0.9976167678833008,6,1.0
history_deletion,117,Q017,1,M058435,1.0,1.000000238418579,0.9551020408163265,1.0,1.0000001192092896,6,1.0
history_deletion,117,Q017,2,M035900,1.0,0.9987359642982483,0.8050841389187254,0.97025627044711,0.9918056726455688,6,1.0
history_deletion,117,Q017,3,M044584,0.0,0.9985114336013794,0.8122448979591838,0.9606234096692111,0.9892627000808716,6,0.0
history_deletion,117,Q017,4,M052454,0.0,0.9986316561698914,0.8408163265306123,0.9545098984984481,0.9878065586090088,6,0.0
history_deletion,117,Q017,5,M059516,0.0,0.9993190765380859,0.8020408163265307,0.9459332969829154,0.9860748052597046,6,0.0
history_deletion,118,Q018,1,M050950,1.0,1.0000001192092896,0.9619047619047619,1.0,1.0000001192092896,6,1.0
history_deletion,118,Q018,2,M070554,1.0,0.999678373336792,0.819047619047619,0.9892857142857142,0.9971284866333008,6,1.0
history_deletion,118,Q018,3,M047611,1.0,0.999678373336792,0.9714285714285714,0.9892857142857142,0.9971284866333008,6,1.0
history_deletion,118,Q018,4,M100060,1.0,0.9984458684921265,0.7993197278911566,0.974618320610687,0.9927221536636353,6,1.0
history_deletion,118,Q018,5,M052330,1.0,0.9986474514007568,0.8095238095238095,0.9604416575790621,0.989298939704895,6,1.0
history_deletion,119,Q019,1,M044611,0.0,0.9980992674827576,0.8571428571428571,0.9644083969465649,0.9399617314338684,6,0.0
history_deletion,119,Q019,2,M033266,1.0,0.9973161220550537,0.8122448979591838,0.9554571065067247,0.9372539520263672,6,1.0
history_deletion,119,Q019,3,M042895,1.0,0.9960495233535767,0.8476190476190476,0.9498479573861254,0.9350917339324951,3,1.0
history_deletion,119,Q019,4,M044045,-1.0,0.9957184791564941,0.8435374149659864,0.9370732321114,0.9316994547843933,3,-1.0
history_deletion,119,Q019,5,M041625,0.0,0.9937268495559692,0.7074829931972789,0.9266116517070716,0.9278890490531921,3,0.0
history_deletion,120,Q020,1,M048011,0.0,1.0,0.8408163265306123,1.0,1.0,6,0.0
history_deletion,120,Q020,2,M069109,1.0,0.9990991950035095,0.9482993197278912,0.9806570338058888,0.9946237802505493,6,1.0
history_deletion,120,Q020,3,M033563,0.0,0.9956273436546326,0.8476190476190476,0.9691772921734755,0.9896707534790039,6,0.0
history_deletion,120,Q020,4,M061337,1.0,0.9985913038253784,0.7056032939491585,0.9560568884042165,0.9881690740585327,6,1.0
history_deletion,120,Q020,5,M064735,1.0,0.9988635778427124,0.8469387755102041,0.943452380952381,0.9851812124252319,6,1.0
history_deletion,121,Q001,1,M035956,1.0,1.0,1.0,1.0,1.0,7,1.0
history_deletion,121,Q001,2,M028549,0.0,0.9981349110603333,0.7142857142857143,0.9807776193272376,0.9940752983093262,7,0.0
history_deletion,121,Q001,3,M035537,1.0,0.9994309544563293,0.8571428571428571,0.9744138495092693,0.9932620525360107,7,1.0
history_deletion,121,Q001,4,M032957,1.0,0.9983353018760681,0.8571428571428571,0.96197571512457,0.9894951581954956,7,1.0
history_deletion,121,Q001,5,M028255,1.0,0.9990233778953552,0.7142857142857143,0.9601190476190476,0.9894437789916992,7,1.0
history_deletion,122,Q002,1,M060927,1.0,1.0,1.0,1.0,1.0,7,1.0
history_deletion,122,Q002,2,M080873,1.0,0.9988524913787842,1.0,0.9883996728462376,0.9964114427566528,7,1.0
history_deletion,122,Q002,3,M069758,1.0,0.998687744140625,0.9965986394557823,0.9790757906215921,0.9939815998077393,7,1.0
history_deletion,122,Q002,4,M085993,1.0,0.9992295503616333,0.819047619047619,0.9768947655398037,0.993761420249939,7,1.0
history_deletion,122,Q002,5,M058605,-1.0,0.9985149502754211,0.8537414965986395,0.9742230098146127,0.9926646947860718,1,-1.0
history_deletion,123,Q003,1,M079920,1.0,1.0,0.9714285714285714,1.0,1.0,7,1.0
history_deletion,123,Q003,2,M072610,1.0,0.9990502595901489,0.7925170068027212,0.9859187568157034,0.9959099292755127,7,1.0
history_deletion,123,Q003,3,M090781,0.0,0.999200701713562,0.7959183673469389,0.9743184296619412,0.9931000471115112,7,0.0
history_deletion,123,Q003,4,M004476,0.0,0.998794674873352,0.8115646258503402,0.9730234460196293,0.9925327301025391,7,0.0
history_deletion,123,Q003,5,M028717,0.0,0.9990425109863281,0.8061224489795918,0.9711423118865866,0.992211103439331,4,0.0
history_deletion,124,Q004,1,M050078,0.0,1.0,0.8571428571428571,1.0,1.0,7,0.0
history_deletion,124,Q004,2,M059745,0.0,0.9982020854949951,0.8503401360544218,0.9780219780219781,0.9934267997741699,7,0.0
history_deletion,124,Q004,3,M059135,1.0,0.9978526830673218,0.8217687074829932,0.9417215418169617,0.9841419458389282,7,1.0
history_deletion,124,Q004,4,M091738,0.0,0.9967393279075623,0.8312925170068028,0.9236400050331348,0.9789535999298096,7,0.0
history_deletion,124,Q004,5,M077874,0.0,0.9964801073074341,0.8408163265306123,0.9029433352906635,0.9736239910125732,4,0.0
history_deletion,125,Q005,1,M084721,1.0,0.9992156624794006,0.834013605442177,0.9945474372955289,0.9981663227081299,7,1.0
history_deletion,125,Q005,2,M047189,1.0,0.9991359114646912,0.7108843537414966,0.9931570338058887,0.9977707862854004,7,1.0
history_deletion,125,Q005,3,M054335,0.0,0.998910665512085,0.8312925170068028,0.9934569247546347,0.9977105855941772,7,0.0
history_deletion,125,Q005,4,M095999,1.0,0.9986827373504639,0.7074829931972789,0.9858233369683751,0.9956655502319336,7,1.0
history_deletion,125,Q005,5,M099079,1.0,0.9987858533859253,0.7074829931972789,0.9848282442748092,0.995478630065918,4,1.0
history_deletion,126,Q006,1,M004727,1.0,1.0,0.9981203007518796,1.0,1.0,7,1.0
history_deletion,126,Q006,2,M016297,1.0,0.9977824687957764,0.8171679197994987,0.9870092693565977,0.9954218864440918,7,1.0
history_deletion,126,Q006,3,M014732,1.0,0.9978636503219604,0.7885964912280701,0.9806821994799094,0.9938887357711792,7,1.0
history_deletion,126,Q006,4,M090795,1.0,0.998614490032196,0.7802721088435375,0.9785850599781897,0.9938149452209473,7,1.0
history_deletion,126,Q006,5,M089503,1.0,0.9993441104888916,0.7885964912280701,0.9760087241003271,0.9936087131500244,7,1.0
history_deletion,127,Q007,1,M029944,1.0,1.000000238418579,1.0,1.0,1.0000001192092896,7,1.0
history_deletion,127,Q007,2,M030690,0.0,0.9987031817436218,0.8476190476190476,0.9678616866593964,0.991187334060669,7,0.0
history_deletion,127,Q007,3,M041095,1.0,0.9984678626060486,0.8285714285714285,0.9506410256410256,0.9867409467697144,7,1.0
history_deletion,127,Q007,4,M035734,0.0,0.9985516667366028,0.819047619047619,0.9494299275787824,0.9864885807037354,7,0.0
history_deletion,127,Q007,5,M024621,0.0,0.997981607913971,0.9619047619047619,0.9505204401196767,0.9864190816879272,4,0.0
history_deletion,128,Q008,1,M084575,0.0,1.0000001192092896,0.8571428571428571,1.0,1.0000001192092896,7,0.0
history_deletion,128,Q008,2,M076048,1.0,0.9997464418411255,0.8518617973505191,0.9964285714285713,0.9989550113677979,7,1.0
history_deletion,128,Q008,3,M065714,1.0,0.9995644688606262,0.707124955245256,0.994942748091603,0.9984743595123291,7,1.0
history_deletion,128,Q008,4,M076797,1.0,0.9991171956062317,0.7090046544933762,0.9942475463467829,0.9980322122573853,7,1.0
history_deletion,128,Q008,5,M063614,0.0,0.9990450143814087,0.8069638381668457,0.9942475463467829,0.9979889392852783,7,0.0
history_deletion,129,Q009,1,M022445,1.0,0.9995251893997192,0.8122448979591838,0.9971237731733914,0.9989960193634033,7,1.0
history_deletion,129,Q009,2,M053522,1.0,0.999415397644043,0.8435374149659864,0.9902808069792803,0.997219443321228,7,1.0
history_deletion,129,Q009,3,M043070,1.0,0.998935341835022,0.8312925170068028,0.9899809160305343,0.9968564510345459,7,1.0
history_deletion,129,Q009,4,M076903,1.0,0.9993971586227417,0.8054421768707484,0.9877044711014176,0.996564507484436,7,1.0
history_deletion,129,Q009,5,M044106,1.0,0.9993612766265869,0.8054421768707484,0.9838331515812432,0.9955750703811646,4,1.0
history_deletion,130,Q010,1,M056742,0.0,1.0,0.9962406015037594,1.0,1.0,7,0.0
history_deletion,130,Q010,2,M022852,0.0,0.9990639686584473,0.8180093089867526,0.9924618320610687,0.9975539445877075,7,0.0
history_deletion,130,Q010,3,M070100,0.0,0.9994654655456543,0.7870748299319728,0.9857142857142858,0.996107816696167,7,0.0
history_deletion,130,Q010,4,M085336,1.0,0.9990699887275696,0.8171679197994987,0.9820474372955289,0.9949538707733154,7,1.0
history_deletion,130,Q010,5,M007635,1.0,0.9992145299911499,0.8180093089867526,0.9765948745910578,0.9936774969100952,1,1.0
history_deletion,131,Q011,1,M043191,1.0,1.0000001192092896,0.9714285714285714,1.0,1.0000001192092896,7,1.0
history_deletion,131,Q011,2,M063474,1.0,1.0000001192092896,0.8285714285714285,1.0,1.0000001192092896,7,1.0
history_deletion,131,Q011,3,M042506,0.0,1.0000001192092896,0.8025241675617615,1.0,1.0000001192092896,7,0.0
history_deletion,131,Q011,4,M089762,1.0,0.999800980091095,0.7047619047619048,0.9964285714285713,0.9989877939224243,7,1.0
history_deletion,131,Q011,5,M042804,1.0,0.999800980091095,0.8380952380952381,0.9964285714285713,0.9989877939224243,4,1.0
history_deletion,132,Q012,1,M057809,0.0,1.0000001192092896,0.8571428571428571,1.0,1.0000001192092896,7,0.0
history_deletion,132,Q012,2,M078223,1.0,0.9991438388824463,0.8306122448979593,0.9849236641221374,0.9957172870635986,7,1.0
history_deletion,132,Q012,3,M081373,1.0,0.9991778135299683,0.8380952380952381,0.9841330425299891,0.9955400228500366,7,1.0
history_deletion,132,Q012,4,M091742,0.0,0.9990804195404053,1.0,0.971633042529989,0.992356538772583,7,0.0
history_deletion,132,Q012,5,M056558,0.0,0.998988151550293,0.7142857142857143,0.9705561613958561,0.9920319318771362,7,0.0
history_deletion,133,Q013,1,M004656,0.0,1.0000001192092896,1.0,1.0,1.0000001192092896,7,0.0
history_deletion,133,Q013,2,M000652,0.0,0.997107207775116,0.9904761904761905,0.9714537371025921,0.9911277294158936,7,0.0
history_deletion,133,Q013,3,M000489,1.0,0.9978896975517273,0.8476190476190476,0.9266154964628248,0.9803876876831055,7,1.0
history_deletion,133,Q013,4,M000224,1.0,0.9966926574707031,0.8380952380952381,0.9211835556301206,0.9783115386962891,7,1.0
history_deletion,133,Q013,5,M000522,1.0,0.9957696199417114,0.8285714285714285,0.9303165981601096,0.9300410151481628,7,1.0
history_deletion,134,Q014,1,M022194,1.0,0.997409462928772,0.7940386680988185,0.9362598915079829,0.9825106859207153,7,1.0
history_deletion,134,Q014,2,M012192,0.0,0.996539831161499,0.8171679197994987,0.9520289824679138,0.9359312057495117,7,0.0
history_deletion,134,Q014,3,M061545,1.0,0.9918105602264404,0.9749910490511995,0.9073067835472415,0.9219130277633667,7,1.0
history_deletion,134,Q014,4,M034318,0.0,0.987061083316803,0.8253311851056212,0.9056325671783687,0.9186448454856873,7,0.0
history_deletion,135,Q015,1,M051010,0.0,1.0,0.8503401360544218,1.0,1.0,7,0.0
history_deletion,135,Q015,2,M075258,1.0,0.9991916418075562,0.8122448979591838,0.993552344601963,0.9979031085968018,7,1.0
history_deletion,135,Q015,3,M063219,1.0,0.9991055727005005,0.8380952380952381,0.9931570338058887,0.9977525472640991,7,1.0
history_deletion,135,Q015,4,M039788,1.0,0.998693585395813,0.7142857142857143,0.9931570338058887,0.9975054264068604,7,1.0
history_deletion,135,Q015,5,M098760,1.0,0.9993159770965576,0.8285714285714285,0.9910714285714286,0.9973574876785278,4,1.0
history_deletion,136,Q016,1,M026665,1.0,1.0,1.0,1.0,1.0,7,1.0
history_deletion,136,Q016,2,M087806,0.0,0.9994206428527832,0.8571428571428571,0.9960332606324973,0.998660683631897,7,0.0
history_deletion,136,Q016,3,M068757,1.0,0.9996577501296997,0.8122448979591838,0.9946428571428572,0.9984554052352905,7,1.0
history_deletion,136,Q016,4,M070107,0.0,0.9994356632232666,0.8435374149659864,0.993552344601963,0.9980494976043701,7,0.0
history_deletion,136,Q016,5,M089155,1.0,0.9997481107711792,0.8503401360544218,0.9910714285714286,0.9976167678833008,7,1.0
history_deletion,137,Q017,1,M058435,1.0,1.000000238418579,0.9551020408163265,1.0,1.0000001192092896,7,1.0
history_deletion,137,Q017,2,M035900,1.0,0.9987359642982483,0.8050841389187254,0.97025627044711,0.9918056726455688,7,1.0
history_deletion,137,Q017,3,M044584,0.0,0.9985114336013794,0.8122448979591838,0.9606234096692111,0.9892627000808716,7,0.0
history_deletion,137,Q017,4,M052454,0.0,0.9986316561698914,0.8408163265306123,0.9545098984984481,0.9878065586090088,7,0.0
history_deletion,137,Q017,5,M059516,0.0,0.9993190765380859,0.8020408163265307,0.9459332969829154,0.9860748052597046,7,0.0
history_deletion,138,Q018,1,M050950,1.0,1.0000001192092896,0.9619047619047619,1.0,1.0000001192092896,7,1.0
history_deletion,138,Q018,2,M070554,1.0,0.999678373336792,0.819047619047619,0.9892857142857142,0.9971284866333008,7,1.0
history_deletion,138,Q018,3,M047611,1.0,0.999678373336792,0.9714285714285714,0.9892857142857142,0.9971284866333008,7,1.0
history_deletion,138,Q018,4,M100060,1.0,0.9984458684921265,0.7993197278911566,0.974618320610687,0.9927221536636353,7,1.0
history_deletion,138,Q018,5,M052330,1.0,0.9986474514007568,0.8095238095238095,0.9604416575790621,0.989298939704895,7,1.0
history_deletion,139,Q019,1,M044611,0.0,0.9980992674827576,0.8571428571428571,0.9644083969465649,0.9399617314338684,7,0.0
history_deletion,139,Q019,2,M033266,1.0,0.9973161220550537,0.8122448979591838,0.9554571065067247,0.9372539520263672,7,1.0
history_deletion,139,Q019,3,M042895,1.0,0.9960495233535767,0.8476190476190476,0.9498479573861254,0.9350917339324951,4,1.0
history_deletion,139,Q019,4,M041625,0.0,0.9937268495559692,0.7074829931972789,0.9266116517070716,0.9278890490531921,4,0.0
history_deletion,139,Q019,5,M012182,0.0,0.9936379790306091,0.8408163265306123,0.9054738836227385,0.9225513339042664,1,0.0
history_deletion,140,Q020,1,M048011,0.0,1.0,0.8408163265306123,1.0,1.0,7,0.0
history_deletion,140,Q020,2,M069109,1.0,0.9990991950035095,0.9482993197278912,0.9806570338058888,0.9946237802505493,7,1.0
history_deletion,140,Q020,3,M033563,0.0,0.9956273436546326,0.8476190476190476,0.9691772921734755,0.9896707534790039,7,0.0
history_deletion,140,Q020,4,M061337,1.0,0.9985913038253784,0.7056032939491585,0.9560568884042165,0.9881690740585327,7,1.0
history_deletion,140,Q020,5,M064735,1.0,0.9988635778427124,0.8469387755102041,0.943452380952381,0.9851812124252319,7,1.0
history_deletion,141,Q001,1,M035956,1.0,1.0,1.0,1.0,1.0,8,1.0
history_deletion,141,Q001,2,M028549,0.0,0.9981349110603333,0.7142857142857143,0.9807776193272376,0.9940752983093262,8,0.0
history_deletion,141,Q001,3,M035537,1.0,0.9994309544563293,0.8571428571428571,0.9744138495092693,0.9932620525360107,8,1.0
history_deletion,141,Q001,4,M032957,1.0,0.9983353018760681,0.8571428571428571,0.96197571512457,0.9894951581954956,8,1.0
history_deletion,141,Q001,5,M028255,1.0,0.9990233778953552,0.7142857142857143,0.9601190476190476,0.9894437789916992,8,1.0
history_deletion,142,Q002,1,M060927,1.0,1.0,1.0,1.0,1.0,8,1.0
history_deletion,142,Q002,2,M080873,1.0,0.9988524913787842,1.0,0.9883996728462376,0.9964114427566528,8,1.0
history_deletion,142,Q002,3,M069758,1.0,0.998687744140625,0.9965986394557823,0.9790757906215921,0.9939815998077393,8,1.0
history_deletion,142,Q002,4,M085993,1.0,0.9992295503616333,0.819047619047619,0.9768947655398037,0.993761420249939,8,1.0
history_deletion,142,Q002,5,M058605,-1.0,0.9985149502754211,0.8537414965986395,0.9742230098146127,0.9926646947860718,2,-1.0
history_deletion,143,Q003,1,M079920,1.0,1.0,0.9714285714285714,1.0,1.0,8,1.0
history_deletion,143,Q003,2,M072610,1.0,0.9990502595901489,0.7925170068027212,0.9859187568157034,0.9959099292755127,8,1.0
history_deletion,143,Q003,3,M090781,0.0,0.999200701713562,0.7959183673469389,0.9743184296619412,0.9931000471115112,8,0.0
history_deletion,143,Q003,4,M004476,0.0,0.998794674873352,0.8115646258503402,0.9730234460196293,0.9925327301025391,8,0.0
history_deletion,143,Q003,5,M028717,0.0,0.9990425109863281,0.8061224489795918,0.9711423118865866,0.992211103439331,5,0.0
history_deletion,144,Q004,1,M050078,0.0,1.0,0.8571428571428571,1.0,1.0,8,0.0
history_deletion,144,Q004,2,M059745,0.0,0.9982020854949951,0.8503401360544218,0.9780219780219781,0.9934267997741699,8,0.0
history_deletion,144,Q004,3,M059135,1.0,0.9978526830673218,0.8217687074829932,0.9417215418169617,0.9841419458389282,8,1.0
history_deletion,144,Q004,4,M091738,0.0,0.9967393279075623,0.8312925170068028,0.9236400050331348,0.9789535999298096,8,0.0
history_deletion,144,Q004,5,M077874,0.0,0.9964801073074341,0.8408163265306123,0.9029433352906635,0.9736239910125732,5,0.0
history_deletion,145,Q005,1,M084721,1.0,0.9992156624794006,0.834013605442177,0.9945474372955289,0.9981663227081299,8,1.0
history_deletion,145,Q005,2,M047189,1.0,0.9991359114646912,0.7108843537414966,0.9931570338058887,0.9977707862854004,8,1.0
history_deletion,145,Q005,3,M054335,0.0,0.998910665512085,0.8312925170068028,0.9934569247546347,0.9977105855941772,8,0.0
history_deletion,145,Q005,4,M095999,1.0,0.9986827373504639,0.7074829931972789,0.9858233369683751,0.9956655502319336,8,1.0
history_deletion,145,Q005,5,M099079,1.0,0.9987858533859253,0.7074829931972789,0.9848282442748092,0.995478630065918,5,1.0
history_deletion,146,Q006,1,M004727,1.0,1.0,0.9981203007518796,1.0,1.0,8,1.0
history_deletion,146,Q006,2,M016297,1.0,0.9977824687957764,0.8171679197994987,0.9870092693565977,0.9954218864440918,8,1.0
history_deletion,146,Q006,3,M014732,1.0,0.9978636503219604,0.7885964912280701,0.9806821994799094,0.9938887357711792,8,1.0
history_deletion,146,Q006,4,M090795,1.0,0.998614490032196,0.7802721088435375,0.9785850599781897,0.9938149452209473,8,1.0
history_deletion,146,Q006,5,M089503,1.0,0.9993441104888916,0.7885964912280701,0.9760087241003271,0.9936087131500244,8,1.0
history_deletion,147,Q007,1,M029944,1.0,1.000000238418579,1.0,1.0,1.0000001192092896,8,1.0
history_deletion,147,Q007,2,M030690,0.0,0.9987031817436218,0.8476190476190476,0.9678616866593964,0.991187334060669,8,0.0
history_deletion,147,Q007,3,M041095,1.0,0.9984678626060486,0.8285714285714285,0.9506410256410256,0.9867409467697144,8,1.0
history_deletion,147,Q007,4,M035734,0.0,0.9985516667366028,0.819047619047619,0.9494299275787824,0.9864885807037354,8,0.0
history_deletion,147,Q007,5,M024621,0.0,0.997981607913971,0.9619047619047619,0.9505204401196767,0.9864190816879272,5,0.0
history_deletion,148,Q008,1,M084575,0.0,1.0000001192092896,0.8571428571428571,1.0,1.0000001192092896,8,0.0
history_deletion,148,Q008,2,M076048,1.0,0.9997464418411255,0.8518617973505191,0.9964285714285713,0.9989550113677979,8,1.0
history_deletion,148,Q008,3,M065714,1.0,0.9995644688606262,0.707124955245256,0.994942748091603,0.9984743595123291,8,1.0
history_deletion,148,Q008,4,M076797,1.0,0.9991171956062317,0.7090046544933762,0.9942475463467829,0.9980322122573853,8,1.0
history_deletion,148,Q008,5,M063614,0.0,0.9990450143814087,0.8069638381668457,0.9942475463467829,0.9979889392852783,8,0.0
history_deletion,149,Q009,1,M022445,1.0,0.9995251893997192,0.8122448979591838,0.9971237731733914,0.9989960193634033,8,1.0
history_deletion,149,Q009,2,M053522,1.0,0.999415397644043,0.8435374149659864,0.9902808069792803,0.997219443321228,8,1.0
history_deletion,149,Q009,3,M043070,1.0,0.998935341835022,0.8312925170068028,0.9899809160305343,0.9968564510345459,8,1.0
history_deletion,149,Q009,4,M076903,1.0,0.9993971586227417,0.8054421768707484,0.9877044711014176,0.996564507484436,8,1.0
history_deletion,149,Q009,5,M044106,1.0,0.9993612766265869,0.8054421768707484,0.9838331515812432,0.9955750703811646,5,1.0
history_deletion,150,Q010,1,M056742,0.0,1.0,0.9962406015037594,1.0,1.0,8,0.0
history_deletion,150,Q010,2,M022852,0.0,0.9990639686584473,0.8180093089867526,0.9924618320610687,0.9975539445877075,8,0.0
history_deletion,150,Q010,3,M070100,0.0,0.9994654655456543,0.7870748299319728,0.9857142857142858,0.996107816696167,8,0.0
history_deletion,150,Q010,4,M085336,1.0,0.9990699887275696,0.8171679197994987,0.9820474372955289,0.9949538707733154,8,1.0
history_deletion,150,Q010,5,M007635,1.0,0.9992145299911499,0.8180093089867526,0.9765948745910578,0.9936774969100952,2,1.0
history_deletion,151,Q011,1,M043191,1.0,1.0000001192092896,0.9714285714285714,1.0,1.0000001192092896,8,1.0
history_deletion,151,Q011,2,M063474,1.0,1.0000001192092896,0.8285714285714285,1.0,1.0000001192092896,8,1.0
history_deletion,151,Q011,3,M042506,0.0,1.0000001192092896,0.8025241675617615,1.0,1.0000001192092896,8,0.0
history_deletion,151,Q011,4,M089762,1.0,0.999800980091095,0.7047619047619048,0.9964285714285713,0.9989877939224243,8,1.0
history_deletion,151,Q011,5,M042804,1.0,0.999800980091095,0.8380952380952381,0.9964285714285713,0.9989877939224243,5,1.0
history_deletion,152,Q012,1,M057809,0.0,1.0000001192092896,0.8571428571428571,1.0,1.0000001192092896,8,0.0
history_deletion,152,Q012,2,M078223,1.0,0.9991438388824463,0.8306122448979593,0.9849236641221374,0.9957172870635986,8,1.0
history_deletion,152,Q012,3,M081373,1.0,0.9991778135299683,0.8380952380952381,0.9841330425299891,0.9955400228500366,8,1.0
history_deletion,152,Q012,4,M091742,0.0,0.9990804195404053,1.0,0.971633042529989,0.992356538772583,8,0.0
history_deletion,152,Q012,5,M056558,0.0,0.998988151550293,0.7142857142857143,0.9705561613958561,0.9920319318771362,8,0.0
history_deletion,153,Q013,1,M004656,0.0,1.0000001192092896,1.0,1.0,1.0000001192092896,8,0.0
history_deletion,153,Q013,2,M000652,0.0,0.997107207775116,0.9904761904761905,0.9714537371025921,0.9911277294158936,8,0.0
history_deletion,153,Q013,3,M000489,1.0,0.9978896975517273,0.8476190476190476,0.9266154964628248,0.9803876876831055,8,1.0
history_deletion,153,Q013,4,M000224,1.0,0.9966926574707031,0.8380952380952381,0.9211835556301206,0.9783115386962891,8,1.0
history_deletion,153,Q013,5,M000522,1.0,0.9957696199417114,0.8285714285714285,0.9303165981601096,0.9300410151481628,8,1.0
history_deletion,154,Q014,1,M022194,1.0,0.997409462928772,0.7940386680988185,0.9362598915079829,0.9825106859207153,8,1.0
history_deletion,154,Q014,2,M012192,0.0,0.996539831161499,0.8171679197994987,0.9520289824679138,0.9359312057495117,8,0.0
history_deletion,154,Q014,3,M061545,1.0,0.9918105602264404,0.9749910490511995,0.9073067835472415,0.9219130277633667,8,1.0
history_deletion,154,Q014,4,M034318,0.0,0.987061083316803,0.8253311851056212,0.9056325671783687,0.9186448454856873,8,0.0
history_deletion,155,Q015,1,M051010,0.0,1.0,0.8503401360544218,1.0,1.0,8,0.0
history_deletion,155,Q015,2,M075258,1.0,0.9991916418075562,0.8122448979591838,0.993552344601963,0.9979031085968018,8,1.0
history_deletion,155,Q015,3,M063219,1.0,0.9991055727005005,0.8380952380952381,0.9931570338058887,0.9977525472640991,8,1.0
history_deletion,155,Q015,4,M039788,1.0,0.998693585395813,0.7142857142857143,0.9931570338058887,0.9975054264068604,8,1.0
history_deletion,155,Q015,5,M098760,1.0,0.9993159770965576,0.8285714285714285,0.9910714285714286,0.9973574876785278,5,1.0
history_deletion,156,Q016,1,M026665,1.0,1.0,1.0,1.0,1.0,8,1.0
history_deletion,156,Q016,2,M087806,0.0,0.9994206428527832,0.8571428571428571,0.9960332606324973,0.998660683631897,8,0.0
history_deletion,156,Q016,3,M068757,1.0,0.9996577501296997,0.8122448979591838,0.9946428571428572,0.9984554052352905,8,1.0
history_deletion,156,Q016,4,M070107,0.0,0.9994356632232666,0.8435374149659864,0.993552344601963,0.9980494976043701,8,0.0
history_deletion,156,Q016,5,M089155,1.0,0.9997481107711792,0.8503401360544218,0.9910714285714286,0.9976167678833008,8,1.0
history_deletion,157,Q017,1,M058435,1.0,1.000000238418579,0.9551020408163265,1.0,1.0000001192092896,8,1.0
history_deletion,157,Q017,2,M035900,1.0,0.9987359642982483,0.8050841389187254,0.97025627044711,0.9918056726455688,8,1.0
history_deletion,157,Q017,3,M044584,0.0,0.9985114336013794,0.8122448979591838,0.9606234096692111,0.9892627000808716,8,0.0
history_deletion,157,Q017,4,M052454,0.0,0.9986316561698914,0.8408163265306123,0.9545098984984481,0.9878065586090088,8,0.0
history_deletion,157,Q017,5,M059516,0.0,0.9993190765380859,0.8020408163265307,0.9459332969829154,0.9860748052597046,8,0.0
history_deletion,158,Q018,1,M050950,1.0,1.0000001192092896,0.9619047619047619,1.0,1.0000001192092896,8,1.0
history_deletion,158,Q018,2,M070554,1.0,0.999678373336792,0.819047619047619,0.9892857142857142,0.9971284866333008,8,1.0
history_deletion,158,Q018,3,M047611,1.0,0.999678373336792,0.9714285714285714,0.9892857142857142,0.9971284866333008,8,1.0
history_deletion,158,Q018,4,M100060,1.0,0.9984458684921265,0.7993197278911566,0.974618320610687,0.9927221536636353,8,1.0
history_deletion,158,Q018,5,M052330,1.0,0.9986474514007568,0.8095238095238095,0.9604416575790621,0.989298939704895,8,1.0
history_deletion,159,Q019,1,M044611,0.0,0.9980992674827576,0.8571428571428571,0.9644083969465649,0.9399617314338684,8,0.0
history_deletion,159,Q019,2,M033266,1.0,0.9973161220550537,0.8122448979591838,0.9554571065067247,0.9372539520263672,8,1.0
history_deletion,159,Q019,3,M042895,1.0,0.9960495233535767,0.8476190476190476,0.9498479573861254,0.9350917339324951,5,1.0
history_deletion,159,Q019,4,M041625,0.0,0.9937268495559692,0.7074829931972789,0.9266116517070716,0.9278890490531921,5,0.0
history_deletion,159,Q019,5,M012182,0.0,0.9936379790306091,0.8408163265306123,0.9054738836227385,0.9225513339042664,2,0.0
history_deletion,160,Q020,1,M048011,0.0,1.0,0.8408163265306123,1.0,1.0,8,0.0
history_deletion,160,Q020,2,M069109,1.0,0.9990991950035095,0.9482993197278912,0.9806570338058888,0.9946237802505493,8,1.0
history_deletion,160,Q020,3,M033563,0.0,0.9956273436546326,0.8476190476190476,0.9691772921734755,0.9896707534790039,8,0.0
history_deletion,160,Q020,4,M061337,1.0,0.9985913038253784,0.7056032939491585,0.9560568884042165,0.9881690740585327,8,1.0
history_deletion,160,Q020,5,M064735,1.0,0.9988635778427124,0.8469387755102041,0.943452380952381,0.9851812124252319,8,1.0
history_deletion,161,Q001,1,M035956,1.0,1.0,1.0,1.0,1.0,9,1.0
history_deletion,161,Q001,2,M028549,0.0,0.9981349110603333,0.7142857142857143,0.9807776193272376,0.9940752983093262,9,0.0
history_deletion,161,Q001,3,M035537,1.0,0.9994309544563293,0.8571428571428571,0.9744138495092693,0.9932620525360107,9,1.0
history_deletion,161,Q001,4,M032957,1.0,0.9983353018760681,0.8571428571428571,0.96197571512457,0.9894951581954956,9,1.0
history_deletion,161,Q001,5,M028255,1.0,0.9990233778953552,0.7142857142857143,0.9601190476190476,0.9894437789916992,9,1.0
history_deletion,162,Q002,1,M060927,1.0,1.0,1.0,1.0,1.0,9,1.0
history_deletion,162,Q002,2,M080873,1.0,0.9988524913787842,1.0,0.9883996728462376,0.9964114427566528,9,1.0
history_deletion,162,Q002,3,M069758,1.0,0.998687744140625,0.9965986394557823,0.9790757906215921,0.9939815998077393,9,1.0
history_deletion,162,Q002,4,M085993,1.0,0.9992295503616333,0.819047619047619,0.9768947655398037,0.993761420249939,9,1.0
history_deletion,162,Q002,5,M058605,-1.0,0.9985149502754211,0.8537414965986395,0.9742230098146127,0.9926646947860718,3,-1.0
history_deletion,163,Q003,1,M079920,1.0,1.0,0.9714285714285714,1.0,1.0,9,1.0
history_deletion,163,Q003,2,M072610,1.0,0.9990502595901489,0.7925170068027212,0.9859187568157034,0.9959099292755127,9,1.0
history_deletion,163,Q003,3,M090781,0.0,0.999200701713562,0.7959183673469389,0.9743184296619412,0.9931000471115112,9,0.0
history_deletion,163,Q003,4,M004476,0.0,0.998794674873352,0.8115646258503402,0.9730234460196293,0.9925327301025391,9,0.0
history_deletion,163,Q003,5,M028717,0.0,0.9990425109863281,0.8061224489795918,0.9711423118865866,0.992211103439331,6,0.0
history_deletion,164,Q004,1,M050078,0.0,1.0,0.8571428571428571,1.0,1.0,9,0.0
history_deletion,164,Q004,2,M059745,0.0,0.9982020854949951,0.8503401360544218,0.9780219780219781,0.9934267997741699,9,0.0
history_deletion,164,Q004,3,M059135,1.0,0.9978526830673218,0.8217687074829932,0.9417215418169617,0.9841419458389282,9,1.0
history_deletion,164,Q004,4,M091738,0.0,0.9967393279075623,0.8312925170068028,0.9236400050331348,0.9789535999298096,9,0.0
history_deletion,164,Q004,5,M077874,0.0,0.9964801073074341,0.8408163265306123,0.9029433352906635,0.9736239910125732,6,0.0
history_deletion,165,Q005,1,M084721,1.0,0.9992156624794006,0.834013605442177,0.9945474372955289,0.9981663227081299,9,1.0
history_deletion,165,Q005,2,M047189,1.0,0.9991359114646912,0.7108843537414966,0.9931570338058887,0.9977707862854004,9,1.0
history_deletion,165,Q005,3,M054335,0.0,0.998910665512085,0.8312925170068028,0.9934569247546347,0.9977105855941772,9,0.0
history_deletion,165,Q005,4,M095999,1.0,0.9986827373504639,0.7074829931972789,0.9858233369683751,0.9956655502319336,9,1.0
history_deletion,165,Q005,5,M099079,1.0,0.9987858533859253,0.7074829931972789,0.9848282442748092,0.995478630065918,6,1.0
history_deletion,166,Q006,1,M004727,1.0,1.0,0.9981203007518796,1.0,1.0,9,1.0
history_deletion,166,Q006,2,M016297,1.0,0.9977824687957764,0.8171679197994987,0.9870092693565977,0.9954218864440918,9,1.0
history_deletion,166,Q006,3,M014732,1.0,0.9978636503219604,0.7885964912280701,0.9806821994799094,0.9938887357711792,9,1.0
history_deletion,166,Q006,4,M090795,1.0,0.998614490032196,0.7802721088435375,0.9785850599781897,0.9938149452209473,9,1.0
history_deletion,166,Q006,5,M089503,1.0,0.9993441104888916,0.7885964912280701,0.9760087241003271,0.9936087131500244,9,1.0
history_deletion,167,Q007,1,M029944,1.0,1.000000238418579,1.0,1.0,1.0000001192092896,9,1.0
history_deletion,167,Q007,2,M030690,0.0,0.9987031817436218,0.8476190476190476,0.9678616866593964,0.991187334060669,9,0.0
history_deletion,167,Q007,3,M041095,1.0,0.9984678626060486,0.8285714285714285,0.9506410256410256,0.9867409467697144,9,1.0
history_deletion,167,Q007,4,M035734,0.0,0.9985516667366028,0.819047619047619,0.9494299275787824,0.9864885807037354,9,0.0
history_deletion,167,Q007,5,M024621,0.0,0.997981607913971,0.9619047619047619,0.9505204401196767,0.9864190816879272,6,0.0
history_deletion,168,Q008,1,M084575,0.0,1.0000001192092896,0.8571428571428571,1.0,1.0000001192092896,9,0.0
history_deletion,168,Q008,2,M076048,1.0,0.9997464418411255,0.8518617973505191,0.9964285714285713,0.9989550113677979,9,1.0
history_deletion,168,Q008,3,M065714,1.0,0.9995644688606262,0.707124955245256,0.994942748091603,0.9984743595123291,9,1.0
history_deletion,168,Q008,4,M076797,1.0,0.9991171956062317,0.7090046544933762,0.9942475463467829,0.9980322122573853,9,1.0
history_deletion,168,Q008,5,M063614,0.0,0.9990450143814087,0.8069638381668457,0.9942475463467829,0.9979889392852783,9,0.0
history_deletion,169,Q009,1,M022445,1.0,0.9995251893997192,0.8122448979591838,0.9971237731733914,0.9989960193634033,9,1.0
history_deletion,169,Q009,2,M053522,1.0,0.999415397644043,0.8435374149659864,0.9902808069792803,0.997219443321228,9,1.0
history_deletion,169,Q009,3,M043070,1.0,0.998935341835022,0.8312925170068028,0.9899809160305343,0.9968564510345459,9,1.0
history_deletion,169,Q009,4,M076903,1.0,0.9993971586227417,0.8054421768707484,0.9877044711014176,0.996564507484436,9,1.0
history_deletion,169,Q009,5,M044106,1.0,0.9993612766265869,0.8054421768707484,0.9838331515812432,0.9955750703811646,6,1.0
history_deletion,170,Q010,1,M056742,0.0,1.0,0.9962406015037594,1.0,1.0,9,0.0
history_deletion,170,Q010,2,M022852,0.0,0.9990639686584473,0.8180093089867526,0.9924618320610687,0.9975539445877075,9,0.0
history_deletion,170,Q010,3,M070100,0.0,0.9994654655456543,0.7870748299319728,0.9857142857142858,0.996107816696167,9,0.0
history_deletion,170,Q010,4,M085336,1.0,0.9990699887275696,0.8171679197994987,0.9820474372955289,0.9949538707733154,9,1.0
history_deletion,170,Q010,5,M007635,1.0,0.9992145299911499,0.8180093089867526,0.9765948745910578,0.9936774969100952,3,1.0
history_deletion,171,Q011,1,M043191,1.0,1.0000001192092896,0.9714285714285714,1.0,1.0000001192092896,9,1.0
history_deletion,171,Q011,2,M063474,1.0,1.0000001192092896,0.8285714285714285,1.0,1.0000001192092896,9,1.0
history_deletion,171,Q011,3,M042506,0.0,1.0000001192092896,0.8025241675617615,1.0,1.0000001192092896,9,0.0
history_deletion,171,Q011,4,M089762,1.0,0.999800980091095,0.7047619047619048,0.9964285714285713,0.9989877939224243,9,1.0
history_deletion,171,Q011,5,M042804,1.0,0.999800980091095,0.8380952380952381,0.9964285714285713,0.9989877939224243,6,1.0
history_deletion,172,Q012,1,M057809,0.0,1.0000001192092896,0.8571428571428571,1.0,1.0000001192092896,9,0.0
history_deletion,172,Q012,2,M078223,1.0,0.9991438388824463,0.8306122448979593,0.9849236641221374,0.9957172870635986,9,1.0
history_deletion,172,Q012,3,M081373,1.0,0.9991778135299683,0.8380952380952381,0.9841330425299891,0.9955400228500366,9,1.0
history_deletion,172,Q012,4,M091742,0.0,0.9990804195404053,1.0,0.971633042529989,0.992356538772583,9,0.0
history_deletion,172,Q012,5,M056558,0.0,0.998988151550293,0.7142857142857143,0.9705561613958561,0.9920319318771362,9,0.0
history_deletion,173,Q013,1,M004656,0.0,1.0000001192092896,1.0,1.0,1.0000001192092896,9,0.0
history_deletion,173,Q013,2,M000652,0.0,0.997107207775116,0.9904761904761905,0.9714537371025921,0.9911277294158936,9,0.0
history_deletion,173,Q013,3,M000489,1.0,0.9978896975517273,0.8476190476190476,0.9266154964628248,0.9803876876831055,9,1.0
history_deletion,173,Q013,4,M000224,1.0,0.9966926574707031,0.8380952380952381,0.9211835556301206,0.9783115386962891,9,1.0
history_deletion,173,Q013,5,M000522,1.0,0.9957696199417114,0.8285714285714285,0.9303165981601096,0.9300410151481628,9,1.0
history_deletion,174,Q014,1,M022194,1.0,0.997409462928772,0.7940386680988185,0.9362598915079829,0.9825106859207153,9,1.0
history_deletion,174,Q014,2,M012192,0.0,0.996539831161499,0.8171679197994987,0.9520289824679138,0.9359312057495117,9,0.0
history_deletion,174,Q014,3,M061545,1.0,0.9918105602264404,0.9749910490511995,0.9073067835472415,0.9219130277633667,9,1.0
history_deletion,174,Q014,4,M034318,0.0,0.987061083316803,0.8253311851056212,0.9056325671783687,0.9186448454856873,9,0.0
history_deletion,175,Q015,1,M051010,0.0,1.0,0.8503401360544218,1.0,1.0,9,0.0
history_deletion,175,Q015,2,M075258,1.0,0.9991916418075562,0.8122448979591838,0.993552344601963,0.9979031085968018,9,1.0
history_deletion,175,Q015,3,M063219,1.0,0.9991055727005005,0.8380952380952381,0.9931570338058887,0.9977525472640991,9,1.0
history_deletion,175,Q015,4,M039788,1.0,0.998693585395813,0.7142857142857143,0.9931570338058887,0.9975054264068604,9,1.0
history_deletion,175,Q015,5,M098760,1.0,0.9993159770965576,0.8285714285714285,0.9910714285714286,0.9973574876785278,6,1.0
history_deletion,176,Q016,1,M026665,1.0,1.0,1.0,1.0,1.0,9,1.0
history_deletion,176,Q016,2,M087806,0.0,0.9994206428527832,0.8571428571428571,0.9960332606324973,0.998660683631897,9,0.0
history_deletion,176,Q016,3,M068757,1.0,0.9996577501296997,0.8122448979591838,0.9946428571428572,0.9984554052352905,9,1.0
history_deletion,176,Q016,4,M070107,0.0,0.9994356632232666,0.8435374149659864,0.993552344601963,0.9980494976043701,9,0.0
history_deletion,176,Q016,5,M089155,1.0,0.9997481107711792,0.8503401360544218,0.9910714285714286,0.9976167678833008,9,1.0
history_deletion,177,Q017,1,M058435,1.0,1.000000238418579,0.9551020408163265,1.0,1.0000001192092896,9,1.0
history_deletion,177,Q017,2,M035900,1.0,0.9987359642982483,0.8050841389187254,0.97025627044711,0.9918056726455688,9,1.0
history_deletion,177,Q017,3,M044584,0.0,0.9985114336013794,0.8122448979591838,0.9606234096692111,0.9892627000808716,9,0.0
history_deletion,177,Q017,4,M052454,0.0,0.9986316561698914,0.8408163265306123,0.9545098984984481,0.9878065586090088,9,0.0
history_deletion,177,Q017,5,M059516,0.0,0.9993190765380859,0.8020408163265307,0.9459332969829154,0.9860748052597046,9,0.0
history_deletion,178,Q018,1,M050950,1.0,1.0000001192092896,0.9619047619047619,1.0,1.0000001192092896,9,1.0
history_deletion,178,Q018,2,M070554,1.0,0.999678373336792,0.819047619047619,0.9892857142857142,0.9971284866333008,9,1.0
history_deletion,178,Q018,3,M047611,1.0,0.999678373336792,0.9714285714285714,0.9892857142857142,0.9971284866333008,9,1.0
history_deletion,178,Q018,4,M100060,1.0,0.9984458684921265,0.7993197278911566,0.974618320610687,0.9927221536636353,9,1.0
history_deletion,178,Q018,5,M052330,1.0,0.9986474514007568,0.8095238095238095,0.9604416575790621,0.989298939704895,9,1.0
history_deletion,179,Q019,1,M044611,0.0,0.9980992674827576,0.8571428571428571,0.9644083969465649,0.9399617314338684,9,0.0
history_deletion,179,Q019,2,M033266,1.0,0.9973161220550537,0.8122448979591838,0.9554571065067247,0.9372539520263672,9,1.0
history_deletion,179,Q019,3,M042895,1.0,0.9960495233535767,0.8476190476190476,0.9498479573861254,0.9350917339324951,6,1.0
history_deletion,179,Q019,4,M041625,0.0,0.9937268495559692,0.7074829931972789,0.9266116517070716,0.9278890490531921,6,0.0
history_deletion,179,Q019,5,M012182,0.0,0.9936379790306091,0.8408163265306123,0.9054738836227385,0.9225513339042664,3,0.0
history_deletion,180,Q020,1,M048011,0.0,1.0,0.8408163265306123,1.0,1.0,9,0.0
history_deletion,180,Q020,2,M069109,1.0,0.9990991950035095,0.9482993197278912,0.9806570338058888,0.9946237802505493,9,1.0
history_deletion,180,Q020,3,M033563,0.0,0.9956273436546326,0.8476190476190476,0.9691772921734755,0.9896707534790039,9,0.0
history_deletion,180,Q020,4,M061337,1.0,0.9985913038253784,0.7056032939491585,0.9560568884042165,0.9881690740585327,9,1.0
history_deletion,180,Q020,5,M064735,1.0,0.9988635778427124,0.8469387755102041,0.943452380952381,0.9851812124252319,9,1.0
history_deletion,181,Q001,1,M035956,1.0,1.0,1.0,1.0,1.0,10,1.0
history_deletion,181,Q001,2,M028549,0.0,0.9981349110603333,0.7142857142857143,0.9807776193272376,0.9940752983093262,10,0.0
history_deletion,181,Q001,3,M035537,1.0,0.9994309544563293,0.8571428571428571,0.9744138495092693,0.9932620525360107,10,1.0
history_deletion,181,Q001,4,M032957,1.0,0.9983353018760681,0.8571428571428571,0.96197571512457,0.9894951581954956,10,1.0
history_deletion,181,Q001,5,M028255,1.0,0.9990233778953552,0.7142857142857143,0.9601190476190476,0.9894437789916992,10,1.0
history_deletion,182,Q002,1,M060927,1.0,1.0,1.0,1.0,1.0,10,1.0
history_deletion,182,Q002,2,M080873,1.0,0.9988524913787842,1.0,0.9883996728462376,0.9964114427566528,10,1.0
history_deletion,182,Q002,3,M069758,1.0,0.998687744140625,0.9965986394557823,0.9790757906215921,0.9939815998077393,10,1.0
history_deletion,182,Q002,4,M085993,1.0,0.9992295503616333,0.819047619047619,0.9768947655398037,0.993761420249939,10,1.0
history_deletion,182,Q002,5,M051698,1.0,0.9978924989700317,0.819047619047619,0.9700427117411851,0.991246223449707,1,1.0
history_deletion,183,Q003,1,M079920,1.0,1.0,0.9714285714285714,1.0,1.0,10,1.0
history_deletion,183,Q003,2,M072610,1.0,0.9990502595901489,0.7925170068027212,0.9859187568157034,0.9959099292755127,10,1.0
history_deletion,183,Q003,3,M090781,0.0,0.999200701713562,0.7959183673469389,0.9743184296619412,0.9931000471115112,10,0.0
history_deletion,183,Q003,4,M004476,0.0,0.998794674873352,0.8115646258503402,0.9730234460196293,0.9925327301025391,10,0.0
history_deletion,183,Q003,5,M028717,0.0,0.9990425109863281,0.8061224489795918,0.9711423118865866,0.992211103439331,7,0.0
history_deletion,184,Q004,1,M050078,0.0,1.0,0.8571428571428571,1.0,1.0,10,0.0
history_deletion,184,Q004,2,M059745,0.0,0.9982020854949951,0.8503401360544218,0.9780219780219781,0.9934267997741699,10,0.0
history_deletion,184,Q004,3,M059135,1.0,0.9978526830673218,0.8217687074829932,0.9417215418169617,0.9841419458389282,10,1.0
history_deletion,184,Q004,4,M091738,0.0,0.9967393279075623,0.8312925170068028,0.9236400050331348,0.9789535999298096,10,0.0
history_deletion,184,Q004,5,M077874,0.0,0.9964801073074341,0.8408163265306123,0.9029433352906635,0.9736239910125732,7,0.0
history_deletion,185,Q005,1,M084721,1.0,0.9992156624794006,0.834013605442177,0.9945474372955289,0.9981663227081299,10,1.0
history_deletion,185,Q005,2,M047189,1.0,0.9991359114646912,0.7108843537414966,0.9931570338058887,0.9977707862854004,10,1.0
history_deletion,185,Q005,3,M054335,0.0,0.998910665512085,0.8312925170068028,0.9934569247546347,0.9977105855941772,10,0.0
history_deletion,185,Q005,4,M095999,1.0,0.9986827373504639,0.7074829931972789,0.9858233369683751,0.9956655502319336,10,1.0
history_deletion,185,Q005,5,M099079,1.0,0.9987858533859253,0.7074829931972789,0.9848282442748092,0.995478630065918,7,1.0
history_deletion,186,Q006,1,M004727,1.0,1.0,0.9981203007518796,1.0,1.0,10,1.0
history_deletion,186,Q006,2,M016297,1.0,0.9977824687957764,0.8171679197994987,0.9870092693565977,0.9954218864440918,10,1.0
history_deletion,186,Q006,3,M014732,1.0,0.9978636503219604,0.7885964912280701,0.9806821994799094,0.9938887357711792,10,1.0
history_deletion,186,Q006,4,M090795,1.0,0.998614490032196,0.7802721088435375,0.9785850599781897,0.9938149452209473,10,1.0
history_deletion,186,Q006,5,M089503,1.0,0.9993441104888916,0.7885964912280701,0.9760087241003271,0.9936087131500244,10,1.0
history_deletion,187,Q007,1,M029944,1.0,1.000000238418579,1.0,1.0,1.0000001192092896,10,1.0
history_deletion,187,Q007,2,M030690,0.0,0.9987031817436218,0.8476190476190476,0.9678616866593964,0.991187334060669,10,0.0
history_deletion,187,Q007,3,M041095,1.0,0.9984678626060486,0.8285714285714285,0.9506410256410256,0.9867409467697144,10,1.0
history_deletion,187,Q007,4,M035734,0.0,0.9985516667366028,0.819047619047619,0.9494299275787824,0.9864885807037354,10,0.0
history_deletion,187,Q007,5,M024621,0.0,0.997981607913971,0.9619047619047619,0.9505204401196767,0.9864190816879272,7,0.0
history_deletion,188,Q008,1,M084575,0.0,1.0000001192092896,0.8571428571428571,1.0,1.0000001192092896,10,0.0
history_deletion,188,Q008,2,M076048,1.0,0.9997464418411255,0.8518617973505191,0.9964285714285713,0.9989550113677979,10,1.0
history_deletion,188,Q008,3,M065714,1.0,0.9995644688606262,0.707124955245256,0.994942748091603,0.9984743595123291,10,1.0
history_deletion,188,Q008,4,M076797,1.0,0.9991171956062317,0.7090046544933762,0.9942475463467829,0.9980322122573853,10,1.0
history_deletion,188,Q008,5,M063614,0.0,0.9990450143814087,0.8069638381668457,0.9942475463467829,0.9979889392852783,10,0.0
history_deletion,189,Q009,1,M022445,1.0,0.9995251893997192,0.8122448979591838,0.9971237731733914,0.9989960193634033,10,1.0
history_deletion,189,Q009,2,M053522,1.0,0.999415397644043,0.8435374149659864,0.9902808069792803,0.997219443321228,10,1.0
history_deletion,189,Q009,3,M043070,1.0,0.998935341835022,0.8312925170068028,0.9899809160305343,0.9968564510345459,10,1.0
history_deletion,189,Q009,4,M076903,1.0,0.9993971586227417,0.8054421768707484,0.9877044711014176,0.996564507484436,10,1.0
history_deletion,189,Q009,5,M044106,1.0,0.9993612766265869,0.8054421768707484,0.9838331515812432,0.9955750703811646,7,1.0
history_deletion,190,Q010,1,M056742,0.0,1.0,0.9962406015037594,1.0,1.0,10,0.0
history_deletion,190,Q010,2,M022852,0.0,0.9990639686584473,0.8180093089867526,0.9924618320610687,0.9975539445877075,10,0.0
history_deletion,190,Q010,3,M070100,0.0,0.9994654655456543,0.7870748299319728,0.9857142857142858,0.996107816696167,10,0.0
history_deletion,190,Q010,4,M085336,1.0,0.9990699887275696,0.8171679197994987,0.9820474372955289,0.9949538707733154,10,1.0
history_deletion,190,Q010,5,M007635,1.0,0.9992145299911499,0.8180093089867526,0.9765948745910578,0.9936774969100952,4,1.0
history_deletion,191,Q011,1,M043191,1.0,1.0000001192092896,0.9714285714285714,1.0,1.0000001192092896,10,1.0
history_deletion,191,Q011,2,M063474,1.0,1.0000001192092896,0.8285714285714285,1.0,1.0000001192092896,10,1.0
history_deletion,191,Q011,3,M042506,0.0,1.0000001192092896,0.8025241675617615,1.0,1.0000001192092896,10,0.0
history_deletion,191,Q011,4,M089762,1.0,0.999800980091095,0.7047619047619048,0.9964285714285713,0.9989877939224243,10,1.0
history_deletion,191,Q011,5,M042804,1.0,0.999800980091095,0.8380952380952381,0.9964285714285713,0.9989877939224243,7,1.0
history_deletion,192,Q012,1,M057809,0.0,1.0000001192092896,0.8571428571428571,1.0,1.0000001192092896,10,0.0
history_deletion,192,Q012,2,M078223,1.0,0.9991438388824463,0.8306122448979593,0.9849236641221374,0.9957172870635986,10,1.0
history_deletion,192,Q012,3,M081373,1.0,0.9991778135299683,0.8380952380952381,0.9841330425299891,0.9955400228500366,10,1.0
history_deletion,192,Q012,4,M091742,0.0,0.9990804195404053,1.0,0.971633042529989,0.992356538772583,10,0.0
history_deletion,192,Q012,5,M056558,0.0,0.998988151550293,0.7142857142857143,0.9705561613958561,0.9920319318771362,10,0.0
history_deletion,193,Q013,1,M004656,0.0,1.0000001192092896,1.0,1.0,1.0000001192092896,10,0.0
history_deletion,193,Q013,2,M000652,0.0,0.997107207775116,0.9904761904761905,0.9714537371025921,0.9911277294158936,10,0.0
history_deletion,193,Q013,3,M000489,1.0,0.9978896975517273,0.8476190476190476,0.9266154964628248,0.9803876876831055,10,1.0
history_deletion,193,Q013,4,M000224,1.0,0.9966926574707031,0.8380952380952381,0.9211835556301206,0.9783115386962891,10,1.0
history_deletion,193,Q013,5,M000522,1.0,0.9957696199417114,0.8285714285714285,0.9303165981601096,0.9300410151481628,10,1.0
history_deletion,194,Q014,1,M022194,1.0,0.997409462928772,0.7940386680988185,0.9362598915079829,0.9825106859207153,10,1.0
history_deletion,194,Q014,2,M012192,0.0,0.996539831161499,0.8171679197994987,0.9520289824679138,0.9359312057495117,10,0.0
history_deletion,194,Q014,3,M061545,1.0,0.9918105602264404,0.9749910490511995,0.9073067835472415,0.9219130277633667,10,1.0
history_deletion,194,Q014,4,M034318,0.0,0.987061083316803,0.8253311851056212,0.9056325671783687,0.9186448454856873,10,0.0
history_deletion,195,Q015,1,M051010,0.0,1.0,0.8503401360544218,1.0,1.0,10,0.0
history_deletion,195,Q015,2,M075258,1.0,0.9991916418075562,0.8122448979591838,0.993552344601963,0.9979031085968018,10,1.0
history_deletion,195,Q015,3,M063219,1.0,0.9991055727005005,0.8380952380952381,0.9931570338058887,0.9977525472640991,10,1.0
history_deletion,195,Q015,4,M039788,1.0,0.998693585395813,0.7142857142857143,0.9931570338058887,0.9975054264068604,10,1.0
history_deletion,195,Q015,5,M098760,1.0,0.9993159770965576,0.8285714285714285,0.9910714285714286,0.9973574876785278,7,1.0
history_deletion,196,Q016,1,M026665,1.0,1.0,1.0,1.0,1.0,10,1.0
history_deletion,196,Q016,2,M087806,0.0,0.9994206428527832,0.8571428571428571,0.9960332606324973,0.998660683631897,10,0.0
history_deletion,196,Q016,3,M068757,1.0,0.9996577501296997,0.8122448979591838,0.9946428571428572,0.9984554052352905,10,1.0
history_deletion,196,Q016,4,M070107,0.0,0.9994356632232666,0.8435374149659864,0.993552344601963,0.9980494976043701,10,0.0
history_deletion,196,Q016,5,M089155,1.0,0.9997481107711792,0.8503401360544218,0.9910714285714286,0.9976167678833008,10,1.0
history_deletion,197,Q017,1,M058435,1.0,1.000000238418579,0.9551020408163265,1.0,1.0000001192092896,10,1.0
history_deletion,197,Q017,2,M035900,1.0,0.9987359642982483,0.8050841389187254,0.97025627044711,0.9918056726455688,10,1.0
history_deletion,197,Q017,3,M044584,0.0,0.9985114336013794,0.8122448979591838,0.9606234096692111,0.9892627000808716,10,0.0
history_deletion,197,Q017,4,M052454,0.0,0.9986316561698914,0.8408163265306123,0.9545098984984481,0.9878065586090088,10,0.0
history_deletion,197,Q017,5,M059516,0.0,0.9993190765380859,0.8020408163265307,0.9459332969829154,0.9860748052597046,10,0.0
history_deletion,198,Q018,1,M050950,1.0,1.0000001192092896,0.9619047619047619,1.0,1.0000001192092896,10,1.0
history_deletion,198,Q018,2,M070554,1.0,0.999678373336792,0.819047619047619,0.9892857142857142,0.9971284866333008,10,1.0
history_deletion,198,Q018,3,M047611,1.0,0.999678373336792,0.9714285714285714,0.9892857142857142,0.9971284866333008,10,1.0
history_deletion,198,Q018,4,M100060,1.0,0.9984458684921265,0.7993197278911566,0.974618320610687,0.9927221536636353,10,1.0
history_deletion,198,Q018,5,M052330,1.0,0.9986474514007568,0.8095238095238095,0.9604416575790621,0.989298939704895,10,1.0
history_deletion,199,Q019,1,M044611,0.0,0.9980992674827576,0.8571428571428571,0.9644083969465649,0.9399617314338684,10,0.0
history_deletion,199,Q019,2,M033266,1.0,0.9973161220550537,0.8122448979591838,0.9554571065067247,0.9372539520263672,10,1.0
history_deletion,199,Q019,3,M042895,1.0,0.9960495233535767,0.8476190476190476,0.9498479573861254,0.9350917339324951,7,1.0
history_deletion,199,Q019,4,M041625,0.0,0.9937268495559692,0.7074829931972789,0.9266116517070716,0.9278890490531921,7,0.0
history_deletion,199,Q019,5,M012182,0.0,0.9936379790306091,0.8408163265306123,0.9054738836227385,0.9225513339042664,4,0.0
history_deletion,200,Q020,1,M048011,0.0,1.0,0.8408163265306123,1.0,1.0,10,0.0
history_deletion,200,Q020,2,M069109,1.0,0.9990991950035095,0.9482993197278912,0.9806570338058888,0.9946237802505493,10,1.0
history_deletion,200,Q020,3,M033563,0.0,0.9956273436546326,0.8476190476190476,0.9691772921734755,0.9896707534790039,10,0.0
history_deletion,200,Q020,4,M061337,1.0,0.9985913038253784,0.7056032939491585,0.9560568884042165,0.9881690740585327,10,1.0
history_deletion,200,Q020,5,M064735,1.0,0.9988635778427124,0.8469387755102041,0.943452380952381,0.9851812124252319,10,1.0
history_deletion,201,Q001,1,M035956,1.0,1.0,1.0,1.0,1.0,11,1.0
history_deletion,201,Q001,2,M028549,0.0,0.9981349110603333,0.7142857142857143,0.9807776193272376,0.9940752983093262,11,0.0
history_deletion,201,Q001,3,M035537,1.0,0.9994309544563293,0.8571428571428571,0.9744138495092693,0.9932620525360107,11,1.0
history_deletion,201,Q001,4,M032957,1.0,0.9983353018760681,0.8571428571428571,0.96197571512457,0.9894951581954956,11,1.0
history_deletion,201,Q001,5,M028255,1.0,0.9990233778953552,0.7142857142857143,0.9601190476190476,0.9894437789916992,11,1.0
history_deletion,202,Q002,1,M060927,1.0,1.0,1.0,1.0,1.0,11,1.0
history_deletion,202,Q002,2,M080873,1.0,0.9988524913787842,1.0,0.9883996728462376,0.9964114427566528,11,1.0
history_deletion,202,Q002,3,M069758,1.0,0.998687744140625,0.9965986394557823,0.9790757906215921,0.9939815998077393,11,1.0
history_deletion,202,Q002,4,M085993,1.0,0.9992295503616333,0.819047619047619,0.9768947655398037,0.993761420249939,11,1.0
history_deletion,202,Q002,5,M051698,1.0,0.9978924989700317,0.819047619047619,0.9700427117411851,0.991246223449707,2,1.0
history_deletion,203,Q003,1,M079920,1.0,1.0,0.9714285714285714,1.0,1.0,11,1.0
history_deletion,203,Q003,2,M072610,1.0,0.9990502595901489,0.7925170068027212,0.9859187568157034,0.9959099292755127,11,1.0
history_deletion,203,Q003,3,M090781,0.0,0.999200701713562,0.7959183673469389,0.9743184296619412,0.9931000471115112,11,0.0
history_deletion,203,Q003,4,M004476,0.0,0.998794674873352,0.8115646258503402,0.9730234460196293,0.9925327301025391,11,0.0
history_deletion,203,Q003,5,M028717,0.0,0.9990425109863281,0.8061224489795918,0.9711423118865866,0.992211103439331,8,0.0
history_deletion,204,Q004,1,M050078,0.0,1.0,0.8571428571428571,1.0,1.0,11,0.0
history_deletion,204,Q004,2,M059745,0.0,0.9982020854949951,0.8503401360544218,0.9780219780219781,0.9934267997741699,11,0.0
history_deletion,204,Q004,3,M059135,1.0,0.9978526830673218,0.8217687074829932,0.9417215418169617,0.9841419458389282,11,1.0
history_deletion,204,Q004,4,M091738,0.0,0.9967393279075623,0.8312925170068028,0.9236400050331348,0.9789535999298096,11,0.0
history_deletion,204,Q004,5,M077874,0.0,0.9964801073074341,0.8408163265306123,0.9029433352906635,0.9736239910125732,8,0.0
history_deletion,205,Q005,1,M084721,1.0,0.9992156624794006,0.834013605442177,0.9945474372955289,0.9981663227081299,11,1.0
history_deletion,205,Q005,2,M047189,1.0,0.9991359114646912,0.7108843537414966,0.9931570338058887,0.9977707862854004,11,1.0
history_deletion,205,Q005,3,M054335,0.0,0.998910665512085,0.8312925170068028,0.9934569247546347,0.9977105855941772,11,0.0
history_deletion,205,Q005,4,M095999,1.0,0.9986827373504639,0.7074829931972789,0.9858233369683751,0.9956655502319336,11,1.0
history_deletion,205,Q005,5,M099079,1.0,0.9987858533859253,0.7074829931972789,0.9848282442748092,0.995478630065918,8,1.0
history_deletion,206,Q006,1,M004727,1.0,1.0,0.9981203007518796,1.0,1.0,11,1.0
history_deletion,206,Q006,2,M016297,1.0,0.9977824687957764,0.8171679197994987,0.9870092693565977,0.9954218864440918,11,1.0
history_deletion,206,Q006,3,M014732,1.0,0.9978636503219604,0.7885964912280701,0.9806821994799094,0.9938887357711792,11,1.0
history_deletion,206,Q006,4,M090795,1.0,0.998614490032196,0.7802721088435375,0.9785850599781897,0.9938149452209473,11,1.0
history_deletion,206,Q006,5,M089503,1.0,0.9993441104888916,0.7885964912280701,0.9760087241003271,0.9936087131500244,11,1.0
history_deletion,207,Q007,1,M029944,1.0,1.000000238418579,1.0,1.0,1.0000001192092896,11,1.0
history_deletion,207,Q007,2,M030690,0.0,0.9987031817436218,0.8476190476190476,0.9678616866593964,0.991187334060669,11,0.0
history_deletion,207,Q007,3,M041095,1.0,0.9984678626060486,0.8285714285714285,0.9506410256410256,0.9867409467697144,11,1.0
history_deletion,207,Q007,4,M035734,0.0,0.9985516667366028,0.819047619047619,0.9494299275787824,0.9864885807037354,11,0.0
history_deletion,207,Q007,5,M024621,0.0,0.997981607913971,0.9619047619047619,0.9505204401196767,0.9864190816879272,8,0.0
history_deletion,208,Q008,1,M084575,0.0,1.0000001192092896,0.8571428571428571,1.0,1.0000001192092896,11,0.0
history_deletion,208,Q008,2,M076048,1.0,0.9997464418411255,0.8518617973505191,0.9964285714285713,0.9989550113677979,11,1.0
history_deletion,208,Q008,3,M065714,1.0,0.9995644688606262,0.707124955245256,0.994942748091603,0.9984743595123291,11,1.0
history_deletion,208,Q008,4,M076797,1.0,0.9991171956062317,0.7090046544933762,0.9942475463467829,0.9980322122573853,11,1.0
history_deletion,208,Q008,5,M063614,0.0,0.9990450143814087,0.8069638381668457,0.9942475463467829,0.9979889392852783,11,0.0
history_deletion,209,Q009,1,M022445,1.0,0.9995251893997192,0.8122448979591838,0.9971237731733914,0.9989960193634033,11,1.0
history_deletion,209,Q009,2,M053522,1.0,0.999415397644043,0.8435374149659864,0.9902808069792803,0.997219443321228,11,1.0
history_deletion,209,Q009,3,M043070,1.0,0.998935341835022,0.8312925170068028,0.9899809160305343,0.9968564510345459,11,1.0
history_deletion,209,Q009,4,M076903,1.0,0.9993971586227417,0.8054421768707484,0.9877044711014176,0.996564507484436,11,1.0
history_deletion,209,Q009,5,M044106,1.0,0.9993612766265869,0.8054421768707484,0.9838331515812432,0.9955750703811646,8,1.0
history_deletion,210,Q010,1,M056742,0.0,1.0,0.9962406015037594,1.0,1.0,11,0.0
history_deletion,210,Q010,2,M022852,0.0,0.9990639686584473,0.8180093089867526,0.9924618320610687,0.9975539445877075,11,0.0
history_deletion,210,Q010,3,M070100,0.0,0.9994654655456543,0.7870748299319728,0.9857142857142858,0.996107816696167,11,0.0
history_deletion,210,Q010,4,M085336,1.0,0.9990699887275696,0.8171679197994987,0.9820474372955289,0.9949538707733154,11,1.0
history_deletion,210,Q010,5,M007635,1.0,0.9992145299911499,0.8180093089867526,0.9765948745910578,0.9936774969100952,5,1.0
history_deletion,211,Q011,1,M043191,1.0,1.0000001192092896,0.9714285714285714,1.0,1.0000001192092896,11,1.0
history_deletion,211,Q011,2,M063474,1.0,1.0000001192092896,0.8285714285714285,1.0,1.0000001192092896,11,1.0
history_deletion,211,Q011,3,M042506,0.0,1.0000001192092896,0.8025241675617615,1.0,1.0000001192092896,11,0.0
history_deletion,211,Q011,4,M089762,1.0,0.999800980091095,0.7047619047619048,0.9964285714285713,0.9989877939224243,11,1.0
history_deletion,211,Q011,5,M042804,1.0,0.999800980091095,0.8380952380952381,0.9964285714285713,0.9989877939224243,8,1.0
history_deletion,212,Q012,1,M057809,0.0,1.0000001192092896,0.8571428571428571,1.0,1.0000001192092896,11,0.0
history_deletion,212,Q012,2,M078223,1.0,0.9991438388824463,0.8306122448979593,0.9849236641221374,0.9957172870635986,11,1.0
history_deletion,212,Q012,3,M081373,1.0,0.9991778135299683,0.8380952380952381,0.9841330425299891,0.9955400228500366,11,1.0
history_deletion,212,Q012,4,M091742,0.0,0.9990804195404053,1.0,0.971633042529989,0.992356538772583,11,0.0
history_deletion,212,Q012,5,M056558,0.0,0.998988151550293,0.7142857142857143,0.9705561613958561,0.9920319318771362,11,0.0
history_deletion,213,Q013,1,M004656,0.0,1.0000001192092896,1.0,1.0,1.0000001192092896,11,0.0
history_deletion,213,Q013,2,M000652,0.0,0.997107207775116,0.9904761904761905,0.9714537371025921,0.9911277294158936,11,0.0
history_deletion,213,Q013,3,M000489,1.0,0.9978896975517273,0.8476190476190476,0.9266154964628248,0.9803876876831055,11,1.0
history_deletion,213,Q013,4,M000224,1.0,0.9966926574707031,0.8380952380952381,0.9211835556301206,0.9783115386962891,11,1.0
history_deletion,213,Q013,5,M000522,1.0,0.9957696199417114,0.8285714285714285,0.9303165981601096,0.9300410151481628,11,1.0
history_deletion,214,Q014,1,M022194,1.0,0.997409462928772,0.7940386680988185,0.9362598915079829,0.9825106859207153,11,1.0
history_deletion,214,Q014,2,M012192,0.0,0.996539831161499,0.8171679197994987,0.9520289824679138,0.9359312057495117,11,0.0
history_deletion,214,Q014,3,M061545,1.0,0.9918105602264404,0.9749910490511995,0.9073067835472415,0.9219130277633667,11,1.0
history_deletion,214,Q014,4,M034318,0.0,0.987061083316803,0.8253311851056212,0.9056325671783687,0.9186448454856873,11,0.0
history_deletion,215,Q015,1,M051010,0.0,1.0,0.8503401360544218,1.0,1.0,11,0.0
history_deletion,215,Q015,2,M075258,1.0,0.9991916418075562,0.8122448979591838,0.993552344601963,0.9979031085968018,11,1.0
history_deletion,215,Q015,3,M063219,1.0,0.9991055727005005,0.8380952380952381,0.9931570338058887,0.9977525472640991,11,1.0
history_deletion,215,Q015,4,M039788,1.0,0.998693585395813,0.7142857142857143,0.9931570338058887,0.9975054264068604,11,1.0
history_deletion,215,Q015,5,M098760,1.0,0.9993159770965576,0.8285714285714285,0.9910714285714286,0.9973574876785278,8,1.0
history_deletion,216,Q016,1,M026665,1.0,1.0,1.0,1.0,1.0,11,1.0
history_deletion,216,Q016,2,M087806,0.0,0.9994206428527832,0.8571428571428571,0.9960332606324973,0.998660683631897,11,0.0
history_deletion,216,Q016,3,M068757,1.0,0.9996577501296997,0.8122448979591838,0.9946428571428572,0.9984554052352905,11,1.0
history_deletion,216,Q016,4,M070107,0.0,0.9994356632232666,0.8435374149659864,0.993552344601963,0.9980494976043701,11,0.0
history_deletion,216,Q016,5,M089155,1.0,0.9997481107711792,0.8503401360544218,0.9910714285714286,0.9976167678833008,11,1.0
history_deletion,217,Q017,1,M058435,1.0,1.000000238418579,0.9551020408163265,1.0,1.0000001192092896,11,1.0
history_deletion,217,Q017,2,M035900,1.0,0.9987359642982483,0.8050841389187254,0.97025627044711,0.9918056726455688,11,1.0
history_deletion,217,Q017,3,M044584,0.0,0.9985114336013794,0.8122448979591838,0.9606234096692111,0.9892627000808716,11,0.0
history_deletion,217,Q017,4,M052454,0.0,0.9986316561698914,0.8408163265306123,0.9545098984984481,0.9878065586090088,11,0.0
history_deletion,217,Q017,5,M059516,0.0,0.9993190765380859,0.8020408163265307,0.9459332969829154,0.9860748052597046,11,0.0
history_deletion,218,Q018,1,M050950,1.0,1.0000001192092896,0.9619047619047619,1.0,1.0000001192092896,11,1.0
history_deletion,218,Q018,2,M070554,1.0,0.999678373336792,0.819047619047619,0.9892857142857142,0.9971284866333008,11,1.0
history_deletion,218,Q018,3,M047611,1.0,0.999678373336792,0.9714285714285714,0.9892857142857142,0.9971284866333008,11,1.0
history_deletion,218,Q018,4,M100060,1.0,0.9984458684921265,0.7993197278911566,0.974618320610687,0.9927221536636353,11,1.0
history_deletion,218,Q018,5,M052330,1.0,0.9986474514007568,0.8095238095238095,0.9604416575790621,0.989298939704895,11,1.0
history_deletion,219,Q019,1,M044611,0.0,0.9980992674827576,0.8571428571428571,0.9644083969465649,0.9399617314338684,11,0.0
history_deletion,219,Q019,2,M033266,1.0,0.9973161220550537,0.8122448979591838,0.9554571065067247,0.9372539520263672,11,1.0
history_deletion,219,Q019,3,M042895,1.0,0.9960495233535767,0.8476190476190476,0.9498479573861254,0.9350917339324951,8,1.0
history_deletion,219,Q019,4,M041625,0.0,0.9937268495559692,0.7074829931972789,0.9266116517070716,0.9278890490531921,8,0.0
history_deletion,219,Q019,5,M012182,0.0,0.9936379790306091,0.8408163265306123,0.9054738836227385,0.9225513339042664,5,0.0
history_deletion,220,Q020,1,M048011,0.0,1.0,0.8408163265306123,1.0,1.0,11,0.0
history_deletion,220,Q020,2,M069109,1.0,0.9990991950035095,0.9482993197278912,0.9806570338058888,0.9946237802505493,11,1.0
history_deletion,220,Q020,3,M033563,0.0,0.9956273436546326,0.8476190476190476,0.9691772921734755,0.9896707534790039,11,0.0
history_deletion,220,Q020,4,M061337,1.0,0.9985913038253784,0.7056032939491585,0.9560568884042165,0.9881690740585327,11,1.0
history_deletion,220,Q020,5,M064735,1.0,0.9988635778427124,0.8469387755102041,0.943452380952381,0.9851812124252319,11,1.0
history_deletion,221,Q001,1,M035956,1.0,1.0,1.0,1.0,1.0,12,1.0
history_deletion,221,Q001,2,M028549,0.0,0.9981349110603333,0.7142857142857143,0.9807776193272376,0.9940752983093262,12,0.0
history_deletion,221,Q001,3,M035537,1.0,0.9994309544563293,0.8571428571428571,0.9744138495092693,0.9932620525360107,12,1.0
history_deletion,221,Q001,4,M032957,1.0,0.9983353018760681,0.8571428571428571,0.96197571512457,0.9894951581954956,12,1.0
history_deletion,221,Q001,5,M028255,1.0,0.9990233778953552,0.7142857142857143,0.9601190476190476,0.9894437789916992,12,1.0
history_deletion,222,Q002,1,M060927,1.0,1.0,1.0,1.0,1.0,12,1.0
history_deletion,222,Q002,2,M080873,1.0,0.9988524913787842,1.0,0.9883996728462376,0.9964114427566528,12,1.0
history_deletion,222,Q002,3,M069758,1.0,0.998687744140625,0.9965986394557823,0.9790757906215921,0.9939815998077393,12,1.0
history_deletion,222,Q002,4,M085993,1.0,0.9992295503616333,0.819047619047619,0.9768947655398037,0.993761420249939,12,1.0
history_deletion,222,Q002,5,M051698,1.0,0.9978924989700317,0.819047619047619,0.9700427117411851,0.991246223449707,3,1.0
history_deletion,223,Q003,1,M079920,1.0,1.0,0.9714285714285714,1.0,1.0,12,1.0
history_deletion,223,Q003,2,M072610,1.0,0.9990502595901489,0.7925170068027212,0.9859187568157034,0.9959099292755127,12,1.0
history_deletion,223,Q003,3,M090781,0.0,0.999200701713562,0.7959183673469389,0.9743184296619412,0.9931000471115112,12,0.0
history_deletion,223,Q003,4,M004476,0.0,0.998794674873352,0.8115646258503402,0.9730234460196293,0.9925327301025391,12,0.0
history_deletion,223,Q003,5,M028717,0.0,0.9990425109863281,0.8061224489795918,0.9711423118865866,0.992211103439331,9,0.0
history_deletion,224,Q004,1,M050078,0.0,1.0,0.8571428571428571,1.0,1.0,12,0.0
history_deletion,224,Q004,2,M059745,0.0,0.9982020854949951,0.8503401360544218,0.9780219780219781,0.9934267997741699,12,0.0
history_deletion,224,Q004,3,M059135,1.0,0.9978526830673218,0.8217687074829932,0.9417215418169617,0.9841419458389282,12,1.0
history_deletion,224,Q004,4,M091738,0.0,0.9967393279075623,0.8312925170068028,0.9236400050331348,0.9789535999298096,12,0.0
history_deletion,224,Q004,5,M077874,0.0,0.9964801073074341,0.8408163265306123,0.9029433352906635,0.9736239910125732,9,0.0
history_deletion,225,Q005,1,M084721,1.0,0.9992156624794006,0.834013605442177,0.9945474372955289,0.9981663227081299,12,1.0
history_deletion,225,Q005,2,M047189,1.0,0.9991359114646912,0.7108843537414966,0.9931570338058887,0.9977707862854004,12,1.0
history_deletion,225,Q005,3,M054335,0.0,0.998910665512085,0.8312925170068028,0.9934569247546347,0.9977105855941772,12,0.0
history_deletion,225,Q005,4,M095999,1.0,0.9986827373504639,0.7074829931972789,0.9858233369683751,0.9956655502319336,12,1.0
history_deletion,225,Q005,5,M099079,1.0,0.9987858533859253,0.7074829931972789,0.9848282442748092,0.995478630065918,9,1.0
history_deletion,226,Q006,1,M004727,1.0,1.0,0.9981203007518796,1.0,1.0,12,1.0
history_deletion,226,Q006,2,M016297,1.0,0.9977824687957764,0.8171679197994987,0.9870092693565977,0.9954218864440918,12,1.0
history_deletion,226,Q006,3,M014732,1.0,0.9978636503219604,0.7885964912280701,0.9806821994799094,0.9938887357711792,12,1.0
history_deletion,226,Q006,4,M090795,1.0,0.998614490032196,0.7802721088435375,0.9785850599781897,0.9938149452209473,12,1.0
history_deletion,226,Q006,5,M089503,1.0,0.9993441104888916,0.7885964912280701,0.9760087241003271,0.9936087131500244,12,1.0
history_deletion,227,Q007,1,M029944,1.0,1.000000238418579,1.0,1.0,1.0000001192092896,12,1.0
history_deletion,227,Q007,2,M030690,0.0,0.9987031817436218,0.8476190476190476,0.9678616866593964,0.991187334060669,12,0.0
history_deletion,227,Q007,3,M041095,1.0,0.9984678626060486,0.8285714285714285,0.9506410256410256,0.9867409467697144,12,1.0
history_deletion,227,Q007,4,M035734,0.0,0.9985516667366028,0.819047619047619,0.9494299275787824,0.9864885807037354,12,0.0
history_deletion,227,Q007,5,M024621,0.0,0.997981607913971,0.9619047619047619,0.9505204401196767,0.9864190816879272,9,0.0
history_deletion,228,Q008,1,M084575,0.0,1.0000001192092896,0.8571428571428571,1.0,1.0000001192092896,12,0.0
history_deletion,228,Q008,2,M076048,1.0,0.9997464418411255,0.8518617973505191,0.9964285714285713,0.9989550113677979,12,1.0
history_deletion,228,Q008,3,M065714,1.0,0.9995644688606262,0.707124955245256,0.994942748091603,0.9984743595123291,12,1.0
history_deletion,228,Q008,4,M076797,1.0,0.9991171956062317,0.7090046544933762,0.9942475463467829,0.9980322122573853,12,1.0
history_deletion,228,Q008,5,M063614,0.0,0.9990450143814087,0.8069638381668457,0.9942475463467829,0.9979889392852783,12,0.0
history_deletion,229,Q009,1,M022445,1.0,0.9995251893997192,0.8122448979591838,0.9971237731733914,0.9989960193634033,12,1.0
history_deletion,229,Q009,2,M053522,1.0,0.999415397644043,0.8435374149659864,0.9902808069792803,0.997219443321228,12,1.0
history_deletion,229,Q009,3,M043070,1.0,0.998935341835022,0.8312925170068028,0.9899809160305343,0.9968564510345459,12,1.0
history_deletion,229,Q009,4,M076903,1.0,0.9993971586227417,0.8054421768707484,0.9877044711014176,0.996564507484436,12,1.0
history_deletion,229,Q009,5,M044106,1.0,0.9993612766265869,0.8054421768707484,0.9838331515812432,0.9955750703811646,9,1.0
history_deletion,230,Q010,1,M056742,0.0,1.0,0.9962406015037594,1.0,1.0,12,0.0
history_deletion,230,Q010,2,M022852,0.0,0.9990639686584473,0.8180093089867526,0.9924618320610687,0.9975539445877075,12,0.0
history_deletion,230,Q010,3,M070100,0.0,0.9994654655456543,0.7870748299319728,0.9857142857142858,0.996107816696167,12,0.0
history_deletion,230,Q010,4,M085336,1.0,0.9990699887275696,0.8171679197994987,0.9820474372955289,0.9949538707733154,12,1.0
history_deletion,230,Q010,5,M007635,1.0,0.9992145299911499,0.8180093089867526,0.9765948745910578,0.9936774969100952,6,1.0
history_deletion,231,Q011,1,M043191,1.0,1.0000001192092896,0.9714285714285714,1.0,1.0000001192092896,12,1.0
history_deletion,231,Q011,2,M063474,1.0,1.0000001192092896,0.8285714285714285,1.0,1.0000001192092896,12,1.0
history_deletion,231,Q011,3,M042506,0.0,1.0000001192092896,0.8025241675617615,1.0,1.0000001192092896,12,0.0
history_deletion,231,Q011,4,M089762,1.0,0.999800980091095,0.7047619047619048,0.9964285714285713,0.9989877939224243,12,1.0
history_deletion,231,Q011,5,M042804,1.0,0.999800980091095,0.8380952380952381,0.9964285714285713,0.9989877939224243,9,1.0
history_deletion,232,Q012,1,M057809,0.0,1.0000001192092896,0.8571428571428571,1.0,1.0000001192092896,12,0.0
history_deletion,232,Q012,2,M078223,1.0,0.9991438388824463,0.8306122448979593,0.9849236641221374,0.9957172870635986,12,1.0
history_deletion,232,Q012,3,M081373,1.0,0.9991778135299683,0.8380952380952381,0.9841330425299891,0.9955400228500366,12,1.0
history_deletion,232,Q012,4,M091742,0.0,0.9990804195404053,1.0,0.971633042529989,0.992356538772583,12,0.0
history_deletion,232,Q012,5,M056558,0.0,0.998988151550293,0.7142857142857143,0.9705561613958561,0.9920319318771362,12,0.0
history_deletion,233,Q013,1,M004656,0.0,1.0000001192092896,1.0,1.0,1.0000001192092896,12,0.0
history_deletion,233,Q013,2,M000652,0.0,0.997107207775116,0.9904761904761905,0.9714537371025921,0.9911277294158936,12,0.0
history_deletion,233,Q013,3,M000489,1.0,0.9978896975517273,0.8476190476190476,0.9266154964628248,0.9803876876831055,12,1.0
history_deletion,233,Q013,4,M000224,1.0,0.9966926574707031,0.8380952380952381,0.9211835556301206,0.9783115386962891,12,1.0
history_deletion,233,Q013,5,M000522,1.0,0.9957696199417114,0.8285714285714285,0.9303165981601096,0.9300410151481628,12,1.0
history_deletion,234,Q014,1,M022194,1.0,0.997409462928772,0.7940386680988185,0.9362598915079829,0.9825106859207153,12,1.0
history_deletion,234,Q014,2,M012192,0.0,0.996539831161499,0.8171679197994987,0.9520289824679138,0.9359312057495117,12,0.0
history_deletion,234,Q014,3,M061545,1.0,0.9918105602264404,0.9749910490511995,0.9073067835472415,0.9219130277633667,12,1.0
history_deletion,234,Q014,4,M034318,0.0,0.987061083316803,0.8253311851056212,0.9056325671783687,0.9186448454856873,12,0.0
history_deletion,235,Q015,1,M051010,0.0,1.0,0.8503401360544218,1.0,1.0,12,0.0
history_deletion,235,Q015,2,M075258,1.0,0.9991916418075562,0.8122448979591838,0.993552344601963,0.9979031085968018,12,1.0
history_deletion,235,Q015,3,M063219,1.0,0.9991055727005005,0.8380952380952381,0.9931570338058887,0.9977525472640991,12,1.0
history_deletion,235,Q015,4,M039788,1.0,0.998693585395813,0.7142857142857143,0.9931570338058887,0.9975054264068604,12,1.0
history_deletion,235,Q015,5,M098760,1.0,0.9993159770965576,0.8285714285714285,0.9910714285714286,0.9973574876785278,9,1.0
history_deletion,236,Q016,1,M026665,1.0,1.0,1.0,1.0,1.0,12,1.0
history_deletion,236,Q016,2,M087806,0.0,0.9994206428527832,0.8571428571428571,0.9960332606324973,0.998660683631897,12,0.0
history_deletion,236,Q016,3,M068757,1.0,0.9996577501296997,0.8122448979591838,0.9946428571428572,0.9984554052352905,12,1.0
history_deletion,236,Q016,4,M070107,0.0,0.9994356632232666,0.8435374149659864,0.993552344601963,0.9980494976043701,12,0.0
history_deletion,236,Q016,5,M089155,1.0,0.9997481107711792,0.8503401360544218,0.9910714285714286,0.9976167678833008,12,1.0
history_deletion,237,Q017,1,M058435,1.0,1.000000238418579,0.9551020408163265,1.0,1.0000001192092896,12,1.0
history_deletion,237,Q017,2,M035900,1.0,0.9987359642982483,0.8050841389187254,0.97025627044711,0.9918056726455688,12,1.0
history_deletion,237,Q017,3,M044584,0.0,0.9985114336013794,0.8122448979591838,0.9606234096692111,0.9892627000808716,12,0.0
history_deletion,237,Q017,4,M052454,0.0,0.9986316561698914,0.8408163265306123,0.9545098984984481,0.9878065586090088,12,0.0
history_deletion,237,Q017,5,M059516,0.0,0.9993190765380859,0.8020408163265307,0.9459332969829154,0.9860748052597046,12,0.0
history_deletion,238,Q018,1,M050950,1.0,1.0000001192092896,0.9619047619047619,1.0,1.0000001192092896,12,1.0
history_deletion,238,Q018,2,M070554,1.0,0.999678373336792,0.819047619047619,0.9892857142857142,0.9971284866333008,12,1.0
history_deletion,238,Q018,3,M047611,1.0,0.999678373336792,0.9714285714285714,0.9892857142857142,0.9971284866333008,12,1.0
history_deletion,238,Q018,4,M100060,1.0,0.9984458684921265,0.7993197278911566,0.974618320610687,0.9927221536636353,12,1.0
history_deletion,238,Q018,5,M052330,1.0,0.9986474514007568,0.8095238095238095,0.9604416575790621,0.989298939704895,12,1.0
history_deletion,239,Q019,1,M044611,0.0,0.9980992674827576,0.8571428571428571,0.9644083969465649,0.9399617314338684,12,0.0
history_deletion,239,Q019,2,M033266,1.0,0.9973161220550537,0.8122448979591838,0.9554571065067247,0.9372539520263672,12,1.0
history_deletion,239,Q019,3,M042895,1.0,0.9960495233535767,0.8476190476190476,0.9498479573861254,0.9350917339324951,9,1.0
history_deletion,239,Q019,4,M041625,0.0,0.9937268495559692,0.7074829931972789,0.9266116517070716,0.9278890490531921,9,0.0
history_deletion,239,Q019,5,M012182,0.0,0.9936379790306091,0.8408163265306123,0.9054738836227385,0.9225513339042664,6,0.0
history_deletion,240,Q020,1,M048011,0.0,1.0,0.8408163265306123,1.0,1.0,12,0.0
history_deletion,240,Q020,2,M069109,1.0,0.9990991950035095,0.9482993197278912,0.9806570338058888,0.9946237802505493,12,1.0
history_deletion,240,Q020,3,M033563,0.0,0.9956273436546326,0.8476190476190476,0.9691772921734755,0.9896707534790039,12,0.0
history_deletion,240,Q020,4,M061337,1.0,0.9985913038253784,0.7056032939491585,0.9560568884042165,0.9881690740585327,12,1.0
history_deletion,240,Q020,5,M064735,1.0,0.9988635778427124,0.8469387755102041,0.943452380952381,0.9851812124252319,12,1.0
history_deletion,241,Q001,1,M035956,1.0,1.0,1.0,1.0,1.0,13,1.0
history_deletion,241,Q001,2,M028549,0.0,0.9981349110603333,0.7142857142857143,0.9807776193272376,0.9940752983093262,13,0.0
history_deletion,241,Q001,3,M035537,1.0,0.9994309544563293,0.8571428571428571,0.9744138495092693,0.9932620525360107,13,1.0
history_deletion,241,Q001,4,M032957,1.0,0.9983353018760681,0.8571428571428571,0.96197571512457,0.9894951581954956,13,1.0
history_deletion,241,Q001,5,M028255,1.0,0.9990233778953552,0.7142857142857143,0.9601190476190476,0.9894437789916992,13,1.0
history_deletion,242,Q002,1,M060927,1.0,1.0,1.0,1.0,1.0,13,1.0
history_deletion,242,Q002,2,M080873,1.0,0.9988524913787842,1.0,0.9883996728462376,0.9964114427566528,13,1.0
history_deletion,242,Q002,3,M069758,1.0,0.998687744140625,0.9965986394557823,0.9790757906215921,0.9939815998077393,13,1.0
history_deletion,242,Q002,4,M085993,1.0,0.9992295503616333,0.819047619047619,0.9768947655398037,0.993761420249939,13,1.0
history_deletion,242,Q002,5,M051698,1.0,0.9978924989700317,0.819047619047619,0.9700427117411851,0.991246223449707,4,1.0
history_deletion,243,Q003,1,M079920,1.0,1.0,0.9714285714285714,1.0,1.0,13,1.0
history_deletion,243,Q003,2,M072610,1.0,0.9990502595901489,0.7925170068027212,0.9859187568157034,0.9959099292755127,13,1.0
history_deletion,243,Q003,3,M090781,0.0,0.999200701713562,0.7959183673469389,0.9743184296619412,0.9931000471115112,13,0.0
history_deletion,243,Q003,4,M004476,0.0,0.998794674873352,0.8115646258503402,0.9730234460196293,0.9925327301025391,13,0.0
history_deletion,243,Q003,5,M028717,0.0,0.9990425109863281,0.8061224489795918,0.9711423118865866,0.992211103439331,10,0.0
history_deletion,244,Q004,1,M050078,0.0,1.0,0.8571428571428571,1.0,1.0,13,0.0
history_deletion,244,Q004,2,M059745,0.0,0.9982020854949951,0.8503401360544218,0.9780219780219781,0.9934267997741699,13,0.0
history_deletion,244,Q004,3,M059135,1.0,0.9978526830673218,0.8217687074829932,0.9417215418169617,0.9841419458389282,13,1.0
history_deletion,244,Q004,4,M091738,0.0,0.9967393279075623,0.8312925170068028,0.9236400050331348,0.9789535999298096,13,0.0
history_deletion,244,Q004,5,M077874,0.0,0.9964801073074341,0.8408163265306123,0.9029433352906635,0.9736239910125732,10,0.0
history_deletion,245,Q005,1,M084721,1.0,0.9992156624794006,0.834013605442177,0.9945474372955289,0.9981663227081299,13,1.0
history_deletion,245,Q005,2,M047189,1.0,0.9991359114646912,0.7108843537414966,0.9931570338058887,0.9977707862854004,13,1.0
history_deletion,245,Q005,3,M054335,0.0,0.998910665512085,0.8312925170068028,0.9934569247546347,0.9977105855941772,13,0.0
history_deletion,245,Q005,4,M095999,1.0,0.9986827373504639,0.7074829931972789,0.9858233369683751,0.9956655502319336,13,1.0
history_deletion,245,Q005,5,M099079,1.0,0.9987858533859253,0.7074829931972789,0.9848282442748092,0.995478630065918,10,1.0
history_deletion,246,Q006,1,M004727,1.0,1.0,0.9981203007518796,1.0,1.0,13,1.0
history_deletion,246,Q006,2,M016297,1.0,0.9977824687957764,0.8171679197994987,0.9870092693565977,0.9954218864440918,13,1.0
history_deletion,246,Q006,3,M014732,1.0,0.9978636503219604,0.7885964912280701,0.9806821994799094,0.9938887357711792,13,1.0
history_deletion,246,Q006,4,M090795,1.0,0.998614490032196,0.7802721088435375,0.9785850599781897,0.9938149452209473,13,1.0
history_deletion,246,Q006,5,M089503,1.0,0.9993441104888916,0.7885964912280701,0.9760087241003271,0.9936087131500244,13,1.0
history_deletion,247,Q007,1,M029944,1.0,1.000000238418579,1.0,1.0,1.0000001192092896,13,1.0
history_deletion,247,Q007,2,M030690,0.0,0.9987031817436218,0.8476190476190476,0.9678616866593964,0.991187334060669,13,0.0
history_deletion,247,Q007,3,M041095,1.0,0.9984678626060486,0.8285714285714285,0.9506410256410256,0.9867409467697144,13,1.0
history_deletion,247,Q007,4,M035734,0.0,0.9985516667366028,0.819047619047619,0.9494299275787824,0.9864885807037354,13,0.0
history_deletion,247,Q007,5,M024621,0.0,0.997981607913971,0.9619047619047619,0.9505204401196767,0.9864190816879272,10,0.0
history_deletion,248,Q008,1,M084575,0.0,1.0000001192092896,0.8571428571428571,1.0,1.0000001192092896,13,0.0
history_deletion,248,Q008,2,M076048,1.0,0.9997464418411255,0.8518617973505191,0.9964285714285713,0.9989550113677979,13,1.0
history_deletion,248,Q008,3,M065714,1.0,0.9995644688606262,0.707124955245256,0.994942748091603,0.9984743595123291,13,1.0
history_deletion,248,Q008,4,M076797,1.0,0.9991171956062317,0.7090046544933762,0.9942475463467829,0.9980322122573853,13,1.0
history_deletion,248,Q008,5,M063614,0.0,0.9990450143814087,0.8069638381668457,0.9942475463467829,0.9979889392852783,13,0.0
history_deletion,249,Q009,1,M022445,1.0,0.9995251893997192,0.8122448979591838,0.9971237731733914,0.9989960193634033,13,1.0
history_deletion,249,Q009,2,M053522,1.0,0.999415397644043,0.8435374149659864,0.9902808069792803,0.997219443321228,13,1.0
history_deletion,249,Q009,3,M043070,1.0,0.998935341835022,0.8312925170068028,0.9899809160305343,0.9968564510345459,13,1.0
history_deletion,249,Q009,4,M076903,1.0,0.9993971586227417,0.8054421768707484,0.9877044711014176,0.996564507484436,13,1.0
history_deletion,249,Q009,5,M044106,1.0,0.9993612766265869,0.8054421768707484,0.9838331515812432,0.9955750703811646,10,1.0
history_deletion,250,Q010,1,M056742,0.0,1.0,0.9962406015037594,1.0,1.0,13,0.0
history_deletion,250,Q010,2,M022852,0.0,0.9990639686584473,0.8180093089867526,0.9924618320610687,0.9975539445877075,13,0.0
history_deletion,250,Q010,3,M070100,0.0,0.9994654655456543,0.7870748299319728,0.9857142857142858,0.996107816696167,13,0.0
history_deletion,250,Q010,4,M085336,1.0,0.9990699887275696,0.8171679197994987,0.9820474372955289,0.9949538707733154,13,1.0
history_deletion,250,Q010,5,M007635,1.0,0.9992145299911499,0.8180093089867526,0.9765948745910578,0.9936774969100952,7,1.0
history_deletion,251,Q011,1,M043191,1.0,1.0000001192092896,0.9714285714285714,1.0,1.0000001192092896,13,1.0
history_deletion,251,Q011,2,M063474,1.0,1.0000001192092896,0.8285714285714285,1.0,1.0000001192092896,13,1.0
history_deletion,251,Q011,3,M042506,0.0,1.0000001192092896,0.8025241675617615,1.0,1.0000001192092896,13,0.0
history_deletion,251,Q011,4,M089762,1.0,0.999800980091095,0.7047619047619048,0.9964285714285713,0.9989877939224243,13,1.0
history_deletion,251,Q011,5,M042804,1.0,0.999800980091095,0.8380952380952381,0.9964285714285713,0.9989877939224243,10,1.0
history_deletion,252,Q012,1,M057809,0.0,1.0000001192092896,0.8571428571428571,1.0,1.0000001192092896,13,0.0
history_deletion,252,Q012,2,M078223,1.0,0.9991438388824463,0.8306122448979593,0.9849236641221374,0.9957172870635986,13,1.0
history_deletion,252,Q012,3,M081373,1.0,0.9991778135299683,0.8380952380952381,0.9841330425299891,0.9955400228500366,13,1.0
history_deletion,252,Q012,4,M091742,0.0,0.9990804195404053,1.0,0.971633042529989,0.992356538772583,13,0.0
history_deletion,252,Q012,5,M056558,0.0,0.998988151550293,0.7142857142857143,0.9705561613958561,0.9920319318771362,13,0.0
history_deletion,253,Q013,1,M004656,0.0,1.0000001192092896,1.0,1.0,1.0000001192092896,13,0.0
history_deletion,253,Q013,2,M000652,0.0,0.997107207775116,0.9904761904761905,0.9714537371025921,0.9911277294158936,13,0.0
history_deletion,253,Q013,3,M000489,1.0,0.9978896975517273,0.8476190476190476,0.9266154964628248,0.9803876876831055,13,1.0
history_deletion,253,Q013,4,M000224,1.0,0.9966926574707031,0.8380952380952381,0.9211835556301206,0.9783115386962891,13,1.0
history_deletion,253,Q013,5,M000522,1.0,0.9957696199417114,0.8285714285714285,0.9303165981601096,0.9300410151481628,13,1.0
history_deletion,254,Q014,1,M022194,1.0,0.997409462928772,0.7940386680988185,0.9362598915079829,0.9825106859207153,13,1.0
history_deletion,254,Q014,2,M012192,0.0,0.996539831161499,0.8171679197994987,0.9520289824679138,0.9359312057495117,13,0.0
history_deletion,254,Q014,3,M061545,1.0,0.9918105602264404,0.9749910490511995,0.9073067835472415,0.9219130277633667,13,1.0
history_deletion,254,Q014,4,M034318,0.0,0.987061083316803,0.8253311851056212,0.9056325671783687,0.9186448454856873,13,0.0
history_deletion,255,Q015,1,M051010,0.0,1.0,0.8503401360544218,1.0,1.0,13,0.0
history_deletion,255,Q015,2,M075258,1.0,0.9991916418075562,0.8122448979591838,0.993552344601963,0.9979031085968018,13,1.0
history_deletion,255,Q015,3,M063219,1.0,0.9991055727005005,0.8380952380952381,0.9931570338058887,0.9977525472640991,13,1.0
history_deletion,255,Q015,4,M039788,1.0,0.998693585395813,0.7142857142857143,0.9931570338058887,0.9975054264068604,13,1.0
history_deletion,255,Q015,5,M098760,1.0,0.9993159770965576,0.8285714285714285,0.9910714285714286,0.9973574876785278,10,1.0
history_deletion,256,Q016,1,M026665,1.0,1.0,1.0,1.0,1.0,13,1.0
history_deletion,256,Q016,2,M087806,0.0,0.9994206428527832,0.8571428571428571,0.9960332606324973,0.998660683631897,13,0.0
history_deletion,256,Q016,3,M068757,1.0,0.9996577501296997,0.8122448979591838,0.9946428571428572,0.9984554052352905,13,1.0
history_deletion,256,Q016,4,M070107,0.0,0.9994356632232666,0.8435374149659864,0.993552344601963,0.9980494976043701,13,0.0
history_deletion,256,Q016,5,M089155,1.0,0.9997481107711792,0.8503401360544218,0.9910714285714286,0.9976167678833008,13,1.0
history_deletion,257,Q017,1,M058435,1.0,1.000000238418579,0.9551020408163265,1.0,1.0000001192092896,13,1.0
history_deletion,257,Q017,2,M035900,1.0,0.9987359642982483,0.8050841389187254,0.97025627044711,0.9918056726455688,13,1.0
history_deletion,257,Q017,3,M044584,0.0,0.9985114336013794,0.8122448979591838,0.9606234096692111,0.9892627000808716,13,0.0
history_deletion,257,Q017,4,M052454,0.0,0.9986316561698914,0.8408163265306123,0.9545098984984481,0.9878065586090088,13,0.0
history_deletion,257,Q017,5,M059516,0.0,0.9993190765380859,0.8020408163265307,0.9459332969829154,0.9860748052597046,13,0.0
history_deletion,258,Q018,1,M050950,1.0,1.0000001192092896,0.9619047619047619,1.0,1.0000001192092896,13,1.0
history_deletion,258,Q018,2,M070554,1.0,0.999678373336792,0.819047619047619,0.9892857142857142,0.9971284866333008,13,1.0
history_deletion,258,Q018,3,M047611,1.0,0.999678373336792,0.9714285714285714,0.9892857142857142,0.9971284866333008,13,1.0
history_deletion,258,Q018,4,M100060,1.0,0.9984458684921265,0.7993197278911566,0.974618320610687,0.9927221536636353,13,1.0
history_deletion,258,Q018,5,M052330,1.0,0.9986474514007568,0.8095238095238095,0.9604416575790621,0.989298939704895,13,1.0
history_deletion,259,Q019,1,M044611,0.0,0.9980992674827576,0.8571428571428571,0.9644083969465649,0.9399617314338684,13,0.0
history_deletion,259,Q019,2,M033266,1.0,0.9973161220550537,0.8122448979591838,0.9554571065067247,0.9372539520263672,13,1.0
history_deletion,259,Q019,3,M042895,1.0,0.9960495233535767,0.8476190476190476,0.9498479573861254,0.9350917339324951,10,1.0
history_deletion,259,Q019,4,M041625,0.0,0.9937268495559692,0.7074829931972789,0.9266116517070716,0.9278890490531921,10,0.0
history_deletion,259,Q019,5,M012182,0.0,0.9936379790306091,0.8408163265306123,0.9054738836227385,0.9225513339042664,7,0.0
history_deletion,260,Q020,1,M048011,0.0,1.0,0.8408163265306123,1.0,1.0,13,0.0
history_deletion,260,Q020,2,M069109,1.0,0.9990991950035095,0.9482993197278912,0.9806570338058888,0.9946237802505493,13,1.0
history_deletion,260,Q020,3,M033563,0.0,0.9956273436546326,0.8476190476190476,0.9691772921734755,0.9896707534790039,13,0.0
history_deletion,260,Q020,4,M061337,1.0,0.9985913038253784,0.7056032939491585,0.9560568884042165,0.9881690740585327,13,1.0
history_deletion,260,Q020,5,M064735,1.0,0.9988635778427124,0.8469387755102041,0.943452380952381,0.9851812124252319,13,1.0
history_deletion,261,Q001,1,M035956,1.0,1.0,1.0,1.0,1.0,14,1.0
history_deletion,261,Q001,2,M028549,0.0,0.9981349110603333,0.7142857142857143,0.9807776193272376,0.9940752983093262,14,0.0
history_deletion,261,Q001,3,M035537,1.0,0.9994309544563293,0.8571428571428571,0.9744138495092693,0.9932620525360107,14,1.0
history_deletion,261,Q001,4,M032957,1.0,0.9983353018760681,0.8571428571428571,0.96197571512457,0.9894951581954956,14,1.0
history_deletion,261,Q001,5,M028255,1.0,0.9990233778953552,0.7142857142857143,0.9601190476190476,0.9894437789916992,14,1.0
history_deletion,262,Q002,1,M060927,1.0,1.0,1.0,1.0,1.0,14,1.0
history_deletion,262,Q002,2,M080873,1.0,0.9988524913787842,1.0,0.9883996728462376,0.9964114427566528,14,1.0
history_deletion,262,Q002,3,M069758,1.0,0.998687744140625,0.9965986394557823,0.9790757906215921,0.9939815998077393,14,1.0
history_deletion,262,Q002,4,M085993,1.0,0.9992295503616333,0.819047619047619,0.9768947655398037,0.993761420249939,14,1.0
history_deletion,262,Q002,5,M051698,1.0,0.9978924989700317,0.819047619047619,0.9700427117411851,0.991246223449707,5,1.0
history_deletion,263,Q003,1,M079920,1.0,1.0,0.9714285714285714,1.0,1.0,14,1.0
history_deletion,263,Q003,2,M072610,1.0,0.9990502595901489,0.7925170068027212,0.9859187568157034,0.9959099292755127,14,1.0
history_deletion,263,Q003,3,M090781,0.0,0.999200701713562,0.7959183673469389,0.9743184296619412,0.9931000471115112,14,0.0
history_deletion,263,Q003,4,M004476,0.0,0.998794674873352,0.8115646258503402,0.9730234460196293,0.9925327301025391,14,0.0
history_deletion,263,Q003,5,M028717,0.0,0.9990425109863281,0.8061224489795918,0.9711423118865866,0.992211103439331,11,0.0
history_deletion,264,Q004,1,M050078,0.0,1.0,0.8571428571428571,1.0,1.0,14,0.0
history_deletion,264,Q004,2,M059745,0.0,0.9982020854949951,0.8503401360544218,0.9780219780219781,0.9934267997741699,14,0.0
history_deletion,264,Q004,3,M059135,1.0,0.9978526830673218,0.8217687074829932,0.9417215418169617,0.9841419458389282,14,1.0
history_deletion,264,Q004,4,M091738,0.0,0.9967393279075623,0.8312925170068028,0.9236400050331348,0.9789535999298096,14,0.0
history_deletion,264,Q004,5,M077874,0.0,0.9964801073074341,0.8408163265306123,0.9029433352906635,0.9736239910125732,11,0.0
history_deletion,265,Q005,1,M084721,1.0,0.9992156624794006,0.834013605442177,0.9945474372955289,0.9981663227081299,14,1.0
history_deletion,265,Q005,2,M047189,1.0,0.9991359114646912,0.7108843537414966,0.9931570338058887,0.9977707862854004,14,1.0
history_deletion,265,Q005,3,M054335,0.0,0.998910665512085,0.8312925170068028,0.9934569247546347,0.9977105855941772,14,0.0
history_deletion,265,Q005,4,M095999,1.0,0.9986827373504639,0.7074829931972789,0.9858233369683751,0.9956655502319336,14,1.0
history_deletion,265,Q005,5,M099079,1.0,0.9987858533859253,0.7074829931972789,0.9848282442748092,0.995478630065918,11,1.0
history_deletion,266,Q006,1,M004727,1.0,1.0,0.9981203007518796,1.0,1.0,14,1.0
history_deletion,266,Q006,2,M016297,1.0,0.9977824687957764,0.8171679197994987,0.9870092693565977,0.9954218864440918,14,1.0
history_deletion,266,Q006,3,M014732,1.0,0.9978636503219604,0.7885964912280701,0.9806821994799094,0.9938887357711792,14,1.0
history_deletion,266,Q006,4,M090795,1.0,0.998614490032196,0.7802721088435375,0.9785850599781897,0.9938149452209473,14,1.0
history_deletion,266,Q006,5,M089503,1.0,0.9993441104888916,0.7885964912280701,0.9760087241003271,0.9936087131500244,14,1.0
history_deletion,267,Q007,1,M029944,1.0,1.000000238418579,1.0,1.0,1.0000001192092896,14,1.0
history_deletion,267,Q007,2,M030690,0.0,0.9987031817436218,0.8476190476190476,0.9678616866593964,0.991187334060669,14,0.0
history_deletion,267,Q007,3,M041095,1.0,0.9984678626060486,0.8285714285714285,0.9506410256410256,0.9867409467697144,14,1.0
history_deletion,267,Q007,4,M035734,0.0,0.9985516667366028,0.819047619047619,0.9494299275787824,0.9864885807037354,14,0.0
history_deletion,267,Q007,5,M024621,0.0,0.997981607913971,0.9619047619047619,0.9505204401196767,0.9864190816879272,11,0.0
history_deletion,268,Q008,1,M084575,0.0,1.0000001192092896,0.8571428571428571,1.0,1.0000001192092896,14,0.0
history_deletion,268,Q008,2,M076048,1.0,0.9997464418411255,0.8518617973505191,0.9964285714285713,0.9989550113677979,14,1.0
history_deletion,268,Q008,3,M065714,1.0,0.9995644688606262,0.707124955245256,0.994942748091603,0.9984743595123291,14,1.0
history_deletion,268,Q008,4,M076797,1.0,0.9991171956062317,0.7090046544933762,0.9942475463467829,0.9980322122573853,14,1.0
history_deletion,268,Q008,5,M063614,0.0,0.9990450143814087,0.8069638381668457,0.9942475463467829,0.9979889392852783,14,0.0
history_deletion,269,Q009,1,M022445,1.0,0.9995251893997192,0.8122448979591838,0.9971237731733914,0.9989960193634033,14,1.0
history_deletion,269,Q009,2,M053522,1.0,0.999415397644043,0.8435374149659864,0.9902808069792803,0.997219443321228,14,1.0
history_deletion,269,Q009,3,M043070,1.0,0.998935341835022,0.8312925170068028,0.9899809160305343,0.9968564510345459,14,1.0
history_deletion,269,Q009,4,M076903,1.0,0.9993971586227417,0.8054421768707484,0.9877044711014176,0.996564507484436,14,1.0
history_deletion,269,Q009,5,M044106,1.0,0.9993612766265869,0.8054421768707484,0.9838331515812432,0.9955750703811646,11,1.0
history_deletion,270,Q010,1,M056742,0.0,1.0,0.9962406015037594,1.0,1.0,14,0.0
history_deletion,270,Q010,2,M022852,0.0,0.9990639686584473,0.8180093089867526,0.9924618320610687,0.9975539445877075,14,0.0
history_deletion,270,Q010,3,M070100,0.0,0.9994654655456543,0.7870748299319728,0.9857142857142858,0.996107816696167,14,0.0
history_deletion,270,Q010,4,M085336,1.0,0.9990699887275696,0.8171679197994987,0.9820474372955289,0.9949538707733154,14,1.0
history_deletion,270,Q010,5,M007635,1.0,0.9992145299911499,0.8180093089867526,0.9765948745910578,0.9936774969100952,8,1.0
history_deletion,271,Q011,1,M043191,1.0,1.0000001192092896,0.9714285714285714,1.0,1.0000001192092896,14,1.0
history_deletion,271,Q011,2,M063474,1.0,1.0000001192092896,0.8285714285714285,1.0,1.0000001192092896,14,1.0
history_deletion,271,Q011,3,M042506,0.0,1.0000001192092896,0.8025241675617615,1.0,1.0000001192092896,14,0.0
history_deletion,271,Q011,4,M089762,1.0,0.999800980091095,0.7047619047619048,0.9964285714285713,0.9989877939224243,14,1.0
history_deletion,271,Q011,5,M042804,1.0,0.999800980091095,0.8380952380952381,0.9964285714285713,0.9989877939224243,11,1.0
history_deletion,272,Q012,1,M057809,0.0,1.0000001192092896,0.8571428571428571,1.0,1.0000001192092896,14,0.0
history_deletion,272,Q012,2,M078223,1.0,0.9991438388824463,0.8306122448979593,0.9849236641221374,0.9957172870635986,14,1.0
history_deletion,272,Q012,3,M081373,1.0,0.9991778135299683,0.8380952380952381,0.9841330425299891,0.9955400228500366,14,1.0
history_deletion,272,Q012,4,M091742,0.0,0.9990804195404053,1.0,0.971633042529989,0.992356538772583,14,0.0
history_deletion,272,Q012,5,M056558,0.0,0.998988151550293,0.7142857142857143,0.9705561613958561,0.9920319318771362,14,0.0
history_deletion,273,Q013,1,M004656,0.0,1.0000001192092896,1.0,1.0,1.0000001192092896,14,0.0
history_deletion,273,Q013,2,M000652,0.0,0.997107207775116,0.9904761904761905,0.9714537371025921,0.9911277294158936,14,0.0
history_deletion,273,Q013,3,M000489,1.0,0.9978896975517273,0.8476190476190476,0.9266154964628248,0.9803876876831055,14,1.0
history_deletion,273,Q013,4,M000224,1.0,0.9966926574707031,0.8380952380952381,0.9211835556301206,0.9783115386962891,14,1.0
history_deletion,273,Q013,5,M000522,1.0,0.9957696199417114,0.8285714285714285,0.9303165981601096,0.9300410151481628,14,1.0
history_deletion,274,Q014,1,M022194,1.0,0.997409462928772,0.7940386680988185,0.9362598915079829,0.9825106859207153,14,1.0
history_deletion,274,Q014,2,M012192,0.0,0.996539831161499,0.8171679197994987,0.9520289824679138,0.9359312057495117,14,0.0
history_deletion,274,Q014,3,M061545,1.0,0.9918105602264404,0.9749910490511995,0.9073067835472415,0.9219130277633667,14,1.0
history_deletion,274,Q014,4,M034318,0.0,0.987061083316803,0.8253311851056212,0.9056325671783687,0.9186448454856873,14,0.0
history_deletion,275,Q015,1,M051010,0.0,1.0,0.8503401360544218,1.0,1.0,14,0.0
history_deletion,275,Q015,2,M075258,1.0,0.9991916418075562,0.8122448979591838,0.993552344601963,0.9979031085968018,14,1.0
history_deletion,275,Q015,3,M063219,1.0,0.9991055727005005,0.8380952380952381,0.9931570338058887,0.9977525472640991,14,1.0
history_deletion,275,Q015,4,M039788,1.0,0.998693585395813,0.7142857142857143,0.9931570338058887,0.9975054264068604,14,1.0
history_deletion,275,Q015,5,M098760,1.0,0.9993159770965576,0.8285714285714285,0.9910714285714286,0.9973574876785278,11,1.0
history_deletion,276,Q016,1,M026665,1.0,1.0,1.0,1.0,1.0,14,1.0
history_deletion,276,Q016,2,M087806,0.0,0.9994206428527832,0.8571428571428571,0.9960332606324973,0.998660683631897,14,0.0
history_deletion,276,Q016,3,M068757,1.0,0.9996577501296997,0.8122448979591838,0.9946428571428572,0.9984554052352905,14,1.0
history_deletion,276,Q016,4,M070107,0.0,0.9994356632232666,0.8435374149659864,0.993552344601963,0.9980494976043701,14,0.0
history_deletion,276,Q016,5,M089155,1.0,0.9997481107711792,0.8503401360544218,0.9910714285714286,0.9976167678833008,14,1.0
history_deletion,277,Q017,1,M058435,1.0,1.000000238418579,0.9551020408163265,1.0,1.0000001192092896,14,1.0
history_deletion,277,Q017,2,M035900,1.0,0.9987359642982483,0.8050841389187254,0.97025627044711,0.9918056726455688,14,1.0
history_deletion,277,Q017,3,M044584,0.0,0.9985114336013794,0.8122448979591838,0.9606234096692111,0.9892627000808716,14,0.0
history_deletion,277,Q017,4,M052454,0.0,0.9986316561698914,0.8408163265306123,0.9545098984984481,0.9878065586090088,14,0.0
history_deletion,277,Q017,5,M059516,0.0,0.9993190765380859,0.8020408163265307,0.9459332969829154,0.9860748052597046,14,0.0
history_deletion,278,Q018,1,M050950,1.0,1.0000001192092896,0.9619047619047619,1.0,1.0000001192092896,14,1.0
history_deletion,278,Q018,2,M070554,1.0,0.999678373336792,0.819047619047619,0.9892857142857142,0.9971284866333008,14,1.0
history_deletion,278,Q018,3,M047611,1.0,0.999678373336792,0.9714285714285714,0.9892857142857142,0.9971284866333008,14,1.0
history_deletion,278,Q018,4,M100060,1.0,0.9984458684921265,0.7993197278911566,0.974618320610687,0.9927221536636353,14,1.0
history_deletion,278,Q018,5,M052330,1.0,0.9986474514007568,0.8095238095238095,0.9604416575790621,0.989298939704895,14,1.0
history_deletion,279,Q019,1,M044611,0.0,0.9980992674827576,0.8571428571428571,0.9644083969465649,0.9399617314338684,14,0.0
history_deletion,279,Q019,2,M033266,1.0,0.9973161220550537,0.8122448979591838,0.9554571065067247,0.9372539520263672,14,1.0
history_deletion,279,Q019,3,M042895,1.0,0.9960495233535767,0.8476190476190476,0.9498479573861254,0.9350917339324951,11,1.0
history_deletion,279,Q019,4,M041625,0.0,0.9937268495559692,0.7074829931972789,0.9266116517070716,0.9278890490531921,11,0.0
history_deletion,279,Q019,5,M012182,0.0,0.9936379790306091,0.8408163265306123,0.9054738836227385,0.9225513339042664,8,0.0
history_deletion,280,Q020,1,M048011,0.0,1.0,0.8408163265306123,1.0,1.0,14,0.0
history_deletion,280,Q020,2,M069109,1.0,0.9990991950035095,0.9482993197278912,0.9806570338058888,0.9946237802505493,14,1.0
history_deletion,280,Q020,3,M033563,0.0,0.9956273436546326,0.8476190476190476,0.9691772921734755,0.9896707534790039,14,0.0
history_deletion,280,Q020,4,M061337,1.0,0.9985913038253784,0.7056032939491585,0.9560568884042165,0.9881690740585327,14,1.0
history_deletion,280,Q020,5,M064735,1.0,0.9988635778427124,0.8469387755102041,0.943452380952381,0.9851812124252319,14,1.0
history_deletion,281,Q001,1,M035956,1.0,1.0,1.0,1.0,1.0,15,1.0
history_deletion,281,Q001,2,M028549,0.0,0.9981349110603333,0.7142857142857143,0.9807776193272376,0.9940752983093262,15,0.0
history_deletion,281,Q001,3,M035537,1.0,0.9994309544563293,0.8571428571428571,0.9744138495092693,0.9932620525360107,15,1.0
history_deletion,281,Q001,4,M032957,1.0,0.9983353018760681,0.8571428571428571,0.96197571512457,0.9894951581954956,15,1.0
history_deletion,281,Q001,5,M028255,1.0,0.9990233778953552,0.7142857142857143,0.9601190476190476,0.9894437789916992,15,1.0
history_deletion,282,Q002,1,M060927,1.0,1.0,1.0,1.0,1.0,15,1.0
history_deletion,282,Q002,2,M080873,1.0,0.9988524913787842,1.0,0.9883996728462376,0.9964114427566528,15,1.0
history_deletion,282,Q002,3,M069758,1.0,0.998687744140625,0.9965986394557823,0.9790757906215921,0.9939815998077393,15,1.0
history_deletion,282,Q002,4,M085993,1.0,0.9992295503616333,0.819047619047619,0.9768947655398037,0.993761420249939,15,1.0
history_deletion,282,Q002,5,M051698,1.0,0.9978924989700317,0.819047619047619,0.9700427117411851,0.991246223449707,6,1.0
history_deletion,283,Q003,1,M079920,1.0,1.0,0.9714285714285714,1.0,1.0,15,1.0
history_deletion,283,Q003,2,M072610,1.0,0.9990502595901489,0.7925170068027212,0.9859187568157034,0.9959099292755127,15,1.0
history_deletion,283,Q003,3,M090781,0.0,0.999200701713562,0.7959183673469389,0.9743184296619412,0.9931000471115112,15,0.0
history_deletion,283,Q003,4,M004476,0.0,0.998794674873352,0.8115646258503402,0.9730234460196293,0.9925327301025391,15,0.0
history_deletion,283,Q003,5,M028717,0.0,0.9990425109863281,0.8061224489795918,0.9711423118865866,0.992211103439331,12,0.0
history_deletion,284,Q004,1,M050078,0.0,1.0,0.8571428571428571,1.0,1.0,15,0.0
history_deletion,284,Q004,2,M059745,0.0,0.9982020854949951,0.8503401360544218,0.9780219780219781,0.9934267997741699,15,0.0
history_deletion,284,Q004,3,M059135,1.0,0.9978526830673218,0.8217687074829932,0.9417215418169617,0.9841419458389282,15,1.0
history_deletion,284,Q004,4,M091738,0.0,0.9967393279075623,0.8312925170068028,0.9236400050331348,0.9789535999298096,15,0.0
history_deletion,284,Q004,5,M077874,0.0,0.9964801073074341,0.8408163265306123,0.9029433352906635,0.9736239910125732,12,0.0
history_deletion,285,Q005,1,M084721,1.0,0.9992156624794006,0.834013605442177,0.9945474372955289,0.9981663227081299,15,1.0
history_deletion,285,Q005,2,M047189,1.0,0.9991359114646912,0.7108843537414966,0.9931570338058887,0.9977707862854004,15,1.0
history_deletion,285,Q005,3,M054335,0.0,0.998910665512085,0.8312925170068028,0.9934569247546347,0.9977105855941772,15,0.0
history_deletion,285,Q005,4,M095999,1.0,0.9986827373504639,0.7074829931972789,0.9858233369683751,0.9956655502319336,15,1.0
history_deletion,285,Q005,5,M099079,1.0,0.9987858533859253,0.7074829931972789,0.9848282442748092,0.995478630065918,12,1.0
history_deletion,286,Q006,1,M004727,1.0,1.0,0.9981203007518796,1.0,1.0,15,1.0
history_deletion,286,Q006,2,M016297,1.0,0.9977824687957764,0.8171679197994987,0.9870092693565977,0.9954218864440918,15,1.0
history_deletion,286,Q006,3,M014732,1.0,0.9978636503219604,0.7885964912280701,0.9806821994799094,0.9938887357711792,15,1.0
history_deletion,286,Q006,4,M090795,1.0,0.998614490032196,0.7802721088435375,0.9785850599781897,0.9938149452209473,15,1.0
history_deletion,286,Q006,5,M089503,1.0,0.9993441104888916,0.7885964912280701,0.9760087241003271,0.9936087131500244,15,1.0
history_deletion,287,Q007,1,M029944,1.0,1.000000238418579,1.0,1.0,1.0000001192092896,15,1.0
history_deletion,287,Q007,2,M030690,0.0,0.9987031817436218,0.8476190476190476,0.9678616866593964,0.991187334060669,15,0.0
history_deletion,287,Q007,3,M041095,1.0,0.9984678626060486,0.8285714285714285,0.9506410256410256,0.9867409467697144,15,1.0
history_deletion,287,Q007,4,M035734,0.0,0.9985516667366028,0.819047619047619,0.9494299275787824,0.9864885807037354,15,0.0
history_deletion,287,Q007,5,M024621,0.0,0.997981607913971,0.9619047619047619,0.9505204401196767,0.9864190816879272,12,0.0
history_deletion,288,Q008,1,M084575,0.0,1.0000001192092896,0.8571428571428571,1.0,1.0000001192092896,15,0.0
history_deletion,288,Q008,2,M076048,1.0,0.9997464418411255,0.8518617973505191,0.9964285714285713,0.9989550113677979,15,1.0
history_deletion,288,Q008,3,M065714,1.0,0.9995644688606262,0.707124955245256,0.994942748091603,0.9984743595123291,15,1.0
history_deletion,288,Q008,4,M076797,1.0,0.9991171956062317,0.7090046544933762,0.9942475463467829,0.9980322122573853,15,1.0
history_deletion,288,Q008,5,M063614,0.0,0.9990450143814087,0.8069638381668457,0.9942475463467829,0.9979889392852783,15,0.0
history_deletion,289,Q009,1,M022445,1.0,0.9995251893997192,0.8122448979591838,0.9971237731733914,0.9989960193634033,15,1.0
history_deletion,289,Q009,2,M053522,1.0,0.999415397644043,0.8435374149659864,0.9902808069792803,0.997219443321228,15,1.0
history_deletion,289,Q009,3,M043070,1.0,0.998935341835022,0.8312925170068028,0.9899809160305343,0.9968564510345459,15,1.0
history_deletion,289,Q009,4,M076903,1.0,0.9993971586227417,0.8054421768707484,0.9877044711014176,0.996564507484436,15,1.0
history_deletion,289,Q009,5,M044106,1.0,0.9993612766265869,0.8054421768707484,0.9838331515812432,0.9955750703811646,12,1.0
history_deletion,290,Q010,1,M056742,0.0,1.0,0.9962406015037594,1.0,1.0,15,0.0
history_deletion,290,Q010,2,M022852,0.0,0.9990639686584473,0.8180093089867526,0.9924618320610687,0.9975539445877075,15,0.0
history_deletion,290,Q010,3,M070100,0.0,0.9994654655456543,0.7870748299319728,0.9857142857142858,0.996107816696167,15,0.0
history_deletion,290,Q010,4,M085336,1.0,0.9990699887275696,0.8171679197994987,0.9820474372955289,0.9949538707733154,15,1.0
history_deletion,290,Q010,5,M007635,1.0,0.9992145299911499,0.8180093089867526,0.9765948745910578,0.9936774969100952,9,1.0
history_deletion,291,Q011,1,M043191,1.0,1.0000001192092896,0.9714285714285714,1.0,1.0000001192092896,15,1.0
history_deletion,291,Q011,2,M063474,1.0,1.0000001192092896,0.8285714285714285,1.0,1.0000001192092896,15,1.0
history_deletion,291,Q011,3,M042506,0.0,1.0000001192092896,0.8025241675617615,1.0,1.0000001192092896,15,0.0
history_deletion,291,Q011,4,M089762,1.0,0.999800980091095,0.7047619047619048,0.9964285714285713,0.9989877939224243,15,1.0
history_deletion,291,Q011,5,M042804,1.0,0.999800980091095,0.8380952380952381,0.9964285714285713,0.9989877939224243,12,1.0
history_deletion,292,Q012,1,M057809,0.0,1.0000001192092896,0.8571428571428571,1.0,1.0000001192092896,15,0.0
history_deletion,292,Q012,2,M078223,1.0,0.9991438388824463,0.8306122448979593,0.9849236641221374,0.9957172870635986,15,1.0
history_deletion,292,Q012,3,M081373,1.0,0.9991778135299683,0.8380952380952381,0.9841330425299891,0.9955400228500366,15,1.0
history_deletion,292,Q012,4,M091742,0.0,0.9990804195404053,1.0,0.971633042529989,0.992356538772583,15,0.0
history_deletion,292,Q012,5,M056558,0.0,0.998988151550293,0.7142857142857143,0.9705561613958561,0.9920319318771362,15,0.0
history_deletion,293,Q013,1,M004656,0.0,1.0000001192092896,1.0,1.0,1.0000001192092896,15,0.0
history_deletion,293,Q013,2,M000652,0.0,0.997107207775116,0.9904761904761905,0.9714537371025921,0.9911277294158936,15,0.0
history_deletion,293,Q013,3,M000489,1.0,0.9978896975517273,0.8476190476190476,0.9266154964628248,0.9803876876831055,15,1.0
history_deletion,293,Q013,4,M000224,1.0,0.9966926574707031,0.8380952380952381,0.9211835556301206,0.9783115386962891,15,1.0
history_deletion,293,Q013,5,M000522,1.0,0.9957696199417114,0.8285714285714285,0.9303165981601096,0.9300410151481628,15,1.0
history_deletion,294,Q014,1,M022194,1.0,0.997409462928772,0.7940386680988185,0.9362598915079829,0.9825106859207153,15,1.0
history_deletion,294,Q014,2,M012192,0.0,0.996539831161499,0.8171679197994987,0.9520289824679138,0.9359312057495117,15,0.0
history_deletion,294,Q014,3,M061545,1.0,0.9918105602264404,0.9749910490511995,0.9073067835472415,0.9219130277633667,15,1.0
history_deletion,294,Q014,4,M034318,0.0,0.987061083316803,0.8253311851056212,0.9056325671783687,0.9186448454856873,15,0.0
history_deletion,295,Q015,1,M051010,0.0,1.0,0.8503401360544218,1.0,1.0,15,0.0
history_deletion,295,Q015,2,M075258,1.0,0.9991916418075562,0.8122448979591838,0.993552344601963,0.9979031085968018,15,1.0
history_deletion,295,Q015,3,M063219,1.0,0.9991055727005005,0.8380952380952381,0.9931570338058887,0.9977525472640991,15,1.0
history_deletion,295,Q015,4,M039788,1.0,0.998693585395813,0.7142857142857143,0.9931570338058887,0.9975054264068604,15,1.0
history_deletion,295,Q015,5,M098760,1.0,0.9993159770965576,0.8285714285714285,0.9910714285714286,0.9973574876785278,12,1.0
history_deletion,296,Q016,1,M026665,1.0,1.0,1.0,1.0,1.0,15,1.0
history_deletion,296,Q016,2,M087806,0.0,0.9994206428527832,0.8571428571428571,0.9960332606324973,0.998660683631897,15,0.0
history_deletion,296,Q016,3,M068757,1.0,0.9996577501296997,0.8122448979591838,0.9946428571428572,0.9984554052352905,15,1.0
history_deletion,296,Q016,4,M070107,0.0,0.9994356632232666,0.8435374149659864,0.993552344601963,0.9980494976043701,15,0.0
history_deletion,296,Q016,5,M089155,1.0,0.9997481107711792,0.8503401360544218,0.9910714285714286,0.9976167678833008,15,1.0
history_deletion,297,Q017,1,M058435,1.0,1.000000238418579,0.9551020408163265,1.0,1.0000001192092896,15,1.0
history_deletion,297,Q017,2,M035900,1.0,0.9987359642982483,0.8050841389187254,0.97025627044711,0.9918056726455688,15,1.0
history_deletion,297,Q017,3,M044584,0.0,0.9985114336013794,0.8122448979591838,0.9606234096692111,0.9892627000808716,15,0.0
history_deletion,297,Q017,4,M052454,0.0,0.9986316561698914,0.8408163265306123,0.9545098984984481,0.9878065586090088,15,0.0
history_deletion,297,Q017,5,M059516,0.0,0.9993190765380859,0.8020408163265307,0.9459332969829154,0.9860748052597046,15,0.0
history_deletion,298,Q018,1,M050950,1.0,1.0000001192092896,0.9619047619047619,1.0,1.0000001192092896,15,1.0
history_deletion,298,Q018,2,M070554,1.0,0.999678373336792,0.819047619047619,0.9892857142857142,0.9971284866333008,15,1.0
history_deletion,298,Q018,3,M047611,1.0,0.999678373336792,0.9714285714285714,0.9892857142857142,0.9971284866333008,15,1.0
history_deletion,298,Q018,4,M100060,1.0,0.9984458684921265,0.7993197278911566,0.974618320610687,0.9927221536636353,15,1.0
history_deletion,298,Q018,5,M052330,1.0,0.9986474514007568,0.8095238095238095,0.9604416575790621,0.989298939704895,15,1.0
history_deletion,299,Q019,1,M044611,0.0,0.9980992674827576,0.8571428571428571,0.9644083969465649,0.9399617314338684,15,0.0
history_deletion,299,Q019,2,M033266,1.0,0.9973161220550537,0.8122448979591838,0.9554571065067247,0.9372539520263672,15,1.0
history_deletion,299,Q019,3,M042895,1.0,0.9960495233535767,0.8476190476190476,0.9498479573861254,0.9350917339324951,12,1.0
history_deletion,299,Q019,4,M041625,0.0,0.9937268495559692,0.7074829931972789,0.9266116517070716,0.9278890490531921,12,0.0
history_deletion,299,Q019,5,M012182,0.0,0.9936379790306091,0.8408163265306123,0.9054738836227385,0.9225513339042664,9,0.0
history_deletion,300,Q020,1,M048011,0.0,1.0,0.8408163265306123,1.0,1.0,15,0.0
history_deletion,300,Q020,2,M069109,1.0,0.9990991950035095,0.9482993197278912,0.9806570338058888,0.9946237802505493,15,1.0
history_deletion,300,Q020,3,M033563,0.0,0.9956273436546326,0.8476190476190476,0.9691772921734755,0.9896707534790039,15,0.0
history_deletion,300,Q020,4,M061337,1.0,0.9985913038253784,0.7056032939491585,0.9560568884042165,0.9881690740585327,15,1.0
history_deletion,300,Q020,5,M064735,1.0,0.9988635778427124,0.8469387755102041,0.943452380952381,0.9851812124252319,15,1.0
ogmm,1,Q001,1,M035956,1.0,1.0,1.0,1.0,1.0,1,1.0
ogmm,1,Q001,2,M028549,0.0,0.9981349110603333,0.7142857142857143,0.9807776193272376,0.9940752983093262,1,0.0
ogmm,1,Q001,3,M035537,1.0,0.9994309544563293,0.8571428571428571,0.9744138495092693,0.9932620525360107,1,1.0
ogmm,1,Q001,4,M032957,1.0,0.9983353018760681,0.8571428571428571,0.96197571512457,0.9894951581954956,1,1.0
ogmm,1,Q001,5,M028255,1.0,0.9990233778953552,0.7142857142857143,0.9601190476190476,0.9894437789916992,1,1.0
ogmm,2,Q002,1,M060927,1.0,1.0,1.0,1.0,1.0,1,1.0
ogmm,2,Q002,2,M080873,1.0,0.9988524913787842,1.0,0.9883996728462376,0.9964114427566528,1,1.0
ogmm,2,Q002,3,M069758,1.0,0.998687744140625,0.9965986394557823,0.9790757906215921,0.9939815998077393,1,1.0
ogmm,2,Q002,4,M085993,1.0,0.9992295503616333,0.819047619047619,0.9768947655398037,0.993761420249939,1,1.0
ogmm,2,Q002,5,M047437,-1.0,0.999078631401062,0.819047619047619,0.9770992366412213,0.9937219619750977,1,-1.0
ogmm,3,Q003,1,M079920,1.0,1.0,0.9714285714285714,1.0,1.0,1,1.0
ogmm,3,Q003,2,M012821,-1.0,0.9993844032287598,0.9734693877551022,0.9938522355507089,0.9980937242507935,1,-1.0
ogmm,3,Q003,3,M072610,1.0,0.9990502595901489,0.7925170068027212,0.9859187568157034,0.9959099292755127,1,1.0
ogmm,3,Q003,4,M090781,0.0,0.999200701713562,0.7959183673469389,0.9743184296619412,0.9931000471115112,1,0.0
ogmm,3,Q003,5,M004476,0.0,0.998794674873352,0.8115646258503402,0.9730234460196293,0.9925327301025391,1,0.0
ogmm,4,Q004,1,M050078,0.0,1.0,0.8571428571428571,1.0,1.0,1,0.0
ogmm,4,Q004,2,M059745,0.0,0.9982020854949951,0.8503401360544218,0.9780219780219781,0.9934267997741699,1,0.0
ogmm,4,Q004,3,M049322,-1.0,0.9965438842773438,0.8312925170068028,0.9580089757570673,0.9874286651611328,1,-1.0
ogmm,4,Q004,4,M059135,1.0,0.9978526830673218,0.8217687074829932,0.9417215418169617,0.9841419458389282,1,1.0
ogmm,4,Q004,5,M091738,0.0,0.9967393279075623,0.8312925170068028,0.9236400050331348,0.9789535999298096,1,0.0
ogmm,5,Q005,1,M044080,-1.0,1.0,0.9931972789115646,1.0,1.0,1,-1.0
ogmm,5,Q005,2,M084721,1.0,0.9992156624794006,0.834013605442177,0.9945474372955289,0.9981663227081299,1,1.0
ogmm,5,Q005,3,M047189,1.0,0.9991359114646912,0.7108843537414966,0.9931570338058887,0.9977707862854004,1,1.0
ogmm,5,Q005,4,M054335,0.0,0.998910665512085,0.8312925170068028,0.9934569247546347,0.9977105855941772,1,0.0
ogmm,5,Q005,5,M095999,1.0,0.9986827373504639,0.7074829931972789,0.9858233369683751,0.9956655502319336,1,1.0
ogmm,6,Q006,1,M004727,1.0,1.0,0.9981203007518796,1.0,1.0,1,1.0
ogmm,6,Q006,2,M016297,1.0,0.9977824687957764,0.8171679197994987,0.9870092693565977,0.9954218864440918,1,1.0
ogmm,6,Q006,3,M014732,1.0,0.9978636503219604,0.7885964912280701,0.9806821994799094,0.9938887357711792,1,1.0
ogmm,6,Q006,4,M090795,1.0,0.998614490032196,0.7802721088435375,0.9785850599781897,0.9938149452209473,1,1.0
ogmm,6,Q006,5,M089503,1.0,0.9993441104888916,0.7885964912280701,0.9760087241003271,0.9936087131500244,1,1.0
ogmm,7,Q007,1,M029944,1.0,1.000000238418579,1.0,1.0,1.0000001192092896,1,1.0
ogmm,7,Q007,2,M030690,0.0,0.9987031817436218,0.8476190476190476,0.9678616866593964,0.991187334060669,1,0.0
ogmm,7,Q007,3,M003265,-1.0,0.9979531168937683,0.8244897959183675,0.9533966669462852,0.9871209859848022,1,-1.0
ogmm,7,Q007,4,M041095,1.0,0.9984678626060486,0.8285714285714285,0.9506410256410256,0.9867409467697144,1,1.0
ogmm,7,Q007,5,M035734,0.0,0.9985516667366028,0.819047619047619,0.9494299275787824,0.9864885807037354,1,0.0
ogmm,8,Q008,1,M084575,0.0,1.0000001192092896,0.8571428571428571,1.0,1.0000001192092896,1,0.0
ogmm,8,Q008,2,M076048,1.0,0.9997464418411255,0.8518617973505191,0.9964285714285713,0.9989550113677979,1,1.0
ogmm,8,Q008,3,M065714,1.0,0.9995644688606262,0.707124955245256,0.994942748091603,0.9984743595123291,1,1.0
ogmm,8,Q008,4,M076797,1.0,0.9991171956062317,0.7090046544933762,0.9942475463467829,0.9980322122573853,1,1.0
ogmm,8,Q008,5,M063614,0.0,0.9990450143814087,0.8069638381668457,0.9942475463467829,0.9979889392852783,1,0.0
ogmm,9,Q009,1,M059479,-1.0,1.0000001192092896,0.9863945578231293,1.0,1.0000001192092896,1,-1.0
ogmm,9,Q009,2,M022445,1.0,0.9995251893997192,0.8122448979591838,0.9971237731733914,0.9989960193634033,1,1.0
ogmm,9,Q009,3,M053522,1.0,0.999415397644043,0.8435374149659864,0.9902808069792803,0.997219443321228,1,1.0
ogmm,9,Q009,4,M043070,1.0,0.998935341835022,0.8312925170068028,0.9899809160305343,0.9968564510345459,1,1.0
ogmm,9,Q009,5,M076903,1.0,0.9993971586227417,0.8054421768707484,0.9877044711014176,0.996564507484436,1,1.0
ogmm,10,Q010,1,M056742,0.0,1.0,0.9962406015037594,1.0,1.0,1,0.0
ogmm,10,Q010,2,M020473,-1.0,0.9994295835494995,0.9799140708915146,0.9931570338058887,0.9979469776153564,1,-1.0
ogmm,10,Q010,3,M022852,0.0,0.9990639686584473,0.8180093089867526,0.9924618320610687,0.9975539445877075,1,0.0
ogmm,10,Q010,4,M070100,0.0,0.9994654655456543,0.7870748299319728,0.9857142857142858,0.996107816696167,1,0.0
ogmm,10,Q010,5,M085336,1.0,0.9990699887275696,0.8171679197994987,0.9820474372955289,0.9949538707733154,1,1.0
ogmm,11,Q011,1,M043191,1.0,1.0000001192092896,0.9714285714285714,1.0,1.0000001192092896,1,1.0
ogmm,11,Q011,2,M042153,-1.0,1.0000001192092896,0.9714285714285714,1.0,1.0000001192092896,1,-1.0
ogmm,11,Q011,3,M063474,1.0,1.0000001192092896,0.8285714285714285,1.0,1.0000001192092896,1,1.0
ogmm,11,Q011,4,M042506,0.0,1.0000001192092896,0.8025241675617615,1.0,1.0000001192092896,1,0.0
ogmm,11,Q011,5,M089762,1.0,0.999800980091095,0.7047619047619048,0.9964285714285713,0.9989877939224243,1,1.0
ogmm,12,Q012,1,M057809,0.0,1.0000001192092896,0.8571428571428571,1.0,1.0000001192092896,1,0.0
ogmm,12,Q012,2,M078223,1.0,0.9991438388824463,0.8306122448979593,0.9849236641221374,0.9957172870635986,1,1.0
ogmm,12,Q012,3,M081373,1.0,0.9991778135299683,0.8380952380952381,0.9841330425299891,0.9955400228500366,1,1.0
ogmm,12,Q012,4,M091742,0.0,0.9990804195404053,1.0,0.971633042529989,0.992356538772583,1,0.0
ogmm,12,Q012,5,M056558,0.0,0.998988151550293,0.7142857142857143,0.9705561613958561,0.9920319318771362,1,0.0
ogmm,13,Q013,1,M004656,0.0,1.0000001192092896,1.0,1.0,1.0000001192092896,1,0.0
ogmm,13,Q013,2,M000652,0.0,0.997107207775116,0.9904761904761905,0.9714537371025921,0.9911277294158936,1,0.0
ogmm,13,Q013,3,M000489,1.0,0.9978896975517273,0.8476190476190476,0.9266154964628248,0.9803876876831055,1,1.0
ogmm,13,Q013,4,M000224,1.0,0.9966926574707031,0.8380952380952381,0.9211835556301206,0.9783115386962891,1,1.0
ogmm,13,Q013,5,M000522,1.0,0.9957696199417114,0.8285714285714285,0.9303165981601096,0.9300410151481628,1,1.0
ogmm,14,Q014,1,M035347,-1.0,1.0,0.9523809523809524,1.0,1.0,1,-1.0
ogmm,14,Q014,2,M022194,1.0,0.997409462928772,0.7940386680988185,0.9362598915079829,0.9825106859207153,1,1.0
ogmm,14,Q014,3,M012192,0.0,0.996539831161499,0.8171679197994987,0.9520289824679138,0.9359312057495117,1,0.0
ogmm,14,Q014,4,M061545,1.0,0.9918105602264404,0.9749910490511995,0.9073067835472415,0.9219130277633667,1,1.0
ogmm,14,Q014,5,M034318,0.0,0.987061083316803,0.8253311851056212,0.9056325671783687,0.9186448454856873,1,0.0
ogmm,15,Q015,1,M051010,0.0,1.0,0.8503401360544218,1.0,1.0,1,0.0
ogmm,15,Q015,2,M101026,-1.0,0.9993199110031128,0.7993197278911566,0.9982142857142857,0.9991455078125,1,-1.0
ogmm,15,Q015,3,M075258,1.0,0.9991916418075562,0.8122448979591838,0.993552344601963,0.9979031085968018,1,1.0
ogmm,15,Q015,4,M063219,1.0,0.9991055727005005,0.8380952380952381,0.9931570338058887,0.9977525472640991,1,1.0
ogmm,15,Q015,5,M039788,1.0,0.998693585395813,0.7142857142857143,0.9931570338058887,0.9975054264068604,1,1.0
ogmm,16,Q016,1,M026665,1.0,1.0,1.0,1.0,1.0,1,1.0
ogmm,16,Q016,2,M087806,0.0,0.9994206428527832,0.8571428571428571,0.9960332606324973,0.998660683631897,1,0.0
ogmm,16,Q016,3,M068757,1.0,0.9996577501296997,0.8122448979591838,0.9946428571428572,0.9984554052352905,1,1.0
ogmm,16,Q016,4,M070107,0.0,0.9994356632232666,0.8435374149659864,0.993552344601963,0.9980494976043701,1,0.0
ogmm,16,Q016,5,M089155,1.0,0.9997481107711792,0.8503401360544218,0.9910714285714286,0.9976167678833008,1,1.0
ogmm,17,Q017,1,M058435,1.0,1.000000238418579,0.9551020408163265,1.0,1.0000001192092896,1,1.0
ogmm,17,Q017,2,M035900,1.0,0.9987359642982483,0.8050841389187254,0.97025627044711,0.9918056726455688,1,1.0
ogmm,17,Q017,3,M044584,0.0,0.9985114336013794,0.8122448979591838,0.9606234096692111,0.9892627000808716,1,0.0
ogmm,17,Q017,4,M052454,0.0,0.9986316561698914,0.8408163265306123,0.9545098984984481,0.9878065586090088,1,0.0
ogmm,17,Q017,5,M059516,0.0,0.9993190765380859,0.8020408163265307,0.9459332969829154,0.9860748052597046,1,0.0
ogmm,18,Q018,1,M050950,1.0,1.0000001192092896,0.9619047619047619,1.0,1.0000001192092896,1,1.0
ogmm,18,Q018,2,M070554,1.0,0.999678373336792,0.819047619047619,0.9892857142857142,0.9971284866333008,1,1.0
ogmm,18,Q018,3,M047611,1.0,0.999678373336792,0.9714285714285714,0.9892857142857142,0.9971284866333008,1,1.0
ogmm,18,Q018,4,M100060,1.0,0.9984458684921265,0.7993197278911566,0.974618320610687,0.9927221536636353,1,1.0
ogmm,18,Q018,5,M052330,1.0,0.9986474514007568,0.8095238095238095,0.9604416575790621,0.989298939704895,1,1.0
ogmm,19,Q019,1,M046472,-1.0,0.9999999403953552,0.8571428571428571,1.0,1.0,1,-1.0
ogmm,19,Q019,2,M026024,-1.0,0.996228039264679,0.7931972789115646,0.9349152755641306,0.9814656972885132,1,-1.0
ogmm,19,Q019,3,M044611,0.0,0.9980992674827576,0.8571428571428571,0.9644083969465649,0.9399617314338684,1,0.0
ogmm,19,Q019,4,M033266,1.0,0.9973161220550537,0.8122448979591838,0.9554571065067247,0.9372539520263672,1,1.0
ogmm,19,Q019,5,M043388,-1.0,0.9955116510391235,0.8571428571428571,0.9546168526130357,0.9359612464904785,1,-1.0
ogmm,20,Q020,1,M048011,0.0,1.0,0.8408163265306123,1.0,1.0,1,0.0
ogmm,20,Q020,2,M069109,1.0,0.9990991950035095,0.9482993197278912,0.9806570338058888,0.9946237802505493,1,1.0
ogmm,20,Q020,3,M033563,0.0,0.9956273436546326,0.8476190476190476,0.9691772921734755,0.9896707534790039,1,0.0
ogmm,20,Q020,4,M061337,1.0,0.9985913038253784,0.7056032939491585,0.9560568884042165,0.9881690740585327,1,1.0
ogmm,20,Q020,5,M064735,1.0,0.9988635778427124,0.8469387755102041,0.943452380952381,0.9851812124252319,1,1.0
ogmm,21,Q001,1,M035956,1.0,1.0,1.0,1.0,1.0,2,1.0
ogmm,21,Q001,2,M028549,0.0,0.9981349110603333,0.7142857142857143,0.9807776193272376,0.9940752983093262,2,0.0
ogmm,21,Q001,3,M035537,1.0,0.9994309544563293,0.8571428571428571,0.9744138495092693,0.9932620525360107,2,1.0
ogmm,21,Q001,4,M032957,1.0,0.9983353018760681,0.8571428571428571,0.96197571512457,0.9894951581954956,2,1.0
ogmm,21,Q001,5,M028255,1.0,0.9990233778953552,0.7142857142857143,0.9601190476190476,0.9894437789916992,2,1.0
ogmm,22,Q002,1,M060927,1.0,1.0,1.0,1.0,1.0,2,1.0
ogmm,22,Q002,2,M080873,1.0,0.9988524913787842,1.0,0.9883996728462376,0.9964114427566528,2,1.0
ogmm,22,Q002,3,M069758,1.0,0.998687744140625,0.9965986394557823,0.9790757906215921,0.9939815998077393,2,1.0
ogmm,22,Q002,4,M085993,1.0,0.9992295503616333,0.819047619047619,0.9768947655398037,0.993761420249939,2,1.0
ogmm,22,Q002,5,M047437,-1.0,0.999078631401062,0.819047619047619,0.9770992366412213,0.9937219619750977,2,-1.0
ogmm,23,Q003,1,M079920,1.0,1.0,0.9714285714285714,1.0,1.0,2,1.0
ogmm,23,Q003,2,M012821,-1.0,0.9993844032287598,0.9734693877551022,0.9938522355507089,0.9980937242507935,2,-1.0
ogmm,23,Q003,3,M072610,1.0,0.9990502595901489,0.7925170068027212,0.9859187568157034,0.9959099292755127,2,1.0
ogmm,23,Q003,4,M090781,0.0,0.999200701713562,0.7959183673469389,0.9743184296619412,0.9931000471115112,2,0.0
ogmm,23,Q003,5,M004476,0.0,0.998794674873352,0.8115646258503402,0.9730234460196293,0.9925327301025391,2,0.0
ogmm,24,Q004,1,M050078,0.0,1.0,0.8571428571428571,1.0,1.0,2,0.0
ogmm,24,Q004,2,M059745,0.0,0.9982020854949951,0.8503401360544218,0.9780219780219781,0.9934267997741699,2,0.0
ogmm,24,Q004,3,M049322,-1.0,0.9965438842773438,0.8312925170068028,0.9580089757570673,0.9874286651611328,2,-1.0
ogmm,24,Q004,4,M059135,1.0,0.9978526830673218,0.8217687074829932,0.9417215418169617,0.9841419458389282,2,1.0
ogmm,24,Q004,5,M091738,0.0,0.9967393279075623,0.8312925170068028,0.9236400050331348,0.9789535999298096,2,0.0
ogmm,25,Q005,1,M044080,-1.0,1.0,0.9931972789115646,1.0,1.0,2,-1.0
ogmm,25,Q005,2,M084721,1.0,0.9992156624794006,0.834013605442177,0.9945474372955289,0.9981663227081299,2,1.0
ogmm,25,Q005,3,M047189,1.0,0.9991359114646912,0.7108843537414966,0.9931570338058887,0.9977707862854004,2,1.0
ogmm,25,Q005,4,M054335,0.0,0.998910665512085,0.8312925170068028,0.9934569247546347,0.9977105855941772,2,0.0
ogmm,25,Q005,5,M095999,1.0,0.9986827373504639,0.7074829931972789,0.9858233369683751,0.9956655502319336,2,1.0
ogmm,26,Q006,1,M004727,1.0,1.0,0.9981203007518796,1.0,1.0,2,1.0
ogmm,26,Q006,2,M016297,1.0,0.9977824687957764,0.8171679197994987,0.9870092693565977,0.9954218864440918,2,1.0
ogmm,26,Q006,3,M014732,1.0,0.9978636503219604,0.7885964912280701,0.9806821994799094,0.9938887357711792,2,1.0
ogmm,26,Q006,4,M090795,1.0,0.998614490032196,0.7802721088435375,0.9785850599781897,0.9938149452209473,2,1.0
ogmm,26,Q006,5,M089503,1.0,0.9993441104888916,0.7885964912280701,0.9760087241003271,0.9936087131500244,2,1.0
ogmm,27,Q007,1,M029944,1.0,1.000000238418579,1.0,1.0,1.0000001192092896,2,1.0
ogmm,27,Q007,2,M030690,0.0,0.9987031817436218,0.8476190476190476,0.9678616866593964,0.991187334060669,2,0.0
ogmm,27,Q007,3,M003265,-1.0,0.9979531168937683,0.8244897959183675,0.9533966669462852,0.9871209859848022,2,-1.0
ogmm,27,Q007,4,M041095,1.0,0.9984678626060486,0.8285714285714285,0.9506410256410256,0.9867409467697144,2,1.0
ogmm,27,Q007,5,M035734,0.0,0.9985516667366028,0.819047619047619,0.9494299275787824,0.9864885807037354,2,0.0
ogmm,28,Q008,1,M084575,0.0,1.0000001192092896,0.8571428571428571,1.0,1.0000001192092896,2,0.0
ogmm,28,Q008,2,M076048,1.0,0.9997464418411255,0.8518617973505191,0.9964285714285713,0.9989550113677979,2,1.0
ogmm,28,Q008,3,M065714,1.0,0.9995644688606262,0.707124955245256,0.994942748091603,0.9984743595123291,2,1.0
ogmm,28,Q008,4,M076797,1.0,0.9991171956062317,0.7090046544933762,0.9942475463467829,0.9980322122573853,2,1.0
ogmm,28,Q008,5,M063614,0.0,0.9990450143814087,0.8069638381668457,0.9942475463467829,0.9979889392852783,2,0.0
ogmm,29,Q009,1,M059479,-1.0,1.0000001192092896,0.9863945578231293,1.0,1.0000001192092896,2,-1.0
ogmm,29,Q009,2,M022445,1.0,0.9995251893997192,0.8122448979591838,0.9971237731733914,0.9989960193634033,2,1.0
ogmm,29,Q009,3,M053522,1.0,0.999415397644043,0.8435374149659864,0.9902808069792803,0.997219443321228,2,1.0
ogmm,29,Q009,4,M043070,1.0,0.998935341835022,0.8312925170068028,0.9899809160305343,0.9968564510345459,2,1.0
ogmm,29,Q009,5,M076903,1.0,0.9993971586227417,0.8054421768707484,0.9877044711014176,0.996564507484436,2,1.0
ogmm,30,Q010,1,M056742,0.0,1.0,0.9962406015037594,1.0,1.0,2,0.0
ogmm,30,Q010,2,M020473,-1.0,0.9994295835494995,0.9799140708915146,0.9931570338058887,0.9979469776153564,2,-1.0
ogmm,30,Q010,3,M022852,0.0,0.9990639686584473,0.8180093089867526,0.9924618320610687,0.9975539445877075,2,0.0
ogmm,30,Q010,4,M070100,0.0,0.9994654655456543,0.7870748299319728,0.9857142857142858,0.996107816696167,2,0.0
ogmm,30,Q010,5,M085336,1.0,0.9990699887275696,0.8171679197994987,0.9820474372955289,0.9949538707733154,2,1.0
ogmm,31,Q011,1,M043191,1.0,1.0000001192092896,0.9714285714285714,1.0,1.0000001192092896,2,1.0
ogmm,31,Q011,2,M042153,-1.0,1.0000001192092896,0.9714285714285714,1.0,1.0000001192092896,2,-1.0
ogmm,31,Q011,3,M063474,1.0,1.0000001192092896,0.8285714285714285,1.0,1.0000001192092896,2,1.0
ogmm,31,Q011,4,M042506,0.0,1.0000001192092896,0.8025241675617615,1.0,1.0000001192092896,2,0.0
ogmm,31,Q011,5,M089762,1.0,0.999800980091095,0.7047619047619048,0.9964285714285713,0.9989877939224243,2,1.0
ogmm,32,Q012,1,M057809,0.0,1.0000001192092896,0.8571428571428571,1.0,1.0000001192092896,2,0.0
ogmm,32,Q012,2,M078223,1.0,0.9991438388824463,0.8306122448979593,0.9849236641221374,0.9957172870635986,2,1.0
ogmm,32,Q012,3,M081373,1.0,0.9991778135299683,0.8380952380952381,0.9841330425299891,0.9955400228500366,2,1.0
ogmm,32,Q012,4,M091742,0.0,0.9990804195404053,1.0,0.971633042529989,0.992356538772583,2,0.0
ogmm,32,Q012,5,M056558,0.0,0.998988151550293,0.7142857142857143,0.9705561613958561,0.9920319318771362,2,0.0
ogmm,33,Q013,1,M004656,0.0,1.0000001192092896,1.0,1.0,1.0000001192092896,2,0.0
ogmm,33,Q013,2,M000652,0.0,0.997107207775116,0.9904761904761905,0.9714537371025921,0.9911277294158936,2,0.0
ogmm,33,Q013,3,M000489,1.0,0.9978896975517273,0.8476190476190476,0.9266154964628248,0.9803876876831055,2,1.0
ogmm,33,Q013,4,M000224,1.0,0.9966926574707031,0.8380952380952381,0.9211835556301206,0.9783115386962891,2,1.0
ogmm,33,Q013,5,M000522,1.0,0.9957696199417114,0.8285714285714285,0.9303165981601096,0.9300410151481628,2,1.0
ogmm,34,Q014,1,M035347,-1.0,1.0,0.9523809523809524,1.0,1.0,2,-1.0
ogmm,34,Q014,2,M022194,1.0,0.997409462928772,0.7940386680988185,0.9362598915079829,0.9825106859207153,2,1.0
ogmm,34,Q014,3,M012192,0.0,0.996539831161499,0.8171679197994987,0.9520289824679138,0.9359312057495117,2,0.0
ogmm,34,Q014,4,M061545,1.0,0.9918105602264404,0.9749910490511995,0.9073067835472415,0.9219130277633667,2,1.0
ogmm,34,Q014,5,M034318,0.0,0.987061083316803,0.8253311851056212,0.9056325671783687,0.9186448454856873,2,0.0
ogmm,35,Q015,1,M051010,0.0,1.0,0.8503401360544218,1.0,1.0,2,0.0
ogmm,35,Q015,2,M101026,-1.0,0.9993199110031128,0.7993197278911566,0.9982142857142857,0.9991455078125,2,-1.0
ogmm,35,Q015,3,M075258,1.0,0.9991916418075562,0.8122448979591838,0.993552344601963,0.9979031085968018,2,1.0
ogmm,35,Q015,4,M063219,1.0,0.9991055727005005,0.8380952380952381,0.9931570338058887,0.9977525472640991,2,1.0
ogmm,35,Q015,5,M039788,1.0,0.998693585395813,0.7142857142857143,0.9931570338058887,0.9975054264068604,2,1.0
ogmm,36,Q016,1,M026665,1.0,1.0,1.0,1.0,1.0,2,1.0
ogmm,36,Q016,2,M087806,0.0,0.9994206428527832,0.8571428571428571,0.9960332606324973,0.998660683631897,2,0.0
ogmm,36,Q016,3,M068757,1.0,0.9996577501296997,0.8122448979591838,0.9946428571428572,0.9984554052352905,2,1.0
ogmm,36,Q016,4,M070107,0.0,0.9994356632232666,0.8435374149659864,0.993552344601963,0.9980494976043701,2,0.0
ogmm,36,Q016,5,M089155,1.0,0.9997481107711792,0.8503401360544218,0.9910714285714286,0.9976167678833008,2,1.0
ogmm,37,Q017,1,M058435,1.0,1.000000238418579,0.9551020408163265,1.0,1.0000001192092896,2,1.0
ogmm,37,Q017,2,M035900,1.0,0.9987359642982483,0.8050841389187254,0.97025627044711,0.9918056726455688,2,1.0
ogmm,37,Q017,3,M044584,0.0,0.9985114336013794,0.8122448979591838,0.9606234096692111,0.9892627000808716,2,0.0
ogmm,37,Q017,4,M052454,0.0,0.9986316561698914,0.8408163265306123,0.9545098984984481,0.9878065586090088,2,0.0
ogmm,37,Q017,5,M059516,0.0,0.9993190765380859,0.8020408163265307,0.9459332969829154,0.9860748052597046,2,0.0
ogmm,38,Q018,1,M050950,1.0,1.0000001192092896,0.9619047619047619,1.0,1.0000001192092896,2,1.0
ogmm,38,Q018,2,M070554,1.0,0.999678373336792,0.819047619047619,0.9892857142857142,0.9971284866333008,2,1.0
ogmm,38,Q018,3,M047611,1.0,0.999678373336792,0.9714285714285714,0.9892857142857142,0.9971284866333008,2,1.0
ogmm,38,Q018,4,M100060,1.0,0.9984458684921265,0.7993197278911566,0.974618320610687,0.9927221536636353,2,1.0
ogmm,38,Q018,5,M052330,1.0,0.9986474514007568,0.8095238095238095,0.9604416575790621,0.989298939704895,2,1.0
ogmm,39,Q019,1,M046472,-1.0,0.9999999403953552,0.8571428571428571,1.0,1.0,2,-1.0
ogmm,39,Q019,2,M026024,-1.0,0.996228039264679,0.7931972789115646,0.9349152755641306,0.9814656972885132,2,-1.0
ogmm,39,Q019,3,M044611,0.0,0.9980992674827576,0.8571428571428571,0.9644083969465649,0.9399617314338684,2,0.0
ogmm,39,Q019,4,M033266,1.0,0.9973161220550537,0.8122448979591838,0.9554571065067247,0.9372539520263672,2,1.0
ogmm,39,Q019,5,M043388,-1.0,0.9955116510391235,0.8571428571428571,0.9546168526130357,0.9359612464904785,2,-1.0
ogmm,40,Q020,1,M048011,0.0,1.0,0.8408163265306123,1.0,1.0,2,0.0
ogmm,40,Q020,2,M069109,1.0,0.9990991950035095,0.9482993197278912,0.9806570338058888,0.9946237802505493,2,1.0
ogmm,40,Q020,3,M033563,0.0,0.9956273436546326,0.8476190476190476,0.9691772921734755,0.9896707534790039,2,0.0
ogmm,40,Q020,4,M061337,1.0,0.9985913038253784,0.7056032939491585,0.9560568884042165,0.9881690740585327,2,1.0
ogmm,40,Q020,5,M064735,1.0,0.9988635778427124,0.8469387755102041,0.943452380952381,0.9851812124252319,2,1.0
ogmm,41,Q001,1,M035956,1.0,1.0,1.0,1.0,1.0,3,1.0
ogmm,41,Q001,2,M028549,0.0,0.9981349110603333,0.7142857142857143,0.9807776193272376,0.9940752983093262,3,0.0
ogmm,41,Q001,3,M035537,1.0,0.9994309544563293,0.8571428571428571,0.9744138495092693,0.9932620525360107,3,1.0
ogmm,41,Q001,4,M032957,1.0,0.9983353018760681,0.8571428571428571,0.96197571512457,0.9894951581954956,3,1.0
ogmm,41,Q001,5,M028255,1.0,0.9990233778953552,0.7142857142857143,0.9601190476190476,0.9894437789916992,3,1.0
ogmm,42,Q002,1,M060927,1.0,1.0,1.0,1.0,1.0,3,1.0
ogmm,42,Q002,2,M080873,1.0,0.9988524913787842,1.0,0.9883996728462376,0.9964114427566528,3,1.0
ogmm,42,Q002,3,M069758,1.0,0.998687744140625,0.9965986394557823,0.9790757906215921,0.9939815998077393,3,1.0
ogmm,42,Q002,4,M085993,1.0,0.9992295503616333,0.819047619047619,0.9768947655398037,0.993761420249939,3,1.0
ogmm,42,Q002,5,M047437,-1.0,0.999078631401062,0.819047619047619,0.9770992366412213,0.9937219619750977,3,-1.0
ogmm,43,Q003,1,M079920,1.0,1.0,0.9714285714285714,1.0,1.0,3,1.0
ogmm,43,Q003,2,M012821,-1.0,0.9993844032287598,0.9734693877551022,0.9938522355507089,0.9980937242507935,3,-1.0
ogmm,43,Q003,3,M072610,1.0,0.9990502595901489,0.7925170068027212,0.9859187568157034,0.9959099292755127,3,1.0
ogmm,43,Q003,4,M090781,0.0,0.999200701713562,0.7959183673469389,0.9743184296619412,0.9931000471115112,3,0.0
ogmm,43,Q003,5,M004476,0.0,0.998794674873352,0.8115646258503402,0.9730234460196293,0.9925327301025391,3,0.0
ogmm,44,Q004,1,M050078,0.0,1.0,0.8571428571428571,1.0,1.0,3,0.0
ogmm,44,Q004,2,M059745,0.0,0.9982020854949951,0.8503401360544218,0.9780219780219781,0.9934267997741699,3,0.0
ogmm,44,Q004,3,M049322,-1.0,0.9965438842773438,0.8312925170068028,0.9580089757570673,0.9874286651611328,3,-1.0
ogmm,44,Q004,4,M059135,1.0,0.9978526830673218,0.8217687074829932,0.9417215418169617,0.9841419458389282,3,1.0
ogmm,44,Q004,5,M091738,0.0,0.9967393279075623,0.8312925170068028,0.9236400050331348,0.9789535999298096,3,0.0
ogmm,45,Q005,1,M044080,-1.0,1.0,0.9931972789115646,1.0,1.0,3,-1.0
ogmm,45,Q005,2,M084721,1.0,0.9992156624794006,0.834013605442177,0.9945474372955289,0.9981663227081299,3,1.0
ogmm,45,Q005,3,M047189,1.0,0.9991359114646912,0.7108843537414966,0.9931570338058887,0.9977707862854004,3,1.0
ogmm,45,Q005,4,M054335,0.0,0.998910665512085,0.8312925170068028,0.9934569247546347,0.9977105855941772,3,0.0
ogmm,45,Q005,5,M095999,1.0,0.9986827373504639,0.7074829931972789,0.9858233369683751,0.9956655502319336,3,1.0
ogmm,46,Q006,1,M004727,1.0,1.0,0.9981203007518796,1.0,1.0,3,1.0
ogmm,46,Q006,2,M016297,1.0,0.9977824687957764,0.8171679197994987,0.9870092693565977,0.9954218864440918,3,1.0
ogmm,46,Q006,3,M014732,1.0,0.9978636503219604,0.7885964912280701,0.9806821994799094,0.9938887357711792,3,1.0
ogmm,46,Q006,4,M090795,1.0,0.998614490032196,0.7802721088435375,0.9785850599781897,0.9938149452209473,3,1.0
ogmm,46,Q006,5,M089503,1.0,0.9993441104888916,0.7885964912280701,0.9760087241003271,0.9936087131500244,3,1.0
ogmm,47,Q007,1,M029944,1.0,1.000000238418579,1.0,1.0,1.0000001192092896,3,1.0
ogmm,47,Q007,2,M030690,0.0,0.9987031817436218,0.8476190476190476,0.9678616866593964,0.991187334060669,3,0.0
ogmm,47,Q007,3,M003265,-1.0,0.9979531168937683,0.8244897959183675,0.9533966669462852,0.9871209859848022,3,-1.0
ogmm,47,Q007,4,M041095,1.0,0.9984678626060486,0.8285714285714285,0.9506410256410256,0.9867409467697144,3,1.0
ogmm,47,Q007,5,M035734,0.0,0.9985516667366028,0.819047619047619,0.9494299275787824,0.9864885807037354,3,0.0
ogmm,48,Q008,1,M084575,0.0,1.0000001192092896,0.8571428571428571,1.0,1.0000001192092896,3,0.0
ogmm,48,Q008,2,M076048,1.0,0.9997464418411255,0.8518617973505191,0.9964285714285713,0.9989550113677979,3,1.0
ogmm,48,Q008,3,M065714,1.0,0.9995644688606262,0.707124955245256,0.994942748091603,0.9984743595123291,3,1.0
ogmm,48,Q008,4,M076797,1.0,0.9991171956062317,0.7090046544933762,0.9942475463467829,0.9980322122573853,3,1.0
ogmm,48,Q008,5,M063614,0.0,0.9990450143814087,0.8069638381668457,0.9942475463467829,0.9979889392852783,3,0.0
ogmm,49,Q009,1,M059479,-1.0,1.0000001192092896,0.9863945578231293,1.0,1.0000001192092896,3,-1.0
ogmm,49,Q009,2,M022445,1.0,0.9995251893997192,0.8122448979591838,0.9971237731733914,0.9989960193634033,3,1.0
ogmm,49,Q009,3,M053522,1.0,0.999415397644043,0.8435374149659864,0.9902808069792803,0.997219443321228,3,1.0
ogmm,49,Q009,4,M043070,1.0,0.998935341835022,0.8312925170068028,0.9899809160305343,0.9968564510345459,3,1.0
ogmm,49,Q009,5,M076903,1.0,0.9993971586227417,0.8054421768707484,0.9877044711014176,0.996564507484436,3,1.0
ogmm,50,Q010,1,M056742,0.0,1.0,0.9962406015037594,1.0,1.0,3,0.0
ogmm,50,Q010,2,M020473,-1.0,0.9994295835494995,0.9799140708915146,0.9931570338058887,0.9979469776153564,3,-1.0
ogmm,50,Q010,3,M022852,0.0,0.9990639686584473,0.8180093089867526,0.9924618320610687,0.9975539445877075,3,0.0
ogmm,50,Q010,4,M070100,0.0,0.9994654655456543,0.7870748299319728,0.9857142857142858,0.996107816696167,3,0.0
ogmm,50,Q010,5,M085336,1.0,0.9990699887275696,0.8171679197994987,0.9820474372955289,0.9949538707733154,3,1.0
ogmm,51,Q011,1,M043191,1.0,1.0000001192092896,0.9714285714285714,1.0,1.0000001192092896,3,1.0
ogmm,51,Q011,2,M042153,-1.0,1.0000001192092896,0.9714285714285714,1.0,1.0000001192092896,3,-1.0
ogmm,51,Q011,3,M063474,1.0,1.0000001192092896,0.8285714285714285,1.0,1.0000001192092896,3,1.0
ogmm,51,Q011,4,M042506,0.0,1.0000001192092896,0.8025241675617615,1.0,1.0000001192092896,3,0.0
ogmm,51,Q011,5,M089762,1.0,0.999800980091095,0.7047619047619048,0.9964285714285713,0.9989877939224243,3,1.0
ogmm,52,Q012,1,M057809,0.0,1.0000001192092896,0.8571428571428571,1.0,1.0000001192092896,3,0.0
ogmm,52,Q012,2,M078223,1.0,0.9991438388824463,0.8306122448979593,0.9849236641221374,0.9957172870635986,3,1.0
ogmm,52,Q012,3,M081373,1.0,0.9991778135299683,0.8380952380952381,0.9841330425299891,0.9955400228500366,3,1.0
ogmm,52,Q012,4,M091742,0.0,0.9990804195404053,1.0,0.971633042529989,0.992356538772583,3,0.0
ogmm,52,Q012,5,M056558,0.0,0.998988151550293,0.7142857142857143,0.9705561613958561,0.9920319318771362,3,0.0
ogmm,53,Q013,1,M004656,0.0,1.0000001192092896,1.0,1.0,1.0000001192092896,3,0.0
ogmm,53,Q013,2,M000652,0.0,0.997107207775116,0.9904761904761905,0.9714537371025921,0.9911277294158936,3,0.0
ogmm,53,Q013,3,M000489,1.0,0.9978896975517273,0.8476190476190476,0.9266154964628248,0.9803876876831055,3,1.0
ogmm,53,Q013,4,M000224,1.0,0.9966926574707031,0.8380952380952381,0.9211835556301206,0.9783115386962891,3,1.0
ogmm,53,Q013,5,M000522,1.0,0.9957696199417114,0.8285714285714285,0.9303165981601096,0.9300410151481628,3,1.0
ogmm,54,Q014,1,M035347,-1.0,1.0,0.9523809523809524,1.0,1.0,3,-1.0
ogmm,54,Q014,2,M022194,1.0,0.997409462928772,0.7940386680988185,0.9362598915079829,0.9825106859207153,3,1.0
ogmm,54,Q014,3,M012192,0.0,0.996539831161499,0.8171679197994987,0.9520289824679138,0.9359312057495117,3,0.0
ogmm,54,Q014,4,M061545,1.0,0.9918105602264404,0.9749910490511995,0.9073067835472415,0.9219130277633667,3,1.0
ogmm,54,Q014,5,M034318,0.0,0.987061083316803,0.8253311851056212,0.9056325671783687,0.9186448454856873,3,0.0
ogmm,55,Q015,1,M051010,0.0,1.0,0.8503401360544218,1.0,1.0,3,0.0
ogmm,55,Q015,2,M101026,-1.0,0.9993199110031128,0.7993197278911566,0.9982142857142857,0.9991455078125,3,-1.0
ogmm,55,Q015,3,M075258,1.0,0.9991916418075562,0.8122448979591838,0.993552344601963,0.9979031085968018,3,1.0
ogmm,55,Q015,4,M063219,1.0,0.9991055727005005,0.8380952380952381,0.9931570338058887,0.9977525472640991,3,1.0
ogmm,55,Q015,5,M039788,1.0,0.998693585395813,0.7142857142857143,0.9931570338058887,0.9975054264068604,3,1.0
ogmm,56,Q016,1,M026665,1.0,1.0,1.0,1.0,1.0,3,1.0
ogmm,56,Q016,2,M087806,0.0,0.9994206428527832,0.8571428571428571,0.9960332606324973,0.998660683631897,3,0.0
ogmm,56,Q016,3,M068757,1.0,0.9996577501296997,0.8122448979591838,0.9946428571428572,0.9984554052352905,3,1.0
ogmm,56,Q016,4,M070107,0.0,0.9994356632232666,0.8435374149659864,0.993552344601963,0.9980494976043701,3,0.0
ogmm,56,Q016,5,M089155,1.0,0.9997481107711792,0.8503401360544218,0.9910714285714286,0.9976167678833008,3,1.0
ogmm,57,Q017,1,M058435,1.0,1.000000238418579,0.9551020408163265,1.0,1.0000001192092896,3,1.0
ogmm,57,Q017,2,M035900,1.0,0.9987359642982483,0.8050841389187254,0.97025627044711,0.9918056726455688,3,1.0
ogmm,57,Q017,3,M044584,0.0,0.9985114336013794,0.8122448979591838,0.9606234096692111,0.9892627000808716,3,0.0
ogmm,57,Q017,4,M052454,0.0,0.9986316561698914,0.8408163265306123,0.9545098984984481,0.9878065586090088,3,0.0
ogmm,57,Q017,5,M059516,0.0,0.9993190765380859,0.8020408163265307,0.9459332969829154,0.9860748052597046,3,0.0
ogmm,58,Q018,1,M050950,1.0,1.0000001192092896,0.9619047619047619,1.0,1.0000001192092896,3,1.0
ogmm,58,Q018,2,M070554,1.0,0.999678373336792,0.819047619047619,0.9892857142857142,0.9971284866333008,3,1.0
ogmm,58,Q018,3,M047611,1.0,0.999678373336792,0.9714285714285714,0.9892857142857142,0.9971284866333008,3,1.0
ogmm,58,Q018,4,M100060,1.0,0.9984458684921265,0.7993197278911566,0.974618320610687,0.9927221536636353,3,1.0
ogmm,58,Q018,5,M052330,1.0,0.9986474514007568,0.8095238095238095,0.9604416575790621,0.989298939704895,3,1.0
ogmm,59,Q019,1,M046472,-1.0,0.9999999403953552,0.8571428571428571,1.0,1.0,3,-1.0
ogmm,59,Q019,2,M026024,-1.0,0.996228039264679,0.7931972789115646,0.9349152755641306,0.9814656972885132,3,-1.0
ogmm,59,Q019,3,M044611,0.0,0.9980992674827576,0.8571428571428571,0.9644083969465649,0.9399617314338684,3,0.0
ogmm,59,Q019,4,M033266,1.0,0.9973161220550537,0.8122448979591838,0.9554571065067247,0.9372539520263672,3,1.0
ogmm,59,Q019,5,M043388,-1.0,0.9955116510391235,0.8571428571428571,0.9546168526130357,0.9359612464904785,3,-1.0
ogmm,60,Q020,1,M048011,0.0,1.0,0.8408163265306123,1.0,1.0,3,0.0
ogmm,60,Q020,2,M069109,1.0,0.9990991950035095,0.9482993197278912,0.9806570338058888,0.9946237802505493,3,1.0
ogmm,60,Q020,3,M033563,0.0,0.9956273436546326,0.8476190476190476,0.9691772921734755,0.9896707534790039,3,0.0
ogmm,60,Q020,4,M061337,1.0,0.9985913038253784,0.7056032939491585,0.9560568884042165,0.9881690740585327,3,1.0
ogmm,60,Q020,5,M064735,1.0,0.9988635778427124,0.8469387755102041,0.943452380952381,0.9851812124252319,3,1.0
ogmm,61,Q001,1,M035956,1.0,1.0,1.0,1.0,1.0,4,1.0
ogmm,61,Q001,2,M028549,0.0,0.9981349110603333,0.7142857142857143,0.9807776193272376,0.9940752983093262,4,0.0
ogmm,61,Q001,3,M035537,1.0,0.9994309544563293,0.8571428571428571,0.9744138495092693,0.9932620525360107,4,1.0
ogmm,61,Q001,4,M032957,1.0,0.9983353018760681,0.8571428571428571,0.96197571512457,0.9894951581954956,4,1.0
ogmm,61,Q001,5,M028255,1.0,0.9990233778953552,0.7142857142857143,0.9601190476190476,0.9894437789916992,4,1.0
ogmm,62,Q002,1,M060927,1.0,1.0,1.0,1.0,1.0,4,1.0
ogmm,62,Q002,2,M080873,1.0,0.9988524913787842,1.0,0.9883996728462376,0.9964114427566528,4,1.0
ogmm,62,Q002,3,M069758,1.0,0.998687744140625,0.9965986394557823,0.9790757906215921,0.9939815998077393,4,1.0
ogmm,62,Q002,4,M085993,1.0,0.9992295503616333,0.819047619047619,0.9768947655398037,0.993761420249939,4,1.0
ogmm,62,Q002,5,M045979,-1.0,0.99883633852005,0.7013605442176871,0.9755043620501634,0.9931778907775879,1,-1.0
ogmm,63,Q003,1,M079920,1.0,1.0,0.9714285714285714,1.0,1.0,4,1.0
ogmm,63,Q003,2,M072610,1.0,0.9990502595901489,0.7925170068027212,0.9859187568157034,0.9959099292755127,4,1.0
ogmm,63,Q003,3,M090781,0.0,0.999200701713562,0.7959183673469389,0.9743184296619412,0.9931000471115112,4,0.0
ogmm,63,Q003,4,M004476,0.0,0.998794674873352,0.8115646258503402,0.9730234460196293,0.9925327301025391,4,0.0
ogmm,63,Q003,5,M028717,0.0,0.9990425109863281,0.8061224489795918,0.9711423118865866,0.992211103439331,1,0.0
ogmm,64,Q004,1,M050078,0.0,1.0,0.8571428571428571,1.0,1.0,4,0.0
ogmm,64,Q004,2,M059745,0.0,0.9982020854949951,0.8503401360544218,0.9780219780219781,0.9934267997741699,4,0.0
ogmm,64,Q004,3,M059135,1.0,0.9978526830673218,0.8217687074829932,0.9417215418169617,0.9841419458389282,4,1.0
ogmm,64,Q004,4,M091738,0.0,0.9967393279075623,0.8312925170068028,0.9236400050331348,0.9789535999298096,4,0.0
ogmm,64,Q004,5,M077874,0.0,0.9964801073074341,0.8408163265306123,0.9029433352906635,0.9736239910125732,1,0.0
ogmm,65,Q005,1,M084721,1.0,0.9992156624794006,0.834013605442177,0.9945474372955289,0.9981663227081299,4,1.0
ogmm,65,Q005,2,M047189,1.0,0.9991359114646912,0.7108843537414966,0.9931570338058887,0.9977707862854004,4,1.0
ogmm,65,Q005,3,M054335,0.0,0.998910665512085,0.8312925170068028,0.9934569247546347,0.9977105855941772,4,0.0
ogmm,65,Q005,4,M095999,1.0,0.9986827373504639,0.7074829931972789,0.9858233369683751,0.9956655502319336,4,1.0
ogmm,65,Q005,5,M099079,1.0,0.9987858533859253,0.7074829931972789,0.9848282442748092,0.995478630065918,1,1.0
ogmm,66,Q006,1,M004727,1.0,1.0,0.9981203007518796,1.0,1.0,4,1.0
ogmm,66,Q006,2,M016297,1.0,0.9977824687957764,0.8171679197994987,0.9870092693565977,0.9954218864440918,4,1.0
ogmm,66,Q006,3,M014732,1.0,0.9978636503219604,0.7885964912280701,0.9806821994799094,0.9938887357711792,4,1.0
ogmm,66,Q006,4,M090795,1.0,0.998614490032196,0.7802721088435375,0.9785850599781897,0.9938149452209473,4,1.0
ogmm,66,Q006,5,M089503,1.0,0.9993441104888916,0.7885964912280701,0.9760087241003271,0.9936087131500244,4,1.0
ogmm,67,Q007,1,M029944,1.0,1.000000238418579,1.0,1.0,1.0000001192092896,4,1.0
ogmm,67,Q007,2,M030690,0.0,0.9987031817436218,0.8476190476190476,0.9678616866593964,0.991187334060669,4,0.0
ogmm,67,Q007,3,M041095,1.0,0.9984678626060486,0.8285714285714285,0.9506410256410256,0.9867409467697144,4,1.0
ogmm,67,Q007,4,M035734,0.0,0.9985516667366028,0.819047619047619,0.9494299275787824,0.9864885807037354,4,0.0
ogmm,67,Q007,5,M024621,0.0,0.997981607913971,0.9619047619047619,0.9505204401196767,0.9864190816879272,1,0.0
ogmm,68,Q008,1,M084575,0.0,1.0000001192092896,0.8571428571428571,1.0,1.0000001192092896,4,0.0
ogmm,68,Q008,2,M076048,1.0,0.9997464418411255,0.8518617973505191,0.9964285714285713,0.9989550113677979,4,1.0
ogmm,68,Q008,3,M065714,1.0,0.9995644688606262,0.707124955245256,0.994942748091603,0.9984743595123291,4,1.0
ogmm,68,Q008,4,M076797,1.0,0.9991171956062317,0.7090046544933762,0.9942475463467829,0.9980322122573853,4,1.0
ogmm,68,Q008,5,M063614,0.0,0.9990450143814087,0.8069638381668457,0.9942475463467829,0.9979889392852783,4,0.0
ogmm,69,Q009,1,M022445,1.0,0.9995251893997192,0.8122448979591838,0.9971237731733914,0.9989960193634033,4,1.0
ogmm,69,Q009,2,M053522,1.0,0.999415397644043,0.8435374149659864,0.9902808069792803,0.997219443321228,4,1.0
ogmm,69,Q009,3,M043070,1.0,0.998935341835022,0.8312925170068028,0.9899809160305343,0.9968564510345459,4,1.0
ogmm,69,Q009,4,M076903,1.0,0.9993971586227417,0.8054421768707484,0.9877044711014176,0.996564507484436,4,1.0
ogmm,69,Q009,5,M044106,1.0,0.9993612766265869,0.8054421768707484,0.9838331515812432,0.9955750703811646,1,1.0
ogmm,70,Q010,1,M056742,0.0,1.0,0.9962406015037594,1.0,1.0,4,0.0
ogmm,70,Q010,2,M022852,0.0,0.9990639686584473,0.8180093089867526,0.9924618320610687,0.9975539445877075,4,0.0
ogmm,70,Q010,3,M070100,0.0,0.9994654655456543,0.7870748299319728,0.9857142857142858,0.996107816696167,4,0.0
ogmm,70,Q010,4,M085336,1.0,0.9990699887275696,0.8171679197994987,0.9820474372955289,0.9949538707733154,4,1.0
ogmm,70,Q010,5,M088598,-1.0,0.9992007613182068,0.970390261367705,0.9801663031624864,0.994562029838562,1,-1.0
ogmm,71,Q011,1,M043191,1.0,1.0000001192092896,0.9714285714285714,1.0,1.0000001192092896,4,1.0
ogmm,71,Q011,2,M063474,1.0,1.0000001192092896,0.8285714285714285,1.0,1.0000001192092896,4,1.0
ogmm,71,Q011,3,M042506,0.0,1.0000001192092896,0.8025241675617615,1.0,1.0000001192092896,4,0.0
ogmm,71,Q011,4,M089762,1.0,0.999800980091095,0.7047619047619048,0.9964285714285713,0.9989877939224243,4,1.0
ogmm,71,Q011,5,M042804,1.0,0.999800980091095,0.8380952380952381,0.9964285714285713,0.9989877939224243,1,1.0
ogmm,72,Q012,1,M057809,0.0,1.0000001192092896,0.8571428571428571,1.0,1.0000001192092896,4,0.0
ogmm,72,Q012,2,M078223,1.0,0.9991438388824463,0.8306122448979593,0.9849236641221374,0.9957172870635986,4,1.0
ogmm,72,Q012,3,M081373,1.0,0.9991778135299683,0.8380952380952381,0.9841330425299891,0.9955400228500366,4,1.0
ogmm,72,Q012,4,M091742,0.0,0.9990804195404053,1.0,0.971633042529989,0.992356538772583,4,0.0
ogmm,72,Q012,5,M056558,0.0,0.998988151550293,0.7142857142857143,0.9705561613958561,0.9920319318771362,4,0.0
ogmm,73,Q013,1,M004656,0.0,1.0000001192092896,1.0,1.0,1.0000001192092896,4,0.0
ogmm,73,Q013,2,M000652,0.0,0.997107207775116,0.9904761904761905,0.9714537371025921,0.9911277294158936,4,0.0
ogmm,73,Q013,3,M000489,1.0,0.9978896975517273,0.8476190476190476,0.9266154964628248,0.9803876876831055,4,1.0
ogmm,73,Q013,4,M000224,1.0,0.9966926574707031,0.8380952380952381,0.9211835556301206,0.9783115386962891,4,1.0
ogmm,73,Q013,5,M000522,1.0,0.9957696199417114,0.8285714285714285,0.9303165981601096,0.9300410151481628,4,1.0
ogmm,74,Q014,1,M022194,1.0,0.997409462928772,0.7940386680988185,0.9362598915079829,0.9825106859207153,4,1.0
ogmm,74,Q014,2,M012192,0.0,0.996539831161499,0.8171679197994987,0.9520289824679138,0.9359312057495117,4,0.0
ogmm,74,Q014,3,M061545,1.0,0.9918105602264404,0.9749910490511995,0.9073067835472415,0.9219130277633667,4,1.0
ogmm,74,Q014,4,M034318,0.0,0.987061083316803,0.8253311851056212,0.9056325671783687,0.9186448454856873,4,0.0
ogmm,75,Q015,1,M051010,0.0,1.0,0.8503401360544218,1.0,1.0,4,0.0
ogmm,75,Q015,2,M075258,1.0,0.9991916418075562,0.8122448979591838,0.993552344601963,0.9979031085968018,4,1.0
ogmm,75,Q015,3,M063219,1.0,0.9991055727005005,0.8380952380952381,0.9931570338058887,0.9977525472640991,4,1.0
ogmm,75,Q015,4,M039788,1.0,0.998693585395813,0.7142857142857143,0.9931570338058887,0.9975054264068604,4,1.0
ogmm,75,Q015,5,M098760,1.0,0.9993159770965576,0.8285714285714285,0.9910714285714286,0.9973574876785278,1,1.0
ogmm,76,Q016,1,M026665,1.0,1.0,1.0,1.0,1.0,4,1.0
ogmm,76,Q016,2,M087806,0.0,0.9994206428527832,0.8571428571428571,0.9960332606324973,0.998660683631897,4,0.0
ogmm,76,Q016,3,M068757,1.0,0.9996577501296997,0.8122448979591838,0.9946428571428572,0.9984554052352905,4,1.0
ogmm,76,Q016,4,M070107,0.0,0.9994356632232666,0.8435374149659864,0.993552344601963,0.9980494976043701,4,0.0
ogmm,76,Q016,5,M089155,1.0,0.9997481107711792,0.8503401360544218,0.9910714285714286,0.9976167678833008,4,1.0
ogmm,77,Q017,1,M058435,1.0,1.000000238418579,0.9551020408163265,1.0,1.0000001192092896,4,1.0
ogmm,77,Q017,2,M035900,1.0,0.9987359642982483,0.8050841389187254,0.97025627044711,0.9918056726455688,4,1.0
ogmm,77,Q017,3,M044584,0.0,0.9985114336013794,0.8122448979591838,0.9606234096692111,0.9892627000808716,4,0.0
ogmm,77,Q017,4,M052454,0.0,0.9986316561698914,0.8408163265306123,0.9545098984984481,0.9878065586090088,4,0.0
ogmm,77,Q017,5,M059516,0.0,0.9993190765380859,0.8020408163265307,0.9459332969829154,0.9860748052597046,4,0.0
ogmm,78,Q018,1,M050950,1.0,1.0000001192092896,0.9619047619047619,1.0,1.0000001192092896,4,1.0
ogmm,78,Q018,2,M070554,1.0,0.999678373336792,0.819047619047619,0.9892857142857142,0.9971284866333008,4,1.0
ogmm,78,Q018,3,M047611,1.0,0.999678373336792,0.9714285714285714,0.9892857142857142,0.9971284866333008,4,1.0
ogmm,78,Q018,4,M100060,1.0,0.9984458684921265,0.7993197278911566,0.974618320610687,0.9927221536636353,4,1.0
ogmm,78,Q018,5,M052330,1.0,0.9986474514007568,0.8095238095238095,0.9604416575790621,0.989298939704895,4,1.0
ogmm,79,Q019,1,M044611,0.0,0.9980992674827576,0.8571428571428571,0.9644083969465649,0.9399617314338684,4,0.0
ogmm,79,Q019,2,M033266,1.0,0.9973161220550537,0.8122448979591838,0.9554571065067247,0.9372539520263672,4,1.0
ogmm,79,Q019,3,M042895,1.0,0.9960495233535767,0.8476190476190476,0.9498479573861254,0.9350917339324951,1,1.0
ogmm,79,Q019,4,M044045,-1.0,0.9957184791564941,0.8435374149659864,0.9370732321114,0.9316994547843933,1,-1.0
ogmm,79,Q019,5,M041625,0.0,0.9937268495559692,0.7074829931972789,0.9266116517070716,0.9278890490531921,1,0.0
ogmm,80,Q020,1,M048011,0.0,1.0,0.8408163265306123,1.0,1.0,4,0.0
ogmm,80,Q020,2,M069109,1.0,0.9990991950035095,0.9482993197278912,0.9806570338058888,0.9946237802505493,4,1.0
ogmm,80,Q020,3,M033563,0.0,0.9956273436546326,0.8476190476190476,0.9691772921734755,0.9896707534790039,4,0.0
ogmm,80,Q020,4,M061337,1.0,0.9985913038253784,0.7056032939491585,0.9560568884042165,0.9881690740585327,4,1.0
ogmm,80,Q020,5,M064735,1.0,0.9988635778427124,0.8469387755102041,0.943452380952381,0.9851812124252319,4,1.0
ogmm,81,Q001,1,M035956,1.0,1.0,1.0,1.0,1.0,5,1.0
ogmm,81,Q001,2,M028549,0.0,0.9981349110603333,0.7142857142857143,0.9807776193272376,0.9940752983093262,5,0.0
ogmm,81,Q001,3,M035537,1.0,0.9994309544563293,0.8571428571428571,0.9744138495092693,0.9932620525360107,5,1.0
ogmm,81,Q001,4,M032957,1.0,0.9983353018760681,0.8571428571428571,0.96197571512457,0.9894951581954956,5,1.0
ogmm,81,Q001,5,M028255,1.0,0.9990233778953552,0.7142857142857143,0.9601190476190476,0.9894437789916992,5,1.0
ogmm,82,Q002,1,M060927,1.0,1.0,1.0,1.0,1.0,5,1.0
ogmm,82,Q002,2,M080873,1.0,0.9988524913787842,1.0,0.9883996728462376,0.9964114427566528,5,1.0
ogmm,82,Q002,3,M069758,1.0,0.998687744140625,0.9965986394557823,0.9790757906215921,0.9939815998077393,5,1.0
ogmm,82,Q002,4,M085993,1.0,0.9992295503616333,0.819047619047619,0.9768947655398037,0.993761420249939,5,1.0
ogmm,82,Q002,5,M045979,-1.0,0.99883633852005,0.7013605442176871,0.9755043620501634,0.9931778907775879,2,-1.0
ogmm,83,Q003,1,M079920,1.0,1.0,0.9714285714285714,1.0,1.0,5,1.0
ogmm,83,Q003,2,M072610,1.0,0.9990502595901489,0.7925170068027212,0.9859187568157034,0.9959099292755127,5,1.0
ogmm,83,Q003,3,M090781,0.0,0.999200701713562,0.7959183673469389,0.9743184296619412,0.9931000471115112,5,0.0
ogmm,83,Q003,4,M004476,0.0,0.998794674873352,0.8115646258503402,0.9730234460196293,0.9925327301025391,5,0.0
ogmm,83,Q003,5,M028717,0.0,0.9990425109863281,0.8061224489795918,0.9711423118865866,0.992211103439331,2,0.0
ogmm,84,Q004,1,M050078,0.0,1.0,0.8571428571428571,1.0,1.0,5,0.0
ogmm,84,Q004,2,M059745,0.0,0.9982020854949951,0.8503401360544218,0.9780219780219781,0.9934267997741699,5,0.0
ogmm,84,Q004,3,M059135,1.0,0.9978526830673218,0.8217687074829932,0.9417215418169617,0.9841419458389282,5,1.0
ogmm,84,Q004,4,M091738,0.0,0.9967393279075623,0.8312925170068028,0.9236400050331348,0.9789535999298096,5,0.0
ogmm,84,Q004,5,M077874,0.0,0.9964801073074341,0.8408163265306123,0.9029433352906635,0.9736239910125732,2,0.0
ogmm,85,Q005,1,M084721,1.0,0.9992156624794006,0.834013605442177,0.9945474372955289,0.9981663227081299,5,1.0
ogmm,85,Q005,2,M047189,1.0,0.9991359114646912,0.7108843537414966,0.9931570338058887,0.9977707862854004,5,1.0
ogmm,85,Q005,3,M054335,0.0,0.998910665512085,0.8312925170068028,0.9934569247546347,0.9977105855941772,5,0.0
ogmm,85,Q005,4,M095999,1.0,0.9986827373504639,0.7074829931972789,0.9858233369683751,0.9956655502319336,5,1.0
ogmm,85,Q005,5,M099079,1.0,0.9987858533859253,0.7074829931972789,0.9848282442748092,0.995478630065918,2,1.0
ogmm,86,Q006,1,M004727,1.0,1.0,0.9981203007518796,1.0,1.0,5,1.0
ogmm,86,Q006,2,M016297,1.0,0.9977824687957764,0.8171679197994987,0.9870092693565977,0.9954218864440918,5,1.0
ogmm,86,Q006,3,M014732,1.0,0.9978636503219604,0.7885964912280701,0.9806821994799094,0.9938887357711792,5,1.0
ogmm,86,Q006,4,M090795,1.0,0.998614490032196,0.7802721088435375,0.9785850599781897,0.9938149452209473,5,1.0
ogmm,86,Q006,5,M089503,1.0,0.9993441104888916,0.7885964912280701,0.9760087241003271,0.9936087131500244,5,1.0
ogmm,87,Q007,1,M029944,1.0,1.000000238418579,1.0,1.0,1.0000001192092896,5,1.0
ogmm,87,Q007,2,M030690,0.0,0.9987031817436218,0.8476190476190476,0.9678616866593964,0.991187334060669,5,0.0
ogmm,87,Q007,3,M041095,1.0,0.9984678626060486,0.8285714285714285,0.9506410256410256,0.9867409467697144,5,1.0
ogmm,87,Q007,4,M035734,0.0,0.9985516667366028,0.819047619047619,0.9494299275787824,0.9864885807037354,5,0.0
ogmm,87,Q007,5,M024621,0.0,0.997981607913971,0.9619047619047619,0.9505204401196767,0.9864190816879272,2,0.0
ogmm,88,Q008,1,M084575,0.0,1.0000001192092896,0.8571428571428571,1.0,1.0000001192092896,5,0.0
ogmm,88,Q008,2,M076048,1.0,0.9997464418411255,0.8518617973505191,0.9964285714285713,0.9989550113677979,5,1.0
ogmm,88,Q008,3,M065714,1.0,0.9995644688606262,0.707124955245256,0.994942748091603,0.9984743595123291,5,1.0
ogmm,88,Q008,4,M076797,1.0,0.9991171956062317,0.7090046544933762,0.9942475463467829,0.9980322122573853,5,1.0
ogmm,88,Q008,5,M063614,0.0,0.9990450143814087,0.8069638381668457,0.9942475463467829,0.9979889392852783,5,0.0
ogmm,89,Q009,1,M022445,1.0,0.9995251893997192,0.8122448979591838,0.9971237731733914,0.9989960193634033,5,1.0
ogmm,89,Q009,2,M053522,1.0,0.999415397644043,0.8435374149659864,0.9902808069792803,0.997219443321228,5,1.0
ogmm,89,Q009,3,M043070,1.0,0.998935341835022,0.8312925170068028,0.9899809160305343,0.9968564510345459,5,1.0
ogmm,89,Q009,4,M076903,1.0,0.9993971586227417,0.8054421768707484,0.9877044711014176,0.996564507484436,5,1.0
ogmm,89,Q009,5,M044106,1.0,0.9993612766265869,0.8054421768707484,0.9838331515812432,0.9955750703811646,2,1.0
ogmm,90,Q010,1,M056742,0.0,1.0,0.9962406015037594,1.0,1.0,5,0.0
ogmm,90,Q010,2,M022852,0.0,0.9990639686584473,0.8180093089867526,0.9924618320610687,0.9975539445877075,5,0.0
ogmm,90,Q010,3,M070100,0.0,0.9994654655456543,0.7870748299319728,0.9857142857142858,0.996107816696167,5,0.0
ogmm,90,Q010,4,M085336,1.0,0.9990699887275696,0.8171679197994987,0.9820474372955289,0.9949538707733154,5,1.0
ogmm,90,Q010,5,M088598,-1.0,0.9992007613182068,0.970390261367705,0.9801663031624864,0.994562029838562,2,-1.0
ogmm,91,Q011,1,M043191,1.0,1.0000001192092896,0.9714285714285714,1.0,1.0000001192092896,5,1.0
ogmm,91,Q011,2,M063474,1.0,1.0000001192092896,0.8285714285714285,1.0,1.0000001192092896,5,1.0
ogmm,91,Q011,3,M042506,0.0,1.0000001192092896,0.8025241675617615,1.0,1.0000001192092896,5,0.0
ogmm,91,Q011,4,M089762,1.0,0.999800980091095,0.7047619047619048,0.9964285714285713,0.9989877939224243,5,1.0
ogmm,91,Q011,5,M042804,1.0,0.999800980091095,0.8380952380952381,0.9964285714285713,0.9989877939224243,2,1.0
ogmm,92,Q012,1,M057809,0.0,1.0000001192092896,0.8571428571428571,1.0,1.0000001192092896,5,0.0
ogmm,92,Q012,2,M078223,1.0,0.9991438388824463,0.8306122448979593,0.9849236641221374,0.9957172870635986,5,1.0
ogmm,92,Q012,3,M081373,1.0,0.9991778135299683,0.8380952380952381,0.9841330425299891,0.9955400228500366,5,1.0
ogmm,92,Q012,4,M091742,0.0,0.9990804195404053,1.0,0.971633042529989,0.992356538772583,5,0.0
ogmm,92,Q012,5,M056558,0.0,0.998988151550293,0.7142857142857143,0.9705561613958561,0.9920319318771362,5,0.0
ogmm,93,Q013,1,M004656,0.0,1.0000001192092896,1.0,1.0,1.0000001192092896,5,0.0
ogmm,93,Q013,2,M000652,0.0,0.997107207775116,0.9904761904761905,0.9714537371025921,0.9911277294158936,5,0.0
ogmm,93,Q013,3,M000489,1.0,0.9978896975517273,0.8476190476190476,0.9266154964628248,0.9803876876831055,5,1.0
ogmm,93,Q013,4,M000224,1.0,0.9966926574707031,0.8380952380952381,0.9211835556301206,0.9783115386962891,5,1.0
ogmm,93,Q013,5,M000522,1.0,0.9957696199417114,0.8285714285714285,0.9303165981601096,0.9300410151481628,5,1.0
ogmm,94,Q014,1,M022194,1.0,0.997409462928772,0.7940386680988185,0.9362598915079829,0.9825106859207153,5,1.0
ogmm,94,Q014,2,M012192,0.0,0.996539831161499,0.8171679197994987,0.9520289824679138,0.9359312057495117,5,0.0
ogmm,94,Q014,3,M061545,1.0,0.9918105602264404,0.9749910490511995,0.9073067835472415,0.9219130277633667,5,1.0
ogmm,94,Q014,4,M034318,0.0,0.987061083316803,0.8253311851056212,0.9056325671783687,0.9186448454856873,5,0.0
ogmm,95,Q015,1,M051010,0.0,1.0,0.8503401360544218,1.0,1.0,5,0.0
ogmm,95,Q015,2,M075258,1.0,0.9991916418075562,0.8122448979591838,0.993552344601963,0.9979031085968018,5,1.0
ogmm,95,Q015,3,M063219,1.0,0.9991055727005005,0.8380952380952381,0.9931570338058887,0.9977525472640991,5,1.0
ogmm,95,Q015,4,M039788,1.0,0.998693585395813,0.7142857142857143,0.9931570338058887,0.9975054264068604,5,1.0
ogmm,95,Q015,5,M098760,1.0,0.9993159770965576,0.8285714285714285,0.9910714285714286,0.9973574876785278,2,1.0
ogmm,96,Q016,1,M026665,1.0,1.0,1.0,1.0,1.0,5,1.0
ogmm,96,Q016,2,M087806,0.0,0.9994206428527832,0.8571428571428571,0.9960332606324973,0.998660683631897,5,0.0
ogmm,96,Q016,3,M068757,1.0,0.9996577501296997,0.8122448979591838,0.9946428571428572,0.9984554052352905,5,1.0
ogmm,96,Q016,4,M070107,0.0,0.9994356632232666,0.8435374149659864,0.993552344601963,0.9980494976043701,5,0.0
ogmm,96,Q016,5,M089155,1.0,0.9997481107711792,0.8503401360544218,0.9910714285714286,0.9976167678833008,5,1.0
ogmm,97,Q017,1,M058435,1.0,1.000000238418579,0.9551020408163265,1.0,1.0000001192092896,5,1.0
ogmm,97,Q017,2,M035900,1.0,0.9987359642982483,0.8050841389187254,0.97025627044711,0.9918056726455688,5,1.0
ogmm,97,Q017,3,M044584,0.0,0.9985114336013794,0.8122448979591838,0.9606234096692111,0.9892627000808716,5,0.0
ogmm,97,Q017,4,M052454,0.0,0.9986316561698914,0.8408163265306123,0.9545098984984481,0.9878065586090088,5,0.0
ogmm,97,Q017,5,M059516,0.0,0.9993190765380859,0.8020408163265307,0.9459332969829154,0.9860748052597046,5,0.0
ogmm,98,Q018,1,M050950,1.0,1.0000001192092896,0.9619047619047619,1.0,1.0000001192092896,5,1.0
ogmm,98,Q018,2,M070554,1.0,0.999678373336792,0.819047619047619,0.9892857142857142,0.9971284866333008,5,1.0
ogmm,98,Q018,3,M047611,1.0,0.999678373336792,0.9714285714285714,0.9892857142857142,0.9971284866333008,5,1.0
ogmm,98,Q018,4,M100060,1.0,0.9984458684921265,0.7993197278911566,0.974618320610687,0.9927221536636353,5,1.0
ogmm,98,Q018,5,M052330,1.0,0.9986474514007568,0.8095238095238095,0.9604416575790621,0.989298939704895,5,1.0
ogmm,99,Q019,1,M044611,0.0,0.9980992674827576,0.8571428571428571,0.9644083969465649,0.9399617314338684,5,0.0
ogmm,99,Q019,2,M033266,1.0,0.9973161220550537,0.8122448979591838,0.9554571065067247,0.9372539520263672,5,1.0
ogmm,99,Q019,3,M042895,1.0,0.9960495233535767,0.8476190476190476,0.9498479573861254,0.9350917339324951,2,1.0
ogmm,99,Q019,4,M044045,-1.0,0.9957184791564941,0.8435374149659864,0.9370732321114,0.9316994547843933,2,-1.0
ogmm,99,Q019,5,M041625,0.0,0.9937268495559692,0.7074829931972789,0.9266116517070716,0.9278890490531921,2,0.0
ogmm,100,Q020,1,M048011,0.0,1.0,0.8408163265306123,1.0,1.0,5,0.0
ogmm,100,Q020,2,M069109,1.0,0.9990991950035095,0.9482993197278912,0.9806570338058888,0.9946237802505493,5,1.0
ogmm,100,Q020,3,M033563,0.0,0.9956273436546326,0.8476190476190476,0.9691772921734755,0.9896707534790039,5,0.0
ogmm,100,Q020,4,M061337,1.0,0.9985913038253784,0.7056032939491585,0.9560568884042165,0.9881690740585327,5,1.0
ogmm,100,Q020,5,M064735,1.0,0.9988635778427124,0.8469387755102041,0.943452380952381,0.9851812124252319,5,1.0
ogmm,101,Q001,1,M035956,1.0,1.0,1.0,1.0,1.0,6,1.0
ogmm,101,Q001,2,M028549,0.0,0.9981349110603333,0.7142857142857143,0.9807776193272376,0.9940752983093262,6,0.0
ogmm,101,Q001,3,M035537,1.0,0.9994309544563293,0.8571428571428571,0.9744138495092693,0.9932620525360107,6,1.0
ogmm,101,Q001,4,M032957,1.0,0.9983353018760681,0.8571428571428571,0.96197571512457,0.9894951581954956,6,1.0
ogmm,101,Q001,5,M028255,1.0,0.9990233778953552,0.7142857142857143,0.9601190476190476,0.9894437789916992,6,1.0
ogmm,102,Q002,1,M060927,1.0,1.0,1.0,1.0,1.0,6,1.0
ogmm,102,Q002,2,M080873,1.0,0.9988524913787842,1.0,0.9883996728462376,0.9964114427566528,6,1.0
ogmm,102,Q002,3,M069758,1.0,0.998687744140625,0.9965986394557823,0.9790757906215921,0.9939815998077393,6,1.0
ogmm,102,Q002,4,M085993,1.0,0.9992295503616333,0.819047619047619,0.9768947655398037,0.993761420249939,6,1.0
ogmm,102,Q002,5,M045979,-1.0,0.99883633852005,0.7013605442176871,0.9755043620501634,0.9931778907775879,3,-1.0
ogmm,103,Q003,1,M079920,1.0,1.0,0.9714285714285714,1.0,1.0,6,1.0
ogmm,103,Q003,2,M072610,1.0,0.9990502595901489,0.7925170068027212,0.9859187568157034,0.9959099292755127,6,1.0
ogmm,103,Q003,3,M090781,0.0,0.999200701713562,0.7959183673469389,0.9743184296619412,0.9931000471115112,6,0.0
ogmm,103,Q003,4,M004476,0.0,0.998794674873352,0.8115646258503402,0.9730234460196293,0.9925327301025391,6,0.0
ogmm,103,Q003,5,M028717,0.0,0.9990425109863281,0.8061224489795918,0.9711423118865866,0.992211103439331,3,0.0
ogmm,104,Q004,1,M050078,0.0,1.0,0.8571428571428571,1.0,1.0,6,0.0
ogmm,104,Q004,2,M059745,0.0,0.9982020854949951,0.8503401360544218,0.9780219780219781,0.9934267997741699,6,0.0
ogmm,104,Q004,3,M059135,1.0,0.9978526830673218,0.8217687074829932,0.9417215418169617,0.9841419458389282,6,1.0
ogmm,104,Q004,4,M091738,0.0,0.9967393279075623,0.8312925170068028,0.9236400050331348,0.9789535999298096,6,0.0
ogmm,104,Q004,5,M077874,0.0,0.9964801073074341,0.8408163265306123,0.9029433352906635,0.9736239910125732,3,0.0
ogmm,105,Q005,1,M084721,1.0,0.9992156624794006,0.834013605442177,0.9945474372955289,0.9981663227081299,6,1.0
ogmm,105,Q005,2,M047189,1.0,0.9991359114646912,0.7108843537414966,0.9931570338058887,0.9977707862854004,6,1.0
ogmm,105,Q005,3,M054335,0.0,0.998910665512085,0.8312925170068028,0.9934569247546347,0.9977105855941772,6,0.0
ogmm,105,Q005,4,M095999,1.0,0.9986827373504639,0.7074829931972789,0.9858233369683751,0.9956655502319336,6,1.0
ogmm,105,Q005,5,M099079,1.0,0.9987858533859253,0.7074829931972789,0.9848282442748092,0.995478630065918,3,1.0
ogmm,106,Q006,1,M004727,1.0,1.0,0.9981203007518796,1.0,1.0,6,1.0
ogmm,106,Q006,2,M016297,1.0,0.9977824687957764,0.8171679197994987,0.9870092693565977,0.9954218864440918,6,1.0
ogmm,106,Q006,3,M014732,1.0,0.9978636503219604,0.7885964912280701,0.9806821994799094,0.9938887357711792,6,1.0
ogmm,106,Q006,4,M090795,1.0,0.998614490032196,0.7802721088435375,0.9785850599781897,0.9938149452209473,6,1.0
ogmm,106,Q006,5,M089503,1.0,0.9993441104888916,0.7885964912280701,0.9760087241003271,0.9936087131500244,6,1.0
ogmm,107,Q007,1,M029944,1.0,1.000000238418579,1.0,1.0,1.0000001192092896,6,1.0
ogmm,107,Q007,2,M030690,0.0,0.9987031817436218,0.8476190476190476,0.9678616866593964,0.991187334060669,6,0.0
ogmm,107,Q007,3,M041095,1.0,0.9984678626060486,0.8285714285714285,0.9506410256410256,0.9867409467697144,6,1.0
ogmm,107,Q007,4,M035734,0.0,0.9985516667366028,0.819047619047619,0.9494299275787824,0.9864885807037354,6,0.0
ogmm,107,Q007,5,M024621,0.0,0.997981607913971,0.9619047619047619,0.9505204401196767,0.9864190816879272,3,0.0
ogmm,108,Q008,1,M084575,0.0,1.0000001192092896,0.8571428571428571,1.0,1.0000001192092896,6,0.0
ogmm,108,Q008,2,M076048,1.0,0.9997464418411255,0.8518617973505191,0.9964285714285713,0.9989550113677979,6,1.0
ogmm,108,Q008,3,M065714,1.0,0.9995644688606262,0.707124955245256,0.994942748091603,0.9984743595123291,6,1.0
ogmm,108,Q008,4,M076797,1.0,0.9991171956062317,0.7090046544933762,0.9942475463467829,0.9980322122573853,6,1.0
ogmm,108,Q008,5,M063614,0.0,0.9990450143814087,0.8069638381668457,0.9942475463467829,0.9979889392852783,6,0.0
ogmm,109,Q009,1,M022445,1.0,0.9995251893997192,0.8122448979591838,0.9971237731733914,0.9989960193634033,6,1.0
ogmm,109,Q009,2,M053522,1.0,0.999415397644043,0.8435374149659864,0.9902808069792803,0.997219443321228,6,1.0
ogmm,109,Q009,3,M043070,1.0,0.998935341835022,0.8312925170068028,0.9899809160305343,0.9968564510345459,6,1.0
ogmm,109,Q009,4,M076903,1.0,0.9993971586227417,0.8054421768707484,0.9877044711014176,0.996564507484436,6,1.0
ogmm,109,Q009,5,M044106,1.0,0.9993612766265869,0.8054421768707484,0.9838331515812432,0.9955750703811646,3,1.0
ogmm,110,Q010,1,M056742,0.0,1.0,0.9962406015037594,1.0,1.0,6,0.0
ogmm,110,Q010,2,M022852,0.0,0.9990639686584473,0.8180093089867526,0.9924618320610687,0.9975539445877075,6,0.0
ogmm,110,Q010,3,M070100,0.0,0.9994654655456543,0.7870748299319728,0.9857142857142858,0.996107816696167,6,0.0
ogmm,110,Q010,4,M085336,1.0,0.9990699887275696,0.8171679197994987,0.9820474372955289,0.9949538707733154,6,1.0
ogmm,110,Q010,5,M088598,-1.0,0.9992007613182068,0.970390261367705,0.9801663031624864,0.994562029838562,3,-1.0
ogmm,111,Q011,1,M043191,1.0,1.0000001192092896,0.9714285714285714,1.0,1.0000001192092896,6,1.0
ogmm,111,Q011,2,M063474,1.0,1.0000001192092896,0.8285714285714285,1.0,1.0000001192092896,6,1.0
ogmm,111,Q011,3,M042506,0.0,1.0000001192092896,0.8025241675617615,1.0,1.0000001192092896,6,0.0
ogmm,111,Q011,4,M089762,1.0,0.999800980091095,0.7047619047619048,0.9964285714285713,0.9989877939224243,6,1.0
ogmm,111,Q011,5,M042804,1.0,0.999800980091095,0.8380952380952381,0.9964285714285713,0.9989877939224243,3,1.0
ogmm,112,Q012,1,M057809,0.0,1.0000001192092896,0.8571428571428571,1.0,1.0000001192092896,6,0.0
ogmm,112,Q012,2,M078223,1.0,0.9991438388824463,0.8306122448979593,0.9849236641221374,0.9957172870635986,6,1.0
ogmm,112,Q012,3,M081373,1.0,0.9991778135299683,0.8380952380952381,0.9841330425299891,0.9955400228500366,6,1.0
ogmm,112,Q012,4,M091742,0.0,0.9990804195404053,1.0,0.971633042529989,0.992356538772583,6,0.0
ogmm,112,Q012,5,M056558,0.0,0.998988151550293,0.7142857142857143,0.9705561613958561,0.9920319318771362,6,0.0
ogmm,113,Q013,1,M004656,0.0,1.0000001192092896,1.0,1.0,1.0000001192092896,6,0.0
ogmm,113,Q013,2,M000652,0.0,0.997107207775116,0.9904761904761905,0.9714537371025921,0.9911277294158936,6,0.0
ogmm,113,Q013,3,M000489,1.0,0.9978896975517273,0.8476190476190476,0.9266154964628248,0.9803876876831055,6,1.0
ogmm,113,Q013,4,M000224,1.0,0.9966926574707031,0.8380952380952381,0.9211835556301206,0.9783115386962891,6,1.0
ogmm,113,Q013,5,M000522,1.0,0.9957696199417114,0.8285714285714285,0.9303165981601096,0.9300410151481628,6,1.0
ogmm,114,Q014,1,M022194,1.0,0.997409462928772,0.7940386680988185,0.9362598915079829,0.9825106859207153,6,1.0
ogmm,114,Q014,2,M012192,0.0,0.996539831161499,0.8171679197994987,0.9520289824679138,0.9359312057495117,6,0.0
ogmm,114,Q014,3,M061545,1.0,0.9918105602264404,0.9749910490511995,0.9073067835472415,0.9219130277633667,6,1.0
ogmm,114,Q014,4,M034318,0.0,0.987061083316803,0.8253311851056212,0.9056325671783687,0.9186448454856873,6,0.0
ogmm,115,Q015,1,M051010,0.0,1.0,0.8503401360544218,1.0,1.0,6,0.0
ogmm,115,Q015,2,M075258,1.0,0.9991916418075562,0.8122448979591838,0.993552344601963,0.9979031085968018,6,1.0
ogmm,115,Q015,3,M063219,1.0,0.9991055727005005,0.8380952380952381,0.9931570338058887,0.9977525472640991,6,1.0
ogmm,115,Q015,4,M039788,1.0,0.998693585395813,0.7142857142857143,0.9931570338058887,0.9975054264068604,6,1.0
ogmm,115,Q015,5,M098760,1.0,0.9993159770965576,0.8285714285714285,0.9910714285714286,0.9973574876785278,3,1.0
ogmm,116,Q016,1,M026665,1.0,1.0,1.0,1.0,1.0,6,1.0
ogmm,116,Q016,2,M087806,0.0,0.9994206428527832,0.8571428571428571,0.9960332606324973,0.998660683631897,6,0.0
ogmm,116,Q016,3,M068757,1.0,0.9996577501296997,0.8122448979591838,0.9946428571428572,0.9984554052352905,6,1.0
ogmm,116,Q016,4,M070107,0.0,0.9994356632232666,0.8435374149659864,0.993552344601963,0.9980494976043701,6,0.0
ogmm,116,Q016,5,M089155,1.0,0.9997481107711792,0.8503401360544218,0.9910714285714286,0.9976167678833008,6,1.0
ogmm,117,Q017,1,M058435,1.0,1.000000238418579,0.9551020408163265,1.0,1.0000001192092896,6,1.0
ogmm,117,Q017,2,M035900,1.0,0.9987359642982483,0.8050841389187254,0.97025627044711,0.9918056726455688,6,1.0
ogmm,117,Q017,3,M044584,0.0,0.9985114336013794,0.8122448979591838,0.9606234096692111,0.9892627000808716,6,0.0
ogmm,117,Q017,4,M052454,0.0,0.9986316561698914,0.8408163265306123,0.9545098984984481,0.9878065586090088,6,0.0
ogmm,117,Q017,5,M059516,0.0,0.9993190765380859,0.8020408163265307,0.9459332969829154,0.9860748052597046,6,0.0
ogmm,118,Q018,1,M050950,1.0,1.0000001192092896,0.9619047619047619,1.0,1.0000001192092896,6,1.0
ogmm,118,Q018,2,M070554,1.0,0.999678373336792,0.819047619047619,0.9892857142857142,0.9971284866333008,6,1.0
ogmm,118,Q018,3,M047611,1.0,0.999678373336792,0.9714285714285714,0.9892857142857142,0.9971284866333008,6,1.0
ogmm,118,Q018,4,M100060,1.0,0.9984458684921265,0.7993197278911566,0.974618320610687,0.9927221536636353,6,1.0
ogmm,118,Q018,5,M052330,1.0,0.9986474514007568,0.8095238095238095,0.9604416575790621,0.989298939704895,6,1.0
ogmm,119,Q019,1,M044611,0.0,0.9980992674827576,0.8571428571428571,0.9644083969465649,0.9399617314338684,6,0.0
ogmm,119,Q019,2,M033266,1.0,0.9973161220550537,0.8122448979591838,0.9554571065067247,0.9372539520263672,6,1.0
ogmm,119,Q019,3,M042895,1.0,0.9960495233535767,0.8476190476190476,0.9498479573861254,0.9350917339324951,3,1.0
ogmm,119,Q019,4,M044045,-1.0,0.9957184791564941,0.8435374149659864,0.9370732321114,0.9316994547843933,3,-1.0
ogmm,119,Q019,5,M041625,0.0,0.9937268495559692,0.7074829931972789,0.9266116517070716,0.9278890490531921,3,0.0
ogmm,120,Q020,1,M048011,0.0,1.0,0.8408163265306123,1.0,1.0,6,0.0
ogmm,120,Q020,2,M069109,1.0,0.9990991950035095,0.9482993197278912,0.9806570338058888,0.9946237802505493,6,1.0
ogmm,120,Q020,3,M033563,0.0,0.9956273436546326,0.8476190476190476,0.9691772921734755,0.9896707534790039,6,0.0
ogmm,120,Q020,4,M061337,1.0,0.9985913038253784,0.7056032939491585,0.9560568884042165,0.9881690740585327,6,1.0
ogmm,120,Q020,5,M064735,1.0,0.9988635778427124,0.8469387755102041,0.943452380952381,0.9851812124252319,6,1.0
ogmm,121,Q001,1,M035956,1.0,1.0,1.0,1.0,1.0,7,1.0
ogmm,121,Q001,2,M028549,0.0,0.9981349110603333,0.7142857142857143,0.9807776193272376,0.9940752983093262,7,0.0
ogmm,121,Q001,3,M035537,1.0,0.9994309544563293,0.8571428571428571,0.9744138495092693,0.9932620525360107,7,1.0
ogmm,121,Q001,4,M032957,1.0,0.9983353018760681,0.8571428571428571,0.96197571512457,0.9894951581954956,7,1.0
ogmm,121,Q001,5,M028255,1.0,0.9990233778953552,0.7142857142857143,0.9601190476190476,0.9894437789916992,7,1.0
ogmm,122,Q002,1,M060927,1.0,1.0,1.0,1.0,1.0,7,1.0
ogmm,122,Q002,2,M080873,1.0,0.9988524913787842,1.0,0.9883996728462376,0.9964114427566528,7,1.0
ogmm,122,Q002,3,M069758,1.0,0.998687744140625,0.9965986394557823,0.9790757906215921,0.9939815998077393,7,1.0
ogmm,122,Q002,4,M085993,1.0,0.9992295503616333,0.819047619047619,0.9768947655398037,0.993761420249939,7,1.0
ogmm,122,Q002,5,M058605,-1.0,0.9985149502754211,0.8537414965986395,0.9742230098146127,0.9926646947860718,1,-1.0
ogmm,123,Q003,1,M079920,1.0,1.0,0.9714285714285714,1.0,1.0,7,1.0
ogmm,123,Q003,2,M072610,1.0,0.9990502595901489,0.7925170068027212,0.9859187568157034,0.9959099292755127,7,1.0
ogmm,123,Q003,3,M090781,0.0,0.999200701713562,0.7959183673469389,0.9743184296619412,0.9931000471115112,7,0.0
ogmm,123,Q003,4,M004476,0.0,0.998794674873352,0.8115646258503402,0.9730234460196293,0.9925327301025391,7,0.0
ogmm,123,Q003,5,M028717,0.0,0.9990425109863281,0.8061224489795918,0.9711423118865866,0.992211103439331,4,0.0
ogmm,124,Q004,1,M050078,0.0,1.0,0.8571428571428571,1.0,1.0,7,0.0
ogmm,124,Q004,2,M059745,0.0,0.9982020854949951,0.8503401360544218,0.9780219780219781,0.9934267997741699,7,0.0
ogmm,124,Q004,3,M059135,1.0,0.9978526830673218,0.8217687074829932,0.9417215418169617,0.9841419458389282,7,1.0
ogmm,124,Q004,4,M091738,0.0,0.9967393279075623,0.8312925170068028,0.9236400050331348,0.9789535999298096,7,0.0
ogmm,124,Q004,5,M077874,0.0,0.9964801073074341,0.8408163265306123,0.9029433352906635,0.9736239910125732,4,0.0
ogmm,125,Q005,1,M084721,1.0,0.9992156624794006,0.834013605442177,0.9945474372955289,0.9981663227081299,7,1.0
ogmm,125,Q005,2,M047189,1.0,0.9991359114646912,0.7108843537414966,0.9931570338058887,0.9977707862854004,7,1.0
ogmm,125,Q005,3,M054335,0.0,0.998910665512085,0.8312925170068028,0.9934569247546347,0.9977105855941772,7,0.0
ogmm,125,Q005,4,M095999,1.0,0.9986827373504639,0.7074829931972789,0.9858233369683751,0.9956655502319336,7,1.0
ogmm,125,Q005,5,M099079,1.0,0.9987858533859253,0.7074829931972789,0.9848282442748092,0.995478630065918,4,1.0
ogmm,126,Q006,1,M004727,1.0,1.0,0.9981203007518796,1.0,1.0,7,1.0
ogmm,126,Q006,2,M016297,1.0,0.9977824687957764,0.8171679197994987,0.9870092693565977,0.9954218864440918,7,1.0
ogmm,126,Q006,3,M014732,1.0,0.9978636503219604,0.7885964912280701,0.9806821994799094,0.9938887357711792,7,1.0
ogmm,126,Q006,4,M090795,1.0,0.998614490032196,0.7802721088435375,0.9785850599781897,0.9938149452209473,7,1.0
ogmm,126,Q006,5,M089503,1.0,0.9993441104888916,0.7885964912280701,0.9760087241003271,0.9936087131500244,7,1.0
ogmm,127,Q007,1,M029944,1.0,1.000000238418579,1.0,1.0,1.0000001192092896,7,1.0
ogmm,127,Q007,2,M030690,0.0,0.9987031817436218,0.8476190476190476,0.9678616866593964,0.991187334060669,7,0.0
ogmm,127,Q007,3,M041095,1.0,0.9984678626060486,0.8285714285714285,0.9506410256410256,0.9867409467697144,7,1.0
ogmm,127,Q007,4,M035734,0.0,0.9985516667366028,0.819047619047619,0.9494299275787824,0.9864885807037354,7,0.0
ogmm,127,Q007,5,M024621,0.0,0.997981607913971,0.9619047619047619,0.9505204401196767,0.9864190816879272,4,0.0
ogmm,128,Q008,1,M084575,0.0,1.0000001192092896,0.8571428571428571,1.0,1.0000001192092896,7,0.0
ogmm,128,Q008,2,M076048,1.0,0.9997464418411255,0.8518617973505191,0.9964285714285713,0.9989550113677979,7,1.0
ogmm,128,Q008,3,M065714,1.0,0.9995644688606262,0.707124955245256,0.994942748091603,0.9984743595123291,7,1.0
ogmm,128,Q008,4,M076797,1.0,0.9991171956062317,0.7090046544933762,0.9942475463467829,0.9980322122573853,7,1.0
ogmm,128,Q008,5,M063614,0.0,0.9990450143814087,0.8069638381668457,0.9942475463467829,0.9979889392852783,7,0.0
ogmm,129,Q009,1,M022445,1.0,0.9995251893997192,0.8122448979591838,0.9971237731733914,0.9989960193634033,7,1.0
ogmm,129,Q009,2,M053522,1.0,0.999415397644043,0.8435374149659864,0.9902808069792803,0.997219443321228,7,1.0
ogmm,129,Q009,3,M043070,1.0,0.998935341835022,0.8312925170068028,0.9899809160305343,0.9968564510345459,7,1.0
ogmm,129,Q009,4,M076903,1.0,0.9993971586227417,0.8054421768707484,0.9877044711014176,0.996564507484436,7,1.0
ogmm,129,Q009,5,M044106,1.0,0.9993612766265869,0.8054421768707484,0.9838331515812432,0.9955750703811646,4,1.0
ogmm,130,Q010,1,M056742,0.0,1.0,0.9962406015037594,1.0,1.0,7,0.0
ogmm,130,Q010,2,M022852,0.0,0.9990639686584473,0.8180093089867526,0.9924618320610687,0.9975539445877075,7,0.0
ogmm,130,Q010,3,M070100,0.0,0.9994654655456543,0.7870748299319728,0.9857142857142858,0.996107816696167,7,0.0
ogmm,130,Q010,4,M085336,1.0,0.9990699887275696,0.8171679197994987,0.9820474372955289,0.9949538707733154,7,1.0
ogmm,130,Q010,5,M007635,1.0,0.9992145299911499,0.8180093089867526,0.9765948745910578,0.9936774969100952,1,1.0
ogmm,131,Q011,1,M043191,1.0,1.0000001192092896,0.9714285714285714,1.0,1.0000001192092896,7,1.0
ogmm,131,Q011,2,M063474,1.0,1.0000001192092896,0.8285714285714285,1.0,1.0000001192092896,7,1.0
ogmm,131,Q011,3,M042506,0.0,1.0000001192092896,0.8025241675617615,1.0,1.0000001192092896,7,0.0
ogmm,131,Q011,4,M089762,1.0,0.999800980091095,0.7047619047619048,0.9964285714285713,0.9989877939224243,7,1.0
ogmm,131,Q011,5,M042804,1.0,0.999800980091095,0.8380952380952381,0.9964285714285713,0.9989877939224243,4,1.0
ogmm,132,Q012,1,M057809,0.0,1.0000001192092896,0.8571428571428571,1.0,1.0000001192092896,7,0.0
ogmm,132,Q012,2,M078223,1.0,0.9991438388824463,0.8306122448979593,0.9849236641221374,0.9957172870635986,7,1.0
ogmm,132,Q012,3,M081373,1.0,0.9991778135299683,0.8380952380952381,0.9841330425299891,0.9955400228500366,7,1.0
ogmm,132,Q012,4,M091742,0.0,0.9990804195404053,1.0,0.971633042529989,0.992356538772583,7,0.0
ogmm,132,Q012,5,M056558,0.0,0.998988151550293,0.7142857142857143,0.9705561613958561,0.9920319318771362,7,0.0
ogmm,133,Q013,1,M004656,0.0,1.0000001192092896,1.0,1.0,1.0000001192092896,7,0.0
ogmm,133,Q013,2,M000652,0.0,0.997107207775116,0.9904761904761905,0.9714537371025921,0.9911277294158936,7,0.0
ogmm,133,Q013,3,M000489,1.0,0.9978896975517273,0.8476190476190476,0.9266154964628248,0.9803876876831055,7,1.0
ogmm,133,Q013,4,M000224,1.0,0.9966926574707031,0.8380952380952381,0.9211835556301206,0.9783115386962891,7,1.0
ogmm,133,Q013,5,M000522,1.0,0.9957696199417114,0.8285714285714285,0.9303165981601096,0.9300410151481628,7,1.0
ogmm,134,Q014,1,M022194,1.0,0.997409462928772,0.7940386680988185,0.9362598915079829,0.9825106859207153,7,1.0
ogmm,134,Q014,2,M012192,0.0,0.996539831161499,0.8171679197994987,0.9520289824679138,0.9359312057495117,7,0.0
ogmm,134,Q014,3,M061545,1.0,0.9918105602264404,0.9749910490511995,0.9073067835472415,0.9219130277633667,7,1.0
ogmm,134,Q014,4,M034318,0.0,0.987061083316803,0.8253311851056212,0.9056325671783687,0.9186448454856873,7,0.0
ogmm,135,Q015,1,M051010,0.0,1.0,0.8503401360544218,1.0,1.0,7,0.0
ogmm,135,Q015,2,M075258,1.0,0.9991916418075562,0.8122448979591838,0.993552344601963,0.9979031085968018,7,1.0
ogmm,135,Q015,3,M063219,1.0,0.9991055727005005,0.8380952380952381,0.9931570338058887,0.9977525472640991,7,1.0
ogmm,135,Q015,4,M039788,1.0,0.998693585395813,0.7142857142857143,0.9931570338058887,0.9975054264068604,7,1.0
ogmm,135,Q015,5,M098760,1.0,0.9993159770965576,0.8285714285714285,0.9910714285714286,0.9973574876785278,4,1.0
ogmm,136,Q016,1,M026665,1.0,1.0,1.0,1.0,1.0,7,1.0
ogmm,136,Q016,2,M087806,0.0,0.9994206428527832,0.8571428571428571,0.9960332606324973,0.998660683631897,7,0.0
ogmm,136,Q016,3,M068757,1.0,0.9996577501296997,0.8122448979591838,0.9946428571428572,0.9984554052352905,7,1.0
ogmm,136,Q016,4,M070107,0.0,0.9994356632232666,0.8435374149659864,0.993552344601963,0.9980494976043701,7,0.0
ogmm,136,Q016,5,M089155,1.0,0.9997481107711792,0.8503401360544218,0.9910714285714286,0.9976167678833008,7,1.0
ogmm,137,Q017,1,M058435,1.0,1.000000238418579,0.9551020408163265,1.0,1.0000001192092896,7,1.0
ogmm,137,Q017,2,M035900,1.0,0.9987359642982483,0.8050841389187254,0.97025627044711,0.9918056726455688,7,1.0
ogmm,137,Q017,3,M044584,0.0,0.9985114336013794,0.8122448979591838,0.9606234096692111,0.9892627000808716,7,0.0
ogmm,137,Q017,4,M052454,0.0,0.9986316561698914,0.8408163265306123,0.9545098984984481,0.9878065586090088,7,0.0
ogmm,137,Q017,5,M059516,0.0,0.9993190765380859,0.8020408163265307,0.9459332969829154,0.9860748052597046,7,0.0
ogmm,138,Q018,1,M050950,1.0,1.0000001192092896,0.9619047619047619,1.0,1.0000001192092896,7,1.0
ogmm,138,Q018,2,M070554,1.0,0.999678373336792,0.819047619047619,0.9892857142857142,0.9971284866333008,7,1.0
ogmm,138,Q018,3,M047611,1.0,0.999678373336792,0.9714285714285714,0.9892857142857142,0.9971284866333008,7,1.0
ogmm,138,Q018,4,M100060,1.0,0.9984458684921265,0.7993197278911566,0.974618320610687,0.9927221536636353,7,1.0
ogmm,138,Q018,5,M052330,1.0,0.9986474514007568,0.8095238095238095,0.9604416575790621,0.989298939704895,7,1.0
ogmm,139,Q019,1,M044611,0.0,0.9980992674827576,0.8571428571428571,0.9644083969465649,0.9399617314338684,7,0.0
ogmm,139,Q019,2,M033266,1.0,0.9973161220550537,0.8122448979591838,0.9554571065067247,0.9372539520263672,7,1.0
ogmm,139,Q019,3,M042895,1.0,0.9960495233535767,0.8476190476190476,0.9498479573861254,0.9350917339324951,4,1.0
ogmm,139,Q019,4,M041625,0.0,0.9937268495559692,0.7074829931972789,0.9266116517070716,0.9278890490531921,4,0.0
ogmm,139,Q019,5,M012182,0.0,0.9936379790306091,0.8408163265306123,0.9054738836227385,0.9225513339042664,1,0.0
ogmm,140,Q020,1,M048011,0.0,1.0,0.8408163265306123,1.0,1.0,7,0.0
ogmm,140,Q020,2,M069109,1.0,0.9990991950035095,0.9482993197278912,0.9806570338058888,0.9946237802505493,7,1.0
ogmm,140,Q020,3,M033563,0.0,0.9956273436546326,0.8476190476190476,0.9691772921734755,0.9896707534790039,7,0.0
ogmm,140,Q020,4,M061337,1.0,0.9985913038253784,0.7056032939491585,0.9560568884042165,0.9881690740585327,7,1.0
ogmm,140,Q020,5,M064735,1.0,0.9988635778427124,0.8469387755102041,0.943452380952381,0.9851812124252319,7,1.0
ogmm,141,Q001,1,M035956,1.0,1.0,1.0,1.0,1.0,8,1.0
ogmm,141,Q001,2,M028549,0.0,0.9981349110603333,0.7142857142857143,0.9807776193272376,0.9940752983093262,8,0.0
ogmm,141,Q001,3,M035537,1.0,0.9994309544563293,0.8571428571428571,0.9744138495092693,0.9932620525360107,8,1.0
ogmm,141,Q001,4,M032957,1.0,0.9983353018760681,0.8571428571428571,0.96197571512457,0.9894951581954956,8,1.0
ogmm,141,Q001,5,M028255,1.0,0.9990233778953552,0.7142857142857143,0.9601190476190476,0.9894437789916992,8,1.0
ogmm,142,Q002,1,M060927,1.0,1.0,1.0,1.0,1.0,8,1.0
ogmm,142,Q002,2,M080873,1.0,0.9988524913787842,1.0,0.9883996728462376,0.9964114427566528,8,1.0
ogmm,142,Q002,3,M069758,1.0,0.998687744140625,0.9965986394557823,0.9790757906215921,0.9939815998077393,8,1.0
ogmm,142,Q002,4,M085993,1.0,0.9992295503616333,0.819047619047619,0.9768947655398037,0.993761420249939,8,1.0
ogmm,142,Q002,5,M058605,-1.0,0.9985149502754211,0.8537414965986395,0.9742230098146127,0.9926646947860718,2,-1.0
ogmm,143,Q003,1,M079920,1.0,1.0,0.9714285714285714,1.0,1.0,8,1.0
ogmm,143,Q003,2,M072610,1.0,0.9990502595901489,0.7925170068027212,0.9859187568157034,0.9959099292755127,8,1.0
ogmm,143,Q003,3,M090781,0.0,0.999200701713562,0.7959183673469389,0.9743184296619412,0.9931000471115112,8,0.0
ogmm,143,Q003,4,M004476,0.0,0.998794674873352,0.8115646258503402,0.9730234460196293,0.9925327301025391,8,0.0
ogmm,143,Q003,5,M028717,0.0,0.9990425109863281,0.8061224489795918,0.9711423118865866,0.992211103439331,5,0.0
ogmm,144,Q004,1,M050078,0.0,1.0,0.8571428571428571,1.0,1.0,8,0.0
ogmm,144,Q004,2,M059745,0.0,0.9982020854949951,0.8503401360544218,0.9780219780219781,0.9934267997741699,8,0.0
ogmm,144,Q004,3,M059135,1.0,0.9978526830673218,0.8217687074829932,0.9417215418169617,0.9841419458389282,8,1.0
ogmm,144,Q004,4,M091738,0.0,0.9967393279075623,0.8312925170068028,0.9236400050331348,0.9789535999298096,8,0.0
ogmm,144,Q004,5,M077874,0.0,0.9964801073074341,0.8408163265306123,0.9029433352906635,0.9736239910125732,5,0.0
ogmm,145,Q005,1,M084721,1.0,0.9992156624794006,0.834013605442177,0.9945474372955289,0.9981663227081299,8,1.0
ogmm,145,Q005,2,M047189,1.0,0.9991359114646912,0.7108843537414966,0.9931570338058887,0.9977707862854004,8,1.0
ogmm,145,Q005,3,M054335,0.0,0.998910665512085,0.8312925170068028,0.9934569247546347,0.9977105855941772,8,0.0
ogmm,145,Q005,4,M095999,1.0,0.9986827373504639,0.7074829931972789,0.9858233369683751,0.9956655502319336,8,1.0
ogmm,145,Q005,5,M099079,1.0,0.9987858533859253,0.7074829931972789,0.9848282442748092,0.995478630065918,5,1.0
ogmm,146,Q006,1,M004727,1.0,1.0,0.9981203007518796,1.0,1.0,8,1.0
ogmm,146,Q006,2,M016297,1.0,0.9977824687957764,0.8171679197994987,0.9870092693565977,0.9954218864440918,8,1.0
ogmm,146,Q006,3,M014732,1.0,0.9978636503219604,0.7885964912280701,0.9806821994799094,0.9938887357711792,8,1.0
ogmm,146,Q006,4,M090795,1.0,0.998614490032196,0.7802721088435375,0.9785850599781897,0.9938149452209473,8,1.0
ogmm,146,Q006,5,M089503,1.0,0.9993441104888916,0.7885964912280701,0.9760087241003271,0.9936087131500244,8,1.0
ogmm,147,Q007,1,M029944,1.0,1.000000238418579,1.0,1.0,1.0000001192092896,8,1.0
ogmm,147,Q007,2,M030690,0.0,0.9987031817436218,0.8476190476190476,0.9678616866593964,0.991187334060669,8,0.0
ogmm,147,Q007,3,M041095,1.0,0.9984678626060486,0.8285714285714285,0.9506410256410256,0.9867409467697144,8,1.0
ogmm,147,Q007,4,M035734,0.0,0.9985516667366028,0.819047619047619,0.9494299275787824,0.9864885807037354,8,0.0
ogmm,147,Q007,5,M024621,0.0,0.997981607913971,0.9619047619047619,0.9505204401196767,0.9864190816879272,5,0.0
ogmm,148,Q008,1,M084575,0.0,1.0000001192092896,0.8571428571428571,1.0,1.0000001192092896,8,0.0
ogmm,148,Q008,2,M076048,1.0,0.9997464418411255,0.8518617973505191,0.9964285714285713,0.9989550113677979,8,1.0
ogmm,148,Q008,3,M065714,1.0,0.9995644688606262,0.707124955245256,0.994942748091603,0.9984743595123291,8,1.0
ogmm,148,Q008,4,M076797,1.0,0.9991171956062317,0.7090046544933762,0.9942475463467829,0.9980322122573853,8,1.0
ogmm,148,Q008,5,M063614,0.0,0.9990450143814087,0.8069638381668457,0.9942475463467829,0.9979889392852783,8,0.0
ogmm,149,Q009,1,M022445,1.0,0.9995251893997192,0.8122448979591838,0.9971237731733914,0.9989960193634033,8,1.0
ogmm,149,Q009,2,M053522,1.0,0.999415397644043,0.8435374149659864,0.9902808069792803,0.997219443321228,8,1.0
ogmm,149,Q009,3,M043070,1.0,0.998935341835022,0.8312925170068028,0.9899809160305343,0.9968564510345459,8,1.0
ogmm,149,Q009,4,M076903,1.0,0.9993971586227417,0.8054421768707484,0.9877044711014176,0.996564507484436,8,1.0
ogmm,149,Q009,5,M044106,1.0,0.9993612766265869,0.8054421768707484,0.9838331515812432,0.9955750703811646,5,1.0
ogmm,150,Q010,1,M056742,0.0,1.0,0.9962406015037594,1.0,1.0,8,0.0
ogmm,150,Q010,2,M022852,0.0,0.9990639686584473,0.8180093089867526,0.9924618320610687,0.9975539445877075,8,0.0
ogmm,150,Q010,3,M070100,0.0,0.9994654655456543,0.7870748299319728,0.9857142857142858,0.996107816696167,8,0.0
ogmm,150,Q010,4,M085336,1.0,0.9990699887275696,0.8171679197994987,0.9820474372955289,0.9949538707733154,8,1.0
ogmm,150,Q010,5,M007635,1.0,0.9992145299911499,0.8180093089867526,0.9765948745910578,0.9936774969100952,2,1.0
ogmm,151,Q011,1,M043191,1.0,1.0000001192092896,0.9714285714285714,1.0,1.0000001192092896,8,1.0
ogmm,151,Q011,2,M063474,1.0,1.0000001192092896,0.8285714285714285,1.0,1.0000001192092896,8,1.0
ogmm,151,Q011,3,M042506,0.0,1.0000001192092896,0.8025241675617615,1.0,1.0000001192092896,8,0.0
ogmm,151,Q011,4,M089762,1.0,0.999800980091095,0.7047619047619048,0.9964285714285713,0.9989877939224243,8,1.0
ogmm,151,Q011,5,M042804,1.0,0.999800980091095,0.8380952380952381,0.9964285714285713,0.9989877939224243,5,1.0
ogmm,152,Q012,1,M057809,0.0,1.0000001192092896,0.8571428571428571,1.0,1.0000001192092896,8,0.0
ogmm,152,Q012,2,M078223,1.0,0.9991438388824463,0.8306122448979593,0.9849236641221374,0.9957172870635986,8,1.0
ogmm,152,Q012,3,M081373,1.0,0.9991778135299683,0.8380952380952381,0.9841330425299891,0.9955400228500366,8,1.0
ogmm,152,Q012,4,M091742,0.0,0.9990804195404053,1.0,0.971633042529989,0.992356538772583,8,0.0
ogmm,152,Q012,5,M056558,0.0,0.998988151550293,0.7142857142857143,0.9705561613958561,0.9920319318771362,8,0.0
ogmm,153,Q013,1,M004656,0.0,1.0000001192092896,1.0,1.0,1.0000001192092896,8,0.0
ogmm,153,Q013,2,M000652,0.0,0.997107207775116,0.9904761904761905,0.9714537371025921,0.9911277294158936,8,0.0
ogmm,153,Q013,3,M000489,1.0,0.9978896975517273,0.8476190476190476,0.9266154964628248,0.9803876876831055,8,1.0
ogmm,153,Q013,4,M000224,1.0,0.9966926574707031,0.8380952380952381,0.9211835556301206,0.9783115386962891,8,1.0
ogmm,153,Q013,5,M000522,1.0,0.9957696199417114,0.8285714285714285,0.9303165981601096,0.9300410151481628,8,1.0
ogmm,154,Q014,1,M022194,1.0,0.997409462928772,0.7940386680988185,0.9362598915079829,0.9825106859207153,8,1.0
ogmm,154,Q014,2,M012192,0.0,0.996539831161499,0.8171679197994987,0.9520289824679138,0.9359312057495117,8,0.0
ogmm,154,Q014,3,M061545,1.0,0.9918105602264404,0.9749910490511995,0.9073067835472415,0.9219130277633667,8,1.0
ogmm,154,Q014,4,M034318,0.0,0.987061083316803,0.8253311851056212,0.9056325671783687,0.9186448454856873,8,0.0
ogmm,155,Q015,1,M051010,0.0,1.0,0.8503401360544218,1.0,1.0,8,0.0
ogmm,155,Q015,2,M075258,1.0,0.9991916418075562,0.8122448979591838,0.993552344601963,0.9979031085968018,8,1.0
ogmm,155,Q015,3,M063219,1.0,0.9991055727005005,0.8380952380952381,0.9931570338058887,0.9977525472640991,8,1.0
ogmm,155,Q015,4,M039788,1.0,0.998693585395813,0.7142857142857143,0.9931570338058887,0.9975054264068604,8,1.0
ogmm,155,Q015,5,M098760,1.0,0.9993159770965576,0.8285714285714285,0.9910714285714286,0.9973574876785278,5,1.0
ogmm,156,Q016,1,M026665,1.0,1.0,1.0,1.0,1.0,8,1.0
ogmm,156,Q016,2,M087806,0.0,0.9994206428527832,0.8571428571428571,0.9960332606324973,0.998660683631897,8,0.0
ogmm,156,Q016,3,M068757,1.0,0.9996577501296997,0.8122448979591838,0.9946428571428572,0.9984554052352905,8,1.0
ogmm,156,Q016,4,M070107,0.0,0.9994356632232666,0.8435374149659864,0.993552344601963,0.9980494976043701,8,0.0
ogmm,156,Q016,5,M089155,1.0,0.9997481107711792,0.8503401360544218,0.9910714285714286,0.9976167678833008,8,1.0
ogmm,157,Q017,1,M058435,1.0,1.000000238418579,0.9551020408163265,1.0,1.0000001192092896,8,1.0
ogmm,157,Q017,2,M035900,1.0,0.9987359642982483,0.8050841389187254,0.97025627044711,0.9918056726455688,8,1.0
ogmm,157,Q017,3,M044584,0.0,0.9985114336013794,0.8122448979591838,0.9606234096692111,0.9892627000808716,8,0.0
ogmm,157,Q017,4,M052454,0.0,0.9986316561698914,0.8408163265306123,0.9545098984984481,0.9878065586090088,8,0.0
ogmm,157,Q017,5,M059516,0.0,0.9993190765380859,0.8020408163265307,0.9459332969829154,0.9860748052597046,8,0.0
ogmm,158,Q018,1,M050950,1.0,1.0000001192092896,0.9619047619047619,1.0,1.0000001192092896,8,1.0
ogmm,158,Q018,2,M070554,1.0,0.999678373336792,0.819047619047619,0.9892857142857142,0.9971284866333008,8,1.0
ogmm,158,Q018,3,M047611,1.0,0.999678373336792,0.9714285714285714,0.9892857142857142,0.9971284866333008,8,1.0
ogmm,158,Q018,4,M100060,1.0,0.9984458684921265,0.7993197278911566,0.974618320610687,0.9927221536636353,8,1.0
ogmm,158,Q018,5,M052330,1.0,0.9986474514007568,0.8095238095238095,0.9604416575790621,0.989298939704895,8,1.0
ogmm,159,Q019,1,M044611,0.0,0.9980992674827576,0.8571428571428571,0.9644083969465649,0.9399617314338684,8,0.0
ogmm,159,Q019,2,M033266,1.0,0.9973161220550537,0.8122448979591838,0.9554571065067247,0.9372539520263672,8,1.0
ogmm,159,Q019,3,M042895,1.0,0.9960495233535767,0.8476190476190476,0.9498479573861254,0.9350917339324951,5,1.0
ogmm,159,Q019,4,M041625,0.0,0.9937268495559692,0.7074829931972789,0.9266116517070716,0.9278890490531921,5,0.0
ogmm,159,Q019,5,M012182,0.0,0.9936379790306091,0.8408163265306123,0.9054738836227385,0.9225513339042664,2,0.0
ogmm,160,Q020,1,M048011,0.0,1.0,0.8408163265306123,1.0,1.0,8,0.0
ogmm,160,Q020,2,M069109,1.0,0.9990991950035095,0.9482993197278912,0.9806570338058888,0.9946237802505493,8,1.0
ogmm,160,Q020,3,M033563,0.0,0.9956273436546326,0.8476190476190476,0.9691772921734755,0.9896707534790039,8,0.0
ogmm,160,Q020,4,M061337,1.0,0.9985913038253784,0.7056032939491585,0.9560568884042165,0.9881690740585327,8,1.0
ogmm,160,Q020,5,M064735,1.0,0.9988635778427124,0.8469387755102041,0.943452380952381,0.9851812124252319,8,1.0
ogmm,161,Q001,1,M035956,1.0,1.0,1.0,1.0,1.0,9,1.0
ogmm,161,Q001,2,M028549,0.0,0.9981349110603333,0.7142857142857143,0.9807776193272376,0.9940752983093262,9,0.0
ogmm,161,Q001,3,M035537,1.0,0.9994309544563293,0.8571428571428571,0.9744138495092693,0.9932620525360107,9,1.0
ogmm,161,Q001,4,M032957,1.0,0.9983353018760681,0.8571428571428571,0.96197571512457,0.9894951581954956,9,1.0
ogmm,161,Q001,5,M028255,1.0,0.9990233778953552,0.7142857142857143,0.9601190476190476,0.9894437789916992,9,1.0
ogmm,162,Q002,1,M060927,1.0,1.0,1.0,1.0,1.0,9,1.0
ogmm,162,Q002,2,M080873,1.0,0.9988524913787842,1.0,0.9883996728462376,0.9964114427566528,9,1.0
ogmm,162,Q002,3,M069758,1.0,0.998687744140625,0.9965986394557823,0.9790757906215921,0.9939815998077393,9,1.0
ogmm,162,Q002,4,M085993,1.0,0.9992295503616333,0.819047619047619,0.9768947655398037,0.993761420249939,9,1.0
ogmm,162,Q002,5,M058605,-1.0,0.9985149502754211,0.8537414965986395,0.9742230098146127,0.9926646947860718,3,-1.0
ogmm,163,Q003,1,M079920,1.0,1.0,0.9714285714285714,1.0,1.0,9,1.0
ogmm,163,Q003,2,M072610,1.0,0.9990502595901489,0.7925170068027212,0.9859187568157034,0.9959099292755127,9,1.0
ogmm,163,Q003,3,M090781,0.0,0.999200701713562,0.7959183673469389,0.9743184296619412,0.9931000471115112,9,0.0
ogmm,163,Q003,4,M004476,0.0,0.998794674873352,0.8115646258503402,0.9730234460196293,0.9925327301025391,9,0.0
ogmm,163,Q003,5,M028717,0.0,0.9990425109863281,0.8061224489795918,0.9711423118865866,0.992211103439331,6,0.0
ogmm,164,Q004,1,M050078,0.0,1.0,0.8571428571428571,1.0,1.0,9,0.0
ogmm,164,Q004,2,M059745,0.0,0.9982020854949951,0.8503401360544218,0.9780219780219781,0.9934267997741699,9,0.0
ogmm,164,Q004,3,M059135,1.0,0.9978526830673218,0.8217687074829932,0.9417215418169617,0.9841419458389282,9,1.0
ogmm,164,Q004,4,M091738,0.0,0.9967393279075623,0.8312925170068028,0.9236400050331348,0.9789535999298096,9,0.0
ogmm,164,Q004,5,M077874,0.0,0.9964801073074341,0.8408163265306123,0.9029433352906635,0.9736239910125732,6,0.0
ogmm,165,Q005,1,M084721,1.0,0.9992156624794006,0.834013605442177,0.9945474372955289,0.9981663227081299,9,1.0
ogmm,165,Q005,2,M047189,1.0,0.9991359114646912,0.7108843537414966,0.9931570338058887,0.9977707862854004,9,1.0
ogmm,165,Q005,3,M054335,0.0,0.998910665512085,0.8312925170068028,0.9934569247546347,0.9977105855941772,9,0.0
ogmm,165,Q005,4,M095999,1.0,0.9986827373504639,0.7074829931972789,0.9858233369683751,0.9956655502319336,9,1.0
ogmm,165,Q005,5,M099079,1.0,0.9987858533859253,0.7074829931972789,0.9848282442748092,0.995478630065918,6,1.0
ogmm,166,Q006,1,M004727,1.0,1.0,0.9981203007518796,1.0,1.0,9,1.0
ogmm,166,Q006,2,M016297,1.0,0.9977824687957764,0.8171679197994987,0.9870092693565977,0.9954218864440918,9,1.0
ogmm,166,Q006,3,M014732,1.0,0.9978636503219604,0.7885964912280701,0.9806821994799094,0.9938887357711792,9,1.0
ogmm,166,Q006,4,M090795,1.0,0.998614490032196,0.7802721088435375,0.9785850599781897,0.9938149452209473,9,1.0
ogmm,166,Q006,5,M089503,1.0,0.9993441104888916,0.7885964912280701,0.9760087241003271,0.9936087131500244,9,1.0
ogmm,167,Q007,1,M029944,1.0,1.000000238418579,1.0,1.0,1.0000001192092896,9,1.0
ogmm,167,Q007,2,M030690,0.0,0.9987031817436218,0.8476190476190476,0.9678616866593964,0.991187334060669,9,0.0
ogmm,167,Q007,3,M041095,1.0,0.9984678626060486,0.8285714285714285,0.9506410256410256,0.9867409467697144,9,1.0
ogmm,167,Q007,4,M035734,0.0,0.9985516667366028,0.819047619047619,0.9494299275787824,0.9864885807037354,9,0.0
ogmm,167,Q007,5,M024621,0.0,0.997981607913971,0.9619047619047619,0.9505204401196767,0.9864190816879272,6,0.0
ogmm,168,Q008,1,M084575,0.0,1.0000001192092896,0.8571428571428571,1.0,1.0000001192092896,9,0.0
ogmm,168,Q008,2,M076048,1.0,0.9997464418411255,0.8518617973505191,0.9964285714285713,0.9989550113677979,9,1.0
ogmm,168,Q008,3,M065714,1.0,0.9995644688606262,0.707124955245256,0.994942748091603,0.9984743595123291,9,1.0
ogmm,168,Q008,4,M076797,1.0,0.9991171956062317,0.7090046544933762,0.9942475463467829,0.9980322122573853,9,1.0
ogmm,168,Q008,5,M063614,0.0,0.9990450143814087,0.8069638381668457,0.9942475463467829,0.9979889392852783,9,0.0
ogmm,169,Q009,1,M022445,1.0,0.9995251893997192,0.8122448979591838,0.9971237731733914,0.9989960193634033,9,1.0
ogmm,169,Q009,2,M053522,1.0,0.999415397644043,0.8435374149659864,0.9902808069792803,0.997219443321228,9,1.0
ogmm,169,Q009,3,M043070,1.0,0.998935341835022,0.8312925170068028,0.9899809160305343,0.9968564510345459,9,1.0
ogmm,169,Q009,4,M076903,1.0,0.9993971586227417,0.8054421768707484,0.9877044711014176,0.996564507484436,9,1.0
ogmm,169,Q009,5,M044106,1.0,0.9993612766265869,0.8054421768707484,0.9838331515812432,0.9955750703811646,6,1.0
ogmm,170,Q010,1,M056742,0.0,1.0,0.9962406015037594,1.0,1.0,9,0.0
ogmm,170,Q010,2,M022852,0.0,0.9990639686584473,0.8180093089867526,0.9924618320610687,0.9975539445877075,9,0.0
ogmm,170,Q010,3,M070100,0.0,0.9994654655456543,0.7870748299319728,0.9857142857142858,0.996107816696167,9,0.0
ogmm,170,Q010,4,M085336,1.0,0.9990699887275696,0.8171679197994987,0.9820474372955289,0.9949538707733154,9,1.0
ogmm,170,Q010,5,M007635,1.0,0.9992145299911499,0.8180093089867526,0.9765948745910578,0.9936774969100952,3,1.0
ogmm,171,Q011,1,M043191,1.0,1.0000001192092896,0.9714285714285714,1.0,1.0000001192092896,9,1.0
ogmm,171,Q011,2,M063474,1.0,1.0000001192092896,0.8285714285714285,1.0,1.0000001192092896,9,1.0
ogmm,171,Q011,3,M042506,0.0,1.0000001192092896,0.8025241675617615,1.0,1.0000001192092896,9,0.0
ogmm,171,Q011,4,M089762,1.0,0.999800980091095,0.7047619047619048,0.9964285714285713,0.9989877939224243,9,1.0
ogmm,171,Q011,5,M042804,1.0,0.999800980091095,0.8380952380952381,0.9964285714285713,0.9989877939224243,6,1.0
ogmm,172,Q012,1,M057809,0.0,1.0000001192092896,0.8571428571428571,1.0,1.0000001192092896,9,0.0
ogmm,172,Q012,2,M078223,1.0,0.9991438388824463,0.8306122448979593,0.9849236641221374,0.9957172870635986,9,1.0
ogmm,172,Q012,3,M081373,1.0,0.9991778135299683,0.8380952380952381,0.9841330425299891,0.9955400228500366,9,1.0
ogmm,172,Q012,4,M091742,0.0,0.9990804195404053,1.0,0.971633042529989,0.992356538772583,9,0.0
ogmm,172,Q012,5,M056558,0.0,0.998988151550293,0.7142857142857143,0.9705561613958561,0.9920319318771362,9,0.0
ogmm,173,Q013,1,M004656,0.0,1.0000001192092896,1.0,1.0,1.0000001192092896,9,0.0
ogmm,173,Q013,2,M000652,0.0,0.997107207775116,0.9904761904761905,0.9714537371025921,0.9911277294158936,9,0.0
ogmm,173,Q013,3,M000489,1.0,0.9978896975517273,0.8476190476190476,0.9266154964628248,0.9803876876831055,9,1.0
ogmm,173,Q013,4,M000224,1.0,0.9966926574707031,0.8380952380952381,0.9211835556301206,0.9783115386962891,9,1.0
ogmm,173,Q013,5,M000522,1.0,0.9957696199417114,0.8285714285714285,0.9303165981601096,0.9300410151481628,9,1.0
ogmm,174,Q014,1,M022194,1.0,0.997409462928772,0.7940386680988185,0.9362598915079829,0.9825106859207153,9,1.0
ogmm,174,Q014,2,M012192,0.0,0.996539831161499,0.8171679197994987,0.9520289824679138,0.9359312057495117,9,0.0
ogmm,174,Q014,3,M061545,1.0,0.9918105602264404,0.9749910490511995,0.9073067835472415,0.9219130277633667,9,1.0
ogmm,174,Q014,4,M034318,0.0,0.987061083316803,0.8253311851056212,0.9056325671783687,0.9186448454856873,9,0.0
ogmm,175,Q015,1,M051010,0.0,1.0,0.8503401360544218,1.0,1.0,9,0.0
ogmm,175,Q015,2,M075258,1.0,0.9991916418075562,0.8122448979591838,0.993552344601963,0.9979031085968018,9,1.0
ogmm,175,Q015,3,M063219,1.0,0.9991055727005005,0.8380952380952381,0.9931570338058887,0.9977525472640991,9,1.0
ogmm,175,Q015,4,M039788,1.0,0.998693585395813,0.7142857142857143,0.9931570338058887,0.9975054264068604,9,1.0
ogmm,175,Q015,5,M098760,1.0,0.9993159770965576,0.8285714285714285,0.9910714285714286,0.9973574876785278,6,1.0
ogmm,176,Q016,1,M026665,1.0,1.0,1.0,1.0,1.0,9,1.0
ogmm,176,Q016,2,M087806,0.0,0.9994206428527832,0.8571428571428571,0.9960332606324973,0.998660683631897,9,0.0
ogmm,176,Q016,3,M068757,1.0,0.9996577501296997,0.8122448979591838,0.9946428571428572,0.9984554052352905,9,1.0
ogmm,176,Q016,4,M070107,0.0,0.9994356632232666,0.8435374149659864,0.993552344601963,0.9980494976043701,9,0.0
ogmm,176,Q016,5,M089155,1.0,0.9997481107711792,0.8503401360544218,0.9910714285714286,0.9976167678833008,9,1.0
ogmm,177,Q017,1,M058435,1.0,1.000000238418579,0.9551020408163265,1.0,1.0000001192092896,9,1.0
ogmm,177,Q017,2,M035900,1.0,0.9987359642982483,0.8050841389187254,0.97025627044711,0.9918056726455688,9,1.0
ogmm,177,Q017,3,M044584,0.0,0.9985114336013794,0.8122448979591838,0.9606234096692111,0.9892627000808716,9,0.0
ogmm,177,Q017,4,M052454,0.0,0.9986316561698914,0.8408163265306123,0.9545098984984481,0.9878065586090088,9,0.0
ogmm,177,Q017,5,M059516,0.0,0.9993190765380859,0.8020408163265307,0.9459332969829154,0.9860748052597046,9,0.0
ogmm,178,Q018,1,M050950,1.0,1.0000001192092896,0.9619047619047619,1.0,1.0000001192092896,9,1.0
ogmm,178,Q018,2,M070554,1.0,0.999678373336792,0.819047619047619,0.9892857142857142,0.9971284866333008,9,1.0
ogmm,178,Q018,3,M047611,1.0,0.999678373336792,0.9714285714285714,0.9892857142857142,0.9971284866333008,9,1.0
ogmm,178,Q018,4,M100060,1.0,0.9984458684921265,0.7993197278911566,0.974618320610687,0.9927221536636353,9,1.0
ogmm,178,Q018,5,M052330,1.0,0.9986474514007568,0.8095238095238095,0.9604416575790621,0.989298939704895,9,1.0
ogmm,179,Q019,1,M044611,0.0,0.9980992674827576,0.8571428571428571,0.9644083969465649,0.9399617314338684,9,0.0
ogmm,179,Q019,2,M033266,1.0,0.9973161220550537,0.8122448979591838,0.9554571065067247,0.9372539520263672,9,1.0
ogmm,179,Q019,3,M042895,1.0,0.9960495233535767,0.8476190476190476,0.9498479573861254,0.9350917339324951,6,1.0
ogmm,179,Q019,4,M041625,0.0,0.9937268495559692,0.7074829931972789,0.9266116517070716,0.9278890490531921,6,0.0
ogmm,179,Q019,5,M012182,0.0,0.9936379790306091,0.8408163265306123,0.9054738836227385,0.9225513339042664,3,0.0
ogmm,180,Q020,1,M048011,0.0,1.0,0.8408163265306123,1.0,1.0,9,0.0
ogmm,180,Q020,2,M069109,1.0,0.9990991950035095,0.9482993197278912,0.9806570338058888,0.9946237802505493,9,1.0
ogmm,180,Q020,3,M033563,0.0,0.9956273436546326,0.8476190476190476,0.9691772921734755,0.9896707534790039,9,0.0
ogmm,180,Q020,4,M061337,1.0,0.9985913038253784,0.7056032939491585,0.9560568884042165,0.9881690740585327,9,1.0
ogmm,180,Q020,5,M064735,1.0,0.9988635778427124,0.8469387755102041,0.943452380952381,0.9851812124252319,9,1.0
ogmm,181,Q001,1,M035956,1.0,1.0,1.0,1.0,1.0,10,1.0
ogmm,181,Q001,2,M028549,0.0,0.9981349110603333,0.7142857142857143,0.9807776193272376,0.9940752983093262,10,0.0
ogmm,181,Q001,3,M035537,1.0,0.9994309544563293,0.8571428571428571,0.9744138495092693,0.9932620525360107,10,1.0
ogmm,181,Q001,4,M032957,1.0,0.9983353018760681,0.8571428571428571,0.96197571512457,0.9894951581954956,10,1.0
ogmm,181,Q001,5,M028255,1.0,0.9990233778953552,0.7142857142857143,0.9601190476190476,0.9894437789916992,10,1.0
ogmm,182,Q002,1,M060927,1.0,1.0,1.0,1.0,1.0,10,1.0
ogmm,182,Q002,2,M080873,1.0,0.9988524913787842,1.0,0.9883996728462376,0.9964114427566528,10,1.0
ogmm,182,Q002,3,M069758,1.0,0.998687744140625,0.9965986394557823,0.9790757906215921,0.9939815998077393,10,1.0
ogmm,182,Q002,4,M085993,1.0,0.9992295503616333,0.819047619047619,0.9768947655398037,0.993761420249939,10,1.0
ogmm,182,Q002,5,M051698,1.0,0.9978924989700317,0.819047619047619,0.9700427117411851,0.991246223449707,1,1.0
ogmm,183,Q003,1,M079920,1.0,1.0,0.9714285714285714,1.0,1.0,10,1.0
ogmm,183,Q003,2,M072610,1.0,0.9990502595901489,0.7925170068027212,0.9859187568157034,0.9959099292755127,10,1.0
ogmm,183,Q003,3,M090781,0.0,0.999200701713562,0.7959183673469389,0.9743184296619412,0.9931000471115112,10,0.0
ogmm,183,Q003,4,M004476,0.0,0.998794674873352,0.8115646258503402,0.9730234460196293,0.9925327301025391,10,0.0
ogmm,183,Q003,5,M028717,0.0,0.9990425109863281,0.8061224489795918,0.9711423118865866,0.992211103439331,7,0.0
ogmm,184,Q004,1,M050078,0.0,1.0,0.8571428571428571,1.0,1.0,10,0.0
ogmm,184,Q004,2,M059745,0.0,0.9982020854949951,0.8503401360544218,0.9780219780219781,0.9934267997741699,10,0.0
ogmm,184,Q004,3,M059135,1.0,0.9978526830673218,0.8217687074829932,0.9417215418169617,0.9841419458389282,10,1.0
ogmm,184,Q004,4,M091738,0.0,0.9967393279075623,0.8312925170068028,0.9236400050331348,0.9789535999298096,10,0.0
ogmm,184,Q004,5,M077874,0.0,0.9964801073074341,0.8408163265306123,0.9029433352906635,0.9736239910125732,7,0.0
ogmm,185,Q005,1,M084721,1.0,0.9992156624794006,0.834013605442177,0.9945474372955289,0.9981663227081299,10,1.0
ogmm,185,Q005,2,M047189,1.0,0.9991359114646912,0.7108843537414966,0.9931570338058887,0.9977707862854004,10,1.0
ogmm,185,Q005,3,M054335,0.0,0.998910665512085,0.8312925170068028,0.9934569247546347,0.9977105855941772,10,0.0
ogmm,185,Q005,4,M095999,1.0,0.9986827373504639,0.7074829931972789,0.9858233369683751,0.9956655502319336,10,1.0
ogmm,185,Q005,5,M099079,1.0,0.9987858533859253,0.7074829931972789,0.9848282442748092,0.995478630065918,7,1.0
ogmm,186,Q006,1,M004727,1.0,1.0,0.9981203007518796,1.0,1.0,10,1.0
ogmm,186,Q006,2,M016297,1.0,0.9977824687957764,0.8171679197994987,0.9870092693565977,0.9954218864440918,10,1.0
ogmm,186,Q006,3,M014732,1.0,0.9978636503219604,0.7885964912280701,0.9806821994799094,0.9938887357711792,10,1.0
ogmm,186,Q006,4,M090795,1.0,0.998614490032196,0.7802721088435375,0.9785850599781897,0.9938149452209473,10,1.0
ogmm,186,Q006,5,M089503,1.0,0.9993441104888916,0.7885964912280701,0.9760087241003271,0.9936087131500244,10,1.0
ogmm,187,Q007,1,M029944,1.0,1.000000238418579,1.0,1.0,1.0000001192092896,10,1.0
ogmm,187,Q007,2,M030690,0.0,0.9987031817436218,0.8476190476190476,0.9678616866593964,0.991187334060669,10,0.0
ogmm,187,Q007,3,M041095,1.0,0.9984678626060486,0.8285714285714285,0.9506410256410256,0.9867409467697144,10,1.0
ogmm,187,Q007,4,M035734,0.0,0.9985516667366028,0.819047619047619,0.9494299275787824,0.9864885807037354,10,0.0
ogmm,187,Q007,5,M024621,0.0,0.997981607913971,0.9619047619047619,0.9505204401196767,0.9864190816879272,7,0.0
ogmm,188,Q008,1,M084575,0.0,1.0000001192092896,0.8571428571428571,1.0,1.0000001192092896,10,0.0
ogmm,188,Q008,2,M076048,1.0,0.9997464418411255,0.8518617973505191,0.9964285714285713,0.9989550113677979,10,1.0
ogmm,188,Q008,3,M065714,1.0,0.9995644688606262,0.707124955245256,0.994942748091603,0.9984743595123291,10,1.0
ogmm,188,Q008,4,M076797,1.0,0.9991171956062317,0.7090046544933762,0.9942475463467829,0.9980322122573853,10,1.0
ogmm,188,Q008,5,M063614,0.0,0.9990450143814087,0.8069638381668457,0.9942475463467829,0.9979889392852783,10,0.0
ogmm,189,Q009,1,M022445,1.0,0.9995251893997192,0.8122448979591838,0.9971237731733914,0.9989960193634033,10,1.0
ogmm,189,Q009,2,M053522,1.0,0.999415397644043,0.8435374149659864,0.9902808069792803,0.997219443321228,10,1.0
ogmm,189,Q009,3,M043070,1.0,0.998935341835022,0.8312925170068028,0.9899809160305343,0.9968564510345459,10,1.0
ogmm,189,Q009,4,M076903,1.0,0.9993971586227417,0.8054421768707484,0.9877044711014176,0.996564507484436,10,1.0
ogmm,189,Q009,5,M044106,1.0,0.9993612766265869,0.8054421768707484,0.9838331515812432,0.9955750703811646,7,1.0
ogmm,190,Q010,1,M056742,0.0,1.0,0.9962406015037594,1.0,1.0,10,0.0
ogmm,190,Q010,2,M022852,0.0,0.9990639686584473,0.8180093089867526,0.9924618320610687,0.9975539445877075,10,0.0
ogmm,190,Q010,3,M070100,0.0,0.9994654655456543,0.7870748299319728,0.9857142857142858,0.996107816696167,10,0.0
ogmm,190,Q010,4,M085336,1.0,0.9990699887275696,0.8171679197994987,0.9820474372955289,0.9949538707733154,10,1.0
ogmm,190,Q010,5,M007635,1.0,0.9992145299911499,0.8180093089867526,0.9765948745910578,0.9936774969100952,4,1.0
ogmm,191,Q011,1,M043191,1.0,1.0000001192092896,0.9714285714285714,1.0,1.0000001192092896,10,1.0
ogmm,191,Q011,2,M063474,1.0,1.0000001192092896,0.8285714285714285,1.0,1.0000001192092896,10,1.0
ogmm,191,Q011,3,M042506,0.0,1.0000001192092896,0.8025241675617615,1.0,1.0000001192092896,10,0.0
ogmm,191,Q011,4,M089762,1.0,0.999800980091095,0.7047619047619048,0.9964285714285713,0.9989877939224243,10,1.0
ogmm,191,Q011,5,M042804,1.0,0.999800980091095,0.8380952380952381,0.9964285714285713,0.9989877939224243,7,1.0
ogmm,192,Q012,1,M057809,0.0,1.0000001192092896,0.8571428571428571,1.0,1.0000001192092896,10,0.0
ogmm,192,Q012,2,M078223,1.0,0.9991438388824463,0.8306122448979593,0.9849236641221374,0.9957172870635986,10,1.0
ogmm,192,Q012,3,M081373,1.0,0.9991778135299683,0.8380952380952381,0.9841330425299891,0.9955400228500366,10,1.0
ogmm,192,Q012,4,M091742,0.0,0.9990804195404053,1.0,0.971633042529989,0.992356538772583,10,0.0
ogmm,192,Q012,5,M056558,0.0,0.998988151550293,0.7142857142857143,0.9705561613958561,0.9920319318771362,10,0.0
ogmm,193,Q013,1,M004656,0.0,1.0000001192092896,1.0,1.0,1.0000001192092896,10,0.0
ogmm,193,Q013,2,M000652,0.0,0.997107207775116,0.9904761904761905,0.9714537371025921,0.9911277294158936,10,0.0
ogmm,193,Q013,3,M000489,1.0,0.9978896975517273,0.8476190476190476,0.9266154964628248,0.9803876876831055,10,1.0
ogmm,193,Q013,4,M000224,1.0,0.9966926574707031,0.8380952380952381,0.9211835556301206,0.9783115386962891,10,1.0
ogmm,193,Q013,5,M000522,1.0,0.9957696199417114,0.8285714285714285,0.9303165981601096,0.9300410151481628,10,1.0
ogmm,194,Q014,1,M022194,1.0,0.997409462928772,0.7940386680988185,0.9362598915079829,0.9825106859207153,10,1.0
ogmm,194,Q014,2,M012192,0.0,0.996539831161499,0.8171679197994987,0.9520289824679138,0.9359312057495117,10,0.0
ogmm,194,Q014,3,M061545,1.0,0.9918105602264404,0.9749910490511995,0.9073067835472415,0.9219130277633667,10,1.0
ogmm,194,Q014,4,M034318,0.0,0.987061083316803,0.8253311851056212,0.9056325671783687,0.9186448454856873,10,0.0
ogmm,195,Q015,1,M051010,0.0,1.0,0.8503401360544218,1.0,1.0,10,0.0
ogmm,195,Q015,2,M075258,1.0,0.9991916418075562,0.8122448979591838,0.993552344601963,0.9979031085968018,10,1.0
ogmm,195,Q015,3,M063219,1.0,0.9991055727005005,0.8380952380952381,0.9931570338058887,0.9977525472640991,10,1.0
ogmm,195,Q015,4,M039788,1.0,0.998693585395813,0.7142857142857143,0.9931570338058887,0.9975054264068604,10,1.0
ogmm,195,Q015,5,M098760,1.0,0.9993159770965576,0.8285714285714285,0.9910714285714286,0.9973574876785278,7,1.0
ogmm,196,Q016,1,M026665,1.0,1.0,1.0,1.0,1.0,10,1.0
ogmm,196,Q016,2,M087806,0.0,0.9994206428527832,0.8571428571428571,0.9960332606324973,0.998660683631897,10,0.0
ogmm,196,Q016,3,M068757,1.0,0.9996577501296997,0.8122448979591838,0.9946428571428572,0.9984554052352905,10,1.0
ogmm,196,Q016,4,M070107,0.0,0.9994356632232666,0.8435374149659864,0.993552344601963,0.9980494976043701,10,0.0
ogmm,196,Q016,5,M089155,1.0,0.9997481107711792,0.8503401360544218,0.9910714285714286,0.9976167678833008,10,1.0
ogmm,197,Q017,1,M058435,1.0,1.000000238418579,0.9551020408163265,1.0,1.0000001192092896,10,1.0
ogmm,197,Q017,2,M035900,1.0,0.9987359642982483,0.8050841389187254,0.97025627044711,0.9918056726455688,10,1.0
ogmm,197,Q017,3,M044584,0.0,0.9985114336013794,0.8122448979591838,0.9606234096692111,0.9892627000808716,10,0.0
ogmm,197,Q017,4,M052454,0.0,0.9986316561698914,0.8408163265306123,0.9545098984984481,0.9878065586090088,10,0.0
ogmm,197,Q017,5,M059516,0.0,0.9993190765380859,0.8020408163265307,0.9459332969829154,0.9860748052597046,10,0.0
ogmm,198,Q018,1,M050950,1.0,1.0000001192092896,0.9619047619047619,1.0,1.0000001192092896,10,1.0
ogmm,198,Q018,2,M070554,1.0,0.999678373336792,0.819047619047619,0.9892857142857142,0.9971284866333008,10,1.0
ogmm,198,Q018,3,M047611,1.0,0.999678373336792,0.9714285714285714,0.9892857142857142,0.9971284866333008,10,1.0
ogmm,198,Q018,4,M100060,1.0,0.9984458684921265,0.7993197278911566,0.974618320610687,0.9927221536636353,10,1.0
ogmm,198,Q018,5,M052330,1.0,0.9986474514007568,0.8095238095238095,0.9604416575790621,0.989298939704895,10,1.0
ogmm,199,Q019,1,M044611,0.0,0.9980992674827576,0.8571428571428571,0.9644083969465649,0.9399617314338684,10,0.0
ogmm,199,Q019,2,M033266,1.0,0.9973161220550537,0.8122448979591838,0.9554571065067247,0.9372539520263672,10,1.0
ogmm,199,Q019,3,M042895,1.0,0.9960495233535767,0.8476190476190476,0.9498479573861254,0.9350917339324951,7,1.0
ogmm,199,Q019,4,M041625,0.0,0.9937268495559692,0.7074829931972789,0.9266116517070716,0.9278890490531921,7,0.0
ogmm,199,Q019,5,M012182,0.0,0.9936379790306091,0.8408163265306123,0.9054738836227385,0.9225513339042664,4,0.0
ogmm,200,Q020,1,M048011,0.0,1.0,0.8408163265306123,1.0,1.0,10,0.0
ogmm,200,Q020,2,M069109,1.0,0.9990991950035095,0.9482993197278912,0.9806570338058888,0.9946237802505493,10,1.0
ogmm,200,Q020,3,M033563,0.0,0.9956273436546326,0.8476190476190476,0.9691772921734755,0.9896707534790039,10,0.0
ogmm,200,Q020,4,M061337,1.0,0.9985913038253784,0.7056032939491585,0.9560568884042165,0.9881690740585327,10,1.0
ogmm,200,Q020,5,M064735,1.0,0.9988635778427124,0.8469387755102041,0.943452380952381,0.9851812124252319,10,1.0
ogmm,201,Q001,1,M035956,1.0,1.0,1.0,1.0,1.0,11,1.0
ogmm,201,Q001,2,M028549,0.0,0.9981349110603333,0.7142857142857143,0.9807776193272376,0.9940752983093262,11,0.0
ogmm,201,Q001,3,M035537,1.0,0.9994309544563293,0.8571428571428571,0.9744138495092693,0.9932620525360107,11,1.0
ogmm,201,Q001,4,M032957,1.0,0.9983353018760681,0.8571428571428571,0.96197571512457,0.9894951581954956,11,1.0
ogmm,201,Q001,5,M028255,1.0,0.9990233778953552,0.7142857142857143,0.9601190476190476,0.9894437789916992,11,1.0
ogmm,202,Q002,1,M060927,1.0,1.0,1.0,1.0,1.0,11,1.0
ogmm,202,Q002,2,M080873,1.0,0.9988524913787842,1.0,0.9883996728462376,0.9964114427566528,11,1.0
ogmm,202,Q002,3,M069758,1.0,0.998687744140625,0.9965986394557823,0.9790757906215921,0.9939815998077393,11,1.0
ogmm,202,Q002,4,M085993,1.0,0.9992295503616333,0.819047619047619,0.9768947655398037,0.993761420249939,11,1.0
ogmm,202,Q002,5,M051698,1.0,0.9978924989700317,0.819047619047619,0.9700427117411851,0.991246223449707,2,1.0
ogmm,203,Q003,1,M079920,1.0,1.0,0.9714285714285714,1.0,1.0,11,1.0
ogmm,203,Q003,2,M072610,1.0,0.9990502595901489,0.7925170068027212,0.9859187568157034,0.9959099292755127,11,1.0
ogmm,203,Q003,3,M090781,0.0,0.999200701713562,0.7959183673469389,0.9743184296619412,0.9931000471115112,11,0.0
ogmm,203,Q003,4,M004476,0.0,0.998794674873352,0.8115646258503402,0.9730234460196293,0.9925327301025391,11,0.0
ogmm,203,Q003,5,M028717,0.0,0.9990425109863281,0.8061224489795918,0.9711423118865866,0.992211103439331,8,0.0
ogmm,204,Q004,1,M050078,0.0,1.0,0.8571428571428571,1.0,1.0,11,0.0
ogmm,204,Q004,2,M059745,0.0,0.9982020854949951,0.8503401360544218,0.9780219780219781,0.9934267997741699,11,0.0
ogmm,204,Q004,3,M059135,1.0,0.9978526830673218,0.8217687074829932,0.9417215418169617,0.9841419458389282,11,1.0
ogmm,204,Q004,4,M091738,0.0,0.9967393279075623,0.8312925170068028,0.9236400050331348,0.9789535999298096,11,0.0
ogmm,204,Q004,5,M077874,0.0,0.9964801073074341,0.8408163265306123,0.9029433352906635,0.9736239910125732,8,0.0
ogmm,205,Q005,1,M084721,1.0,0.9992156624794006,0.834013605442177,0.9945474372955289,0.9981663227081299,11,1.0
ogmm,205,Q005,2,M047189,1.0,0.9991359114646912,0.7108843537414966,0.9931570338058887,0.9977707862854004,11,1.0
ogmm,205,Q005,3,M054335,0.0,0.998910665512085,0.8312925170068028,0.9934569247546347,0.9977105855941772,11,0.0
ogmm,205,Q005,4,M095999,1.0,0.9986827373504639,0.7074829931972789,0.9858233369683751,0.9956655502319336,11,1.0
ogmm,205,Q005,5,M099079,1.0,0.9987858533859253,0.7074829931972789,0.9848282442748092,0.995478630065918,8,1.0
ogmm,206,Q006,1,M004727,1.0,1.0,0.9981203007518796,1.0,1.0,11,1.0
ogmm,206,Q006,2,M016297,1.0,0.9977824687957764,0.8171679197994987,0.9870092693565977,0.9954218864440918,11,1.0
ogmm,206,Q006,3,M014732,1.0,0.9978636503219604,0.7885964912280701,0.9806821994799094,0.9938887357711792,11,1.0
ogmm,206,Q006,4,M090795,1.0,0.998614490032196,0.7802721088435375,0.9785850599781897,0.9938149452209473,11,1.0
ogmm,206,Q006,5,M089503,1.0,0.9993441104888916,0.7885964912280701,0.9760087241003271,0.9936087131500244,11,1.0
ogmm,207,Q007,1,M029944,1.0,1.000000238418579,1.0,1.0,1.0000001192092896,11,1.0
ogmm,207,Q007,2,M030690,0.0,0.9987031817436218,0.8476190476190476,0.9678616866593964,0.991187334060669,11,0.0
ogmm,207,Q007,3,M041095,1.0,0.9984678626060486,0.8285714285714285,0.9506410256410256,0.9867409467697144,11,1.0
ogmm,207,Q007,4,M035734,0.0,0.9985516667366028,0.819047619047619,0.9494299275787824,0.9864885807037354,11,0.0
ogmm,207,Q007,5,M024621,0.0,0.997981607913971,0.9619047619047619,0.9505204401196767,0.9864190816879272,8,0.0
ogmm,208,Q008,1,M084575,0.0,1.0000001192092896,0.8571428571428571,1.0,1.0000001192092896,11,0.0
ogmm,208,Q008,2,M076048,1.0,0.9997464418411255,0.8518617973505191,0.9964285714285713,0.9989550113677979,11,1.0
ogmm,208,Q008,3,M065714,1.0,0.9995644688606262,0.707124955245256,0.994942748091603,0.9984743595123291,11,1.0
ogmm,208,Q008,4,M076797,1.0,0.9991171956062317,0.7090046544933762,0.9942475463467829,0.9980322122573853,11,1.0
ogmm,208,Q008,5,M063614,0.0,0.9990450143814087,0.8069638381668457,0.9942475463467829,0.9979889392852783,11,0.0
ogmm,209,Q009,1,M022445,1.0,0.9995251893997192,0.8122448979591838,0.9971237731733914,0.9989960193634033,11,1.0
ogmm,209,Q009,2,M053522,1.0,0.999415397644043,0.8435374149659864,0.9902808069792803,0.997219443321228,11,1.0
ogmm,209,Q009,3,M043070,1.0,0.998935341835022,0.8312925170068028,0.9899809160305343,0.9968564510345459,11,1.0
ogmm,209,Q009,4,M076903,1.0,0.9993971586227417,0.8054421768707484,0.9877044711014176,0.996564507484436,11,1.0
ogmm,209,Q009,5,M044106,1.0,0.9993612766265869,0.8054421768707484,0.9838331515812432,0.9955750703811646,8,1.0
ogmm,210,Q010,1,M056742,0.0,1.0,0.9962406015037594,1.0,1.0,11,0.0
ogmm,210,Q010,2,M022852,0.0,0.9990639686584473,0.8180093089867526,0.9924618320610687,0.9975539445877075,11,0.0
ogmm,210,Q010,3,M070100,0.0,0.9994654655456543,0.7870748299319728,0.9857142857142858,0.996107816696167,11,0.0
ogmm,210,Q010,4,M085336,1.0,0.9990699887275696,0.8171679197994987,0.9820474372955289,0.9949538707733154,11,1.0
ogmm,210,Q010,5,M007635,1.0,0.9992145299911499,0.8180093089867526,0.9765948745910578,0.9936774969100952,5,1.0
ogmm,211,Q011,1,M043191,1.0,1.0000001192092896,0.9714285714285714,1.0,1.0000001192092896,11,1.0
ogmm,211,Q011,2,M063474,1.0,1.0000001192092896,0.8285714285714285,1.0,1.0000001192092896,11,1.0
ogmm,211,Q011,3,M042506,0.0,1.0000001192092896,0.8025241675617615,1.0,1.0000001192092896,11,0.0
ogmm,211,Q011,4,M089762,1.0,0.999800980091095,0.7047619047619048,0.9964285714285713,0.9989877939224243,11,1.0
ogmm,211,Q011,5,M042804,1.0,0.999800980091095,0.8380952380952381,0.9964285714285713,0.9989877939224243,8,1.0
ogmm,212,Q012,1,M057809,0.0,1.0000001192092896,0.8571428571428571,1.0,1.0000001192092896,11,0.0
ogmm,212,Q012,2,M078223,1.0,0.9991438388824463,0.8306122448979593,0.9849236641221374,0.9957172870635986,11,1.0
ogmm,212,Q012,3,M081373,1.0,0.9991778135299683,0.8380952380952381,0.9841330425299891,0.9955400228500366,11,1.0
ogmm,212,Q012,4,M091742,0.0,0.9990804195404053,1.0,0.971633042529989,0.992356538772583,11,0.0
ogmm,212,Q012,5,M056558,0.0,0.998988151550293,0.7142857142857143,0.9705561613958561,0.9920319318771362,11,0.0
ogmm,213,Q013,1,M004656,0.0,1.0000001192092896,1.0,1.0,1.0000001192092896,11,0.0
ogmm,213,Q013,2,M000652,0.0,0.997107207775116,0.9904761904761905,0.9714537371025921,0.9911277294158936,11,0.0
ogmm,213,Q013,3,M000489,1.0,0.9978896975517273,0.8476190476190476,0.9266154964628248,0.9803876876831055,11,1.0
ogmm,213,Q013,4,M000224,1.0,0.9966926574707031,0.8380952380952381,0.9211835556301206,0.9783115386962891,11,1.0
ogmm,213,Q013,5,M000522,1.0,0.9957696199417114,0.8285714285714285,0.9303165981601096,0.9300410151481628,11,1.0
ogmm,214,Q014,1,M022194,1.0,0.997409462928772,0.7940386680988185,0.9362598915079829,0.9825106859207153,11,1.0
ogmm,214,Q014,2,M012192,0.0,0.996539831161499,0.8171679197994987,0.9520289824679138,0.9359312057495117,11,0.0
ogmm,214,Q014,3,M061545,1.0,0.9918105602264404,0.9749910490511995,0.9073067835472415,0.9219130277633667,11,1.0
ogmm,214,Q014,4,M034318,0.0,0.987061083316803,0.8253311851056212,0.9056325671783687,0.9186448454856873,11,0.0
ogmm,215,Q015,1,M051010,0.0,1.0,0.8503401360544218,1.0,1.0,11,0.0
ogmm,215,Q015,2,M075258,1.0,0.9991916418075562,0.8122448979591838,0.993552344601963,0.9979031085968018,11,1.0
ogmm,215,Q015,3,M063219,1.0,0.9991055727005005,0.8380952380952381,0.9931570338058887,0.9977525472640991,11,1.0
ogmm,215,Q015,4,M039788,1.0,0.998693585395813,0.7142857142857143,0.9931570338058887,0.9975054264068604,11,1.0
ogmm,215,Q015,5,M098760,1.0,0.9993159770965576,0.8285714285714285,0.9910714285714286,0.9973574876785278,8,1.0
ogmm,216,Q016,1,M026665,1.0,1.0,1.0,1.0,1.0,11,1.0
ogmm,216,Q016,2,M087806,0.0,0.9994206428527832,0.8571428571428571,0.9960332606324973,0.998660683631897,11,0.0
ogmm,216,Q016,3,M068757,1.0,0.9996577501296997,0.8122448979591838,0.9946428571428572,0.9984554052352905,11,1.0
ogmm,216,Q016,4,M070107,0.0,0.9994356632232666,0.8435374149659864,0.993552344601963,0.9980494976043701,11,0.0
ogmm,216,Q016,5,M089155,1.0,0.9997481107711792,0.8503401360544218,0.9910714285714286,0.9976167678833008,11,1.0
ogmm,217,Q017,1,M058435,1.0,1.000000238418579,0.9551020408163265,1.0,1.0000001192092896,11,1.0
ogmm,217,Q017,2,M035900,1.0,0.9987359642982483,0.8050841389187254,0.97025627044711,0.9918056726455688,11,1.0
ogmm,217,Q017,3,M044584,0.0,0.9985114336013794,0.8122448979591838,0.9606234096692111,0.9892627000808716,11,0.0
ogmm,217,Q017,4,M052454,0.0,0.9986316561698914,0.8408163265306123,0.9545098984984481,0.9878065586090088,11,0.0
ogmm,217,Q017,5,M059516,0.0,0.9993190765380859,0.8020408163265307,0.9459332969829154,0.9860748052597046,11,0.0
ogmm,218,Q018,1,M050950,1.0,1.0000001192092896,0.9619047619047619,1.0,1.0000001192092896,11,1.0
ogmm,218,Q018,2,M070554,1.0,0.999678373336792,0.819047619047619,0.9892857142857142,0.9971284866333008,11,1.0
ogmm,218,Q018,3,M047611,1.0,0.999678373336792,0.9714285714285714,0.9892857142857142,0.9971284866333008,11,1.0
ogmm,218,Q018,4,M100060,1.0,0.9984458684921265,0.7993197278911566,0.974618320610687,0.9927221536636353,11,1.0
ogmm,218,Q018,5,M052330,1.0,0.9986474514007568,0.8095238095238095,0.9604416575790621,0.989298939704895,11,1.0
ogmm,219,Q019,1,M044611,0.0,0.9980992674827576,0.8571428571428571,0.9644083969465649,0.9399617314338684,11,0.0
ogmm,219,Q019,2,M033266,1.0,0.9973161220550537,0.8122448979591838,0.9554571065067247,0.9372539520263672,11,1.0
ogmm,219,Q019,3,M042895,1.0,0.9960495233535767,0.8476190476190476,0.9498479573861254,0.9350917339324951,8,1.0
ogmm,219,Q019,4,M041625,0.0,0.9937268495559692,0.7074829931972789,0.9266116517070716,0.9278890490531921,8,0.0
ogmm,219,Q019,5,M012182,0.0,0.9936379790306091,0.8408163265306123,0.9054738836227385,0.9225513339042664,5,0.0
ogmm,220,Q020,1,M048011,0.0,1.0,0.8408163265306123,1.0,1.0,11,0.0
ogmm,220,Q020,2,M069109,1.0,0.9990991950035095,0.9482993197278912,0.9806570338058888,0.9946237802505493,11,1.0
ogmm,220,Q020,3,M033563,0.0,0.9956273436546326,0.8476190476190476,0.9691772921734755,0.9896707534790039,11,0.0
ogmm,220,Q020,4,M061337,1.0,0.9985913038253784,0.7056032939491585,0.9560568884042165,0.9881690740585327,11,1.0
ogmm,220,Q020,5,M064735,1.0,0.9988635778427124,0.8469387755102041,0.943452380952381,0.9851812124252319,11,1.0
ogmm,221,Q001,1,M035956,1.0,1.0,1.0,1.0,1.0,12,1.0
ogmm,221,Q001,2,M028549,0.0,0.9981349110603333,0.7142857142857143,0.9807776193272376,0.9940752983093262,12,0.0
ogmm,221,Q001,3,M035537,1.0,0.9994309544563293,0.8571428571428571,0.9744138495092693,0.9932620525360107,12,1.0
ogmm,221,Q001,4,M032957,1.0,0.9983353018760681,0.8571428571428571,0.96197571512457,0.9894951581954956,12,1.0
ogmm,221,Q001,5,M028255,1.0,0.9990233778953552,0.7142857142857143,0.9601190476190476,0.9894437789916992,12,1.0
ogmm,222,Q002,1,M060927,1.0,1.0,1.0,1.0,1.0,12,1.0
ogmm,222,Q002,2,M080873,1.0,0.9988524913787842,1.0,0.9883996728462376,0.9964114427566528,12,1.0
ogmm,222,Q002,3,M069758,1.0,0.998687744140625,0.9965986394557823,0.9790757906215921,0.9939815998077393,12,1.0
ogmm,222,Q002,4,M085993,1.0,0.9992295503616333,0.819047619047619,0.9768947655398037,0.993761420249939,12,1.0
ogmm,222,Q002,5,M051698,1.0,0.9978924989700317,0.819047619047619,0.9700427117411851,0.991246223449707,3,1.0
ogmm,223,Q003,1,M079920,1.0,1.0,0.9714285714285714,1.0,1.0,12,1.0
ogmm,223,Q003,2,M072610,1.0,0.9990502595901489,0.7925170068027212,0.9859187568157034,0.9959099292755127,12,1.0
ogmm,223,Q003,3,M090781,0.0,0.999200701713562,0.7959183673469389,0.9743184296619412,0.9931000471115112,12,0.0
ogmm,223,Q003,4,M004476,0.0,0.998794674873352,0.8115646258503402,0.9730234460196293,0.9925327301025391,12,0.0
ogmm,223,Q003,5,M028717,0.0,0.9990425109863281,0.8061224489795918,0.9711423118865866,0.992211103439331,9,0.0
ogmm,224,Q004,1,M050078,0.0,1.0,0.8571428571428571,1.0,1.0,12,0.0
ogmm,224,Q004,2,M059745,0.0,0.9982020854949951,0.8503401360544218,0.9780219780219781,0.9934267997741699,12,0.0
ogmm,224,Q004,3,M059135,1.0,0.9978526830673218,0.8217687074829932,0.9417215418169617,0.9841419458389282,12,1.0
ogmm,224,Q004,4,M091738,0.0,0.9967393279075623,0.8312925170068028,0.9236400050331348,0.9789535999298096,12,0.0
ogmm,224,Q004,5,M077874,0.0,0.9964801073074341,0.8408163265306123,0.9029433352906635,0.9736239910125732,9,0.0
ogmm,225,Q005,1,M084721,1.0,0.9992156624794006,0.834013605442177,0.9945474372955289,0.9981663227081299,12,1.0
ogmm,225,Q005,2,M047189,1.0,0.9991359114646912,0.7108843537414966,0.9931570338058887,0.9977707862854004,12,1.0
ogmm,225,Q005,3,M054335,0.0,0.998910665512085,0.8312925170068028,0.9934569247546347,0.9977105855941772,12,0.0
ogmm,225,Q005,4,M095999,1.0,0.9986827373504639,0.7074829931972789,0.9858233369683751,0.9956655502319336,12,1.0
ogmm,225,Q005,5,M099079,1.0,0.9987858533859253,0.7074829931972789,0.9848282442748092,0.995478630065918,9,1.0
ogmm,226,Q006,1,M004727,1.0,1.0,0.9981203007518796,1.0,1.0,12,1.0
ogmm,226,Q006,2,M016297,1.0,0.9977824687957764,0.8171679197994987,0.9870092693565977,0.9954218864440918,12,1.0
ogmm,226,Q006,3,M014732,1.0,0.9978636503219604,0.7885964912280701,0.9806821994799094,0.9938887357711792,12,1.0
ogmm,226,Q006,4,M090795,1.0,0.998614490032196,0.7802721088435375,0.9785850599781897,0.9938149452209473,12,1.0
ogmm,226,Q006,5,M089503,1.0,0.9993441104888916,0.7885964912280701,0.9760087241003271,0.9936087131500244,12,1.0
ogmm,227,Q007,1,M029944,1.0,1.000000238418579,1.0,1.0,1.0000001192092896,12,1.0
ogmm,227,Q007,2,M030690,0.0,0.9987031817436218,0.8476190476190476,0.9678616866593964,0.991187334060669,12,0.0
ogmm,227,Q007,3,M041095,1.0,0.9984678626060486,0.8285714285714285,0.9506410256410256,0.9867409467697144,12,1.0
ogmm,227,Q007,4,M035734,0.0,0.9985516667366028,0.819047619047619,0.9494299275787824,0.9864885807037354,12,0.0
ogmm,227,Q007,5,M024621,0.0,0.997981607913971,0.9619047619047619,0.9505204401196767,0.9864190816879272,9,0.0
ogmm,228,Q008,1,M084575,0.0,1.0000001192092896,0.8571428571428571,1.0,1.0000001192092896,12,0.0
ogmm,228,Q008,2,M076048,1.0,0.9997464418411255,0.8518617973505191,0.9964285714285713,0.9989550113677979,12,1.0
ogmm,228,Q008,3,M065714,1.0,0.9995644688606262,0.707124955245256,0.994942748091603,0.9984743595123291,12,1.0
ogmm,228,Q008,4,M076797,1.0,0.9991171956062317,0.7090046544933762,0.9942475463467829,0.9980322122573853,12,1.0
ogmm,228,Q008,5,M063614,0.0,0.9990450143814087,0.8069638381668457,0.9942475463467829,0.9979889392852783,12,0.0
ogmm,229,Q009,1,M022445,1.0,0.9995251893997192,0.8122448979591838,0.9971237731733914,0.9989960193634033,12,1.0
ogmm,229,Q009,2,M053522,1.0,0.999415397644043,0.8435374149659864,0.9902808069792803,0.997219443321228,12,1.0
ogmm,229,Q009,3,M043070,1.0,0.998935341835022,0.8312925170068028,0.9899809160305343,0.9968564510345459,12,1.0
ogmm,229,Q009,4,M076903,1.0,0.9993971586227417,0.8054421768707484,0.9877044711014176,0.996564507484436,12,1.0
ogmm,229,Q009,5,M044106,1.0,0.9993612766265869,0.8054421768707484,0.9838331515812432,0.9955750703811646,9,1.0
ogmm,230,Q010,1,M056742,0.0,1.0,0.9962406015037594,1.0,1.0,12,0.0
ogmm,230,Q010,2,M022852,0.0,0.9990639686584473,0.8180093089867526,0.9924618320610687,0.9975539445877075,12,0.0
ogmm,230,Q010,3,M070100,0.0,0.9994654655456543,0.7870748299319728,0.9857142857142858,0.996107816696167,12,0.0
ogmm,230,Q010,4,M085336,1.0,0.9990699887275696,0.8171679197994987,0.9820474372955289,0.9949538707733154,12,1.0
ogmm,230,Q010,5,M007635,1.0,0.9992145299911499,0.8180093089867526,0.9765948745910578,0.9936774969100952,6,1.0
ogmm,231,Q011,1,M043191,1.0,1.0000001192092896,0.9714285714285714,1.0,1.0000001192092896,12,1.0
ogmm,231,Q011,2,M063474,1.0,1.0000001192092896,0.8285714285714285,1.0,1.0000001192092896,12,1.0
ogmm,231,Q011,3,M042506,0.0,1.0000001192092896,0.8025241675617615,1.0,1.0000001192092896,12,0.0
ogmm,231,Q011,4,M089762,1.0,0.999800980091095,0.7047619047619048,0.9964285714285713,0.9989877939224243,12,1.0
ogmm,231,Q011,5,M042804,1.0,0.999800980091095,0.8380952380952381,0.9964285714285713,0.9989877939224243,9,1.0
ogmm,232,Q012,1,M057809,0.0,1.0000001192092896,0.8571428571428571,1.0,1.0000001192092896,12,0.0
ogmm,232,Q012,2,M078223,1.0,0.9991438388824463,0.8306122448979593,0.9849236641221374,0.9957172870635986,12,1.0
ogmm,232,Q012,3,M081373,1.0,0.9991778135299683,0.8380952380952381,0.9841330425299891,0.9955400228500366,12,1.0
ogmm,232,Q012,4,M091742,0.0,0.9990804195404053,1.0,0.971633042529989,0.992356538772583,12,0.0
ogmm,232,Q012,5,M056558,0.0,0.998988151550293,0.7142857142857143,0.9705561613958561,0.9920319318771362,12,0.0
ogmm,233,Q013,1,M004656,0.0,1.0000001192092896,1.0,1.0,1.0000001192092896,12,0.0
ogmm,233,Q013,2,M000652,0.0,0.997107207775116,0.9904761904761905,0.9714537371025921,0.9911277294158936,12,0.0
ogmm,233,Q013,3,M000489,1.0,0.9978896975517273,0.8476190476190476,0.9266154964628248,0.9803876876831055,12,1.0
ogmm,233,Q013,4,M000224,1.0,0.9966926574707031,0.8380952380952381,0.9211835556301206,0.9783115386962891,12,1.0
ogmm,233,Q013,5,M000522,1.0,0.9957696199417114,0.8285714285714285,0.9303165981601096,0.9300410151481628,12,1.0
ogmm,234,Q014,1,M022194,1.0,0.997409462928772,0.7940386680988185,0.9362598915079829,0.9825106859207153,12,1.0
ogmm,234,Q014,2,M012192,0.0,0.996539831161499,0.8171679197994987,0.9520289824679138,0.9359312057495117,12,0.0
ogmm,234,Q014,3,M061545,1.0,0.9918105602264404,0.9749910490511995,0.9073067835472415,0.9219130277633667,12,1.0
ogmm,234,Q014,4,M034318,0.0,0.987061083316803,0.8253311851056212,0.9056325671783687,0.9186448454856873,12,0.0
ogmm,235,Q015,1,M051010,0.0,1.0,0.8503401360544218,1.0,1.0,12,0.0
ogmm,235,Q015,2,M075258,1.0,0.9991916418075562,0.8122448979591838,0.993552344601963,0.9979031085968018,12,1.0
ogmm,235,Q015,3,M063219,1.0,0.9991055727005005,0.8380952380952381,0.9931570338058887,0.9977525472640991,12,1.0
ogmm,235,Q015,4,M039788,1.0,0.998693585395813,0.7142857142857143,0.9931570338058887,0.9975054264068604,12,1.0
ogmm,235,Q015,5,M098760,1.0,0.9993159770965576,0.8285714285714285,0.9910714285714286,0.9973574876785278,9,1.0
ogmm,236,Q016,1,M026665,1.0,1.0,1.0,1.0,1.0,12,1.0
ogmm,236,Q016,2,M087806,0.0,0.9994206428527832,0.8571428571428571,0.9960332606324973,0.998660683631897,12,0.0
ogmm,236,Q016,3,M068757,1.0,0.9996577501296997,0.8122448979591838,0.9946428571428572,0.9984554052352905,12,1.0
ogmm,236,Q016,4,M070107,0.0,0.9994356632232666,0.8435374149659864,0.993552344601963,0.9980494976043701,12,0.0
ogmm,236,Q016,5,M089155,1.0,0.9997481107711792,0.8503401360544218,0.9910714285714286,0.9976167678833008,12,1.0
ogmm,237,Q017,1,M058435,1.0,1.000000238418579,0.9551020408163265,1.0,1.0000001192092896,12,1.0
ogmm,237,Q017,2,M035900,1.0,0.9987359642982483,0.8050841389187254,0.97025627044711,0.9918056726455688,12,1.0
ogmm,237,Q017,3,M044584,0.0,0.9985114336013794,0.8122448979591838,0.9606234096692111,0.9892627000808716,12,0.0
ogmm,237,Q017,4,M052454,0.0,0.9986316561698914,0.8408163265306123,0.9545098984984481,0.9878065586090088,12,0.0
ogmm,237,Q017,5,M059516,0.0,0.9993190765380859,0.8020408163265307,0.9459332969829154,0.9860748052597046,12,0.0
ogmm,238,Q018,1,M050950,1.0,1.0000001192092896,0.9619047619047619,1.0,1.0000001192092896,12,1.0
ogmm,238,Q018,2,M070554,1.0,0.999678373336792,0.819047619047619,0.9892857142857142,0.9971284866333008,12,1.0
ogmm,238,Q018,3,M047611,1.0,0.999678373336792,0.9714285714285714,0.9892857142857142,0.9971284866333008,12,1.0
ogmm,238,Q018,4,M100060,1.0,0.9984458684921265,0.7993197278911566,0.974618320610687,0.9927221536636353,12,1.0
ogmm,238,Q018,5,M052330,1.0,0.9986474514007568,0.8095238095238095,0.9604416575790621,0.989298939704895,12,1.0
ogmm,239,Q019,1,M044611,0.0,0.9980992674827576,0.8571428571428571,0.9644083969465649,0.9399617314338684,12,0.0
ogmm,239,Q019,2,M033266,1.0,0.9973161220550537,0.8122448979591838,0.9554571065067247,0.9372539520263672,12,1.0
ogmm,239,Q019,3,M042895,1.0,0.9960495233535767,0.8476190476190476,0.9498479573861254,0.9350917339324951,9,1.0
ogmm,239,Q019,4,M041625,0.0,0.9937268495559692,0.7074829931972789,0.9266116517070716,0.9278890490531921,9,0.0
ogmm,239,Q019,5,M012182,0.0,0.9936379790306091,0.8408163265306123,0.9054738836227385,0.9225513339042664,6,0.0
ogmm,240,Q020,1,M048011,0.0,1.0,0.8408163265306123,1.0,1.0,12,0.0
ogmm,240,Q020,2,M069109,1.0,0.9990991950035095,0.9482993197278912,0.9806570338058888,0.9946237802505493,12,1.0
ogmm,240,Q020,3,M033563,0.0,0.9956273436546326,0.8476190476190476,0.9691772921734755,0.9896707534790039,12,0.0
ogmm,240,Q020,4,M061337,1.0,0.9985913038253784,0.7056032939491585,0.9560568884042165,0.9881690740585327,12,1.0
ogmm,240,Q020,5,M064735,1.0,0.9988635778427124,0.8469387755102041,0.943452380952381,0.9851812124252319,12,1.0
ogmm,241,Q001,1,M035956,1.0,1.0,1.0,1.0,1.0,13,1.0
ogmm,241,Q001,2,M028549,0.0,0.9981349110603333,0.7142857142857143,0.9807776193272376,0.9940752983093262,13,0.0
ogmm,241,Q001,3,M035537,1.0,0.9994309544563293,0.8571428571428571,0.9744138495092693,0.9932620525360107,13,1.0
ogmm,241,Q001,4,M032957,1.0,0.9983353018760681,0.8571428571428571,0.96197571512457,0.9894951581954956,13,1.0
ogmm,241,Q001,5,M028255,1.0,0.9990233778953552,0.7142857142857143,0.9601190476190476,0.9894437789916992,13,1.0
ogmm,242,Q002,1,M060927,1.0,1.0,1.0,1.0,1.0,13,1.0
ogmm,242,Q002,2,M080873,1.0,0.9988524913787842,1.0,0.9883996728462376,0.9964114427566528,13,1.0
ogmm,242,Q002,3,M069758,1.0,0.998687744140625,0.9965986394557823,0.9790757906215921,0.9939815998077393,13,1.0
ogmm,242,Q002,4,M085993,1.0,0.9992295503616333,0.819047619047619,0.9768947655398037,0.993761420249939,13,1.0
ogmm,242,Q002,5,M051698,1.0,0.9978924989700317,0.819047619047619,0.9700427117411851,0.991246223449707,4,1.0
ogmm,243,Q003,1,M079920,1.0,1.0,0.9714285714285714,1.0,1.0,13,1.0
ogmm,243,Q003,2,M072610,1.0,0.9990502595901489,0.7925170068027212,0.9859187568157034,0.9959099292755127,13,1.0
ogmm,243,Q003,3,M090781,0.0,0.999200701713562,0.7959183673469389,0.9743184296619412,0.9931000471115112,13,0.0
ogmm,243,Q003,4,M004476,0.0,0.998794674873352,0.8115646258503402,0.9730234460196293,0.9925327301025391,13,0.0
ogmm,243,Q003,5,M028717,0.0,0.9990425109863281,0.8061224489795918,0.9711423118865866,0.992211103439331,10,0.0
ogmm,244,Q004,1,M050078,0.0,1.0,0.8571428571428571,1.0,1.0,13,0.0
ogmm,244,Q004,2,M059745,0.0,0.9982020854949951,0.8503401360544218,0.9780219780219781,0.9934267997741699,13,0.0
ogmm,244,Q004,3,M059135,1.0,0.9978526830673218,0.8217687074829932,0.9417215418169617,0.9841419458389282,13,1.0
ogmm,244,Q004,4,M091738,0.0,0.9967393279075623,0.8312925170068028,0.9236400050331348,0.9789535999298096,13,0.0
ogmm,244,Q004,5,M077874,0.0,0.9964801073074341,0.8408163265306123,0.9029433352906635,0.9736239910125732,10,0.0
ogmm,245,Q005,1,M084721,1.0,0.9992156624794006,0.834013605442177,0.9945474372955289,0.9981663227081299,13,1.0
ogmm,245,Q005,2,M047189,1.0,0.9991359114646912,0.7108843537414966,0.9931570338058887,0.9977707862854004,13,1.0
ogmm,245,Q005,3,M054335,0.0,0.998910665512085,0.8312925170068028,0.9934569247546347,0.9977105855941772,13,0.0
ogmm,245,Q005,4,M095999,1.0,0.9986827373504639,0.7074829931972789,0.9858233369683751,0.9956655502319336,13,1.0
ogmm,245,Q005,5,M099079,1.0,0.9987858533859253,0.7074829931972789,0.9848282442748092,0.995478630065918,10,1.0
ogmm,246,Q006,1,M004727,1.0,1.0,0.9981203007518796,1.0,1.0,13,1.0
ogmm,246,Q006,2,M016297,1.0,0.9977824687957764,0.8171679197994987,0.9870092693565977,0.9954218864440918,13,1.0
ogmm,246,Q006,3,M014732,1.0,0.9978636503219604,0.7885964912280701,0.9806821994799094,0.9938887357711792,13,1.0
ogmm,246,Q006,4,M090795,1.0,0.998614490032196,0.7802721088435375,0.9785850599781897,0.9938149452209473,13,1.0
ogmm,246,Q006,5,M089503,1.0,0.9993441104888916,0.7885964912280701,0.9760087241003271,0.9936087131500244,13,1.0
ogmm,247,Q007,1,M029944,1.0,1.000000238418579,1.0,1.0,1.0000001192092896,13,1.0
ogmm,247,Q007,2,M030690,0.0,0.9987031817436218,0.8476190476190476,0.9678616866593964,0.991187334060669,13,0.0
ogmm,247,Q007,3,M041095,1.0,0.9984678626060486,0.8285714285714285,0.9506410256410256,0.9867409467697144,13,1.0
ogmm,247,Q007,4,M035734,0.0,0.9985516667366028,0.819047619047619,0.9494299275787824,0.9864885807037354,13,0.0
ogmm,247,Q007,5,M024621,0.0,0.997981607913971,0.9619047619047619,0.9505204401196767,0.9864190816879272,10,0.0
ogmm,248,Q008,1,M084575,0.0,1.0000001192092896,0.8571428571428571,1.0,1.0000001192092896,13,0.0
ogmm,248,Q008,2,M076048,1.0,0.9997464418411255,0.8518617973505191,0.9964285714285713,0.9989550113677979,13,1.0
ogmm,248,Q008,3,M065714,1.0,0.9995644688606262,0.707124955245256,0.994942748091603,0.9984743595123291,13,1.0
ogmm,248,Q008,4,M076797,1.0,0.9991171956062317,0.7090046544933762,0.9942475463467829,0.9980322122573853,13,1.0
ogmm,248,Q008,5,M063614,0.0,0.9990450143814087,0.8069638381668457,0.9942475463467829,0.9979889392852783,13,0.0
ogmm,249,Q009,1,M022445,1.0,0.9995251893997192,0.8122448979591838,0.9971237731733914,0.9989960193634033,13,1.0
ogmm,249,Q009,2,M053522,1.0,0.999415397644043,0.8435374149659864,0.9902808069792803,0.997219443321228,13,1.0
ogmm,249,Q009,3,M043070,1.0,0.998935341835022,0.8312925170068028,0.9899809160305343,0.9968564510345459,13,1.0
ogmm,249,Q009,4,M076903,1.0,0.9993971586227417,0.8054421768707484,0.9877044711014176,0.996564507484436,13,1.0
ogmm,249,Q009,5,M044106,1.0,0.9993612766265869,0.8054421768707484,0.9838331515812432,0.9955750703811646,10,1.0
ogmm,250,Q010,1,M056742,0.0,1.0,0.9962406015037594,1.0,1.0,13,0.0
ogmm,250,Q010,2,M022852,0.0,0.9990639686584473,0.8180093089867526,0.9924618320610687,0.9975539445877075,13,0.0
ogmm,250,Q010,3,M070100,0.0,0.9994654655456543,0.7870748299319728,0.9857142857142858,0.996107816696167,13,0.0
ogmm,250,Q010,4,M085336,1.0,0.9990699887275696,0.8171679197994987,0.9820474372955289,0.9949538707733154,13,1.0
ogmm,250,Q010,5,M007635,1.0,0.9992145299911499,0.8180093089867526,0.9765948745910578,0.9936774969100952,7,1.0
ogmm,251,Q011,1,M043191,1.0,1.0000001192092896,0.9714285714285714,1.0,1.0000001192092896,13,1.0
ogmm,251,Q011,2,M063474,1.0,1.0000001192092896,0.8285714285714285,1.0,1.0000001192092896,13,1.0
ogmm,251,Q011,3,M042506,0.0,1.0000001192092896,0.8025241675617615,1.0,1.0000001192092896,13,0.0
ogmm,251,Q011,4,M089762,1.0,0.999800980091095,0.7047619047619048,0.9964285714285713,0.9989877939224243,13,1.0
ogmm,251,Q011,5,M042804,1.0,0.999800980091095,0.8380952380952381,0.9964285714285713,0.9989877939224243,10,1.0
ogmm,252,Q012,1,M057809,0.0,1.0000001192092896,0.8571428571428571,1.0,1.0000001192092896,13,0.0
ogmm,252,Q012,2,M078223,1.0,0.9991438388824463,0.8306122448979593,0.9849236641221374,0.9957172870635986,13,1.0
ogmm,252,Q012,3,M081373,1.0,0.9991778135299683,0.8380952380952381,0.9841330425299891,0.9955400228500366,13,1.0
ogmm,252,Q012,4,M091742,0.0,0.9990804195404053,1.0,0.971633042529989,0.992356538772583,13,0.0
ogmm,252,Q012,5,M056558,0.0,0.998988151550293,0.7142857142857143,0.9705561613958561,0.9920319318771362,13,0.0
ogmm,253,Q013,1,M004656,0.0,1.0000001192092896,1.0,1.0,1.0000001192092896,13,0.0
ogmm,253,Q013,2,M000652,0.0,0.997107207775116,0.9904761904761905,0.9714537371025921,0.9911277294158936,13,0.0
ogmm,253,Q013,3,M000489,1.0,0.9978896975517273,0.8476190476190476,0.9266154964628248,0.9803876876831055,13,1.0
ogmm,253,Q013,4,M000224,1.0,0.9966926574707031,0.8380952380952381,0.9211835556301206,0.9783115386962891,13,1.0
ogmm,253,Q013,5,M000522,1.0,0.9957696199417114,0.8285714285714285,0.9303165981601096,0.9300410151481628,13,1.0
ogmm,254,Q014,1,M022194,1.0,0.997409462928772,0.7940386680988185,0.9362598915079829,0.9825106859207153,13,1.0
ogmm,254,Q014,2,M012192,0.0,0.996539831161499,0.8171679197994987,0.9520289824679138,0.9359312057495117,13,0.0
ogmm,254,Q014,3,M061545,1.0,0.9918105602264404,0.9749910490511995,0.9073067835472415,0.9219130277633667,13,1.0
ogmm,254,Q014,4,M034318,0.0,0.987061083316803,0.8253311851056212,0.9056325671783687,0.9186448454856873,13,0.0
ogmm,255,Q015,1,M051010,0.0,1.0,0.8503401360544218,1.0,1.0,13,0.0
ogmm,255,Q015,2,M075258,1.0,0.9991916418075562,0.8122448979591838,0.993552344601963,0.9979031085968018,13,1.0
ogmm,255,Q015,3,M063219,1.0,0.9991055727005005,0.8380952380952381,0.9931570338058887,0.9977525472640991,13,1.0
ogmm,255,Q015,4,M039788,1.0,0.998693585395813,0.7142857142857143,0.9931570338058887,0.9975054264068604,13,1.0
ogmm,255,Q015,5,M098760,1.0,0.9993159770965576,0.8285714285714285,0.9910714285714286,0.9973574876785278,10,1.0
ogmm,256,Q016,1,M026665,1.0,1.0,1.0,1.0,1.0,13,1.0
ogmm,256,Q016,2,M087806,0.0,0.9994206428527832,0.8571428571428571,0.9960332606324973,0.998660683631897,13,0.0
ogmm,256,Q016,3,M068757,1.0,0.9996577501296997,0.8122448979591838,0.9946428571428572,0.9984554052352905,13,1.0
ogmm,256,Q016,4,M070107,0.0,0.9994356632232666,0.8435374149659864,0.993552344601963,0.9980494976043701,13,0.0
ogmm,256,Q016,5,M089155,1.0,0.9997481107711792,0.8503401360544218,0.9910714285714286,0.9976167678833008,13,1.0
ogmm,257,Q017,1,M058435,1.0,1.000000238418579,0.9551020408163265,1.0,1.0000001192092896,13,1.0
ogmm,257,Q017,2,M035900,1.0,0.9987359642982483,0.8050841389187254,0.97025627044711,0.9918056726455688,13,1.0
ogmm,257,Q017,3,M044584,0.0,0.9985114336013794,0.8122448979591838,0.9606234096692111,0.9892627000808716,13,0.0
ogmm,257,Q017,4,M052454,0.0,0.9986316561698914,0.8408163265306123,0.9545098984984481,0.9878065586090088,13,0.0
ogmm,257,Q017,5,M059516,0.0,0.9993190765380859,0.8020408163265307,0.9459332969829154,0.9860748052597046,13,0.0
ogmm,258,Q018,1,M050950,1.0,1.0000001192092896,0.9619047619047619,1.0,1.0000001192092896,13,1.0
ogmm,258,Q018,2,M070554,1.0,0.999678373336792,0.819047619047619,0.9892857142857142,0.9971284866333008,13,1.0
ogmm,258,Q018,3,M047611,1.0,0.999678373336792,0.9714285714285714,0.9892857142857142,0.9971284866333008,13,1.0
ogmm,258,Q018,4,M100060,1.0,0.9984458684921265,0.7993197278911566,0.974618320610687,0.9927221536636353,13,1.0
ogmm,258,Q018,5,M052330,1.0,0.9986474514007568,0.8095238095238095,0.9604416575790621,0.989298939704895,13,1.0
ogmm,259,Q019,1,M044611,0.0,0.9980992674827576,0.8571428571428571,0.9644083969465649,0.9399617314338684,13,0.0
ogmm,259,Q019,2,M033266,1.0,0.9973161220550537,0.8122448979591838,0.9554571065067247,0.9372539520263672,13,1.0
ogmm,259,Q019,3,M042895,1.0,0.9960495233535767,0.8476190476190476,0.9498479573861254,0.9350917339324951,10,1.0
ogmm,259,Q019,4,M041625,0.0,0.9937268495559692,0.7074829931972789,0.9266116517070716,0.9278890490531921,10,0.0
ogmm,259,Q019,5,M012182,0.0,0.9936379790306091,0.8408163265306123,0.9054738836227385,0.9225513339042664,7,0.0
ogmm,260,Q020,1,M048011,0.0,1.0,0.8408163265306123,1.0,1.0,13,0.0
ogmm,260,Q020,2,M069109,1.0,0.9990991950035095,0.9482993197278912,0.9806570338058888,0.9946237802505493,13,1.0
ogmm,260,Q020,3,M033563,0.0,0.9956273436546326,0.8476190476190476,0.9691772921734755,0.9896707534790039,13,0.0
ogmm,260,Q020,4,M061337,1.0,0.9985913038253784,0.7056032939491585,0.9560568884042165,0.9881690740585327,13,1.0
ogmm,260,Q020,5,M064735,1.0,0.9988635778427124,0.8469387755102041,0.943452380952381,0.9851812124252319,13,1.0
ogmm,261,Q001,1,M035956,1.0,1.0,1.0,1.0,1.0,14,1.0
ogmm,261,Q001,2,M028549,0.0,0.9981349110603333,0.7142857142857143,0.9807776193272376,0.9940752983093262,14,0.0
ogmm,261,Q001,3,M035537,1.0,0.9994309544563293,0.8571428571428571,0.9744138495092693,0.9932620525360107,14,1.0
ogmm,261,Q001,4,M032957,1.0,0.9983353018760681,0.8571428571428571,0.96197571512457,0.9894951581954956,14,1.0
ogmm,261,Q001,5,M028255,1.0,0.9990233778953552,0.7142857142857143,0.9601190476190476,0.9894437789916992,14,1.0
ogmm,262,Q002,1,M060927,1.0,1.0,1.0,1.0,1.0,14,1.0
ogmm,262,Q002,2,M080873,1.0,0.9988524913787842,1.0,0.9883996728462376,0.9964114427566528,14,1.0
ogmm,262,Q002,3,M069758,1.0,0.998687744140625,0.9965986394557823,0.9790757906215921,0.9939815998077393,14,1.0
ogmm,262,Q002,4,M085993,1.0,0.9992295503616333,0.819047619047619,0.9768947655398037,0.993761420249939,14,1.0
ogmm,262,Q002,5,M051698,1.0,0.9978924989700317,0.819047619047619,0.9700427117411851,0.991246223449707,5,1.0
ogmm,263,Q003,1,M079920,1.0,1.0,0.9714285714285714,1.0,1.0,14,1.0
ogmm,263,Q003,2,M072610,1.0,0.9990502595901489,0.7925170068027212,0.9859187568157034,0.9959099292755127,14,1.0
ogmm,263,Q003,3,M090781,0.0,0.999200701713562,0.7959183673469389,0.9743184296619412,0.9931000471115112,14,0.0
ogmm,263,Q003,4,M004476,0.0,0.998794674873352,0.8115646258503402,0.9730234460196293,0.9925327301025391,14,0.0
ogmm,263,Q003,5,M028717,0.0,0.9990425109863281,0.8061224489795918,0.9711423118865866,0.992211103439331,11,0.0
ogmm,264,Q004,1,M050078,0.0,1.0,0.8571428571428571,1.0,1.0,14,0.0
ogmm,264,Q004,2,M059745,0.0,0.9982020854949951,0.8503401360544218,0.9780219780219781,0.9934267997741699,14,0.0
ogmm,264,Q004,3,M059135,1.0,0.9978526830673218,0.8217687074829932,0.9417215418169617,0.9841419458389282,14,1.0
ogmm,264,Q004,4,M091738,0.0,0.9967393279075623,0.8312925170068028,0.9236400050331348,0.9789535999298096,14,0.0
ogmm,264,Q004,5,M077874,0.0,0.9964801073074341,0.8408163265306123,0.9029433352906635,0.9736239910125732,11,0.0
ogmm,265,Q005,1,M084721,1.0,0.9992156624794006,0.834013605442177,0.9945474372955289,0.9981663227081299,14,1.0
ogmm,265,Q005,2,M047189,1.0,0.9991359114646912,0.7108843537414966,0.9931570338058887,0.9977707862854004,14,1.0
ogmm,265,Q005,3,M054335,0.0,0.998910665512085,0.8312925170068028,0.9934569247546347,0.9977105855941772,14,0.0
ogmm,265,Q005,4,M095999,1.0,0.9986827373504639,0.7074829931972789,0.9858233369683751,0.9956655502319336,14,1.0
ogmm,265,Q005,5,M099079,1.0,0.9987858533859253,0.7074829931972789,0.9848282442748092,0.995478630065918,11,1.0
ogmm,266,Q006,1,M004727,1.0,1.0,0.9981203007518796,1.0,1.0,14,1.0
ogmm,266,Q006,2,M016297,1.0,0.9977824687957764,0.8171679197994987,0.9870092693565977,0.9954218864440918,14,1.0
ogmm,266,Q006,3,M014732,1.0,0.9978636503219604,0.7885964912280701,0.9806821994799094,0.9938887357711792,14,1.0
ogmm,266,Q006,4,M090795,1.0,0.998614490032196,0.7802721088435375,0.9785850599781897,0.9938149452209473,14,1.0
ogmm,266,Q006,5,M089503,1.0,0.9993441104888916,0.7885964912280701,0.9760087241003271,0.9936087131500244,14,1.0
ogmm,267,Q007,1,M029944,1.0,1.000000238418579,1.0,1.0,1.0000001192092896,14,1.0
ogmm,267,Q007,2,M030690,0.0,0.9987031817436218,0.8476190476190476,0.9678616866593964,0.991187334060669,14,0.0
ogmm,267,Q007,3,M041095,1.0,0.9984678626060486,0.8285714285714285,0.9506410256410256,0.9867409467697144,14,1.0
ogmm,267,Q007,4,M035734,0.0,0.9985516667366028,0.819047619047619,0.9494299275787824,0.9864885807037354,14,0.0
ogmm,267,Q007,5,M024621,0.0,0.997981607913971,0.9619047619047619,0.9505204401196767,0.9864190816879272,11,0.0
ogmm,268,Q008,1,M084575,0.0,1.0000001192092896,0.8571428571428571,1.0,1.0000001192092896,14,0.0
ogmm,268,Q008,2,M076048,1.0,0.9997464418411255,0.8518617973505191,0.9964285714285713,0.9989550113677979,14,1.0
ogmm,268,Q008,3,M065714,1.0,0.9995644688606262,0.707124955245256,0.994942748091603,0.9984743595123291,14,1.0
ogmm,268,Q008,4,M076797,1.0,0.9991171956062317,0.7090046544933762,0.9942475463467829,0.9980322122573853,14,1.0
ogmm,268,Q008,5,M063614,0.0,0.9990450143814087,0.8069638381668457,0.9942475463467829,0.9979889392852783,14,0.0
ogmm,269,Q009,1,M022445,1.0,0.9995251893997192,0.8122448979591838,0.9971237731733914,0.9989960193634033,14,1.0
ogmm,269,Q009,2,M053522,1.0,0.999415397644043,0.8435374149659864,0.9902808069792803,0.997219443321228,14,1.0
ogmm,269,Q009,3,M043070,1.0,0.998935341835022,0.8312925170068028,0.9899809160305343,0.9968564510345459,14,1.0
ogmm,269,Q009,4,M076903,1.0,0.9993971586227417,0.8054421768707484,0.9877044711014176,0.996564507484436,14,1.0
ogmm,269,Q009,5,M044106,1.0,0.9993612766265869,0.8054421768707484,0.9838331515812432,0.9955750703811646,11,1.0
ogmm,270,Q010,1,M056742,0.0,1.0,0.9962406015037594,1.0,1.0,14,0.0
ogmm,270,Q010,2,M022852,0.0,0.9990639686584473,0.8180093089867526,0.9924618320610687,0.9975539445877075,14,0.0
ogmm,270,Q010,3,M070100,0.0,0.9994654655456543,0.7870748299319728,0.9857142857142858,0.996107816696167,14,0.0
ogmm,270,Q010,4,M085336,1.0,0.9990699887275696,0.8171679197994987,0.9820474372955289,0.9949538707733154,14,1.0
ogmm,270,Q010,5,M007635,1.0,0.9992145299911499,0.8180093089867526,0.9765948745910578,0.9936774969100952,8,1.0
ogmm,271,Q011,1,M043191,1.0,1.0000001192092896,0.9714285714285714,1.0,1.0000001192092896,14,1.0
ogmm,271,Q011,2,M063474,1.0,1.0000001192092896,0.8285714285714285,1.0,1.0000001192092896,14,1.0
ogmm,271,Q011,3,M042506,0.0,1.0000001192092896,0.8025241675617615,1.0,1.0000001192092896,14,0.0
ogmm,271,Q011,4,M089762,1.0,0.999800980091095,0.7047619047619048,0.9964285714285713,0.9989877939224243,14,1.0
ogmm,271,Q011,5,M042804,1.0,0.999800980091095,0.8380952380952381,0.9964285714285713,0.9989877939224243,11,1.0
ogmm,272,Q012,1,M057809,0.0,1.0000001192092896,0.8571428571428571,1.0,1.0000001192092896,14,0.0
ogmm,272,Q012,2,M078223,1.0,0.9991438388824463,0.8306122448979593,0.9849236641221374,0.9957172870635986,14,1.0
ogmm,272,Q012,3,M081373,1.0,0.9991778135299683,0.8380952380952381,0.9841330425299891,0.9955400228500366,14,1.0
ogmm,272,Q012,4,M091742,0.0,0.9990804195404053,1.0,0.971633042529989,0.992356538772583,14,0.0
ogmm,272,Q012,5,M056558,0.0,0.998988151550293,0.7142857142857143,0.9705561613958561,0.9920319318771362,14,0.0
ogmm,273,Q013,1,M004656,0.0,1.0000001192092896,1.0,1.0,1.0000001192092896,14,0.0
ogmm,273,Q013,2,M000652,0.0,0.997107207775116,0.9904761904761905,0.9714537371025921,0.9911277294158936,14,0.0
ogmm,273,Q013,3,M000489,1.0,0.9978896975517273,0.8476190476190476,0.9266154964628248,0.9803876876831055,14,1.0
ogmm,273,Q013,4,M000224,1.0,0.9966926574707031,0.8380952380952381,0.9211835556301206,0.9783115386962891,14,1.0
ogmm,273,Q013,5,M000522,1.0,0.9957696199417114,0.8285714285714285,0.9303165981601096,0.9300410151481628,14,1.0
ogmm,274,Q014,1,M022194,1.0,0.997409462928772,0.7940386680988185,0.9362598915079829,0.9825106859207153,14,1.0
ogmm,274,Q014,2,M012192,0.0,0.996539831161499,0.8171679197994987,0.9520289824679138,0.9359312057495117,14,0.0
ogmm,274,Q014,3,M061545,1.0,0.9918105602264404,0.9749910490511995,0.9073067835472415,0.9219130277633667,14,1.0
ogmm,274,Q014,4,M034318,0.0,0.987061083316803,0.8253311851056212,0.9056325671783687,0.9186448454856873,14,0.0
ogmm,275,Q015,1,M051010,0.0,1.0,0.8503401360544218,1.0,1.0,14,0.0
ogmm,275,Q015,2,M075258,1.0,0.9991916418075562,0.8122448979591838,0.993552344601963,0.9979031085968018,14,1.0
ogmm,275,Q015,3,M063219,1.0,0.9991055727005005,0.8380952380952381,0.9931570338058887,0.9977525472640991,14,1.0
ogmm,275,Q015,4,M039788,1.0,0.998693585395813,0.7142857142857143,0.9931570338058887,0.9975054264068604,14,1.0
ogmm,275,Q015,5,M098760,1.0,0.9993159770965576,0.8285714285714285,0.9910714285714286,0.9973574876785278,11,1.0
ogmm,276,Q016,1,M026665,1.0,1.0,1.0,1.0,1.0,14,1.0
ogmm,276,Q016,2,M087806,0.0,0.9994206428527832,0.8571428571428571,0.9960332606324973,0.998660683631897,14,0.0
ogmm,276,Q016,3,M068757,1.0,0.9996577501296997,0.8122448979591838,0.9946428571428572,0.9984554052352905,14,1.0
ogmm,276,Q016,4,M070107,0.0,0.9994356632232666,0.8435374149659864,0.993552344601963,0.9980494976043701,14,0.0
ogmm,276,Q016,5,M089155,1.0,0.9997481107711792,0.8503401360544218,0.9910714285714286,0.9976167678833008,14,1.0
ogmm,277,Q017,1,M058435,1.0,1.000000238418579,0.9551020408163265,1.0,1.0000001192092896,14,1.0
ogmm,277,Q017,2,M035900,1.0,0.9987359642982483,0.8050841389187254,0.97025627044711,0.9918056726455688,14,1.0
ogmm,277,Q017,3,M044584,0.0,0.9985114336013794,0.8122448979591838,0.9606234096692111,0.9892627000808716,14,0.0
ogmm,277,Q017,4,M052454,0.0,0.9986316561698914,0.8408163265306123,0.9545098984984481,0.9878065586090088,14,0.0
ogmm,277,Q017,5,M059516,0.0,0.9993190765380859,0.8020408163265307,0.9459332969829154,0.9860748052597046,14,0.0
ogmm,278,Q018,1,M050950,1.0,1.0000001192092896,0.9619047619047619,1.0,1.0000001192092896,14,1.0
ogmm,278,Q018,2,M070554,1.0,0.999678373336792,0.819047619047619,0.9892857142857142,0.9971284866333008,14,1.0
ogmm,278,Q018,3,M047611,1.0,0.999678373336792,0.9714285714285714,0.9892857142857142,0.9971284866333008,14,1.0
ogmm,278,Q018,4,M100060,1.0,0.9984458684921265,0.7993197278911566,0.974618320610687,0.9927221536636353,14,1.0
ogmm,278,Q018,5,M052330,1.0,0.9986474514007568,0.8095238095238095,0.9604416575790621,0.989298939704895,14,1.0
ogmm,279,Q019,1,M044611,0.0,0.9980992674827576,0.8571428571428571,0.9644083969465649,0.9399617314338684,14,0.0
ogmm,279,Q019,2,M033266,1.0,0.9973161220550537,0.8122448979591838,0.9554571065067247,0.9372539520263672,14,1.0
ogmm,279,Q019,3,M042895,1.0,0.9960495233535767,0.8476190476190476,0.9498479573861254,0.9350917339324951,11,1.0
ogmm,279,Q019,4,M041625,0.0,0.9937268495559692,0.7074829931972789,0.9266116517070716,0.9278890490531921,11,0.0
ogmm,279,Q019,5,M012182,0.0,0.9936379790306091,0.8408163265306123,0.9054738836227385,0.9225513339042664,8,0.0
ogmm,280,Q020,1,M048011,0.0,1.0,0.8408163265306123,1.0,1.0,14,0.0
ogmm,280,Q020,2,M069109,1.0,0.9990991950035095,0.9482993197278912,0.9806570338058888,0.9946237802505493,14,1.0
ogmm,280,Q020,3,M033563,0.0,0.9956273436546326,0.8476190476190476,0.9691772921734755,0.9896707534790039,14,0.0
ogmm,280,Q020,4,M061337,1.0,0.9985913038253784,0.7056032939491585,0.9560568884042165,0.9881690740585327,14,1.0
ogmm,280,Q020,5,M064735,1.0,0.9988635778427124,0.8469387755102041,0.943452380952381,0.9851812124252319,14,1.0
ogmm,281,Q001,1,M035956,1.0,1.0,1.0,1.0,1.0,15,1.0
ogmm,281,Q001,2,M028549,0.0,0.9981349110603333,0.7142857142857143,0.9807776193272376,0.9940752983093262,15,0.0
ogmm,281,Q001,3,M035537,1.0,0.9994309544563293,0.8571428571428571,0.9744138495092693,0.9932620525360107,15,1.0
ogmm,281,Q001,4,M032957,1.0,0.9983353018760681,0.8571428571428571,0.96197571512457,0.9894951581954956,15,1.0
ogmm,281,Q001,5,M028255,1.0,0.9990233778953552,0.7142857142857143,0.9601190476190476,0.9894437789916992,15,1.0
ogmm,282,Q002,1,M060927,1.0,1.0,1.0,1.0,1.0,15,1.0
ogmm,282,Q002,2,M080873,1.0,0.9988524913787842,1.0,0.9883996728462376,0.9964114427566528,15,1.0
ogmm,282,Q002,3,M069758,1.0,0.998687744140625,0.9965986394557823,0.9790757906215921,0.9939815998077393,15,1.0
ogmm,282,Q002,4,M085993,1.0,0.9992295503616333,0.819047619047619,0.9768947655398037,0.993761420249939,15,1.0
ogmm,282,Q002,5,M051698,1.0,0.9978924989700317,0.819047619047619,0.9700427117411851,0.991246223449707,6,1.0
ogmm,283,Q003,1,M079920,1.0,1.0,0.9714285714285714,1.0,1.0,15,1.0
ogmm,283,Q003,2,M072610,1.0,0.9990502595901489,0.7925170068027212,0.9859187568157034,0.9959099292755127,15,1.0
ogmm,283,Q003,3,M090781,0.0,0.999200701713562,0.7959183673469389,0.9743184296619412,0.9931000471115112,15,0.0
ogmm,283,Q003,4,M004476,0.0,0.998794674873352,0.8115646258503402,0.9730234460196293,0.9925327301025391,15,0.0
ogmm,283,Q003,5,M028717,0.0,0.9990425109863281,0.8061224489795918,0.9711423118865866,0.992211103439331,12,0.0
ogmm,284,Q004,1,M050078,0.0,1.0,0.8571428571428571,1.0,1.0,15,0.0
ogmm,284,Q004,2,M059745,0.0,0.9982020854949951,0.8503401360544218,0.9780219780219781,0.9934267997741699,15,0.0
ogmm,284,Q004,3,M059135,1.0,0.9978526830673218,0.8217687074829932,0.9417215418169617,0.9841419458389282,15,1.0
ogmm,284,Q004,4,M091738,0.0,0.9967393279075623,0.8312925170068028,0.9236400050331348,0.9789535999298096,15,0.0
ogmm,284,Q004,5,M077874,0.0,0.9964801073074341,0.8408163265306123,0.9029433352906635,0.9736239910125732,12,0.0
ogmm,285,Q005,1,M084721,1.0,0.9992156624794006,0.834013605442177,0.9945474372955289,0.9981663227081299,15,1.0
ogmm,285,Q005,2,M047189,1.0,0.9991359114646912,0.7108843537414966,0.9931570338058887,0.9977707862854004,15,1.0
ogmm,285,Q005,3,M054335,0.0,0.998910665512085,0.8312925170068028,0.9934569247546347,0.9977105855941772,15,0.0
ogmm,285,Q005,4,M095999,1.0,0.9986827373504639,0.7074829931972789,0.9858233369683751,0.9956655502319336,15,1.0
ogmm,285,Q005,5,M099079,1.0,0.9987858533859253,0.7074829931972789,0.9848282442748092,0.995478630065918,12,1.0
ogmm,286,Q006,1,M004727,1.0,1.0,0.9981203007518796,1.0,1.0,15,1.0
ogmm,286,Q006,2,M016297,1.0,0.9977824687957764,0.8171679197994987,0.9870092693565977,0.9954218864440918,15,1.0
ogmm,286,Q006,3,M014732,1.0,0.9978636503219604,0.7885964912280701,0.9806821994799094,0.9938887357711792,15,1.0
ogmm,286,Q006,4,M090795,1.0,0.998614490032196,0.7802721088435375,0.9785850599781897,0.9938149452209473,15,1.0
ogmm,286,Q006,5,M089503,1.0,0.9993441104888916,0.7885964912280701,0.9760087241003271,0.9936087131500244,15,1.0
ogmm,287,Q007,1,M029944,1.0,1.000000238418579,1.0,1.0,1.0000001192092896,15,1.0
ogmm,287,Q007,2,M030690,0.0,0.9987031817436218,0.8476190476190476,0.9678616866593964,0.991187334060669,15,0.0
ogmm,287,Q007,3,M041095,1.0,0.9984678626060486,0.8285714285714285,0.9506410256410256,0.9867409467697144,15,1.0
ogmm,287,Q007,4,M035734,0.0,0.9985516667366028,0.819047619047619,0.9494299275787824,0.9864885807037354,15,0.0
ogmm,287,Q007,5,M024621,0.0,0.997981607913971,0.9619047619047619,0.9505204401196767,0.9864190816879272,12,0.0
ogmm,288,Q008,1,M084575,0.0,1.0000001192092896,0.8571428571428571,1.0,1.0000001192092896,15,0.0
ogmm,288,Q008,2,M076048,1.0,0.9997464418411255,0.8518617973505191,0.9964285714285713,0.9989550113677979,15,1.0
ogmm,288,Q008,3,M065714,1.0,0.9995644688606262,0.707124955245256,0.994942748091603,0.9984743595123291,15,1.0
ogmm,288,Q008,4,M076797,1.0,0.9991171956062317,0.7090046544933762,0.9942475463467829,0.9980322122573853,15,1.0
ogmm,288,Q008,5,M063614,0.0,0.9990450143814087,0.8069638381668457,0.9942475463467829,0.9979889392852783,15,0.0
ogmm,289,Q009,1,M022445,1.0,0.9995251893997192,0.8122448979591838,0.9971237731733914,0.9989960193634033,15,1.0
ogmm,289,Q009,2,M053522,1.0,0.999415397644043,0.8435374149659864,0.9902808069792803,0.997219443321228,15,1.0
ogmm,289,Q009,3,M043070,1.0,0.998935341835022,0.8312925170068028,0.9899809160305343,0.9968564510345459,15,1.0
ogmm,289,Q009,4,M076903,1.0,0.9993971586227417,0.8054421768707484,0.9877044711014176,0.996564507484436,15,1.0
ogmm,289,Q009,5,M044106,1.0,0.9993612766265869,0.8054421768707484,0.9838331515812432,0.9955750703811646,12,1.0
ogmm,290,Q010,1,M056742,0.0,1.0,0.9962406015037594,1.0,1.0,15,0.0
ogmm,290,Q010,2,M022852,0.0,0.9990639686584473,0.8180093089867526,0.9924618320610687,0.9975539445877075,15,0.0
ogmm,290,Q010,3,M070100,0.0,0.9994654655456543,0.7870748299319728,0.9857142857142858,0.996107816696167,15,0.0
ogmm,290,Q010,4,M085336,1.0,0.9990699887275696,0.8171679197994987,0.9820474372955289,0.9949538707733154,15,1.0
ogmm,290,Q010,5,M007635,1.0,0.9992145299911499,0.8180093089867526,0.9765948745910578,0.9936774969100952,9,1.0
ogmm,291,Q011,1,M043191,1.0,1.0000001192092896,0.9714285714285714,1.0,1.0000001192092896,15,1.0
ogmm,291,Q011,2,M063474,1.0,1.0000001192092896,0.8285714285714285,1.0,1.0000001192092896,15,1.0
ogmm,291,Q011,3,M042506,0.0,1.0000001192092896,0.8025241675617615,1.0,1.0000001192092896,15,0.0
ogmm,291,Q011,4,M089762,1.0,0.999800980091095,0.7047619047619048,0.9964285714285713,0.9989877939224243,15,1.0
ogmm,291,Q011,5,M042804,1.0,0.999800980091095,0.8380952380952381,0.9964285714285713,0.9989877939224243,12,1.0
ogmm,292,Q012,1,M057809,0.0,1.0000001192092896,0.8571428571428571,1.0,1.0000001192092896,15,0.0
ogmm,292,Q012,2,M078223,1.0,0.9991438388824463,0.8306122448979593,0.9849236641221374,0.9957172870635986,15,1.0
ogmm,292,Q012,3,M081373,1.0,0.9991778135299683,0.8380952380952381,0.9841330425299891,0.9955400228500366,15,1.0
ogmm,292,Q012,4,M091742,0.0,0.9990804195404053,1.0,0.971633042529989,0.992356538772583,15,0.0
ogmm,292,Q012,5,M056558,0.0,0.998988151550293,0.7142857142857143,0.9705561613958561,0.9920319318771362,15,0.0
ogmm,293,Q013,1,M004656,0.0,1.0000001192092896,1.0,1.0,1.0000001192092896,15,0.0
ogmm,293,Q013,2,M000652,0.0,0.997107207775116,0.9904761904761905,0.9714537371025921,0.9911277294158936,15,0.0
ogmm,293,Q013,3,M000489,1.0,0.9978896975517273,0.8476190476190476,0.9266154964628248,0.9803876876831055,15,1.0
ogmm,293,Q013,4,M000224,1.0,0.9966926574707031,0.8380952380952381,0.9211835556301206,0.9783115386962891,15,1.0
ogmm,293,Q013,5,M000522,1.0,0.9957696199417114,0.8285714285714285,0.9303165981601096,0.9300410151481628,15,1.0
ogmm,294,Q014,1,M022194,1.0,0.997409462928772,0.7940386680988185,0.9362598915079829,0.9825106859207153,15,1.0
ogmm,294,Q014,2,M012192,0.0,0.996539831161499,0.8171679197994987,0.9520289824679138,0.9359312057495117,15,0.0
ogmm,294,Q014,3,M061545,1.0,0.9918105602264404,0.9749910490511995,0.9073067835472415,0.9219130277633667,15,1.0
ogmm,294,Q014,4,M034318,0.0,0.987061083316803,0.8253311851056212,0.9056325671783687,0.9186448454856873,15,0.0
ogmm,295,Q015,1,M051010,0.0,1.0,0.8503401360544218,1.0,1.0,15,0.0
ogmm,295,Q015,2,M075258,1.0,0.9991916418075562,0.8122448979591838,0.993552344601963,0.9979031085968018,15,1.0
ogmm,295,Q015,3,M063219,1.0,0.9991055727005005,0.8380952380952381,0.9931570338058887,0.9977525472640991,15,1.0
ogmm,295,Q015,4,M039788,1.0,0.998693585395813,0.7142857142857143,0.9931570338058887,0.9975054264068604,15,1.0
ogmm,295,Q015,5,M098760,1.0,0.9993159770965576,0.8285714285714285,0.9910714285714286,0.9973574876785278,12,1.0
ogmm,296,Q016,1,M026665,1.0,1.0,1.0,1.0,1.0,15,1.0
ogmm,296,Q016,2,M087806,0.0,0.9994206428527832,0.8571428571428571,0.9960332606324973,0.998660683631897,15,0.0
ogmm,296,Q016,3,M068757,1.0,0.9996577501296997,0.8122448979591838,0.9946428571428572,0.9984554052352905,15,1.0
ogmm,296,Q016,4,M070107,0.0,0.9994356632232666,0.8435374149659864,0.993552344601963,0.9980494976043701,15,0.0
ogmm,296,Q016,5,M089155,1.0,0.9997481107711792,0.8503401360544218,0.9910714285714286,0.9976167678833008,15,1.0
ogmm,297,Q017,1,M058435,1.0,1.000000238418579,0.9551020408163265,1.0,1.0000001192092896,15,1.0
ogmm,297,Q017,2,M035900,1.0,0.9987359642982483,0.8050841389187254,0.97025627044711,0.9918056726455688,15,1.0
ogmm,297,Q017,3,M044584,0.0,0.9985114336013794,0.8122448979591838,0.9606234096692111,0.9892627000808716,15,0.0
ogmm,297,Q017,4,M052454,0.0,0.9986316561698914,0.8408163265306123,0.9545098984984481,0.9878065586090088,15,0.0
ogmm,297,Q017,5,M059516,0.0,0.9993190765380859,0.8020408163265307,0.9459332969829154,0.9860748052597046,15,0.0
ogmm,298,Q018,1,M050950,1.0,1.0000001192092896,0.9619047619047619,1.0,1.0000001192092896,15,1.0
ogmm,298,Q018,2,M070554,1.0,0.999678373336792,0.819047619047619,0.9892857142857142,0.9971284866333008,15,1.0
ogmm,298,Q018,3,M047611,1.0,0.999678373336792,0.9714285714285714,0.9892857142857142,0.9971284866333008,15,1.0
ogmm,298,Q018,4,M100060,1.0,0.9984458684921265,0.7993197278911566,0.974618320610687,0.9927221536636353,15,1.0
ogmm,298,Q018,5,M052330,1.0,0.9986474514007568,0.8095238095238095,0.9604416575790621,0.989298939704895,15,1.0
ogmm,299,Q019,1,M044611,0.0,0.9980992674827576,0.8571428571428571,0.9644083969465649,0.9399617314338684,15,0.0
ogmm,299,Q019,2,M033266,1.0,0.9973161220550537,0.8122448979591838,0.9554571065067247,0.9372539520263672,15,1.0
ogmm,299,Q019,3,M042895,1.0,0.9960495233535767,0.8476190476190476,0.9498479573861254,0.9350917339324951,12,1.0
ogmm,299,Q019,4,M041625,0.0,0.9937268495559692,0.7074829931972789,0.9266116517070716,0.9278890490531921,12,0.0
ogmm,299,Q019,5,M012182,0.0,0.9936379790306091,0.8408163265306123,0.9054738836227385,0.9225513339042664,9,0.0
ogmm,300,Q020,1,M048011,0.0,1.0,0.8408163265306123,1.0,1.0,15,0.0
ogmm,300,Q020,2,M069109,1.0,0.9990991950035095,0.9482993197278912,0.9806570338058888,0.9946237802505493,15,1.0
ogmm,300,Q020,3,M033563,0.0,0.9956273436546326,0.8476190476190476,0.9691772921734755,0.9896707534790039,15,0.0
ogmm,300,Q020,4,M061337,1.0,0.9985913038253784,0.7056032939491585,0.9560568884042165,0.9881690740585327,15,1.0
ogmm,300,Q020,5,M064735,1.0,0.9988635778427124,0.8469387755102041,0.943452380952381,0.9851812124252319,15,1.0
