memory_id,retrieval_count,positive_feedback_count,neutral_feedback_count,negative_feedback_count,average_utility,quality_score,quarantined,quarantine_reason,downgraded
M096716,1,0,1,0,0.0,0.5,False,,False
M074810,1,0,1,0,0.0,0.5,False,,False
M046527,1,0,1,0,0.0,0.5,False,,False
M091704,1,0,0,1,-1.0,0.4,False,,False
M097894,1,0,0,1,-1.0,0.4,False,,False
M059928,1,1,0,0,1.0,0.6,False,,False
M014054,1,0,1,0,0.0,0.5,False,,False
M004699,1,1,0,0,1.0,0.6,False,,False
M021029,1,1,0,0,1.0,0.6,False,,False
M074720,1,0,1,0,0.0,0.5,False,,False
M081470,1,0,1,0,0.0,0.5,False,,False
M089987,1,1,0,0,1.0,0.6,False,,False
M076341,1,0,1,0,0.0,0.5,False,,False
M039466,1,0,1,0,0.0,0.5,False,,False
M078250,1,0,1,0,0.0,0.5,False,,False
M019590,1,1,0,0,1.0,0.6,False,,False
M012656,1,0,1,0,0.0,0.5,False,,False
M096948,2,2,0,0,1.0,0.7,False,,False
M101377,2,0,0,2,-1.0,0.30000000000000004,False,,True
M066238,1,1,0,0,1.0,0.6,False,,False
M065421,1,0,1,0,0.0,0.5,False,,False
M073699,1,1,0,0,1.0,0.6,False,,False
M079651,1,0,1,0,0.0,0.5,False,,False
M023870,2,2,0,0,1.0,0.7,False,,False
M081379,2,2,0,0,1.0,0.7,False,,False
M060707,1,0,1,0,0.0,0.5,False,,False
M085556,1,1,0,0,1.0,0.6,False,,False
M085098,1,1,0,0,1.0,0.6,False,,False
M002623,1,1,0,0,1.0,0.6,False,,False
M054899,1,0,1,0,0.0,0.5,False,,False
M005093,1,1,0,0,1.0,0.6,False,,False
M011337,1,1,0,0,1.0,0.6,False,,False
M014126,1,1,0,0,1.0,0.6,False,,False
M008767,2,2,0,0,1.0,0.7,False,,False
M066676,1,0,0,1,-1.0,0.4,False,,False
M087131,1,0,1,0,0.0,0.5,False,,False
M063515,1,0,1,0,0.0,0.5,False,,False
M062090,1,0,1,0,0.0,0.5,False,,False
M066360,1,0,1,0,0.0,0.5,False,,False
M034312,2,2,0,0,1.0,0.7,False,,False
M032439,1,1,0,0,1.0,0.6,False,,False
M045296,1,1,0,0,1.0,0.6,False,,False
M035634,2,2,0,0,1.0,0.7,False,,False
M019962,1,0,1,0,0.0,0.5,False,,False
M049140,1,1,0,0,1.0,0.6,False,,False
M017365,1,1,0,0,1.0,0.6,False,,False
M020285,1,1,0,0,1.0,0.6,False,,False
M061181,1,1,0,0,1.0,0.6,False,,False
M024699,1,0,0,1,-1.0,0.4,False,,False
M012057,1,1,0,0,1.0,0.6,False,,False
M096093,1,1,0,0,1.0,0.6,False,,False
M072663,1,1,0,0,1.0,0.6,False,,False
M001175,1,0,1,0,0.0,0.5,False,,False
M057255,1,1,0,0,1.0,0.6,False,,False
M036373,1,1,0,0,1.0,0.6,False,,False
M035557,1,1,0,0,1.0,0.6,False,,False
M027211,1,1,0,0,1.0,0.6,False,,False
M030673,1,1,0,0,1.0,0.6,False,,False
M036529,1,1,0,0,1.0,0.6,False,,False
M050610,1,1,0,0,1.0,0.6,False,,False
M006985,1,0,0,1,-1.0,0.4,False,,False
M004720,1,0,1,0,0.0,0.5,False,,False
M014636,1,1,0,0,1.0,0.6,False,,False
M075601,1,1,0,0,1.0,0.6,False,,False
M066521,1,0,1,0,0.0,0.5,False,,False
M098720,1,1,0,0,1.0,0.6,False,,False
M057017,1,0,1,0,0.0,0.5,False,,False
M054910,1,0,1,0,0.0,0.5,False,,False
M071700,1,1,0,0,1.0,0.6,False,,False
M002218,1,1,0,0,1.0,0.6,False,,False
M010262,1,0,0,1,-1.0,0.4,False,,False
M015357,2,0,2,0,0.0,0.5,False,,False
M074733,1,1,0,0,1.0,0.6,False,,False
M019221,1,0,1,0,0.0,0.5,False,,False
M093969,1,0,0,1,-1.0,0.4,False,,False
M083379,2,2,0,0,1.0,0.7,False,,False
M082664,1,0,1,0,0.0,0.5,False,,False
M094551,1,1,0,0,1.0,0.6,False,,False
M101647,2,0,2,0,0.0,0.5,False,,False
M038744,1,1,0,0,1.0,0.6,False,,False
M057240,1,1,0,0,1.0,0.6,False,,False
M034777,2,0,2,0,0.0,0.5,False,,False
M041599,1,0,0,1,-1.0,0.4,False,,False
M087689,1,0,1,0,0.0,0.5,False,,False
M079495,1,1,0,0,1.0,0.6,False,,False
M097121,1,0,0,1,-1.0,0.4,False,,False
M035729,2,2,0,0,1.0,0.7,False,,False
M079588,1,1,0,0,1.0,0.6,False,,False
M092117,2,2,0,0,1.0,0.7,False,,False
M019204,1,1,0,0,1.0,0.6,False,,False
M043291,1,0,0,1,-1.0,0.4,False,,False
M003838,1,0,1,0,0.0,0.5,False,,False
M002712,1,1,0,0,1.0,0.6,False,,False
M045109,1,1,0,0,1.0,0.6,False,,False
M005268,1,1,0,0,1.0,0.6,False,,False
M033350,2,2,0,0,1.0,0.7,False,,False
M008348,1,1,0,0,1.0,0.6,False,,False
M028341,2,2,0,0,1.0,0.7,False,,False
M003427,1,0,1,0,0.0,0.5,False,,False
M044439,1,1,0,0,1.0,0.6,False,,False
M073987,1,1,0,0,1.0,0.6,False,,False
M019110,1,1,0,0,1.0,0.6,False,,False
M067565,2,2,0,0,1.0,0.7,False,,False
M074295,1,0,0,1,-1.0,0.4,False,,False
M012291,1,1,0,0,1.0,0.6,False,,False
M000051,1,0,1,0,0.0,0.5,False,,False
M008018,1,0,0,1,-1.0,0.4,False,,False
M006210,1,1,0,0,1.0,0.6,False,,False
M006231,1,1,0,0,1.0,0.6,False,,False
M021304,1,0,1,0,0.0,0.5,False,,False
M009819,1,1,0,0,1.0,0.6,False,,False
M021610,1,0,1,0,0.0,0.5,False,,False
M013031,1,1,0,0,1.0,0.6,False,,False
M043601,1,0,0,1,-1.0,0.4,False,,False
M097732,1,0,1,0,0.0,0.5,False,,False
M062759,1,0,0,1,-1.0,0.4,False,,False
M064303,2,0,2,0,0.0,0.5,False,,False
M091444,1,0,0,1,-1.0,0.4,False,,False
M037809,1,0,1,0,0.0,0.5,False,,False
M041267,2,0,0,2,-1.0,0.30000000000000004,False,,True
M079965,1,1,0,0,1.0,0.6,False,,False
M069882,1,1,0,0,1.0,0.6,False,,False
M055973,1,0,1,0,0.0,0.5,False,,False
M002152,1,0,1,0,0.0,0.5,False,,False
M005182,1,1,0,0,1.0,0.6,False,,False
M012946,1,0,1,0,0.0,0.5,False,,False
M005640,1,0,1,0,0.0,0.5,False,,False
M004959,1,1,0,0,1.0,0.6,False,,False
M043743,2,2,0,0,1.0,0.7,False,,False
M065514,2,2,0,0,1.0,0.7,False,,False
M045607,2,2,0,0,1.0,0.7,False,,False
M002651,2,2,0,0,1.0,0.7,False,,False
M058567,2,2,0,0,1.0,0.7,False,,False
M002285,1,0,1,0,0.0,0.5,False,,False
M015871,3,3,0,0,1.0,0.7999999999999999,False,,False
M002344,1,1,0,0,1.0,0.6,False,,False
M031351,1,0,1,0,0.0,0.5,False,,False
M009019,1,1,0,0,1.0,0.6,False,,False
M093850,1,0,1,0,0.0,0.5,False,,False
M045544,1,1,0,0,1.0,0.6,False,,False
M081475,1,1,0,0,1.0,0.6,False,,False
M090975,1,1,0,0,1.0,0.6,False,,False
M045205,1,0,0,1,-1.0,0.4,False,,False
M057338,1,0,1,0,0.0,0.5,False,,False
M100489,1,1,0,0,1.0,0.6,False,,False
M089870,1,1,0,0,1.0,0.6,False,,False
M022557,1,1,0,0,1.0,0.6,False,,False
M069375,1,0,0,1,-1.0,0.4,False,,False
M060584,1,0,1,0,0.0,0.5,False,,False
M071307,1,1,0,0,1.0,0.6,False,,False
M083520,1,0,1,0,0.0,0.5,False,,False
M066999,1,1,0,0,1.0,0.6,False,,False
M076530,1,0,1,0,0.0,0.5,False,,False
M011668,1,0,1,0,0.0,0.5,False,,False
M006137,1,0,1,0,0.0,0.5,False,,False
M023445,1,1,0,0,1.0,0.6,False,,False
M002365,1,1,0,0,1.0,0.6,False,,False
M033194,1,1,0,0,1.0,0.6,False,,False
M030498,2,0,2,0,0.0,0.5,False,,False
M082689,1,1,0,0,1.0,0.6,False,,False
M027614,1,0,1,0,0.0,0.5,False,,False
M060006,1,1,0,0,1.0,0.6,False,,False
M033598,1,1,0,0,1.0,0.6,False,,False
M092666,1,1,0,0,1.0,0.6,False,,False
M085177,1,1,0,0,1.0,0.6,False,,False
M043256,1,0,1,0,0.0,0.5,False,,False
M090587,1,1,0,0,1.0,0.6,False,,False
M097981,1,1,0,0,1.0,0.6,False,,False
M072083,1,1,0,0,1.0,0.6,False,,False
M072163,1,0,0,1,-1.0,0.4,False,,False
M057476,2,2,0,0,1.0,0.7,False,,False
M019241,1,1,0,0,1.0,0.6,False,,False
M046336,1,1,0,0,1.0,0.6,False,,False
M045002,1,0,0,1,-1.0,0.4,False,,False
M068277,2,0,2,0,0.0,0.5,False,,False
M063785,1,0,1,0,0.0,0.5,False,,False
M090625,1,0,0,1,-1.0,0.4,False,,False
M025732,1,1,0,0,1.0,0.6,False,,False
M077190,1,1,0,0,1.0,0.6,False,,False
M079288,1,0,1,0,0.0,0.5,False,,False
M044005,1,0,0,1,-1.0,0.4,False,,False
M039218,1,0,0,1,-1.0,0.4,False,,False
M020214,1,1,0,0,1.0,0.6,False,,False
M016478,1,0,1,0,0.0,0.5,False,,False
M072940,2,0,2,0,0.0,0.5,False,,False
M051994,1,0,1,0,0.0,0.5,False,,False
M046643,2,2,0,0,1.0,0.7,False,,False
M012675,1,1,0,0,1.0,0.6,False,,False
M076504,1,0,1,0,0.0,0.5,False,,False
M060183,1,1,0,0,1.0,0.6,False,,False
M088768,3,3,0,0,1.0,0.7999999999999999,False,,False
M072455,1,0,1,0,0.0,0.5,False,,False
M085762,3,0,3,0,0.0,0.5,False,,False
M084860,2,2,0,0,1.0,0.7,False,,False
M101256,1,1,0,0,1.0,0.6,False,,False
M079216,1,0,1,0,0.0,0.5,False,,False
M076230,3,0,3,0,0.0,0.5,False,,False
M072410,2,2,0,0,1.0,0.7,False,,False
M087118,1,1,0,0,1.0,0.6,False,,False
M078654,1,1,0,0,1.0,0.6,False,,False
M063842,1,1,0,0,1.0,0.6,False,,False
M004966,1,0,1,0,0.0,0.5,False,,False
M039163,1,0,1,0,0.0,0.5,False,,False
M042819,1,1,0,0,1.0,0.6,False,,False
M077241,1,1,0,0,1.0,0.6,False,,False
M036615,1,1,0,0,1.0,0.6,False,,False
M094093,1,1,0,0,1.0,0.6,False,,False
M069427,1,1,0,0,1.0,0.6,False,,False
M026618,1,1,0,0,1.0,0.6,False,,False
M004156,1,0,0,1,-1.0,0.4,False,,False
M016902,1,0,1,0,0.0,0.5,False,,False
M008422,1,1,0,0,1.0,0.6,False,,False
M030399,1,1,0,0,1.0,0.6,False,,False
M035217,1,1,0,0,1.0,0.6,False,,False
M026531,1,0,1,0,0.0,0.5,False,,False
M050793,1,1,0,0,1.0,0.6,False,,False
M085802,1,1,0,0,1.0,0.6,False,,False
M015844,1,0,0,1,-1.0,0.4,False,,False
M086749,1,1,0,0,1.0,0.6,False,,False
M069310,1,1,0,0,1.0,0.6,False,,False
M069407,1,1,0,0,1.0,0.6,False,,False
M074603,1,0,1,0,0.0,0.5,False,,False
M047666,1,0,1,0,0.0,0.5,False,,False
M034341,1,0,1,0,0.0,0.5,False,,False
M034958,1,1,0,0,1.0,0.6,False,,False
M026984,1,1,0,0,1.0,0.6,False,,False
M027577,1,1,0,0,1.0,0.6,False,,False
M032476,2,2,0,0,1.0,0.7,False,,False
M070878,1,1,0,0,1.0,0.6,False,,False
M068844,1,1,0,0,1.0,0.6,False,,False
M066801,2,2,0,0,1.0,0.7,False,,False
M060900,1,0,1,0,0.0,0.5,False,,False
M093677,1,1,0,0,1.0,0.6,False,,False
M019344,1,0,1,0,0.0,0.5,False,,False
M029769,1,1,0,0,1.0,0.6,False,,False
M024445,1,0,1,0,0.0,0.5,False,,False
M032569,2,2,0,0,1.0,0.7,False,,False
M027936,1,1,0,0,1.0,0.6,False,,False
M071766,1,1,0,0,1.0,0.6,False,,False
M043700,2,0,2,0,0.0,0.5,False,,False
M082130,2,2,0,0,1.0,0.7,False,,False
M059950,1,0,1,0,0.0,0.5,False,,False
M079572,1,0,0,1,-1.0,0.4,False,,False
M005147,1,1,0,0,1.0,0.6,False,,False
M097584,1,1,0,0,1.0,0.6,False,,False
M013229,1,1,0,0,1.0,0.6,False,,False
M062616,2,2,0,0,1.0,0.7,False,,False
M012977,1,1,0,0,1.0,0.6,False,,False
M030953,1,0,1,0,0.0,0.5,False,,False
M021584,1,0,1,0,0.0,0.5,False,,False
M010067,1,0,1,0,0.0,0.5,False,,False
M016558,1,1,0,0,1.0,0.6,False,,False
M017273,1,0,1,0,0.0,0.5,False,,False
M005643,2,2,0,0,1.0,0.7,False,,False
M007423,1,1,0,0,1.0,0.6,False,,False
M023157,1,1,0,0,1.0,0.6,False,,False
M082729,2,2,0,0,1.0,0.7,False,,False
M084686,3,3,0,0,1.0,0.7999999999999999,False,,False
M078500,2,0,0,2,-1.0,0.30000000000000004,False,,True
M040753,3,0,0,3,-1.0,0.20000000000000004,True,retrieval_count=3>=N_MIN=3 and average_utility=-1.0000<=BETA=-0.2,True
M002315,1,1,0,0,1.0,0.6,False,,False
M018679,1,0,0,1,-1.0,0.4,False,,False
M020777,1,0,1,0,0.0,0.5,False,,False
M008576,1,1,0,0,1.0,0.6,False,,False
M022035,1,1,0,0,1.0,0.6,False,,False
M038870,1,0,0,1,-1.0,0.4,False,,False
M093505,1,0,1,0,0.0,0.5,False,,False
M038554,1,1,0,0,1.0,0.6,False,,False
M028148,1,0,1,0,0.0,0.5,False,,False
M027872,1,0,1,0,0.0,0.5,False,,False
M080546,1,0,1,0,0.0,0.5,False,,False
M055198,1,0,1,0,0.0,0.5,False,,False
M023671,1,1,0,0,1.0,0.6,False,,False
M077847,1,0,1,0,0.0,0.5,False,,False
M099988,2,2,0,0,1.0,0.7,False,,False
M027410,1,1,0,0,1.0,0.6,False,,False
M033882,1,1,0,0,1.0,0.6,False,,False
M031754,1,0,0,1,-1.0,0.4,False,,False
M029458,1,1,0,0,1.0,0.6,False,,False
M035785,1,1,0,0,1.0,0.6,False,,False
M030594,1,1,0,0,1.0,0.6,False,,False
M034828,4,4,0,0,1.0,0.8999999999999999,False,,False
M034827,3,3,0,0,1.0,0.7999999999999999,False,,False
M064489,1,1,0,0,1.0,0.6,False,,False
M029259,1,0,1,0,0.0,0.5,False,,False
M101310,1,1,0,0,1.0,0.6,False,,False
M092481,1,1,0,0,1.0,0.6,False,,False
M061079,1,0,1,0,0.0,0.5,False,,False
M056181,1,0,1,0,0.0,0.5,False,,False
M081415,2,0,2,0,0.0,0.5,False,,False
M070481,2,0,2,0,0.0,0.5,False,,False
M067428,1,1,0,0,1.0,0.6,False,,False
M082405,2,2,0,0,1.0,0.7,False,,False
M040377,1,0,1,0,0.0,0.5,False,,False
M043577,1,0,1,0,0.0,0.5,False,,False
M064548,1,1,0,0,1.0,0.6,False,,False
M070519,1,1,0,0,1.0,0.6,False,,False
M070539,1,0,1,0,0.0,0.5,False,,False
M067346,1,1,0,0,1.0,0.6,False,,False
M056682,1,0,1,0,0.0,0.5,False,,False
M001585,1,1,0,0,1.0,0.6,False,,False
M076536,1,1,0,0,1.0,0.6,False,,False
M044170,1,0,1,0,0.0,0.5,False,,False
M100437,1,1,0,0,1.0,0.6,False,,False
M029806,1,1,0,0,1.0,0.6,False,,False
M026538,2,0,0,2,-1.0,0.30000000000000004,False,,True
M031356,1,0,0,1,-1.0,0.4,False,,False
M019703,1,0,1,0,0.0,0.5,False,,False
M025730,1,0,1,0,0.0,0.5,False,,False
M018938,1,0,1,0,0.0,0.5,False,,False
M078356,2,2,0,0,1.0,0.7,False,,False
M071682,1,1,0,0,1.0,0.6,False,,False
M087364,3,0,0,3,-1.0,0.20000000000000004,True,retrieval_count=3>=N_MIN=3 and average_utility=-1.0000<=BETA=-0.2,True
M076965,1,0,1,0,0.0,0.5,False,,False
M080400,1,0,1,0,0.0,0.5,False,,False
M027034,2,2,0,0,1.0,0.7,False,,False
M026718,1,1,0,0,1.0,0.6,False,,False
M027543,1,1,0,0,1.0,0.6,False,,False
M032845,1,1,0,0,1.0,0.6,False,,False
M025826,1,1,0,0,1.0,0.6,False,,False
M020357,2,2,0,0,1.0,0.7,False,,False
M011104,1,1,0,0,1.0,0.6,False,,False
M013282,1,0,0,1,-1.0,0.4,False,,False
M013872,1,1,0,0,1.0,0.6,False,,False
M055030,1,1,0,0,1.0,0.6,False,,False
M068923,1,1,0,0,1.0,0.6,False,,False
M091828,2,2,0,0,1.0,0.7,False,,False
M074494,2,0,2,0,0.0,0.5,False,,False
M008587,1,0,1,0,0.0,0.5,False,,False
M100969,1,0,1,0,0.0,0.5,False,,False
M016769,2,2,0,0,1.0,0.7,False,,False
M006415,2,0,2,0,0.0,0.5,False,,False
M011262,4,4,0,0,1.0,0.8999999999999999,False,,False
M031951,1,0,1,0,0.0,0.5,False,,False
M015199,2,2,0,0,1.0,0.7,False,,False
M045975,2,2,0,0,1.0,0.7,False,,False
M002031,1,0,1,0,0.0,0.5,False,,False
M018841,1,0,1,0,0.0,0.5,False,,False
M013258,1,0,1,0,0.0,0.5,False,,False
M015479,1,1,0,0,1.0,0.6,False,,False
M035617,1,0,0,1,-1.0,0.4,False,,False
M035482,1,0,1,0,0.0,0.5,False,,False
M059084,1,1,0,0,1.0,0.6,False,,False
M007760,1,1,0,0,1.0,0.6,False,,False
M056397,1,1,0,0,1.0,0.6,False,,False
M050172,1,1,0,0,1.0,0.6,False,,False
M013921,1,1,0,0,1.0,0.6,False,,False
M090814,3,3,0,0,1.0,0.7999999999999999,False,,False
M096389,2,2,0,0,1.0,0.7,False,,False
M087135,2,2,0,0,1.0,0.7,False,,False
M076013,1,1,0,0,1.0,0.6,False,,False
M004347,1,0,1,0,0.0,0.5,False,,False
M061962,1,1,0,0,1.0,0.6,False,,False
M021768,1,1,0,0,1.0,0.6,False,,False
M023882,1,0,0,1,-1.0,0.4,False,,False
M081009,1,1,0,0,1.0,0.6,False,,False
M058542,2,0,0,2,-1.0,0.30000000000000004,False,,True
M060811,1,0,1,0,0.0,0.5,False,,False
M071677,1,0,0,1,-1.0,0.4,False,,False
M096971,1,0,1,0,0.0,0.5,False,,False
M044612,1,1,0,0,1.0,0.6,False,,False
M024040,1,0,0,1,-1.0,0.4,False,,False
M041749,1,1,0,0,1.0,0.6,False,,False
M060194,2,0,2,0,0.0,0.5,False,,False
M061002,2,0,2,0,0.0,0.5,False,,False
M066873,1,0,1,0,0.0,0.5,False,,False
M056739,1,0,1,0,0.0,0.5,False,,False
M048104,1,1,0,0,1.0,0.6,False,,False
M012350,2,2,0,0,1.0,0.7,False,,False
M030918,2,2,0,0,1.0,0.7,False,,False
M011060,1,1,0,0,1.0,0.6,False,,False
M015674,1,1,0,0,1.0,0.6,False,,False
M014850,2,0,0,2,-1.0,0.30000000000000004,False,,True
M090159,1,0,1,0,0.0,0.5,False,,False
M039730,2,2,0,0,1.0,0.7,False,,False
M086453,1,0,1,0,0.0,0.5,False,,False
M095921,1,0,1,0,0.0,0.5,False,,False
M053384,1,0,1,0,0.0,0.5,False,,False
M035214,1,0,0,1,-1.0,0.4,False,,False
M099614,1,1,0,0,1.0,0.6,False,,False
M027443,1,1,0,0,1.0,0.6,False,,False
M073229,1,0,1,0,0.0,0.5,False,,False
M033073,1,1,0,0,1.0,0.6,False,,False
M051746,1,1,0,0,1.0,0.6,False,,False
M060959,1,0,1,0,0.0,0.5,False,,False
M026940,1,1,0,0,1.0,0.6,False,,False
M048306,1,0,1,0,0.0,0.5,False,,False
M077205,1,0,1,0,0.0,0.5,False,,False
M100595,1,1,0,0,1.0,0.6,False,,False
M003615,1,1,0,0,1.0,0.6,False,,False
M081804,1,1,0,0,1.0,0.6,False,,False
M020930,1,1,0,0,1.0,0.6,False,,False
M004990,1,0,0,1,-1.0,0.4,False,,False
M014762,1,1,0,0,1.0,0.6,False,,False
M007775,1,0,1,0,0.0,0.5,False,,False
M026676,1,0,0,1,-1.0,0.4,False,,False
M070715,1,1,0,0,1.0,0.6,False,,False
M030109,1,1,0,0,1.0,0.6,False,,False
M090255,1,0,1,0,0.0,0.5,False,,False
M089997,1,0,1,0,0.0,0.5,False,,False
M096137,1,1,0,0,1.0,0.6,False,,False
M047901,1,1,0,0,1.0,0.6,False,,False
M085399,1,0,1,0,0.0,0.5,False,,False
M099870,1,0,1,0,0.0,0.5,False,,False
M094431,1,0,1,0,0.0,0.5,False,,False
M065880,1,0,1,0,0.0,0.5,False,,False
M067262,1,1,0,0,1.0,0.6,False,,False
M083276,1,1,0,0,1.0,0.6,False,,False
M088439,1,0,1,0,0.0,0.5,False,,False
M078634,1,0,0,1,-1.0,0.4,False,,False
M057464,1,0,1,0,0.0,0.5,False,,False
M075903,1,1,0,0,1.0,0.6,False,,False
M045578,1,1,0,0,1.0,0.6,False,,False
M043913,1,0,0,1,-1.0,0.4,False,,False
M007271,1,0,0,1,-1.0,0.4,False,,False
M005442,1,1,0,0,1.0,0.6,False,,False
M007070,1,1,0,0,1.0,0.6,False,,False
M013932,2,0,0,2,-1.0,0.30000000000000004,False,,True
M033293,1,1,0,0,1.0,0.6,False,,False
M089652,1,1,0,0,1.0,0.6,False,,False
M094080,1,1,0,0,1.0,0.6,False,,False
M091621,1,0,1,0,0.0,0.5,False,,False
M092004,1,0,1,0,0.0,0.5,False,,False
M091230,1,1,0,0,1.0,0.6,False,,False
M092927,1,1,0,0,1.0,0.6,False,,False
M095113,1,1,0,0,1.0,0.6,False,,False
M100833,1,1,0,0,1.0,0.6,False,,False
M098928,1,1,0,0,1.0,0.6,False,,False
M093838,2,0,2,0,0.0,0.5,False,,False
M003864,1,1,0,0,1.0,0.6,False,,False
M007442,1,1,0,0,1.0,0.6,False,,False
M020719,1,1,0,0,1.0,0.6,False,,False
M101618,1,1,0,0,1.0,0.6,False,,False
M078328,1,1,0,0,1.0,0.6,False,,False
M017915,1,1,0,0,1.0,0.6,False,,False
M008909,1,1,0,0,1.0,0.6,False,,False
M020831,1,0,1,0,0.0,0.5,False,,False
M032653,1,1,0,0,1.0,0.6,False,,False
M004729,1,1,0,0,1.0,0.6,False,,False
M000354,1,1,0,0,1.0,0.6,False,,False
M033274,1,0,1,0,0.0,0.5,False,,False
M001346,1,0,1,0,0.0,0.5,False,,False
M005881,1,1,0,0,1.0,0.6,False,,False
M021976,1,1,0,0,1.0,0.6,False,,False
M009827,1,1,0,0,1.0,0.6,False,,False
M030446,1,0,1,0,0.0,0.5,False,,False
M098198,1,1,0,0,1.0,0.6,False,,False
M054786,1,0,1,0,0.0,0.5,False,,False
M095010,1,1,0,0,1.0,0.6,False,,False
M086956,1,0,1,0,0.0,0.5,False,,False
M064334,1,0,1,0,0.0,0.5,False,,False
M037131,1,0,1,0,0.0,0.5,False,,False
M068835,1,1,0,0,1.0,0.6,False,,False
M059576,2,2,0,0,1.0,0.7,False,,False
M092647,2,2,0,0,1.0,0.7,False,,False
M017544,2,0,2,0,0.0,0.5,False,,False
M010018,1,1,0,0,1.0,0.6,False,,False
M003730,1,0,1,0,0.0,0.5,False,,False
M020553,1,0,1,0,0.0,0.5,False,,False
M094008,2,2,0,0,1.0,0.7,False,,False
M014442,1,1,0,0,1.0,0.6,False,,False
M048093,3,0,3,0,0.0,0.5,False,,False
M061184,2,0,2,0,0.0,0.5,False,,False
M025891,2,2,0,0,1.0,0.7,False,,False
M035452,2,2,0,0,1.0,0.7,False,,False
M044949,2,2,0,0,1.0,0.7,False,,False
M046656,1,1,0,0,1.0,0.6,False,,False
M031108,1,1,0,0,1.0,0.6,False,,False
M019439,1,0,0,1,-1.0,0.4,False,,False
M055262,1,1,0,0,1.0,0.6,False,,False
M053908,1,0,1,0,0.0,0.5,False,,False
M008058,1,1,0,0,1.0,0.6,False,,False
M061491,1,0,1,0,0.0,0.5,False,,False
M086846,1,1,0,0,1.0,0.6,False,,False
M016072,1,0,0,1,-1.0,0.4,False,,False
M097629,1,1,0,0,1.0,0.6,False,,False
M083953,1,1,0,0,1.0,0.6,False,,False
M023918,1,0,1,0,0.0,0.5,False,,False
M056775,1,0,1,0,0.0,0.5,False,,False
M080341,2,0,2,0,0.0,0.5,False,,False
M079047,1,1,0,0,1.0,0.6,False,,False
M057881,1,1,0,0,1.0,0.6,False,,False
M058675,1,1,0,0,1.0,0.6,False,,False
M010237,1,0,0,1,-1.0,0.4,False,,False
M005256,1,0,1,0,0.0,0.5,False,,False
M083124,1,1,0,0,1.0,0.6,False,,False
M064151,1,0,0,1,-1.0,0.4,False,,False
M061878,3,3,0,0,1.0,0.7999999999999999,False,,False
M082710,3,0,0,3,-1.0,0.20000000000000004,True,retrieval_count=3>=N_MIN=3 and average_utility=-1.0000<=BETA=-0.2,True
M059287,3,3,0,0,1.0,0.7999999999999999,False,,False
M052093,2,2,0,0,1.0,0.7,False,,False
M069072,2,2,0,0,1.0,0.7,False,,False
M018681,1,1,0,0,1.0,0.6,False,,False
M028828,1,1,0,0,1.0,0.6,False,,False
M019767,1,1,0,0,1.0,0.6,False,,False
M029258,1,1,0,0,1.0,0.6,False,,False
M011825,1,0,1,0,0.0,0.5,False,,False
M079333,2,2,0,0,1.0,0.7,False,,False
M056121,1,1,0,0,1.0,0.6,False,,False
M059020,1,1,0,0,1.0,0.6,False,,False
M051948,1,0,0,1,-1.0,0.4,False,,False
M037855,1,0,1,0,0.0,0.5,False,,False
M091053,1,1,0,0,1.0,0.6,False,,False
M074632,2,0,2,0,0.0,0.5,False,,False
M010288,1,1,0,0,1.0,0.6,False,,False
M056887,1,1,0,0,1.0,0.6,False,,False
M071339,2,0,2,0,0.0,0.5,False,,False
M069731,1,0,0,1,-1.0,0.4,False,,False
M076042,1,0,1,0,0.0,0.5,False,,False
M057097,1,1,0,0,1.0,0.6,False,,False
M064109,1,1,0,0,1.0,0.6,False,,False
M077220,1,1,0,0,1.0,0.6,False,,False
M027763,2,2,0,0,1.0,0.7,False,,False
M070966,1,1,0,0,1.0,0.6,False,,False
M048540,1,1,0,0,1.0,0.6,False,,False
M035948,1,0,0,1,-1.0,0.4,False,,False
M024295,1,0,0,1,-1.0,0.4,False,,False
M014930,2,0,2,0,0.0,0.5,False,,False
M021388,1,1,0,0,1.0,0.6,False,,False
M022047,1,1,0,0,1.0,0.6,False,,False
M027223,1,1,0,0,1.0,0.6,False,,False
M062596,1,0,1,0,0.0,0.5,False,,False
M002139,1,1,0,0,1.0,0.6,False,,False
M091861,1,0,1,0,0.0,0.5,False,,False
M084621,1,0,0,1,-1.0,0.4,False,,False
M039746,1,0,1,0,0.0,0.5,False,,False
M083345,1,1,0,0,1.0,0.6,False,,False
M091705,1,1,0,0,1.0,0.6,False,,False
M089455,2,2,0,0,1.0,0.7,False,,False
M084140,1,0,1,0,0.0,0.5,False,,False
M046710,1,1,0,0,1.0,0.6,False,,False
M071477,3,3,0,0,1.0,0.7999999999999999,False,,False
M091875,1,1,0,0,1.0,0.6,False,,False
M021646,1,1,0,0,1.0,0.6,False,,False
M002853,1,0,1,0,0.0,0.5,False,,False
M001296,1,0,1,0,0.0,0.5,False,,False
M015908,1,1,0,0,1.0,0.6,False,,False
M018712,1,0,1,0,0.0,0.5,False,,False
M092269,1,0,0,1,-1.0,0.4,False,,False
M075654,2,0,2,0,0.0,0.5,False,,False
M060890,1,1,0,0,1.0,0.6,False,,False
M036895,1,0,1,0,0.0,0.5,False,,False
M054598,1,0,1,0,0.0,0.5,False,,False
M024958,2,2,0,0,1.0,0.7,False,,False
M011208,1,1,0,0,1.0,0.6,False,,False
M013987,1,1,0,0,1.0,0.6,False,,False
M049802,1,1,0,0,1.0,0.6,False,,False
M011066,1,1,0,0,1.0,0.6,False,,False
M037152,1,1,0,0,1.0,0.6,False,,False
M043685,3,0,3,0,0.0,0.5,False,,False
M023265,1,0,1,0,0.0,0.5,False,,False
M038237,1,1,0,0,1.0,0.6,False,,False
M042001,1,1,0,0,1.0,0.6,False,,False
M041168,1,1,0,0,1.0,0.6,False,,False
M087505,4,0,4,0,0.0,0.5,False,,False
M095864,2,2,0,0,1.0,0.7,False,,False
M037117,1,0,1,0,0.0,0.5,False,,False
M016053,2,2,0,0,1.0,0.7,False,,False
M030140,3,0,3,0,0.0,0.5,False,,False
M038078,1,1,0,0,1.0,0.6,False,,False
M031405,3,3,0,0,1.0,0.7999999999999999,False,,False
M053034,2,0,2,0,0.0,0.5,False,,False
M070401,1,1,0,0,1.0,0.6,False,,False
M043459,1,1,0,0,1.0,0.6,False,,False
M050080,1,0,1,0,0.0,0.5,False,,False
M074040,1,0,1,0,0.0,0.5,False,,False
M046265,1,0,0,1,-1.0,0.4,False,,False
M033566,1,1,0,0,1.0,0.6,False,,False
M031628,1,1,0,0,1.0,0.6,False,,False
M016932,1,1,0,0,1.0,0.6,False,,False
M036420,1,1,0,0,1.0,0.6,False,,False
M034981,1,1,0,0,1.0,0.6,False,,False
M084514,1,1,0,0,1.0,0.6,False,,False
M022706,1,0,1,0,0.0,0.5,False,,False
M005254,1,0,1,0,0.0,0.5,False,,False
M012309,1,1,0,0,1.0,0.6,False,,False
M016668,2,0,0,2,-1.0,0.30000000000000004,False,,True
M002251,1,0,0,1,-1.0,0.4,False,,False
M004191,1,1,0,0,1.0,0.6,False,,False
M011595,1,0,1,0,0.0,0.5,False,,False
M021038,1,0,0,1,-1.0,0.4,False,,False
M058358,1,0,1,0,0.0,0.5,False,,False
M085880,1,0,1,0,0.0,0.5,False,,False
M030377,2,0,2,0,0.0,0.5,False,,False
M029937,1,0,1,0,0.0,0.5,False,,False
M080213,1,1,0,0,1.0,0.6,False,,False
M043958,1,1,0,0,1.0,0.6,False,,False
M043786,1,1,0,0,1.0,0.6,False,,False
M063636,1,0,1,0,0.0,0.5,False,,False
M004935,1,1,0,0,1.0,0.6,False,,False
M010879,2,2,0,0,1.0,0.7,False,,False
M025353,2,0,0,2,-1.0,0.30000000000000004,False,,True
M035266,2,2,0,0,1.0,0.7,False,,False
M024963,2,2,0,0,1.0,0.7,False,,False
M003692,1,0,1,0,0.0,0.5,False,,False
M096067,1,1,0,0,1.0,0.6,False,,False
M082497,1,0,1,0,0.0,0.5,False,,False
M035322,1,1,0,0,1.0,0.6,False,,False
M092918,1,1,0,0,1.0,0.6,False,,False
M098249,1,1,0,0,1.0,0.6,False,,False
M038496,2,0,2,0,0.0,0.5,False,,False
M075537,1,0,0,1,-1.0,0.4,False,,False
M086511,1,1,0,0,1.0,0.6,False,,False
M043757,1,0,1,0,0.0,0.5,False,,False
M067108,2,0,2,0,0.0,0.5,False,,False
M012884,2,0,2,0,0.0,0.5,False,,False
M092277,2,2,0,0,1.0,0.7,False,,False
M085752,2,2,0,0,1.0,0.7,False,,False
M055499,2,2,0,0,1.0,0.7,False,,False
M019978,2,0,2,0,0.0,0.5,False,,False
M029118,1,1,0,0,1.0,0.6,False,,False
M027548,1,1,0,0,1.0,0.6,False,,False
M027540,1,1,0,0,1.0,0.6,False,,False
M026420,1,1,0,0,1.0,0.6,False,,False
M017776,1,1,0,0,1.0,0.6,False,,False
M056259,1,0,1,0,0.0,0.5,False,,False
M092208,2,0,2,0,0.0,0.5,False,,False
M053420,1,1,0,0,1.0,0.6,False,,False
M066396,1,0,1,0,0.0,0.5,False,,False
M062246,1,0,1,0,0.0,0.5,False,,False
M034044,2,2,0,0,1.0,0.7,False,,False
M006724,1,1,0,0,1.0,0.6,False,,False
M017801,1,1,0,0,1.0,0.6,False,,False
M051551,1,1,0,0,1.0,0.6,False,,False
M010549,2,2,0,0,1.0,0.7,False,,False
M052668,1,1,0,0,1.0,0.6,False,,False
M061282,2,2,0,0,1.0,0.7,False,,False
M053350,1,1,0,0,1.0,0.6,False,,False
M053845,1,1,0,0,1.0,0.6,False,,False
M003860,2,2,0,0,1.0,0.7,False,,False
M024850,1,0,0,1,-1.0,0.4,False,,False
M090116,1,0,1,0,0.0,0.5,False,,False
M073217,1,1,0,0,1.0,0.6,False,,False
M053515,1,0,1,0,0.0,0.5,False,,False
M045762,1,0,1,0,0.0,0.5,False,,False
M011816,1,0,1,0,0.0,0.5,False,,False
M090529,1,1,0,0,1.0,0.6,False,,False
M037861,2,0,2,0,0.0,0.5,False,,False
M018724,1,0,1,0,0.0,0.5,False,,False
M062724,1,1,0,0,1.0,0.6,False,,False
M058349,2,2,0,0,1.0,0.7,False,,False
M058473,1,1,0,0,1.0,0.6,False,,False
M055435,2,0,2,0,0.0,0.5,False,,False
M057332,1,1,0,0,1.0,0.6,False,,False
M079751,1,1,0,0,1.0,0.6,False,,False
M070812,1,0,1,0,0.0,0.5,False,,False
M070132,2,2,0,0,1.0,0.7,False,,False
M070340,2,0,2,0,0.0,0.5,False,,False
M069926,1,1,0,0,1.0,0.6,False,,False
M070651,1,1,0,0,1.0,0.6,False,,False
M080927,1,0,0,1,-1.0,0.4,False,,False
M076685,1,0,0,1,-1.0,0.4,False,,False
M069946,1,0,1,0,0.0,0.5,False,,False
M097156,1,1,0,0,1.0,0.6,False,,False
M083874,1,0,1,0,0.0,0.5,False,,False
M016815,1,1,0,0,1.0,0.6,False,,False
M002338,2,2,0,0,1.0,0.7,False,,False
M074483,1,0,1,0,0.0,0.5,False,,False
M009569,1,1,0,0,1.0,0.6,False,,False
M018446,1,0,0,1,-1.0,0.4,False,,False
M089197,1,0,1,0,0.0,0.5,False,,False
M089842,1,1,0,0,1.0,0.6,False,,False
M083575,1,0,1,0,0.0,0.5,False,,False
M090792,1,1,0,0,1.0,0.6,False,,False
M074228,1,0,1,0,0.0,0.5,False,,False
M069287,1,1,0,0,1.0,0.6,False,,False
M082922,2,2,0,0,1.0,0.7,False,,False
M039674,1,0,1,0,0.0,0.5,False,,False
M014943,2,2,0,0,1.0,0.7,False,,False
M099704,2,2,0,0,1.0,0.7,False,,False
M061651,2,2,0,0,1.0,0.7,False,,False
M005811,1,0,1,0,0.0,0.5,False,,False
M071870,1,1,0,0,1.0,0.6,False,,False
M060108,2,2,0,0,1.0,0.7,False,,False
M089913,1,1,0,0,1.0,0.6,False,,False
M070506,1,1,0,0,1.0,0.6,False,,False
M096395,1,0,1,0,0.0,0.5,False,,False
M013212,1,1,0,0,1.0,0.6,False,,False
M006518,2,2,0,0,1.0,0.7,False,,False
M089545,1,1,0,0,1.0,0.6,False,,False
M000256,1,1,0,0,1.0,0.6,False,,False
M000150,1,1,0,0,1.0,0.6,False,,False
M089172,1,0,1,0,0.0,0.5,False,,False
M093018,1,1,0,0,1.0,0.6,False,,False
M045703,1,0,1,0,0.0,0.5,False,,False
M090854,1,1,0,0,1.0,0.6,False,,False
M024657,1,1,0,0,1.0,0.6,False,,False
M081431,2,2,0,0,1.0,0.7,False,,False
M075816,1,0,1,0,0.0,0.5,False,,False
M094385,1,0,1,0,0.0,0.5,False,,False
M099190,1,1,0,0,1.0,0.6,False,,False
M049971,2,2,0,0,1.0,0.7,False,,False
M070927,2,0,0,2,-1.0,0.30000000000000004,False,,True
M081701,1,1,0,0,1.0,0.6,False,,False
M067785,1,1,0,0,1.0,0.6,False,,False
M089844,1,0,1,0,0.0,0.5,False,,False
M071089,1,1,0,0,1.0,0.6,False,,False
M061116,1,0,0,1,-1.0,0.4,False,,False
M075563,1,0,1,0,0.0,0.5,False,,False
M055440,1,0,1,0,0.0,0.5,False,,False
M074931,1,0,1,0,0.0,0.5,False,,False
M046214,1,0,1,0,0.0,0.5,False,,False
M099555,1,1,0,0,1.0,0.6,False,,False
M072097,1,0,1,0,0.0,0.5,False,,False
M076529,1,0,1,0,0.0,0.5,False,,False
M067556,1,0,0,1,-1.0,0.4,False,,False
M075520,1,0,1,0,0.0,0.5,False,,False
M079248,1,0,1,0,0.0,0.5,False,,False
M075425,1,1,0,0,1.0,0.6,False,,False
M049133,1,0,1,0,0.0,0.5,False,,False
M012371,1,0,0,1,-1.0,0.4,False,,False
M079368,3,3,0,0,1.0,0.7999999999999999,False,,False
M054471,1,1,0,0,1.0,0.6,False,,False
M060394,1,0,1,0,0.0,0.5,False,,False
M054773,1,1,0,0,1.0,0.6,False,,False
M054520,1,1,0,0,1.0,0.6,False,,False
M057433,1,0,1,0,0.0,0.5,False,,False
M101107,2,0,2,0,0.0,0.5,False,,False
M093370,1,1,0,0,1.0,0.6,False,,False
M101505,2,2,0,0,1.0,0.7,False,,False
M080302,2,2,0,0,1.0,0.7,False,,False
M083054,1,1,0,0,1.0,0.6,False,,False
M019532,2,2,0,0,1.0,0.7,False,,False
M007008,1,1,0,0,1.0,0.6,False,,False
M004318,1,0,1,0,0.0,0.5,False,,False
M032074,1,1,0,0,1.0,0.6,False,,False
M027810,1,0,1,0,0.0,0.5,False,,False
M024002,1,0,1,0,0.0,0.5,False,,False
M034725,1,0,0,1,-1.0,0.4,False,,False
M033150,2,2,0,0,1.0,0.7,False,,False
M020599,1,0,1,0,0.0,0.5,False,,False
M018322,1,1,0,0,1.0,0.6,False,,False
M078759,2,2,0,0,1.0,0.7,False,,False
M038271,1,0,1,0,0.0,0.5,False,,False
M025292,1,0,1,0,0.0,0.5,False,,False
M082558,1,1,0,0,1.0,0.6,False,,False
M029620,1,0,1,0,0.0,0.5,False,,False
M063598,1,0,1,0,0.0,0.5,False,,False
M075561,1,0,1,0,0.0,0.5,False,,False
M065842,1,0,1,0,0.0,0.5,False,,False
M062253,1,1,0,0,1.0,0.6,False,,False
M068323,1,0,1,0,0.0,0.5,False,,False
M066125,1,0,1,0,0.0,0.5,False,,False
M056479,1,0,0,1,-1.0,0.4,False,,False
M068073,2,2,0,0,1.0,0.7,False,,False
M010507,1,0,1,0,0.0,0.5,False,,False
M068226,1,1,0,0,1.0,0.6,False,,False
M025056,1,1,0,0,1.0,0.6,False,,False
M030441,1,0,1,0,0.0,0.5,False,,False
M044465,2,0,2,0,0.0,0.5,False,,False
M045996,1,0,1,0,0.0,0.5,False,,False
M044168,1,1,0,0,1.0,0.6,False,,False
M076140,2,0,0,2,-1.0,0.30000000000000004,False,,True
M041816,2,0,2,0,0.0,0.5,False,,False
M085087,1,0,1,0,0.0,0.5,False,,False
M092535,1,1,0,0,1.0,0.6,False,,False
M056304,1,1,0,0,1.0,0.6,False,,False
M060002,1,1,0,0,1.0,0.6,False,,False
M076554,1,0,0,1,-1.0,0.4,False,,False
M035488,1,1,0,0,1.0,0.6,False,,False
M041244,1,1,0,0,1.0,0.6,False,,False
M036665,1,1,0,0,1.0,0.6,False,,False
M051711,1,1,0,0,1.0,0.6,False,,False
M005846,1,1,0,0,1.0,0.6,False,,False
M067211,1,1,0,0,1.0,0.6,False,,False
M062966,1,1,0,0,1.0,0.6,False,,False
M060038,1,0,1,0,0.0,0.5,False,,False
M067286,1,0,0,1,-1.0,0.4,False,,False
M061355,2,2,0,0,1.0,0.7,False,,False
M052613,1,0,1,0,0.0,0.5,False,,False
M089628,3,3,0,0,1.0,0.7999999999999999,False,,False
M016684,1,0,0,1,-1.0,0.4,False,,False
M076132,1,0,1,0,0.0,0.5,False,,False
M022197,1,0,1,0,0.0,0.5,False,,False
M027508,1,0,0,1,-1.0,0.4,False,,False
M035206,1,1,0,0,1.0,0.6,False,,False
M028343,1,0,1,0,0.0,0.5,False,,False
M036298,1,1,0,0,1.0,0.6,False,,False
M028219,1,1,0,0,1.0,0.6,False,,False
M039182,1,1,0,0,1.0,0.6,False,,False
M072858,1,0,1,0,0.0,0.5,False,,False
M047349,1,0,1,0,0.0,0.5,False,,False
M070889,1,0,0,1,-1.0,0.4,False,,False
M101414,1,1,0,0,1.0,0.6,False,,False
M003904,1,1,0,0,1.0,0.6,False,,False
M033789,1,1,0,0,1.0,0.6,False,,False
M012611,1,0,1,0,0.0,0.5,False,,False
M002235,1,1,0,0,1.0,0.6,False,,False
M061486,1,1,0,0,1.0,0.6,False,,False
M006829,1,1,0,0,1.0,0.6,False,,False
M004482,1,0,1,0,0.0,0.5,False,,False
M073918,1,0,1,0,0.0,0.5,False,,False
M006896,1,1,0,0,1.0,0.6,False,,False
M013077,1,1,0,0,1.0,0.6,False,,False
M011812,1,1,0,0,1.0,0.6,False,,False
M052378,1,1,0,0,1.0,0.6,False,,False
M004160,1,0,1,0,0.0,0.5,False,,False
M030147,1,0,0,1,-1.0,0.4,False,,False
M096242,3,0,3,0,0.0,0.5,False,,False
M092288,1,1,0,0,1.0,0.6,False,,False
M082959,1,1,0,0,1.0,0.6,False,,False
M031039,1,1,0,0,1.0,0.6,False,,False
M043903,2,0,2,0,0.0,0.5,False,,False
M017854,1,1,0,0,1.0,0.6,False,,False
M065845,1,0,1,0,0.0,0.5,False,,False
M071187,1,0,1,0,0.0,0.5,False,,False
M078633,2,2,0,0,1.0,0.7,False,,False
M068602,1,1,0,0,1.0,0.6,False,,False
M022270,1,0,1,0,0.0,0.5,False,,False
M062400,1,1,0,0,1.0,0.6,False,,False
M098734,1,1,0,0,1.0,0.6,False,,False
M091790,1,1,0,0,1.0,0.6,False,,False
M085193,1,0,1,0,0.0,0.5,False,,False
M074576,1,1,0,0,1.0,0.6,False,,False
M061530,1,1,0,0,1.0,0.6,False,,False
M077307,1,0,1,0,0.0,0.5,False,,False
M052894,1,1,0,0,1.0,0.6,False,,False
M049052,1,0,1,0,0.0,0.5,False,,False
M028394,1,0,0,1,-1.0,0.4,False,,False
M008364,1,0,1,0,0.0,0.5,False,,False
M031927,1,1,0,0,1.0,0.6,False,,False
M029862,1,1,0,0,1.0,0.6,False,,False
M030126,1,0,0,1,-1.0,0.4,False,,False
M087289,1,0,0,1,-1.0,0.4,False,,False
M013134,1,0,1,0,0.0,0.5,False,,False
M003746,1,1,0,0,1.0,0.6,False,,False
M088521,2,2,0,0,1.0,0.7,False,,False
M069437,2,0,2,0,0.0,0.5,False,,False
M043590,1,1,0,0,1.0,0.6,False,,False
M040379,1,0,1,0,0.0,0.5,False,,False
M014020,1,0,1,0,0.0,0.5,False,,False
M098225,1,1,0,0,1.0,0.6,False,,False
M043277,1,1,0,0,1.0,0.6,False,,False
M074363,1,1,0,0,1.0,0.6,False,,False
M044498,1,1,0,0,1.0,0.6,False,,False
M048642,1,0,1,0,0.0,0.5,False,,False
M056602,1,0,0,1,-1.0,0.4,False,,False
M071625,1,1,0,0,1.0,0.6,False,,False
M061264,1,1,0,0,1.0,0.6,False,,False
M082894,1,1,0,0,1.0,0.6,False,,False
M041520,1,1,0,0,1.0,0.6,False,,False
M044561,1,1,0,0,1.0,0.6,False,,False
M066964,1,1,0,0,1.0,0.6,False,,False
M080787,1,0,1,0,0.0,0.5,False,,False
M041803,1,0,1,0,0.0,0.5,False,,False
M035477,1,1,0,0,1.0,0.6,False,,False
M041035,2,2,0,0,1.0,0.7,False,,False
M063282,3,3,0,0,1.0,0.7999999999999999,False,,False
M094269,2,2,0,0,1.0,0.7,False,,False
M030846,1,1,0,0,1.0,0.6,False,,False
M009478,1,0,0,1,-1.0,0.4,False,,False
M022508,1,0,0,1,-1.0,0.4,False,,False
M025149,2,0,2,0,0.0,0.5,False,,False
M025514,2,0,0,2,-1.0,0.30000000000000004,False,,True
M020356,1,1,0,0,1.0,0.6,False,,False
M032401,1,0,1,0,0.0,0.5,False,,False
M006140,1,1,0,0,1.0,0.6,False,,False
M065679,1,1,0,0,1.0,0.6,False,,False
M066018,1,1,0,0,1.0,0.6,False,,False
M068988,1,1,0,0,1.0,0.6,False,,False
M046785,1,0,0,1,-1.0,0.4,False,,False
M063578,1,0,1,0,0.0,0.5,False,,False
M049675,1,0,1,0,0.0,0.5,False,,False
M037764,1,1,0,0,1.0,0.6,False,,False
M058732,1,1,0,0,1.0,0.6,False,,False
M015450,1,1,0,0,1.0,0.6,False,,False
M015316,1,1,0,0,1.0,0.6,False,,False
M016327,1,1,0,0,1.0,0.6,False,,False
M034776,2,2,0,0,1.0,0.7,False,,False
M017520,3,0,3,0,0.0,0.5,False,,False
M025075,2,2,0,0,1.0,0.7,False,,False
M046894,1,1,0,0,1.0,0.6,False,,False
M018368,3,3,0,0,1.0,0.7999999999999999,False,,False
M098751,2,2,0,0,1.0,0.7,False,,False
M065691,1,1,0,0,1.0,0.6,False,,False
M042792,2,2,0,0,1.0,0.7,False,,False
M080103,1,1,0,0,1.0,0.6,False,,False
M072500,2,2,0,0,1.0,0.7,False,,False
M058198,1,0,1,0,0.0,0.5,False,,False
M059899,1,1,0,0,1.0,0.6,False,,False
M044955,1,0,1,0,0.0,0.5,False,,False
M051777,1,1,0,0,1.0,0.6,False,,False
M052884,1,0,1,0,0.0,0.5,False,,False
M066817,1,1,0,0,1.0,0.6,False,,False
M026751,1,1,0,0,1.0,0.6,False,,False
M003781,1,0,1,0,0.0,0.5,False,,False
M023131,1,1,0,0,1.0,0.6,False,,False
M057204,1,0,1,0,0.0,0.5,False,,False
M006653,1,1,0,0,1.0,0.6,False,,False
M010087,1,0,1,0,0.0,0.5,False,,False
M043367,2,0,2,0,0.0,0.5,False,,False
M044599,1,0,0,1,-1.0,0.4,False,,False
M090000,1,1,0,0,1.0,0.6,False,,False
M099921,1,1,0,0,1.0,0.6,False,,False
M049699,1,0,0,1,-1.0,0.4,False,,False
M010155,1,0,1,0,0.0,0.5,False,,False
M049529,2,2,0,0,1.0,0.7,False,,False
M062529,1,0,1,0,0.0,0.5,False,,False
M010519,1,1,0,0,1.0,0.6,False,,False
M009028,2,0,2,0,0.0,0.5,False,,False
M016920,2,2,0,0,1.0,0.7,False,,False
M041412,1,0,1,0,0.0,0.5,False,,False
M013656,1,1,0,0,1.0,0.6,False,,False
M053890,1,0,1,0,0.0,0.5,False,,False
M047637,1,1,0,0,1.0,0.6,False,,False
M016720,1,1,0,0,1.0,0.6,False,,False
M007082,1,0,1,0,0.0,0.5,False,,False
M089275,1,1,0,0,1.0,0.6,False,,False
M060537,1,0,1,0,0.0,0.5,False,,False
M098702,1,1,0,0,1.0,0.6,False,,False
M029497,1,0,1,0,0.0,0.5,False,,False
M028285,1,1,0,0,1.0,0.6,False,,False
M027703,1,1,0,0,1.0,0.6,False,,False
M031977,1,1,0,0,1.0,0.6,False,,False
M013308,1,0,0,1,-1.0,0.4,False,,False
M096980,1,1,0,0,1.0,0.6,False,,False
M084928,1,1,0,0,1.0,0.6,False,,False
M101292,1,1,0,0,1.0,0.6,False,,False
M057181,1,1,0,0,1.0,0.6,False,,False
M093332,1,1,0,0,1.0,0.6,False,,False
M093890,1,1,0,0,1.0,0.6,False,,False
M003875,1,1,0,0,1.0,0.6,False,,False
M037708,1,0,1,0,0.0,0.5,False,,False
M040931,1,0,1,0,0.0,0.5,False,,False
M090025,1,0,1,0,0.0,0.5,False,,False
M044625,1,0,1,0,0.0,0.5,False,,False
M046490,1,0,1,0,0.0,0.5,False,,False
M098216,1,0,1,0,0.0,0.5,False,,False
M010130,1,1,0,0,1.0,0.6,False,,False
M021016,1,0,0,1,-1.0,0.4,False,,False
M082624,1,0,1,0,0.0,0.5,False,,False
M012241,1,1,0,0,1.0,0.6,False,,False
M059560,1,0,1,0,0.0,0.5,False,,False
M070592,1,0,1,0,0.0,0.5,False,,False
M064554,2,2,0,0,1.0,0.7,False,,False
M057391,2,0,2,0,0.0,0.5,False,,False
M051131,1,1,0,0,1.0,0.6,False,,False
M036701,1,0,1,0,0.0,0.5,False,,False
M004889,1,1,0,0,1.0,0.6,False,,False
M019210,1,1,0,0,1.0,0.6,False,,False
M011056,1,1,0,0,1.0,0.6,False,,False
M041937,2,0,2,0,0.0,0.5,False,,False
M063143,3,0,3,0,0.0,0.5,False,,False
M022547,2,2,0,0,1.0,0.7,False,,False
M043170,1,0,0,1,-1.0,0.4,False,,False
M012090,1,0,1,0,0.0,0.5,False,,False
M027382,1,1,0,0,1.0,0.6,False,,False
M027003,1,1,0,0,1.0,0.6,False,,False
M031619,1,1,0,0,1.0,0.6,False,,False
M026871,1,0,1,0,0.0,0.5,False,,False
M090958,1,1,0,0,1.0,0.6,False,,False
M053735,1,0,1,0,0.0,0.5,False,,False
M072532,1,1,0,0,1.0,0.6,False,,False
M070209,1,0,1,0,0.0,0.5,False,,False
M018527,1,0,0,1,-1.0,0.4,False,,False
M080083,1,0,1,0,0.0,0.5,False,,False
M077018,1,1,0,0,1.0,0.6,False,,False
M097759,1,0,1,0,0.0,0.5,False,,False
M056673,2,2,0,0,1.0,0.7,False,,False
M075028,2,0,2,0,0.0,0.5,False,,False
M044715,1,0,0,1,-1.0,0.4,False,,False
M089418,1,1,0,0,1.0,0.6,False,,False
M047286,1,0,1,0,0.0,0.5,False,,False
M073629,1,1,0,0,1.0,0.6,False,,False
M048698,1,1,0,0,1.0,0.6,False,,False
M003937,2,2,0,0,1.0,0.7,False,,False
M021449,1,1,0,0,1.0,0.6,False,,False
M015809,1,1,0,0,1.0,0.6,False,,False
M007342,1,1,0,0,1.0,0.6,False,,False
M019877,1,0,1,0,0.0,0.5,False,,False
M058354,2,2,0,0,1.0,0.7,False,,False
M074340,2,2,0,0,1.0,0.7,False,,False
M022920,2,0,2,0,0.0,0.5,False,,False
M021184,1,0,1,0,0.0,0.5,False,,False
M032015,2,0,0,2,-1.0,0.30000000000000004,False,,True
M080774,1,0,1,0,0.0,0.5,False,,False
M014997,1,0,1,0,0.0,0.5,False,,False
M020841,1,1,0,0,1.0,0.6,False,,False
M016973,1,0,1,0,0.0,0.5,False,,False
M048070,1,0,1,0,0.0,0.5,False,,False
M069890,1,0,1,0,0.0,0.5,False,,False
M054207,1,0,1,0,0.0,0.5,False,,False
M093764,1,0,1,0,0.0,0.5,False,,False
M036799,1,0,1,0,0.0,0.5,False,,False
M063392,1,1,0,0,1.0,0.6,False,,False
M057031,1,0,0,1,-1.0,0.4,False,,False
M016524,1,1,0,0,1.0,0.6,False,,False
M032369,1,1,0,0,1.0,0.6,False,,False
M046712,1,1,0,0,1.0,0.6,False,,False
M031472,1,1,0,0,1.0,0.6,False,,False
M043642,1,0,1,0,0.0,0.5,False,,False
M092692,1,1,0,0,1.0,0.6,False,,False
M060112,1,1,0,0,1.0,0.6,False,,False
M040690,1,0,0,1,-1.0,0.4,False,,False
M063084,1,1,0,0,1.0,0.6,False,,False
M032190,1,1,0,0,1.0,0.6,False,,False
M032795,1,1,0,0,1.0,0.6,False,,False
M030316,2,2,0,0,1.0,0.7,False,,False
M041847,1,1,0,0,1.0,0.6,False,,False
M033370,1,1,0,0,1.0,0.6,False,,False
M040726,1,1,0,0,1.0,0.6,False,,False
M001399,1,0,1,0,0.0,0.5,False,,False
M047547,1,1,0,0,1.0,0.6,False,,False
M033581,1,1,0,0,1.0,0.6,False,,False
M016487,1,1,0,0,1.0,0.6,False,,False
M063010,2,2,0,0,1.0,0.7,False,,False
M071926,2,2,0,0,1.0,0.7,False,,False
M082556,2,0,2,0,0.0,0.5,False,,False
M087203,3,3,0,0,1.0,0.7999999999999999,False,,False
M048917,2,2,0,0,1.0,0.7,False,,False
M064688,1,0,0,1,-1.0,0.4,False,,False
M000386,1,1,0,0,1.0,0.6,False,,False
M014703,1,1,0,0,1.0,0.6,False,,False
M100472,1,0,1,0,0.0,0.5,False,,False
M068787,1,1,0,0,1.0,0.6,False,,False
M089726,1,0,0,1,-1.0,0.4,False,,False
M069949,1,0,1,0,0.0,0.5,False,,False
M088430,1,0,1,0,0.0,0.5,False,,False
M097452,1,1,0,0,1.0,0.6,False,,False
M076851,1,0,1,0,0.0,0.5,False,,False
M014352,1,1,0,0,1.0,0.6,False,,False
M003643,1,0,1,0,0.0,0.5,False,,False
M019273,1,1,0,0,1.0,0.6,False,,False
M007736,1,1,0,0,1.0,0.6,False,,False
M020536,1,1,0,0,1.0,0.6,False,,False
M039754,1,0,1,0,0.0,0.5,False,,False
M040309,1,0,1,0,0.0,0.5,False,,False
M046507,1,1,0,0,1.0,0.6,False,,False
M046587,2,0,2,0,0.0,0.5,False,,False
M073604,1,0,1,0,0.0,0.5,False,,False
M096196,1,0,1,0,0.0,0.5,False,,False
M098514,1,0,1,0,0.0,0.5,False,,False
M061241,1,1,0,0,1.0,0.6,False,,False
M095620,1,0,1,0,0.0,0.5,False,,False
M086491,2,2,0,0,1.0,0.7,False,,False
M053888,1,0,0,1,-1.0,0.4,False,,False
M079598,1,0,1,0,0.0,0.5,False,,False
M026130,1,1,0,0,1.0,0.6,False,,False
M035202,1,1,0,0,1.0,0.6,False,,False
M023350,1,1,0,0,1.0,0.6,False,,False
M079123,1,0,1,0,0.0,0.5,False,,False
M048165,1,0,1,0,0.0,0.5,False,,False
M055891,1,1,0,0,1.0,0.6,False,,False
M096019,1,0,1,0,0.0,0.5,False,,False
M059653,1,1,0,0,1.0,0.6,False,,False
M100485,1,1,0,0,1.0,0.6,False,,False
M065415,1,0,1,0,0.0,0.5,False,,False
M070200,1,1,0,0,1.0,0.6,False,,False
M061242,1,0,1,0,0.0,0.5,False,,False
M081451,1,1,0,0,1.0,0.6,False,,False
M063720,1,0,1,0,0.0,0.5,False,,False
M037696,1,0,1,0,0.0,0.5,False,,False
M034817,1,1,0,0,1.0,0.6,False,,False
M010352,1,0,1,0,0.0,0.5,False,,False
M004574,1,0,1,0,0.0,0.5,False,,False
M084553,1,0,0,1,-1.0,0.4,False,,False
M001974,1,1,0,0,1.0,0.6,False,,False
M063273,1,1,0,0,1.0,0.6,False,,False
M097742,1,1,0,0,1.0,0.6,False,,False
M079589,1,1,0,0,1.0,0.6,False,,False
M036572,1,0,1,0,0.0,0.5,False,,False
M048930,1,1,0,0,1.0,0.6,False,,False
M013423,1,0,1,0,0.0,0.5,False,,False
M006245,1,0,1,0,0.0,0.5,False,,False
M008204,1,0,0,1,-1.0,0.4,False,,False
M006313,1,0,1,0,0.0,0.5,False,,False
M011051,2,2,0,0,1.0,0.7,False,,False
M058239,1,0,1,0,0.0,0.5,False,,False
M033894,1,1,0,0,1.0,0.6,False,,False
M006715,1,0,1,0,0.0,0.5,False,,False
M038899,1,1,0,0,1.0,0.6,False,,False
M045398,1,0,0,1,-1.0,0.4,False,,False
M033690,1,1,0,0,1.0,0.6,False,,False
M059849,1,0,1,0,0.0,0.5,False,,False
M059775,1,0,0,1,-1.0,0.4,False,,False
M029493,1,1,0,0,1.0,0.6,False,,False
M039068,1,1,0,0,1.0,0.6,False,,False
M054645,2,0,2,0,0.0,0.5,False,,False
M014179,1,1,0,0,1.0,0.6,False,,False
M056616,2,2,0,0,1.0,0.7,False,,False
M074204,1,0,1,0,0.0,0.5,False,,False
M076654,1,0,1,0,0.0,0.5,False,,False
M039400,1,1,0,0,1.0,0.6,False,,False
M032318,1,0,1,0,0.0,0.5,False,,False
M044204,1,1,0,0,1.0,0.6,False,,False
M024603,1,1,0,0,1.0,0.6,False,,False
M090089,2,2,0,0,1.0,0.7,False,,False
M073967,1,1,0,0,1.0,0.6,False,,False
M049609,1,0,1,0,0.0,0.5,False,,False
M028992,1,1,0,0,1.0,0.6,False,,False
M037635,1,0,0,1,-1.0,0.4,False,,False
M019233,1,0,0,1,-1.0,0.4,False,,False
M065437,2,0,2,0,0.0,0.5,False,,False
M060238,3,0,3,0,0.0,0.5,False,,False
M046476,1,0,0,1,-1.0,0.4,False,,False
M084757,3,0,0,3,-1.0,0.20000000000000004,True,retrieval_count=3>=N_MIN=3 and average_utility=-1.0000<=BETA=-0.2,True
M075493,2,0,2,0,0.0,0.5,False,,False
M024415,1,1,0,0,1.0,0.6,False,,False
M033324,1,1,0,0,1.0,0.6,False,,False
M049424,1,1,0,0,1.0,0.6,False,,False
M046746,1,0,0,1,-1.0,0.4,False,,False
M002847,1,1,0,0,1.0,0.6,False,,False
M055564,1,0,0,1,-1.0,0.4,False,,False
M025339,1,0,1,0,0.0,0.5,False,,False
M031120,1,1,0,0,1.0,0.6,False,,False
M033352,1,0,0,1,-1.0,0.4,False,,False
M035706,1,1,0,0,1.0,0.6,False,,False
M024716,1,1,0,0,1.0,0.6,False,,False
M045320,1,0,1,0,0.0,0.5,False,,False
M026949,1,1,0,0,1.0,0.6,False,,False
M060614,1,1,0,0,1.0,0.6,False,,False
M031797,1,1,0,0,1.0,0.6,False,,False
M067537,1,0,1,0,0.0,0.5,False,,False
M037116,1,0,1,0,0.0,0.5,False,,False
M003736,1,1,0,0,1.0,0.6,False,,False
M001200,1,0,1,0,0.0,0.5,False,,False
M022948,1,1,0,0,1.0,0.6,False,,False
M006597,1,1,0,0,1.0,0.6,False,,False
M068077,1,0,0,1,-1.0,0.4,False,,False
M101761,1,0,1,0,0.0,0.5,False,,False
M099592,1,0,0,1,-1.0,0.4,False,,False
M083792,1,1,0,0,1.0,0.6,False,,False
M084684,1,0,0,1,-1.0,0.4,False,,False
M081165,1,1,0,0,1.0,0.6,False,,False
M053323,1,0,1,0,0.0,0.5,False,,False
M055726,1,0,1,0,0.0,0.5,False,,False
M074597,1,1,0,0,1.0,0.6,False,,False
M064159,1,1,0,0,1.0,0.6,False,,False
M094465,1,0,1,0,0.0,0.5,False,,False
M090993,1,1,0,0,1.0,0.6,False,,False
M099030,1,1,0,0,1.0,0.6,False,,False
M097246,1,0,0,1,-1.0,0.4,False,,False
M088756,1,0,1,0,0.0,0.5,False,,False
M000791,1,1,0,0,1.0,0.6,False,,False
M074028,3,3,0,0,1.0,0.7999999999999999,False,,False
M010216,1,1,0,0,1.0,0.6,False,,False
M043424,1,0,0,1,-1.0,0.4,False,,False
M013337,1,1,0,0,1.0,0.6,False,,False
M076934,1,0,1,0,0.0,0.5,False,,False
M065432,1,0,1,0,0.0,0.5,False,,False
M098877,1,0,1,0,0.0,0.5,False,,False
M096392,1,0,1,0,0.0,0.5,False,,False
M095974,1,1,0,0,1.0,0.6,False,,False
M038685,1,1,0,0,1.0,0.6,False,,False
M029271,1,0,1,0,0.0,0.5,False,,False
M058253,1,1,0,0,1.0,0.6,False,,False
M040963,1,1,0,0,1.0,0.6,False,,False
M005513,1,0,1,0,0.0,0.5,False,,False
M082230,1,0,1,0,0.0,0.5,False,,False
M055843,1,1,0,0,1.0,0.6,False,,False
M088868,1,0,1,0,0.0,0.5,False,,False
M029421,1,0,1,0,0.0,0.5,False,,False
M067649,1,0,1,0,0.0,0.5,False,,False
M070322,1,0,1,0,0.0,0.5,False,,False
M024329,1,0,0,1,-1.0,0.4,False,,False
M018784,1,0,0,1,-1.0,0.4,False,,False
M081246,2,2,0,0,1.0,0.7,False,,False
M054722,1,0,0,1,-1.0,0.4,False,,False
M055498,1,1,0,0,1.0,0.6,False,,False
M051041,1,0,1,0,0.0,0.5,False,,False
M094460,1,1,0,0,1.0,0.6,False,,False
M037553,1,0,1,0,0.0,0.5,False,,False
M037677,1,1,0,0,1.0,0.6,False,,False
M004887,1,0,0,1,-1.0,0.4,False,,False
M023247,2,2,0,0,1.0,0.7,False,,False
M034504,2,2,0,0,1.0,0.7,False,,False
M038005,1,1,0,0,1.0,0.6,False,,False
M051780,1,1,0,0,1.0,0.6,False,,False
M034395,3,0,3,0,0.0,0.5,False,,False
M045111,1,1,0,0,1.0,0.6,False,,False
M039766,3,0,0,3,-1.0,0.20000000000000004,True,retrieval_count=3>=N_MIN=3 and average_utility=-1.0000<=BETA=-0.2,True
M004840,1,1,0,0,1.0,0.6,False,,False
M035084,1,1,0,0,1.0,0.6,False,,False
M032312,1,1,0,0,1.0,0.6,False,,False
M031634,1,1,0,0,1.0,0.6,False,,False
M090840,1,0,1,0,0.0,0.5,False,,False
M088304,1,0,0,1,-1.0,0.4,False,,False
M024344,1,1,0,0,1.0,0.6,False,,False
M032482,1,1,0,0,1.0,0.6,False,,False
M043022,1,0,0,1,-1.0,0.4,False,,False
M030872,1,1,0,0,1.0,0.6,False,,False
M030038,1,0,1,0,0.0,0.5,False,,False
M030044,1,0,0,1,-1.0,0.4,False,,False
M037374,1,0,1,0,0.0,0.5,False,,False
M080094,1,0,1,0,0.0,0.5,False,,False
M098458,1,1,0,0,1.0,0.6,False,,False
M081194,2,2,0,0,1.0,0.7,False,,False
M072176,1,1,0,0,1.0,0.6,False,,False
M025100,1,0,1,0,0.0,0.5,False,,False
M002618,1,0,1,0,0.0,0.5,False,,False
M068646,2,2,0,0,1.0,0.7,False,,False
M001659,1,0,1,0,0.0,0.5,False,,False
M014035,1,1,0,0,1.0,0.6,False,,False
M030701,1,1,0,0,1.0,0.6,False,,False
M091465,1,1,0,0,1.0,0.6,False,,False
M040313,2,2,0,0,1.0,0.7,False,,False
M054349,1,1,0,0,1.0,0.6,False,,False
M072732,1,1,0,0,1.0,0.6,False,,False
M026445,1,1,0,0,1.0,0.6,False,,False
M021923,1,1,0,0,1.0,0.6,False,,False
M016361,2,2,0,0,1.0,0.7,False,,False
M075325,1,1,0,0,1.0,0.6,False,,False
M019145,1,1,0,0,1.0,0.6,False,,False
M050001,1,0,1,0,0.0,0.5,False,,False
M086121,2,2,0,0,1.0,0.7,False,,False
M067597,1,0,1,0,0.0,0.5,False,,False
M089784,1,0,0,1,-1.0,0.4,False,,False
M042712,1,1,0,0,1.0,0.6,False,,False
M091349,1,0,0,1,-1.0,0.4,False,,False
M050590,1,0,1,0,0.0,0.5,False,,False
M040594,1,0,1,0,0.0,0.5,False,,False
M070175,1,0,1,0,0.0,0.5,False,,False
M057555,1,0,1,0,0.0,0.5,False,,False
M092088,1,0,0,1,-1.0,0.4,False,,False
M060787,1,1,0,0,1.0,0.6,False,,False
M042969,2,0,2,0,0.0,0.5,False,,False
M092897,1,1,0,0,1.0,0.6,False,,False
M047931,1,1,0,0,1.0,0.6,False,,False
M066879,1,1,0,0,1.0,0.6,False,,False
M080963,1,0,1,0,0.0,0.5,False,,False
M079685,1,1,0,0,1.0,0.6,False,,False
M038289,1,0,1,0,0.0,0.5,False,,False
M101250,2,2,0,0,1.0,0.7,False,,False
M056992,1,1,0,0,1.0,0.6,False,,False
M079492,1,1,0,0,1.0,0.6,False,,False
M048348,1,0,0,1,-1.0,0.4,False,,False
M087009,1,1,0,0,1.0,0.6,False,,False
M051783,2,2,0,0,1.0,0.7,False,,False
M036835,2,2,0,0,1.0,0.7,False,,False
M007013,3,0,3,0,0.0,0.5,False,,False
M043075,1,1,0,0,1.0,0.6,False,,False
M084441,1,0,1,0,0.0,0.5,False,,False
M089203,3,3,0,0,1.0,0.7999999999999999,False,,False
M089195,3,3,0,0,1.0,0.7999999999999999,False,,False
M080392,1,1,0,0,1.0,0.6,False,,False
M065568,3,0,3,0,0.0,0.5,False,,False
M067473,1,1,0,0,1.0,0.6,False,,False
M043990,1,0,1,0,0.0,0.5,False,,False
M004381,1,0,1,0,0.0,0.5,False,,False
M054354,2,2,0,0,1.0,0.7,False,,False
M004116,1,0,1,0,0.0,0.5,False,,False
M022548,1,1,0,0,1.0,0.6,False,,False
M089230,1,1,0,0,1.0,0.6,False,,False
M010950,1,1,0,0,1.0,0.6,False,,False
M016764,1,1,0,0,1.0,0.6,False,,False
M002815,1,1,0,0,1.0,0.6,False,,False
M017750,1,1,0,0,1.0,0.6,False,,False
M075681,1,0,1,0,0.0,0.5,False,,False
M007512,1,1,0,0,1.0,0.6,False,,False
M009757,1,1,0,0,1.0,0.6,False,,False
M003861,1,0,1,0,0.0,0.5,False,,False
M095046,1,1,0,0,1.0,0.6,False,,False
M090359,1,1,0,0,1.0,0.6,False,,False
M070528,1,0,1,0,0.0,0.5,False,,False
M070794,1,0,1,0,0.0,0.5,False,,False
M100357,1,0,1,0,0.0,0.5,False,,False
M030299,1,0,1,0,0.0,0.5,False,,False
M028885,1,1,0,0,1.0,0.6,False,,False
M023259,1,1,0,0,1.0,0.6,False,,False
M028876,1,1,0,0,1.0,0.6,False,,False
M008032,1,1,0,0,1.0,0.6,False,,False
M001425,1,0,1,0,0.0,0.5,False,,False
M010152,1,1,0,0,1.0,0.6,False,,False
M063734,1,1,0,0,1.0,0.6,False,,False
M100608,1,0,1,0,0.0,0.5,False,,False
M092014,1,0,1,0,0.0,0.5,False,,False
M079247,1,1,0,0,1.0,0.6,False,,False
M070323,1,1,0,0,1.0,0.6,False,,False
M043876,1,1,0,0,1.0,0.6,False,,False
M019109,1,1,0,0,1.0,0.6,False,,False
M063160,1,1,0,0,1.0,0.6,False,,False
M049887,1,0,1,0,0.0,0.5,False,,False
M016368,2,0,2,0,0.0,0.5,False,,False
M016983,1,0,1,0,0.0,0.5,False,,False
M023664,2,2,0,0,1.0,0.7,False,,False
M049095,2,2,0,0,1.0,0.7,False,,False
M082570,2,0,2,0,0.0,0.5,False,,False
M010559,1,1,0,0,1.0,0.6,False,,False
M076338,1,1,0,0,1.0,0.6,False,,False
M074981,1,0,1,0,0.0,0.5,False,,False
M085841,1,1,0,0,1.0,0.6,False,,False
M033719,1,1,0,0,1.0,0.6,False,,False
M061699,1,0,0,1,-1.0,0.4,False,,False
M032023,1,0,0,1,-1.0,0.4,False,,False
M100183,1,0,1,0,0.0,0.5,False,,False
M097078,1,0,1,0,0.0,0.5,False,,False
M002442,1,0,1,0,0.0,0.5,False,,False
M097712,1,1,0,0,1.0,0.6,False,,False
M039258,1,1,0,0,1.0,0.6,False,,False
M053575,1,1,0,0,1.0,0.6,False,,False
M092252,1,1,0,0,1.0,0.6,False,,False
M097224,1,1,0,0,1.0,0.6,False,,False
M056738,1,1,0,0,1.0,0.6,False,,False
M052456,1,1,0,0,1.0,0.6,False,,False
M064272,1,1,0,0,1.0,0.6,False,,False
M067101,1,0,1,0,0.0,0.5,False,,False
M094642,1,1,0,0,1.0,0.6,False,,False
M062487,2,2,0,0,1.0,0.7,False,,False
M007110,1,0,1,0,0.0,0.5,False,,False
M052238,1,0,1,0,0.0,0.5,False,,False
M055120,1,1,0,0,1.0,0.6,False,,False
M059897,1,1,0,0,1.0,0.6,False,,False
M053021,1,1,0,0,1.0,0.6,False,,False
M065670,1,0,1,0,0.0,0.5,False,,False
M058153,1,1,0,0,1.0,0.6,False,,False
M063033,1,0,0,1,-1.0,0.4,False,,False
M045631,1,0,1,0,0.0,0.5,False,,False
M042307,1,0,1,0,0.0,0.5,False,,False
M039374,1,0,1,0,0.0,0.5,False,,False
M052767,1,0,1,0,0.0,0.5,False,,False
M041134,1,0,1,0,0.0,0.5,False,,False
M020706,1,1,0,0,1.0,0.6,False,,False
M076492,1,1,0,0,1.0,0.6,False,,False
M056348,1,1,0,0,1.0,0.6,False,,False
M002831,1,1,0,0,1.0,0.6,False,,False
M004237,1,0,1,0,0.0,0.5,False,,False
M073258,1,1,0,0,1.0,0.6,False,,False
M088225,1,0,1,0,0.0,0.5,False,,False
M068399,1,1,0,0,1.0,0.6,False,,False
M091695,1,1,0,0,1.0,0.6,False,,False
M065117,1,1,0,0,1.0,0.6,False,,False
M005027,1,1,0,0,1.0,0.6,False,,False
M004162,1,1,0,0,1.0,0.6,False,,False
M059749,1,1,0,0,1.0,0.6,False,,False
M086094,1,0,1,0,0.0,0.5,False,,False
M051376,1,1,0,0,1.0,0.6,False,,False
M101378,1,1,0,0,1.0,0.6,False,,False
M097811,1,0,1,0,0.0,0.5,False,,False
M033008,1,0,1,0,0.0,0.5,False,,False
M014471,1,1,0,0,1.0,0.6,False,,False
M046891,1,1,0,0,1.0,0.6,False,,False
M065752,1,0,1,0,0.0,0.5,False,,False
M049805,1,0,1,0,0.0,0.5,False,,False
M066355,1,1,0,0,1.0,0.6,False,,False
M047258,1,0,1,0,0.0,0.5,False,,False
M069453,1,0,1,0,0.0,0.5,False,,False
M066466,1,1,0,0,1.0,0.6,False,,False
M030717,1,0,1,0,0.0,0.5,False,,False
M005225,1,0,1,0,0.0,0.5,False,,False
M004837,1,0,0,1,-1.0,0.4,False,,False
M018085,1,0,1,0,0.0,0.5,False,,False
M049042,1,0,1,0,0.0,0.5,False,,False
M055272,2,0,0,2,-1.0,0.30000000000000004,False,,True
M014650,1,0,1,0,0.0,0.5,False,,False
M039518,2,2,0,0,1.0,0.7,False,,False
M002426,1,0,1,0,0.0,0.5,False,,False
M024706,1,1,0,0,1.0,0.6,False,,False
M021894,1,1,0,0,1.0,0.6,False,,False
M051093,1,0,1,0,0.0,0.5,False,,False
M081557,1,1,0,0,1.0,0.6,False,,False
M094289,1,0,1,0,0.0,0.5,False,,False
M061464,1,0,1,0,0.0,0.5,False,,False
M072714,1,1,0,0,1.0,0.6,False,,False
M033250,1,1,0,0,1.0,0.6,False,,False
M004578,1,0,1,0,0.0,0.5,False,,False
M030581,1,1,0,0,1.0,0.6,False,,False
M020034,1,0,1,0,0.0,0.5,False,,False
M031456,2,2,0,0,1.0,0.7,False,,False
M080249,1,1,0,0,1.0,0.6,False,,False
M063511,1,1,0,0,1.0,0.6,False,,False
M031394,1,0,1,0,0.0,0.5,False,,False
M089968,1,1,0,0,1.0,0.6,False,,False
M075502,1,1,0,0,1.0,0.6,False,,False
M019506,1,1,0,0,1.0,0.6,False,,False
M032280,1,1,0,0,1.0,0.6,False,,False
M018101,1,0,1,0,0.0,0.5,False,,False
M019187,1,0,0,1,-1.0,0.4,False,,False
M025442,2,0,2,0,0.0,0.5,False,,False
M032345,1,0,1,0,0.0,0.5,False,,False
M052526,1,1,0,0,1.0,0.6,False,,False
M018974,1,0,1,0,0.0,0.5,False,,False
M001178,1,1,0,0,1.0,0.6,False,,False
M021810,1,0,1,0,0.0,0.5,False,,False
M018072,1,1,0,0,1.0,0.6,False,,False
M062471,2,2,0,0,1.0,0.7,False,,False
M100785,1,1,0,0,1.0,0.6,False,,False
M005319,1,1,0,0,1.0,0.6,False,,False
M101025,2,2,0,0,1.0,0.7,False,,False
M039094,1,0,0,1,-1.0,0.4,False,,False
M035097,1,1,0,0,1.0,0.6,False,,False
M028316,1,1,0,0,1.0,0.6,False,,False
M026946,1,1,0,0,1.0,0.6,False,,False
M031788,1,1,0,0,1.0,0.6,False,,False
M030941,1,0,0,1,-1.0,0.4,False,,False
M059111,1,0,0,1,-1.0,0.4,False,,False
M050824,1,0,1,0,0.0,0.5,False,,False
M043455,1,1,0,0,1.0,0.6,False,,False
M064788,1,0,1,0,0.0,0.5,False,,False
M085001,1,1,0,0,1.0,0.6,False,,False
M093570,2,2,0,0,1.0,0.7,False,,False
M087955,1,0,1,0,0.0,0.5,False,,False
M051865,2,2,0,0,1.0,0.7,False,,False
M047703,1,0,0,1,-1.0,0.4,False,,False
M067367,1,0,1,0,0.0,0.5,False,,False
M061020,1,0,0,1,-1.0,0.4,False,,False
M089716,1,1,0,0,1.0,0.6,False,,False
M088991,1,0,1,0,0.0,0.5,False,,False
M098178,1,1,0,0,1.0,0.6,False,,False
M096139,1,0,0,1,-1.0,0.4,False,,False
M050524,1,0,1,0,0.0,0.5,False,,False
M045528,2,0,0,2,-1.0,0.30000000000000004,False,,True
M053108,1,1,0,0,1.0,0.6,False,,False
M046186,2,2,0,0,1.0,0.7,False,,False
M075080,1,1,0,0,1.0,0.6,False,,False
M090684,1,1,0,0,1.0,0.6,False,,False
M007349,1,0,1,0,0.0,0.5,False,,False
M060987,1,1,0,0,1.0,0.6,False,,False
M090740,2,2,0,0,1.0,0.7,False,,False
M023416,2,2,0,0,1.0,0.7,False,,False
M059675,1,0,1,0,0.0,0.5,False,,False
M074755,2,2,0,0,1.0,0.7,False,,False
M043030,1,1,0,0,1.0,0.6,False,,False
M099034,3,0,3,0,0.0,0.5,False,,False
M006458,2,0,0,2,-1.0,0.30000000000000004,False,,True
M007017,1,0,1,0,0.0,0.5,False,,False
M002099,1,0,0,1,-1.0,0.4,False,,False
M001508,1,1,0,0,1.0,0.6,False,,False
M001082,1,1,0,0,1.0,0.6,False,,False
M000757,1,1,0,0,1.0,0.6,False,,False
M012742,1,1,0,0,1.0,0.6,False,,False
M046988,1,0,1,0,0.0,0.5,False,,False
M011247,2,0,2,0,0.0,0.5,False,,False
M037287,1,1,0,0,1.0,0.6,False,,False
M015580,1,0,0,1,-1.0,0.4,False,,False
M046335,1,1,0,0,1.0,0.6,False,,False
M060930,1,1,0,0,1.0,0.6,False,,False
M019255,1,1,0,0,1.0,0.6,False,,False
M072610,1,1,0,0,1.0,0.6,False,,False
M081404,1,0,0,1,-1.0,0.4,False,,False
M090781,1,0,1,0,0.0,0.5,False,,False
M004476,1,0,1,0,0.0,0.5,False,,False
M028717,1,0,1,0,0.0,0.5,False,,False
M041536,1,0,1,0,0.0,0.5,False,,False
M044858,1,1,0,0,1.0,0.6,False,,False
M071169,1,1,0,0,1.0,0.6,False,,False
M039733,2,0,2,0,0.0,0.5,False,,False
M036516,1,1,0,0,1.0,0.6,False,,False
M060971,1,0,1,0,0.0,0.5,False,,False
M039501,1,1,0,0,1.0,0.6,False,,False
M097645,1,0,0,1,-1.0,0.4,False,,False
M087897,1,1,0,0,1.0,0.6,False,,False
M081226,1,1,0,0,1.0,0.6,False,,False
M042799,1,1,0,0,1.0,0.6,False,,False
M037409,1,0,0,1,-1.0,0.4,False,,False
M077442,1,1,0,0,1.0,0.6,False,,False
M035449,1,1,0,0,1.0,0.6,False,,False
M040523,1,1,0,0,1.0,0.6,False,,False
M022942,1,0,1,0,0.0,0.5,False,,False
M063224,1,0,1,0,0.0,0.5,False,,False
M063599,1,0,1,0,0.0,0.5,False,,False
M065038,1,1,0,0,1.0,0.6,False,,False
M059998,2,2,0,0,1.0,0.7,False,,False
M050363,1,1,0,0,1.0,0.6,False,,False
M009918,1,1,0,0,1.0,0.6,False,,False
M026176,1,1,0,0,1.0,0.6,False,,False
M020530,1,1,0,0,1.0,0.6,False,,False
M014743,1,1,0,0,1.0,0.6,False,,False
M025875,1,1,0,0,1.0,0.6,False,,False
M032975,1,1,0,0,1.0,0.6,False,,False
M044262,1,0,1,0,0.0,0.5,False,,False
M074907,1,1,0,0,1.0,0.6,False,,False
M055537,1,0,1,0,0.0,0.5,False,,False
M097889,1,1,0,0,1.0,0.6,False,,False
M071106,1,0,0,1,-1.0,0.4,False,,False
M081650,1,0,1,0,0.0,0.5,False,,False
M070975,1,1,0,0,1.0,0.6,False,,False
M013429,1,0,1,0,0.0,0.5,False,,False
M062763,1,1,0,0,1.0,0.6,False,,False
M082114,2,2,0,0,1.0,0.7,False,,False
M064663,1,1,0,0,1.0,0.6,False,,False
M018207,1,1,0,0,1.0,0.6,False,,False
M015327,1,1,0,0,1.0,0.6,False,,False
M049111,1,0,1,0,0.0,0.5,False,,False
M020052,2,2,0,0,1.0,0.7,False,,False
M095494,1,1,0,0,1.0,0.6,False,,False
M071557,1,0,1,0,0.0,0.5,False,,False
M097504,1,1,0,0,1.0,0.6,False,,False
M087043,1,0,0,1,-1.0,0.4,False,,False
M095855,1,1,0,0,1.0,0.6,False,,False
M099868,1,1,0,0,1.0,0.6,False,,False
M077549,1,1,0,0,1.0,0.6,False,,False
M010291,2,2,0,0,1.0,0.7,False,,False
M012452,2,2,0,0,1.0,0.7,False,,False
M039952,2,2,0,0,1.0,0.7,False,,False
M046328,2,2,0,0,1.0,0.7,False,,False
M009890,1,1,0,0,1.0,0.6,False,,False
M085525,1,1,0,0,1.0,0.6,False,,False
M073668,1,1,0,0,1.0,0.6,False,,False
M047332,1,0,1,0,0.0,0.5,False,,False
M053981,1,0,1,0,0.0,0.5,False,,False
M064202,3,0,3,0,0.0,0.5,False,,False
M035370,1,1,0,0,1.0,0.6,False,,False
M054778,2,2,0,0,1.0,0.7,False,,False
M040732,1,1,0,0,1.0,0.6,False,,False
M022995,2,0,0,2,-1.0,0.30000000000000004,False,,True
M051178,1,0,1,0,0.0,0.5,False,,False
M056742,1,0,1,0,0.0,0.5,False,,False
M085336,1,1,0,0,1.0,0.6,False,,False
M088598,1,0,0,1,-1.0,0.4,False,,False
M070100,1,0,1,0,0.0,0.5,False,,False
M013353,1,1,0,0,1.0,0.6,False,,False
M034855,1,0,0,1,-1.0,0.4,False,,False
M040250,1,0,1,0,0.0,0.5,False,,False
M039455,1,0,1,0,0.0,0.5,False,,False
M096760,1,1,0,0,1.0,0.6,False,,False
M040973,1,0,1,0,0.0,0.5,False,,False
M087971,1,1,0,0,1.0,0.6,False,,False
M064242,1,1,0,0,1.0,0.6,False,,False
M023884,1,1,0,0,1.0,0.6,False,,False
M038123,1,1,0,0,1.0,0.6,False,,False
M007871,1,1,0,0,1.0,0.6,False,,False
M000326,1,1,0,0,1.0,0.6,False,,False
M032637,1,1,0,0,1.0,0.6,False,,False
M052919,1,1,0,0,1.0,0.6,False,,False
M047670,1,0,1,0,0.0,0.5,False,,False
M015993,1,1,0,0,1.0,0.6,False,,False
M076252,1,1,0,0,1.0,0.6,False,,False
M011385,1,1,0,0,1.0,0.6,False,,False
M079357,2,0,0,2,-1.0,0.30000000000000004,False,,True
M061784,1,0,1,0,0.0,0.5,False,,False
M066283,1,0,1,0,0.0,0.5,False,,False
M084447,1,0,1,0,0.0,0.5,False,,False
M065917,1,1,0,0,1.0,0.6,False,,False
M068369,1,1,0,0,1.0,0.6,False,,False
M060961,1,0,1,0,0.0,0.5,False,,False
M067128,1,1,0,0,1.0,0.6,False,,False
M057002,1,0,1,0,0.0,0.5,False,,False
M021515,1,0,1,0,0.0,0.5,False,,False
M085562,1,1,0,0,1.0,0.6,False,,False
M031341,1,1,0,0,1.0,0.6,False,,False
M033905,1,0,1,0,0.0,0.5,False,,False
M037574,1,0,1,0,0.0,0.5,False,,False
M077074,1,0,1,0,0.0,0.5,False,,False
M019310,1,0,1,0,0.0,0.5,False,,False
M006876,1,1,0,0,1.0,0.6,False,,False
M068159,1,1,0,0,1.0,0.6,False,,False
M090374,2,2,0,0,1.0,0.7,False,,False
M028882,1,0,1,0,0.0,0.5,False,,False
M015489,1,1,0,0,1.0,0.6,False,,False
M031114,2,0,0,2,-1.0,0.30000000000000004,False,,True
M024196,1,1,0,0,1.0,0.6,False,,False
M091933,1,1,0,0,1.0,0.6,False,,False
M016154,1,1,0,0,1.0,0.6,False,,False
M050792,1,0,1,0,0.0,0.5,False,,False
M009120,2,0,2,0,0.0,0.5,False,,False
M012012,1,0,0,1,-1.0,0.4,False,,False
M053329,2,2,0,0,1.0,0.7,False,,False
M006607,1,1,0,0,1.0,0.6,False,,False
M002659,1,0,0,1,-1.0,0.4,False,,False
M016942,1,1,0,0,1.0,0.6,False,,False
M017718,1,1,0,0,1.0,0.6,False,,False
M006216,2,0,0,2,-1.0,0.30000000000000004,False,,True
M038169,1,0,0,1,-1.0,0.4,False,,False
M068375,1,1,0,0,1.0,0.6,False,,False
M085896,2,2,0,0,1.0,0.7,False,,False
M082012,1,0,1,0,0.0,0.5,False,,False
M067332,1,1,0,0,1.0,0.6,False,,False
M058678,2,0,2,0,0.0,0.5,False,,False
M024984,1,1,0,0,1.0,0.6,False,,False
M074144,1,0,1,0,0.0,0.5,False,,False
M010501,1,1,0,0,1.0,0.6,False,,False
M100122,1,1,0,0,1.0,0.6,False,,False
M044386,1,0,1,0,0.0,0.5,False,,False
M015930,1,1,0,0,1.0,0.6,False,,False
M032589,1,0,1,0,0.0,0.5,False,,False
M027693,1,0,1,0,0.0,0.5,False,,False
M069967,1,1,0,0,1.0,0.6,False,,False
M092309,1,1,0,0,1.0,0.6,False,,False
M098131,1,0,1,0,0.0,0.5,False,,False
M086439,1,0,1,0,0.0,0.5,False,,False
M034455,1,1,0,0,1.0,0.6,False,,False
M053117,1,0,1,0,0.0,0.5,False,,False
M091259,1,1,0,0,1.0,0.6,False,,False
M082501,1,0,0,1,-1.0,0.4,False,,False
M097701,1,0,0,1,-1.0,0.4,False,,False
M077653,1,1,0,0,1.0,0.6,False,,False
M017934,1,1,0,0,1.0,0.6,False,,False
M091547,1,1,0,0,1.0,0.6,False,,False
M016416,2,2,0,0,1.0,0.7,False,,False
M098540,1,1,0,0,1.0,0.6,False,,False
M053837,1,0,1,0,0.0,0.5,False,,False
M043813,1,0,1,0,0.0,0.5,False,,False
M061017,1,1,0,0,1.0,0.6,False,,False
M036457,1,1,0,0,1.0,0.6,False,,False
M029349,1,1,0,0,1.0,0.6,False,,False
M088648,1,1,0,0,1.0,0.6,False,,False
M072518,1,1,0,0,1.0,0.6,False,,False
M085710,1,1,0,0,1.0,0.6,False,,False
M075187,1,1,0,0,1.0,0.6,False,,False
M091150,1,1,0,0,1.0,0.6,False,,False
M035908,1,1,0,0,1.0,0.6,False,,False
M027056,1,1,0,0,1.0,0.6,False,,False
M063931,1,1,0,0,1.0,0.6,False,,False
M027601,1,1,0,0,1.0,0.6,False,,False
M077585,1,0,0,1,-1.0,0.4,False,,False
M054965,1,0,1,0,0.0,0.5,False,,False
M060805,2,0,2,0,0.0,0.5,False,,False
M069077,2,0,2,0,0.0,0.5,False,,False
M066695,3,3,0,0,1.0,0.7999999999999999,False,,False
M066656,2,0,2,0,0.0,0.5,False,,False
M001502,1,1,0,0,1.0,0.6,False,,False
M006174,1,0,1,0,0.0,0.5,False,,False
M019867,1,1,0,0,1.0,0.6,False,,False
M015864,1,1,0,0,1.0,0.6,False,,False
M002215,2,2,0,0,1.0,0.7,False,,False
M057786,1,1,0,0,1.0,0.6,False,,False
M017384,1,0,1,0,0.0,0.5,False,,False
M079021,1,0,1,0,0.0,0.5,False,,False
M007063,1,0,0,1,-1.0,0.4,False,,False
M014914,1,1,0,0,1.0,0.6,False,,False
M053969,1,0,1,0,0.0,0.5,False,,False
M063581,1,0,1,0,0.0,0.5,False,,False
M053112,1,0,0,1,-1.0,0.4,False,,False
M028356,1,1,0,0,1.0,0.6,False,,False
M011432,1,1,0,0,1.0,0.6,False,,False
M084845,1,1,0,0,1.0,0.6,False,,False
M002378,1,1,0,0,1.0,0.6,False,,False
M087438,1,1,0,0,1.0,0.6,False,,False
M073719,1,0,1,0,0.0,0.5,False,,False
M071759,1,0,1,0,0.0,0.5,False,,False
M094067,1,1,0,0,1.0,0.6,False,,False
M073412,2,0,0,2,-1.0,0.30000000000000004,False,,True
M034499,2,2,0,0,1.0,0.7,False,,False
M036039,3,3,0,0,1.0,0.7999999999999999,False,,False
M034503,3,3,0,0,1.0,0.7999999999999999,False,,False
M034949,1,1,0,0,1.0,0.6,False,,False
M033067,2,2,0,0,1.0,0.7,False,,False
M053265,1,0,1,0,0.0,0.5,False,,False
M030606,2,0,2,0,0.0,0.5,False,,False
M027081,1,1,0,0,1.0,0.6,False,,False
M034314,1,1,0,0,1.0,0.6,False,,False
M013881,1,1,0,0,1.0,0.6,False,,False
M001094,1,0,1,0,0.0,0.5,False,,False
M007033,1,0,1,0,0.0,0.5,False,,False
M020925,2,2,0,0,1.0,0.7,False,,False
M002358,1,0,1,0,0.0,0.5,False,,False
M018219,1,1,0,0,1.0,0.6,False,,False
M097262,2,0,2,0,0.0,0.5,False,,False
M057692,1,0,1,0,0.0,0.5,False,,False
M061971,1,1,0,0,1.0,0.6,False,,False
M087433,1,1,0,0,1.0,0.6,False,,False
M045995,1,1,0,0,1.0,0.6,False,,False
M089459,1,1,0,0,1.0,0.6,False,,False
M087095,1,1,0,0,1.0,0.6,False,,False
M100561,1,1,0,0,1.0,0.6,False,,False
M042312,1,0,1,0,0.0,0.5,False,,False
M097437,1,0,1,0,0.0,0.5,False,,False
M050647,1,0,1,0,0.0,0.5,False,,False
M078626,1,1,0,0,1.0,0.6,False,,False
M073924,1,1,0,0,1.0,0.6,False,,False
M084794,1,1,0,0,1.0,0.6,False,,False
M078188,1,0,1,0,0.0,0.5,False,,False
M101576,1,1,0,0,1.0,0.6,False,,False
M089192,1,1,0,0,1.0,0.6,False,,False
M096745,1,0,1,0,0.0,0.5,False,,False
M082446,3,0,3,0,0.0,0.5,False,,False
M082075,1,1,0,0,1.0,0.6,False,,False
M090542,1,1,0,0,1.0,0.6,False,,False
M018656,1,1,0,0,1.0,0.6,False,,False
M080394,1,1,0,0,1.0,0.6,False,,False
M084112,1,1,0,0,1.0,0.6,False,,False
M095196,1,0,0,1,-1.0,0.4,False,,False
M052018,1,1,0,0,1.0,0.6,False,,False
M097502,1,1,0,0,1.0,0.6,False,,False
M041432,1,1,0,0,1.0,0.6,False,,False
M043909,1,0,1,0,0.0,0.5,False,,False
M097624,2,2,0,0,1.0,0.7,False,,False
M043896,2,0,0,2,-1.0,0.30000000000000004,False,,True
M034716,2,2,0,0,1.0,0.7,False,,False
M028280,2,2,0,0,1.0,0.7,False,,False
M024682,2,0,0,2,-1.0,0.30000000000000004,False,,True
M031745,2,0,2,0,0.0,0.5,False,,False
M026078,3,0,3,0,0.0,0.5,False,,False
M036854,1,0,1,0,0.0,0.5,False,,False
M038537,1,0,1,0,0.0,0.5,False,,False
M038924,1,0,1,0,0.0,0.5,False,,False
M038817,1,1,0,0,1.0,0.6,False,,False
M045054,2,0,0,2,-1.0,0.30000000000000004,False,,True
M026177,1,0,1,0,0.0,0.5,False,,False
M066866,1,0,1,0,0.0,0.5,False,,False
M006224,1,0,1,0,0.0,0.5,False,,False
M071071,1,1,0,0,1.0,0.6,False,,False
M002867,2,0,2,0,0.0,0.5,False,,False
M077299,1,0,1,0,0.0,0.5,False,,False
M091098,2,2,0,0,1.0,0.7,False,,False
M098230,1,1,0,0,1.0,0.6,False,,False
M073170,1,1,0,0,1.0,0.6,False,,False
M020767,1,0,0,1,-1.0,0.4,False,,False
M079695,1,1,0,0,1.0,0.6,False,,False
M048426,1,0,0,1,-1.0,0.4,False,,False
M099936,2,2,0,0,1.0,0.7,False,,False
M038068,1,0,1,0,0.0,0.5,False,,False
M075554,1,0,1,0,0.0,0.5,False,,False
M071157,1,1,0,0,1.0,0.6,False,,False
M002454,1,1,0,0,1.0,0.6,False,,False
M045522,1,0,1,0,0.0,0.5,False,,False
M016515,1,1,0,0,1.0,0.6,False,,False
M047342,1,0,0,1,-1.0,0.4,False,,False
M097142,1,1,0,0,1.0,0.6,False,,False
M073877,1,1,0,0,1.0,0.6,False,,False
M100534,1,1,0,0,1.0,0.6,False,,False
M031247,1,1,0,0,1.0,0.6,False,,False
M009953,1,1,0,0,1.0,0.6,False,,False
M027451,1,1,0,0,1.0,0.6,False,,False
M033871,1,0,1,0,0.0,0.5,False,,False
M021441,1,1,0,0,1.0,0.6,False,,False
M000705,1,1,0,0,1.0,0.6,False,,False
M011516,1,1,0,0,1.0,0.6,False,,False
M011743,1,1,0,0,1.0,0.6,False,,False
M012217,1,1,0,0,1.0,0.6,False,,False
M077247,1,0,1,0,0.0,0.5,False,,False
M068107,3,3,0,0,1.0,0.7999999999999999,False,,False
M056007,1,1,0,0,1.0,0.6,False,,False
M069225,1,1,0,0,1.0,0.6,False,,False
M074837,1,1,0,0,1.0,0.6,False,,False
M074569,1,1,0,0,1.0,0.6,False,,False
M041423,1,1,0,0,1.0,0.6,False,,False
M058839,1,1,0,0,1.0,0.6,False,,False
M073415,2,0,2,0,0.0,0.5,False,,False
M022949,1,0,1,0,0.0,0.5,False,,False
M022050,3,0,0,3,-1.0,0.20000000000000004,True,retrieval_count=3>=N_MIN=3 and average_utility=-1.0000<=BETA=-0.2,True
M092013,2,0,2,0,0.0,0.5,False,,False
M092713,1,1,0,0,1.0,0.6,False,,False
M057830,1,1,0,0,1.0,0.6,False,,False
M063066,1,1,0,0,1.0,0.6,False,,False
M039390,1,0,1,0,0.0,0.5,False,,False
M083707,1,0,1,0,0.0,0.5,False,,False
M084186,1,0,0,1,-1.0,0.4,False,,False
M101296,2,0,2,0,0.0,0.5,False,,False
M062549,1,1,0,0,1.0,0.6,False,,False
M055858,1,1,0,0,1.0,0.6,False,,False
M064172,1,0,1,0,0.0,0.5,False,,False
M062334,1,0,1,0,0.0,0.5,False,,False
M053122,1,0,1,0,0.0,0.5,False,,False
M056603,1,0,1,0,0.0,0.5,False,,False
M068532,1,1,0,0,1.0,0.6,False,,False
M079519,1,0,0,1,-1.0,0.4,False,,False
M092183,1,0,0,1,-1.0,0.4,False,,False
M099284,1,1,0,0,1.0,0.6,False,,False
M059493,1,0,1,0,0.0,0.5,False,,False
M065906,3,0,3,0,0.0,0.5,False,,False
M069013,3,0,3,0,0.0,0.5,False,,False
M056381,3,3,0,0,1.0,0.7999999999999999,False,,False
M069812,1,0,0,1,-1.0,0.4,False,,False
M062723,3,0,3,0,0.0,0.5,False,,False
M031010,1,1,0,0,1.0,0.6,False,,False
M035818,1,1,0,0,1.0,0.6,False,,False
M035975,1,1,0,0,1.0,0.6,False,,False
M029136,1,0,1,0,0.0,0.5,False,,False
M024959,1,0,1,0,0.0,0.5,False,,False
M042325,1,0,1,0,0.0,0.5,False,,False
M047530,1,1,0,0,1.0,0.6,False,,False
M007506,1,0,0,1,-1.0,0.4,False,,False
M081978,1,1,0,0,1.0,0.6,False,,False
M008161,1,0,1,0,0.0,0.5,False,,False
M082928,1,1,0,0,1.0,0.6,False,,False
M099552,1,1,0,0,1.0,0.6,False,,False
M060712,1,0,1,0,0.0,0.5,False,,False
M006230,1,1,0,0,1.0,0.6,False,,False
M071263,1,1,0,0,1.0,0.6,False,,False
M008286,1,1,0,0,1.0,0.6,False,,False
M019710,1,1,0,0,1.0,0.6,False,,False
M006443,1,1,0,0,1.0,0.6,False,,False
M006837,1,1,0,0,1.0,0.6,False,,False
M022160,1,1,0,0,1.0,0.6,False,,False
M020600,1,1,0,0,1.0,0.6,False,,False
M012924,1,0,0,1,-1.0,0.4,False,,False
M035255,1,1,0,0,1.0,0.6,False,,False
M018043,1,1,0,0,1.0,0.6,False,,False
M014553,1,1,0,0,1.0,0.6,False,,False
M018357,1,1,0,0,1.0,0.6,False,,False
M037664,1,1,0,0,1.0,0.6,False,,False
M024762,2,0,0,2,-1.0,0.30000000000000004,False,,True
M025263,1,1,0,0,1.0,0.6,False,,False
M010674,1,1,0,0,1.0,0.6,False,,False
M047099,2,0,0,2,-1.0,0.30000000000000004,False,,True
M048581,1,0,1,0,0.0,0.5,False,,False
M048313,2,0,2,0,0.0,0.5,False,,False
M084173,1,0,1,0,0.0,0.5,False,,False
M042211,1,0,1,0,0.0,0.5,False,,False
M072801,1,0,1,0,0.0,0.5,False,,False
M058662,1,1,0,0,1.0,0.6,False,,False
M052017,1,0,1,0,0.0,0.5,False,,False
M076505,1,1,0,0,1.0,0.6,False,,False
M086752,1,1,0,0,1.0,0.6,False,,False
M081220,1,0,1,0,0.0,0.5,False,,False
M085254,1,1,0,0,1.0,0.6,False,,False
M098105,1,0,1,0,0.0,0.5,False,,False
M073972,1,1,0,0,1.0,0.6,False,,False
M024326,1,1,0,0,1.0,0.6,False,,False
M100432,2,2,0,0,1.0,0.7,False,,False
M032247,1,1,0,0,1.0,0.6,False,,False
M020652,2,2,0,0,1.0,0.7,False,,False
M011563,1,0,1,0,0.0,0.5,False,,False
M004346,1,1,0,0,1.0,0.6,False,,False
M014235,1,0,0,1,-1.0,0.4,False,,False
M019755,1,1,0,0,1.0,0.6,False,,False
M018485,1,1,0,0,1.0,0.6,False,,False
M088796,1,0,1,0,0.0,0.5,False,,False
M096341,1,0,1,0,0.0,0.5,False,,False
M101123,1,1,0,0,1.0,0.6,False,,False
M076997,1,1,0,0,1.0,0.6,False,,False
M064392,1,0,1,0,0.0,0.5,False,,False
M082311,1,0,1,0,0.0,0.5,False,,False
M026738,1,0,1,0,0.0,0.5,False,,False
M032918,1,0,1,0,0.0,0.5,False,,False
M032302,2,2,0,0,1.0,0.7,False,,False
M036474,2,0,0,2,-1.0,0.30000000000000004,False,,True
M013016,2,2,0,0,1.0,0.7,False,,False
M091241,1,1,0,0,1.0,0.6,False,,False
M032141,2,0,0,2,-1.0,0.30000000000000004,False,,True
M021028,1,1,0,0,1.0,0.6,False,,False
M092704,1,1,0,0,1.0,0.6,False,,False
M005682,1,0,1,0,0.0,0.5,False,,False
M052043,1,0,1,0,0.0,0.5,False,,False
M085443,1,1,0,0,1.0,0.6,False,,False
M078808,1,1,0,0,1.0,0.6,False,,False
M017765,1,0,1,0,0.0,0.5,False,,False
M039242,1,1,0,0,1.0,0.6,False,,False
M064960,1,0,1,0,0.0,0.5,False,,False
M024618,1,1,0,0,1.0,0.6,False,,False
M086924,2,0,2,0,0.0,0.5,False,,False
M042961,1,0,1,0,0.0,0.5,False,,False
M058312,1,0,0,1,-1.0,0.4,False,,False
M050982,1,0,1,0,0.0,0.5,False,,False
M072290,1,0,1,0,0.0,0.5,False,,False
M069929,1,1,0,0,1.0,0.6,False,,False
M092434,1,1,0,0,1.0,0.6,False,,False
M087294,2,2,0,0,1.0,0.7,False,,False
M049768,2,2,0,0,1.0,0.7,False,,False
M092598,1,1,0,0,1.0,0.6,False,,False
M063542,1,1,0,0,1.0,0.6,False,,False
M006291,1,1,0,0,1.0,0.6,False,,False
M080608,2,0,2,0,0.0,0.5,False,,False
M039646,1,1,0,0,1.0,0.6,False,,False
M060551,2,2,0,0,1.0,0.7,False,,False
M022447,1,0,1,0,0.0,0.5,False,,False
M017863,1,1,0,0,1.0,0.6,False,,False
M022398,2,2,0,0,1.0,0.7,False,,False
M048806,1,0,1,0,0.0,0.5,False,,False
M068206,1,0,1,0,0.0,0.5,False,,False
M100774,1,1,0,0,1.0,0.6,False,,False
M088399,1,0,1,0,0.0,0.5,False,,False
M049148,2,0,2,0,0.0,0.5,False,,False
M067488,1,1,0,0,1.0,0.6,False,,False
M095160,1,1,0,0,1.0,0.6,False,,False
M051205,1,0,0,1,-1.0,0.4,False,,False
M073008,1,0,0,1,-1.0,0.4,False,,False
M056422,1,0,1,0,0.0,0.5,False,,False
M029351,1,0,1,0,0.0,0.5,False,,False
M041340,1,0,1,0,0.0,0.5,False,,False
M037632,1,0,1,0,0.0,0.5,False,,False
M082568,1,0,1,0,0.0,0.5,False,,False
M071108,1,0,0,1,-1.0,0.4,False,,False
M023442,1,0,1,0,0.0,0.5,False,,False
M091295,1,0,1,0,0.0,0.5,False,,False
M040142,1,1,0,0,1.0,0.6,False,,False
M070956,1,1,0,0,1.0,0.6,False,,False
M085163,1,0,1,0,0.0,0.5,False,,False
M055869,2,2,0,0,1.0,0.7,False,,False
M100502,1,1,0,0,1.0,0.6,False,,False
M020241,2,2,0,0,1.0,0.7,False,,False
M036100,1,0,1,0,0.0,0.5,False,,False
M026037,1,1,0,0,1.0,0.6,False,,False
M033032,1,1,0,0,1.0,0.6,False,,False
M032810,1,1,0,0,1.0,0.6,False,,False
M020852,1,1,0,0,1.0,0.6,False,,False
M033215,2,2,0,0,1.0,0.7,False,,False
M087314,1,0,0,1,-1.0,0.4,False,,False
M081496,1,0,1,0,0.0,0.5,False,,False
M067551,1,0,1,0,0.0,0.5,False,,False
M081815,1,0,1,0,0.0,0.5,False,,False
M064801,1,0,1,0,0.0,0.5,False,,False
M029151,1,1,0,0,1.0,0.6,False,,False
M086144,1,1,0,0,1.0,0.6,False,,False
M062588,1,0,1,0,0.0,0.5,False,,False
M067311,3,3,0,0,1.0,0.7999999999999999,False,,False
M027595,2,0,0,2,-1.0,0.30000000000000004,False,,True
M023514,1,1,0,0,1.0,0.6,False,,False
M093601,1,1,0,0,1.0,0.6,False,,False
M004850,2,0,2,0,0.0,0.5,False,,False
M074411,2,2,0,0,1.0,0.7,False,,False
M050602,1,0,1,0,0.0,0.5,False,,False
M036881,2,0,2,0,0.0,0.5,False,,False
M011288,1,1,0,0,1.0,0.6,False,,False
M034640,1,1,0,0,1.0,0.6,False,,False
M031909,1,0,1,0,0.0,0.5,False,,False
M030767,1,0,1,0,0.0,0.5,False,,False
M038003,1,1,0,0,1.0,0.6,False,,False
M023389,1,1,0,0,1.0,0.6,False,,False
M004344,1,1,0,0,1.0,0.6,False,,False
M032292,1,1,0,0,1.0,0.6,False,,False
M019220,1,0,1,0,0.0,0.5,False,,False
M036243,1,0,1,0,0.0,0.5,False,,False
M045005,1,0,1,0,0.0,0.5,False,,False
M085041,1,1,0,0,1.0,0.6,False,,False
M054952,1,1,0,0,1.0,0.6,False,,False
M074798,1,0,1,0,0.0,0.5,False,,False
M010049,1,1,0,0,1.0,0.6,False,,False
M086774,1,1,0,0,1.0,0.6,False,,False
M093265,1,1,0,0,1.0,0.6,False,,False
M087224,3,3,0,0,1.0,0.7999999999999999,False,,False
M089851,2,0,2,0,0.0,0.5,False,,False
M068633,1,1,0,0,1.0,0.6,False,,False
M040701,1,0,0,1,-1.0,0.4,False,,False
M033459,1,1,0,0,1.0,0.6,False,,False
M061341,1,1,0,0,1.0,0.6,False,,False
M056614,1,0,1,0,0.0,0.5,False,,False
M009795,1,0,1,0,0.0,0.5,False,,False
M096985,1,0,0,1,-1.0,0.4,False,,False
M079161,1,0,0,1,-1.0,0.4,False,,False
M069846,1,1,0,0,1.0,0.6,False,,False
M100042,1,1,0,0,1.0,0.6,False,,False
M052183,2,2,0,0,1.0,0.7,False,,False
M078549,2,0,0,2,-1.0,0.30000000000000004,False,,True
M069715,1,0,1,0,0.0,0.5,False,,False
M058912,1,0,1,0,0.0,0.5,False,,False
M089224,1,1,0,0,1.0,0.6,False,,False
M004880,1,0,0,1,-1.0,0.4,False,,False
M085962,1,1,0,0,1.0,0.6,False,,False
M094369,1,1,0,0,1.0,0.6,False,,False
M010913,1,0,1,0,0.0,0.5,False,,False
M074681,1,0,1,0,0.0,0.5,False,,False
M074558,1,1,0,0,1.0,0.6,False,,False
M017958,1,0,1,0,0.0,0.5,False,,False
M095955,1,0,0,1,-1.0,0.4,False,,False
M043084,1,0,1,0,0.0,0.5,False,,False
M097074,1,1,0,0,1.0,0.6,False,,False
M049179,1,1,0,0,1.0,0.6,False,,False
M049861,1,1,0,0,1.0,0.6,False,,False
M049278,1,0,1,0,0.0,0.5,False,,False
M070028,2,2,0,0,1.0,0.7,False,,False
M047904,2,0,2,0,0.0,0.5,False,,False
M052709,1,0,1,0,0.0,0.5,False,,False
M093194,1,1,0,0,1.0,0.6,False,,False
M097939,3,3,0,0,1.0,0.7999999999999999,False,,False
M096624,2,0,2,0,0.0,0.5,False,,False
M030658,1,0,1,0,0.0,0.5,False,,False
M034085,2,0,2,0,0.0,0.5,False,,False
M029323,1,0,0,1,-1.0,0.4,False,,False
M033230,1,1,0,0,1.0,0.6,False,,False
M032111,1,1,0,0,1.0,0.6,False,,False
M010927,1,1,0,0,1.0,0.6,False,,False
M071538,1,0,1,0,0.0,0.5,False,,False
M064211,1,1,0,0,1.0,0.6,False,,False
M011185,1,1,0,0,1.0,0.6,False,,False
M011695,1,1,0,0,1.0,0.6,False,,False
M074778,1,1,0,0,1.0,0.6,False,,False
M021448,1,0,1,0,0.0,0.5,False,,False
M014775,1,1,0,0,1.0,0.6,False,,False
M097815,1,0,1,0,0.0,0.5,False,,False
M085289,1,0,1,0,0.0,0.5,False,,False
M062141,1,1,0,0,1.0,0.6,False,,False
M011097,1,1,0,0,1.0,0.6,False,,False
M041138,1,0,1,0,0.0,0.5,False,,False
M024368,1,1,0,0,1.0,0.6,False,,False
M068310,1,0,1,0,0.0,0.5,False,,False
M049011,1,1,0,0,1.0,0.6,False,,False
M053527,3,3,0,0,1.0,0.7999999999999999,False,,False
M056140,1,0,1,0,0.0,0.5,False,,False
M068480,1,0,1,0,0.0,0.5,False,,False
M017035,1,1,0,0,1.0,0.6,False,,False
M063429,1,1,0,0,1.0,0.6,False,,False
M033383,1,1,0,0,1.0,0.6,False,,False
M012368,1,0,1,0,0.0,0.5,False,,False
M029446,1,1,0,0,1.0,0.6,False,,False
M054353,1,0,1,0,0.0,0.5,False,,False
M033437,1,0,0,1,-1.0,0.4,False,,False
M083786,1,0,1,0,0.0,0.5,False,,False
M070503,1,0,1,0,0.0,0.5,False,,False
M059156,1,1,0,0,1.0,0.6,False,,False
M042418,1,0,1,0,0.0,0.5,False,,False
M043494,1,1,0,0,1.0,0.6,False,,False
M006875,1,1,0,0,1.0,0.6,False,,False
M067145,1,1,0,0,1.0,0.6,False,,False
M071980,1,1,0,0,1.0,0.6,False,,False
M051843,1,1,0,0,1.0,0.6,False,,False
M096235,1,0,1,0,0.0,0.5,False,,False
M088413,1,1,0,0,1.0,0.6,False,,False
M039897,1,0,1,0,0.0,0.5,False,,False
M058357,1,1,0,0,1.0,0.6,False,,False
M089385,1,1,0,0,1.0,0.6,False,,False
M042601,1,0,1,0,0.0,0.5,False,,False
M072317,1,1,0,0,1.0,0.6,False,,False
M030098,1,1,0,0,1.0,0.6,False,,False
M035809,1,1,0,0,1.0,0.6,False,,False
M055767,1,0,1,0,0.0,0.5,False,,False
M049600,1,1,0,0,1.0,0.6,False,,False
M043272,1,1,0,0,1.0,0.6,False,,False
M094400,1,0,1,0,0.0,0.5,False,,False
M100052,2,0,2,0,0.0,0.5,False,,False
M097197,1,1,0,0,1.0,0.6,False,,False
M046367,1,0,1,0,0.0,0.5,False,,False
M016710,1,1,0,0,1.0,0.6,False,,False
M045349,1,1,0,0,1.0,0.6,False,,False
M089647,1,0,1,0,0.0,0.5,False,,False
M068704,2,2,0,0,1.0,0.7,False,,False
M036640,1,0,1,0,0.0,0.5,False,,False
M087300,1,1,0,0,1.0,0.6,False,,False
M092090,1,0,0,1,-1.0,0.4,False,,False
M089394,1,1,0,0,1.0,0.6,False,,False
M046851,1,0,0,1,-1.0,0.4,False,,False
M094794,1,1,0,0,1.0,0.6,False,,False
M039794,1,0,1,0,0.0,0.5,False,,False
M098599,1,0,0,1,-1.0,0.4,False,,False
M035446,1,1,0,0,1.0,0.6,False,,False
M034715,1,1,0,0,1.0,0.6,False,,False
M061492,1,1,0,0,1.0,0.6,False,,False
M043555,1,0,1,0,0.0,0.5,False,,False
M078439,1,1,0,0,1.0,0.6,False,,False
M043844,1,1,0,0,1.0,0.6,False,,False
M058290,1,0,1,0,0.0,0.5,False,,False
M066292,1,1,0,0,1.0,0.6,False,,False
M044497,1,0,1,0,0.0,0.5,False,,False
M043440,1,0,1,0,0.0,0.5,False,,False
M039324,1,0,1,0,0.0,0.5,False,,False
M026489,1,1,0,0,1.0,0.6,False,,False
M013380,1,1,0,0,1.0,0.6,False,,False
M027167,1,0,1,0,0.0,0.5,False,,False
M011663,2,2,0,0,1.0,0.7,False,,False
M044672,1,0,0,1,-1.0,0.4,False,,False
M059879,1,0,1,0,0.0,0.5,False,,False
M020680,1,1,0,0,1.0,0.6,False,,False
M008188,1,1,0,0,1.0,0.6,False,,False
M055336,2,0,2,0,0.0,0.5,False,,False
M080702,2,0,2,0,0.0,0.5,False,,False
M060024,1,1,0,0,1.0,0.6,False,,False
M015129,1,1,0,0,1.0,0.6,False,,False
M063498,1,0,1,0,0.0,0.5,False,,False
M080058,1,1,0,0,1.0,0.6,False,,False
M096987,1,1,0,0,1.0,0.6,False,,False
M054867,1,1,0,0,1.0,0.6,False,,False
M059457,1,0,1,0,0.0,0.5,False,,False
M072494,1,0,1,0,0.0,0.5,False,,False
M050665,1,1,0,0,1.0,0.6,False,,False
M062278,1,1,0,0,1.0,0.6,False,,False
M053583,1,0,1,0,0.0,0.5,False,,False
M004673,1,1,0,0,1.0,0.6,False,,False
M067724,1,0,1,0,0.0,0.5,False,,False
M021540,2,2,0,0,1.0,0.7,False,,False
M016967,1,1,0,0,1.0,0.6,False,,False
M053142,1,1,0,0,1.0,0.6,False,,False
M025678,1,1,0,0,1.0,0.6,False,,False
M065942,1,1,0,0,1.0,0.6,False,,False
M091606,1,0,0,1,-1.0,0.4,False,,False
M055681,1,1,0,0,1.0,0.6,False,,False
M093064,1,0,1,0,0.0,0.5,False,,False
M100078,1,1,0,0,1.0,0.6,False,,False
M070168,1,1,0,0,1.0,0.6,False,,False
M093951,1,0,1,0,0.0,0.5,False,,False
M093233,1,1,0,0,1.0,0.6,False,,False
M072430,1,0,1,0,0.0,0.5,False,,False
M072614,1,0,1,0,0.0,0.5,False,,False
M085537,1,0,1,0,0.0,0.5,False,,False
M060113,1,0,1,0,0.0,0.5,False,,False
M092921,2,0,2,0,0.0,0.5,False,,False
M073184,2,0,2,0,0.0,0.5,False,,False
M078690,1,1,0,0,1.0,0.6,False,,False
M071806,2,0,2,0,0.0,0.5,False,,False
M043168,1,1,0,0,1.0,0.6,False,,False
M035091,4,0,4,0,0.0,0.5,False,,False
M066313,3,3,0,0,1.0,0.7999999999999999,False,,False
M024765,1,0,0,1,-1.0,0.4,False,,False
M015973,1,0,0,1,-1.0,0.4,False,,False
M085629,1,1,0,0,1.0,0.6,False,,False
M046129,1,1,0,0,1.0,0.6,False,,False
M043587,1,1,0,0,1.0,0.6,False,,False
M015335,1,0,1,0,0.0,0.5,False,,False
M022006,1,1,0,0,1.0,0.6,False,,False
M071466,1,1,0,0,1.0,0.6,False,,False
M044057,1,1,0,0,1.0,0.6,False,,False
M075375,1,1,0,0,1.0,0.6,False,,False
M038333,1,0,1,0,0.0,0.5,False,,False
M064246,1,1,0,0,1.0,0.6,False,,False
M020980,1,1,0,0,1.0,0.6,False,,False
M024705,2,2,0,0,1.0,0.7,False,,False
M034722,1,1,0,0,1.0,0.6,False,,False
M003533,1,1,0,0,1.0,0.6,False,,False
M032236,1,1,0,0,1.0,0.6,False,,False
M083326,1,1,0,0,1.0,0.6,False,,False
M076264,2,0,2,0,0.0,0.5,False,,False
M048679,2,2,0,0,1.0,0.7,False,,False
M004366,3,3,0,0,1.0,0.7999999999999999,False,,False
M065507,1,1,0,0,1.0,0.6,False,,False
M017289,1,1,0,0,1.0,0.6,False,,False
M025590,1,0,1,0,0.0,0.5,False,,False
M032022,1,1,0,0,1.0,0.6,False,,False
M036366,1,1,0,0,1.0,0.6,False,,False
M083945,2,0,2,0,0.0,0.5,False,,False
M083382,2,2,0,0,1.0,0.7,False,,False
M091179,1,0,0,1,-1.0,0.4,False,,False
M086145,1,1,0,0,1.0,0.6,False,,False
M068652,1,1,0,0,1.0,0.6,False,,False
M090163,1,1,0,0,1.0,0.6,False,,False
M045429,1,0,1,0,0.0,0.5,False,,False
M047923,2,2,0,0,1.0,0.7,False,,False
M046233,1,0,1,0,0.0,0.5,False,,False
M058733,1,1,0,0,1.0,0.6,False,,False
M030493,1,0,0,1,-1.0,0.4,False,,False
M030772,1,0,1,0,0.0,0.5,False,,False
M039318,1,0,1,0,0.0,0.5,False,,False
M059658,1,0,0,1,-1.0,0.4,False,,False
M039620,2,0,2,0,0.0,0.5,False,,False
M015553,1,0,1,0,0.0,0.5,False,,False
M006818,1,0,1,0,0.0,0.5,False,,False
M006679,1,1,0,0,1.0,0.6,False,,False
M027301,1,0,0,1,-1.0,0.4,False,,False
M067282,2,0,2,0,0.0,0.5,False,,False
M046715,1,1,0,0,1.0,0.6,False,,False
M081770,1,0,1,0,0.0,0.5,False,,False
M090482,1,1,0,0,1.0,0.6,False,,False
M078666,1,0,1,0,0.0,0.5,False,,False
M005467,1,1,0,0,1.0,0.6,False,,False
M015384,1,0,1,0,0.0,0.5,False,,False
M003974,1,0,1,0,0.0,0.5,False,,False
M009138,1,0,1,0,0.0,0.5,False,,False
M035346,1,1,0,0,1.0,0.6,False,,False
M081224,2,2,0,0,1.0,0.7,False,,False
M078246,1,0,0,1,-1.0,0.4,False,,False
M074480,1,1,0,0,1.0,0.6,False,,False
M090590,2,0,2,0,0.0,0.5,False,,False
M032073,2,0,2,0,0.0,0.5,False,,False
M094476,1,0,1,0,0.0,0.5,False,,False
M086188,1,0,1,0,0.0,0.5,False,,False
M070548,1,0,1,0,0.0,0.5,False,,False
M063973,1,0,1,0,0.0,0.5,False,,False
M025855,1,0,1,0,0.0,0.5,False,,False
M055635,2,2,0,0,1.0,0.7,False,,False
M033924,1,1,0,0,1.0,0.6,False,,False
M040300,1,1,0,0,1.0,0.6,False,,False
M021757,1,1,0,0,1.0,0.6,False,,False
M042288,1,1,0,0,1.0,0.6,False,,False
M038879,1,0,1,0,0.0,0.5,False,,False
M034671,1,0,1,0,0.0,0.5,False,,False
M053503,1,0,1,0,0.0,0.5,False,,False
M041884,1,1,0,0,1.0,0.6,False,,False
M040363,1,1,0,0,1.0,0.6,False,,False
M014645,1,0,1,0,0.0,0.5,False,,False
M025988,1,0,1,0,0.0,0.5,False,,False
M018576,1,1,0,0,1.0,0.6,False,,False
M010654,1,1,0,0,1.0,0.6,False,,False
M006163,1,0,1,0,0.0,0.5,False,,False
M085755,1,1,0,0,1.0,0.6,False,,False
M074567,2,2,0,0,1.0,0.7,False,,False
M077264,1,0,1,0,0.0,0.5,False,,False
M047936,1,0,1,0,0.0,0.5,False,,False
M073304,1,0,1,0,0.0,0.5,False,,False
M092645,1,1,0,0,1.0,0.6,False,,False
M015652,1,1,0,0,1.0,0.6,False,,False
M092024,1,1,0,0,1.0,0.6,False,,False
M086554,1,1,0,0,1.0,0.6,False,,False
M072007,1,0,0,1,-1.0,0.4,False,,False
M095027,1,1,0,0,1.0,0.6,False,,False
M094946,1,0,1,0,0.0,0.5,False,,False
M072299,1,1,0,0,1.0,0.6,False,,False
M096489,1,1,0,0,1.0,0.6,False,,False
M090380,1,1,0,0,1.0,0.6,False,,False
M022387,1,1,0,0,1.0,0.6,False,,False
M045194,1,1,0,0,1.0,0.6,False,,False
M045792,2,2,0,0,1.0,0.7,False,,False
M033649,1,1,0,0,1.0,0.6,False,,False
M005474,1,0,0,1,-1.0,0.4,False,,False
M011482,1,1,0,0,1.0,0.6,False,,False
M049486,1,0,1,0,0.0,0.5,False,,False
M086993,1,0,0,1,-1.0,0.4,False,,False
M059930,1,0,1,0,0.0,0.5,False,,False
M054945,1,1,0,0,1.0,0.6,False,,False
M056330,1,1,0,0,1.0,0.6,False,,False
M059709,1,1,0,0,1.0,0.6,False,,False
M039137,1,0,1,0,0.0,0.5,False,,False
M098234,1,1,0,0,1.0,0.6,False,,False
M095783,1,1,0,0,1.0,0.6,False,,False
M012039,1,0,1,0,0.0,0.5,False,,False
M026246,1,1,0,0,1.0,0.6,False,,False
M064231,1,0,1,0,0.0,0.5,False,,False
M080723,1,1,0,0,1.0,0.6,False,,False
M091814,1,1,0,0,1.0,0.6,False,,False
M013045,1,1,0,0,1.0,0.6,False,,False
M037157,1,1,0,0,1.0,0.6,False,,False
M017580,2,2,0,0,1.0,0.7,False,,False
M001353,1,1,0,0,1.0,0.6,False,,False
M003002,1,1,0,0,1.0,0.6,False,,False
M100734,1,0,1,0,0.0,0.5,False,,False
M079208,1,1,0,0,1.0,0.6,False,,False
M084801,1,0,1,0,0.0,0.5,False,,False
M091994,1,0,1,0,0.0,0.5,False,,False
M100972,1,0,0,1,-1.0,0.4,False,,False
M034907,1,0,0,1,-1.0,0.4,False,,False
M057746,1,0,0,1,-1.0,0.4,False,,False
M005654,1,0,1,0,0.0,0.5,False,,False
M065112,1,1,0,0,1.0,0.6,False,,False
M086929,1,0,0,1,-1.0,0.4,False,,False
M079157,2,0,0,2,-1.0,0.30000000000000004,False,,True
M077300,1,0,0,1,-1.0,0.4,False,,False
M066429,2,2,0,0,1.0,0.7,False,,False
M068136,1,0,1,0,0.0,0.5,False,,False
M050791,2,0,2,0,0.0,0.5,False,,False
M011905,1,1,0,0,1.0,0.6,False,,False
M099474,1,1,0,0,1.0,0.6,False,,False
M076545,1,0,0,1,-1.0,0.4,False,,False
M022945,2,2,0,0,1.0,0.7,False,,False
M005421,2,2,0,0,1.0,0.7,False,,False
M076827,1,0,1,0,0.0,0.5,False,,False
M004815,1,1,0,0,1.0,0.6,False,,False
M016779,2,2,0,0,1.0,0.7,False,,False
M004520,1,1,0,0,1.0,0.6,False,,False
M017646,1,1,0,0,1.0,0.6,False,,False
M021021,1,1,0,0,1.0,0.6,False,,False
M052580,1,0,0,1,-1.0,0.4,False,,False
M077302,1,1,0,0,1.0,0.6,False,,False
M063831,1,1,0,0,1.0,0.6,False,,False
M048954,1,0,1,0,0.0,0.5,False,,False
M101471,2,2,0,0,1.0,0.7,False,,False
M080541,1,0,1,0,0.0,0.5,False,,False
M079221,1,0,0,1,-1.0,0.4,False,,False
M017598,1,1,0,0,1.0,0.6,False,,False
M002102,1,1,0,0,1.0,0.6,False,,False
M007724,1,0,1,0,0.0,0.5,False,,False
M032952,1,1,0,0,1.0,0.6,False,,False
M014854,1,1,0,0,1.0,0.6,False,,False
M017810,1,1,0,0,1.0,0.6,False,,False
M002789,1,1,0,0,1.0,0.6,False,,False
M008654,1,1,0,0,1.0,0.6,False,,False
M037300,1,1,0,0,1.0,0.6,False,,False
M042722,1,0,1,0,0.0,0.5,False,,False
M081942,2,2,0,0,1.0,0.7,False,,False
M088525,1,0,1,0,0.0,0.5,False,,False
M075778,1,0,1,0,0.0,0.5,False,,False
M007096,1,0,0,1,-1.0,0.4,False,,False
M061434,1,0,1,0,0.0,0.5,False,,False
M013736,1,0,1,0,0.0,0.5,False,,False
M065993,1,1,0,0,1.0,0.6,False,,False
M016664,1,1,0,0,1.0,0.6,False,,False
M010414,2,2,0,0,1.0,0.7,False,,False
M081449,1,1,0,0,1.0,0.6,False,,False
M045530,1,1,0,0,1.0,0.6,False,,False
M072334,1,1,0,0,1.0,0.6,False,,False
M093876,1,1,0,0,1.0,0.6,False,,False
M054546,1,0,1,0,0.0,0.5,False,,False
M061132,1,1,0,0,1.0,0.6,False,,False
M052295,1,0,1,0,0.0,0.5,False,,False
M098454,2,0,2,0,0.0,0.5,False,,False
M037137,1,0,0,1,-1.0,0.4,False,,False
M059959,1,1,0,0,1.0,0.6,False,,False
M075692,2,2,0,0,1.0,0.7,False,,False
M006557,1,0,1,0,0.0,0.5,False,,False
M001310,1,1,0,0,1.0,0.6,False,,False
M079544,1,0,1,0,0.0,0.5,False,,False
M072969,1,1,0,0,1.0,0.6,False,,False
M082966,3,0,3,0,0.0,0.5,False,,False
M047025,1,1,0,0,1.0,0.6,False,,False
M074735,1,1,0,0,1.0,0.6,False,,False
M068495,1,1,0,0,1.0,0.6,False,,False
M087532,1,1,0,0,1.0,0.6,False,,False
M092430,1,1,0,0,1.0,0.6,False,,False
M034114,1,0,1,0,0.0,0.5,False,,False
M060735,1,0,1,0,0.0,0.5,False,,False
M051951,1,1,0,0,1.0,0.6,False,,False
M063311,1,1,0,0,1.0,0.6,False,,False
M037849,1,0,1,0,0.0,0.5,False,,False
M046344,1,1,0,0,1.0,0.6,False,,False
M066527,1,0,1,0,0.0,0.5,False,,False
M003777,1,1,0,0,1.0,0.6,False,,False
M023295,1,1,0,0,1.0,0.6,False,,False
M014617,1,0,1,0,0.0,0.5,False,,False
M017026,1,0,1,0,0.0,0.5,False,,False
M063081,2,0,2,0,0.0,0.5,False,,False
M034851,1,0,0,1,-1.0,0.4,False,,False
M034303,1,1,0,0,1.0,0.6,False,,False
M036221,1,1,0,0,1.0,0.6,False,,False
M036606,2,2,0,0,1.0,0.7,False,,False
M018942,1,1,0,0,1.0,0.6,False,,False
M087499,1,1,0,0,1.0,0.6,False,,False
M072702,1,1,0,0,1.0,0.6,False,,False
M099883,1,1,0,0,1.0,0.6,False,,False
M094270,1,1,0,0,1.0,0.6,False,,False
M089729,1,1,0,0,1.0,0.6,False,,False
M048838,1,0,1,0,0.0,0.5,False,,False
M057544,1,0,1,0,0.0,0.5,False,,False
M054379,1,1,0,0,1.0,0.6,False,,False
M066838,1,1,0,0,1.0,0.6,False,,False
M075844,1,1,0,0,1.0,0.6,False,,False
M044764,1,0,1,0,0.0,0.5,False,,False
M030370,1,0,1,0,0.0,0.5,False,,False
M042305,1,1,0,0,1.0,0.6,False,,False
M049918,1,1,0,0,1.0,0.6,False,,False
M046954,1,1,0,0,1.0,0.6,False,,False
M053140,1,1,0,0,1.0,0.6,False,,False
M061873,1,1,0,0,1.0,0.6,False,,False
M082598,1,0,0,1,-1.0,0.4,False,,False
M037088,1,0,1,0,0.0,0.5,False,,False
M054854,1,0,1,0,0.0,0.5,False,,False
M007310,2,0,0,2,-1.0,0.30000000000000004,False,,True
M025420,2,0,2,0,0.0,0.5,False,,False
M051475,3,0,3,0,0.0,0.5,False,,False
M058902,2,2,0,0,1.0,0.7,False,,False
M070108,1,1,0,0,1.0,0.6,False,,False
M016532,1,1,0,0,1.0,0.6,False,,False
M027886,1,1,0,0,1.0,0.6,False,,False
M076762,2,0,0,2,-1.0,0.30000000000000004,False,,True
M035665,1,0,1,0,0.0,0.5,False,,False
M000343,1,0,0,1,-1.0,0.4,False,,False
M018659,1,0,1,0,0.0,0.5,False,,False
M007779,1,0,1,0,0.0,0.5,False,,False
M088509,1,0,1,0,0.0,0.5,False,,False
M048184,1,1,0,0,1.0,0.6,False,,False
M050860,1,0,1,0,0.0,0.5,False,,False
M066204,1,0,1,0,0.0,0.5,False,,False
M019154,3,3,0,0,1.0,0.7999999999999999,False,,False
M052878,3,0,3,0,0.0,0.5,False,,False
M037230,2,0,2,0,0.0,0.5,False,,False
M025948,3,3,0,0,1.0,0.7999999999999999,False,,False
M041784,1,1,0,0,1.0,0.6,False,,False
M101757,1,1,0,0,1.0,0.6,False,,False
M081424,1,1,0,0,1.0,0.6,False,,False
M089980,1,0,1,0,0.0,0.5,False,,False
M049175,1,0,1,0,0.0,0.5,False,,False
M087813,2,0,2,0,0.0,0.5,False,,False
M086122,1,0,1,0,0.0,0.5,False,,False
M015212,1,1,0,0,1.0,0.6,False,,False
M024202,1,1,0,0,1.0,0.6,False,,False
M084045,1,1,0,0,1.0,0.6,False,,False
M091037,1,1,0,0,1.0,0.6,False,,False
M027308,1,1,0,0,1.0,0.6,False,,False
M069277,1,1,0,0,1.0,0.6,False,,False
M074324,1,1,0,0,1.0,0.6,False,,False
M070938,1,0,1,0,0.0,0.5,False,,False
M082579,1,1,0,0,1.0,0.6,False,,False
M081809,1,0,1,0,0.0,0.5,False,,False
M053370,1,0,1,0,0.0,0.5,False,,False
M063219,1,1,0,0,1.0,0.6,False,,False
M051010,1,0,1,0,0.0,0.5,False,,False
M101026,1,0,0,1,-1.0,0.4,False,,False
M098760,1,1,0,0,1.0,0.6,False,,False
M067068,1,1,0,0,1.0,0.6,False,,False
M086235,1,0,1,0,0.0,0.5,False,,False
M039409,1,1,0,0,1.0,0.6,False,,False
M018317,1,1,0,0,1.0,0.6,False,,False
M089158,1,1,0,0,1.0,0.6,False,,False
M038891,1,1,0,0,1.0,0.6,False,,False
M024490,1,1,0,0,1.0,0.6,False,,False
M077309,1,1,0,0,1.0,0.6,False,,False
M038682,1,0,1,0,0.0,0.5,False,,False
M018657,1,1,0,0,1.0,0.6,False,,False
M025495,1,1,0,0,1.0,0.6,False,,False
M066582,1,1,0,0,1.0,0.6,False,,False
M026511,1,0,0,1,-1.0,0.4,False,,False
M035873,1,0,1,0,0.0,0.5,False,,False
M006270,1,1,0,0,1.0,0.6,False,,False
M044961,2,0,2,0,0.0,0.5,False,,False
M073735,2,2,0,0,1.0,0.7,False,,False
M061898,2,2,0,0,1.0,0.7,False,,False
M003463,1,0,0,1,-1.0,0.4,False,,False
M039979,1,0,0,1,-1.0,0.4,False,,False
M080246,1,1,0,0,1.0,0.6,False,,False
M035049,1,1,0,0,1.0,0.6,False,,False
M079317,1,1,0,0,1.0,0.6,False,,False
M029685,2,0,0,2,-1.0,0.30000000000000004,False,,True
M034669,1,1,0,0,1.0,0.6,False,,False
M007350,2,2,0,0,1.0,0.7,False,,False
M015589,2,2,0,0,1.0,0.7,False,,False
M011238,1,1,0,0,1.0,0.6,False,,False
M001914,1,1,0,0,1.0,0.6,False,,False
M069566,1,1,0,0,1.0,0.6,False,,False
M085473,1,0,1,0,0.0,0.5,False,,False
M088794,2,0,2,0,0.0,0.5,False,,False
M048510,1,0,0,1,-1.0,0.4,False,,False
M093588,2,0,0,2,-1.0,0.30000000000000004,False,,True
M075458,1,0,1,0,0.0,0.5,False,,False
M057599,1,0,0,1,-1.0,0.4,False,,False
M080263,1,1,0,0,1.0,0.6,False,,False
M045209,1,1,0,0,1.0,0.6,False,,False
M095322,1,0,1,0,0.0,0.5,False,,False
M032674,1,1,0,0,1.0,0.6,False,,False
M044814,2,0,2,0,0.0,0.5,False,,False
M048239,2,2,0,0,1.0,0.7,False,,False
M081354,1,1,0,0,1.0,0.6,False,,False
M008943,1,0,0,1,-1.0,0.4,False,,False
M016102,1,0,0,1,-1.0,0.4,False,,False
M015826,1,0,1,0,0.0,0.5,False,,False
M010077,1,1,0,0,1.0,0.6,False,,False
M001882,1,1,0,0,1.0,0.6,False,,False
M087751,1,1,0,0,1.0,0.6,False,,False
M090030,1,0,1,0,0.0,0.5,False,,False
M085274,1,0,1,0,0.0,0.5,False,,False
M042582,1,0,1,0,0.0,0.5,False,,False
M091723,1,1,0,0,1.0,0.6,False,,False
M058277,1,1,0,0,1.0,0.6,False,,False
M055976,1,0,1,0,0.0,0.5,False,,False
M002598,1,1,0,0,1.0,0.6,False,,False
M039868,1,1,0,0,1.0,0.6,False,,False
M052861,1,0,0,1,-1.0,0.4,False,,False
M005326,2,0,2,0,0.0,0.5,False,,False
M062429,1,0,1,0,0.0,0.5,False,,False
M003701,1,0,1,0,0.0,0.5,False,,False
M072115,1,1,0,0,1.0,0.6,False,,False
M049621,3,3,0,0,1.0,0.7999999999999999,False,,False
M021077,1,1,0,0,1.0,0.6,False,,False
M018267,1,0,1,0,0.0,0.5,False,,False
M025474,2,2,0,0,1.0,0.7,False,,False
M037335,3,0,3,0,0.0,0.5,False,,False
M036787,2,2,0,0,1.0,0.7,False,,False
M021693,1,0,1,0,0.0,0.5,False,,False
M069554,1,1,0,0,1.0,0.6,False,,False
M085800,1,0,1,0,0.0,0.5,False,,False
M072740,1,0,0,1,-1.0,0.4,False,,False
M013320,1,1,0,0,1.0,0.6,False,,False
M072528,1,0,1,0,0.0,0.5,False,,False
M055216,1,0,0,1,-1.0,0.4,False,,False
M057208,1,1,0,0,1.0,0.6,False,,False
M087019,1,0,1,0,0.0,0.5,False,,False
M012800,1,0,1,0,0.0,0.5,False,,False
M008582,1,0,1,0,0.0,0.5,False,,False
M013853,1,0,0,1,-1.0,0.4,False,,False
M028077,2,2,0,0,1.0,0.7,False,,False
M029052,2,2,0,0,1.0,0.7,False,,False
M030458,1,1,0,0,1.0,0.6,False,,False
M033086,2,2,0,0,1.0,0.7,False,,False
M100187,1,0,0,1,-1.0,0.4,False,,False
M054483,2,2,0,0,1.0,0.7,False,,False
M081072,2,2,0,0,1.0,0.7,False,,False
M084165,1,0,1,0,0.0,0.5,False,,False
M023668,2,0,0,2,-1.0,0.30000000000000004,False,,True
M001960,1,0,0,1,-1.0,0.4,False,,False
M037901,1,1,0,0,1.0,0.6,False,,False
M061623,1,1,0,0,1.0,0.6,False,,False
M048975,1,1,0,0,1.0,0.6,False,,False
M037674,1,1,0,0,1.0,0.6,False,,False
M010325,1,0,0,1,-1.0,0.4,False,,False
M071655,1,1,0,0,1.0,0.6,False,,False
M051348,1,0,1,0,0.0,0.5,False,,False
M018889,1,1,0,0,1.0,0.6,False,,False
M069705,1,0,1,0,0.0,0.5,False,,False
M097356,2,2,0,0,1.0,0.7,False,,False
M027954,2,0,2,0,0.0,0.5,False,,False
M034083,1,1,0,0,1.0,0.6,False,,False
M097649,1,1,0,0,1.0,0.6,False,,False
M020883,2,2,0,0,1.0,0.7,False,,False
M098353,1,1,0,0,1.0,0.6,False,,False
M099714,1,1,0,0,1.0,0.6,False,,False
M089491,1,1,0,0,1.0,0.6,False,,False
M080617,1,1,0,0,1.0,0.6,False,,False
M002647,1,1,0,0,1.0,0.6,False,,False
M049068,1,1,0,0,1.0,0.6,False,,False
M031690,1,0,1,0,0.0,0.5,False,,False
M054199,1,1,0,0,1.0,0.6,False,,False
M051744,1,1,0,0,1.0,0.6,False,,False
M006118,1,0,1,0,0.0,0.5,False,,False
M050867,2,2,0,0,1.0,0.7,False,,False
M056735,2,0,2,0,0.0,0.5,False,,False
M065905,2,0,2,0,0.0,0.5,False,,False
M023691,1,1,0,0,1.0,0.6,False,,False
M058942,1,1,0,0,1.0,0.6,False,,False
M035726,1,1,0,0,1.0,0.6,False,,False
M044315,1,0,1,0,0.0,0.5,False,,False
M044321,1,1,0,0,1.0,0.6,False,,False
M098134,1,1,0,0,1.0,0.6,False,,False
M033496,1,0,1,0,0.0,0.5,False,,False
M056572,1,1,0,0,1.0,0.6,False,,False
M098835,1,1,0,0,1.0,0.6,False,,False
M060008,2,2,0,0,1.0,0.7,False,,False
M090261,1,1,0,0,1.0,0.6,False,,False
M010970,1,1,0,0,1.0,0.6,False,,False
M087377,2,2,0,0,1.0,0.7,False,,False
M040660,2,2,0,0,1.0,0.7,False,,False
M082461,1,0,1,0,0.0,0.5,False,,False
M090952,2,2,0,0,1.0,0.7,False,,False
M002294,2,0,0,2,-1.0,0.30000000000000004,False,,True
M089565,2,2,0,0,1.0,0.7,False,,False
M080129,1,1,0,0,1.0,0.6,False,,False
M040546,3,3,0,0,1.0,0.7999999999999999,False,,False
M010516,1,0,1,0,0.0,0.5,False,,False
M084763,1,1,0,0,1.0,0.6,False,,False
M000250,1,1,0,0,1.0,0.6,False,,False
M041999,1,0,0,1,-1.0,0.4,False,,False
M024336,1,1,0,0,1.0,0.6,False,,False
M067213,1,1,0,0,1.0,0.6,False,,False
M094537,1,1,0,0,1.0,0.6,False,,False
M076740,2,0,0,2,-1.0,0.30000000000000004,False,,True
M086254,2,0,0,2,-1.0,0.30000000000000004,False,,True
M075564,1,0,1,0,0.0,0.5,False,,False
M074719,3,3,0,0,1.0,0.7999999999999999,False,,False
M041311,1,1,0,0,1.0,0.6,False,,False
M032459,1,0,1,0,0.0,0.5,False,,False
M005803,1,0,1,0,0.0,0.5,False,,False
M091840,2,2,0,0,1.0,0.7,False,,False
M048300,3,3,0,0,1.0,0.7999999999999999,False,,False
M060804,1,1,0,0,1.0,0.6,False,,False
M073438,1,1,0,0,1.0,0.6,False,,False
M045208,3,3,0,0,1.0,0.7999999999999999,False,,False
M097545,1,1,0,0,1.0,0.6,False,,False
M081826,2,2,0,0,1.0,0.7,False,,False
M071659,1,0,1,0,0.0,0.5,False,,False
M061850,2,2,0,0,1.0,0.7,False,,False
M062701,1,0,1,0,0.0,0.5,False,,False
M063767,1,0,1,0,0.0,0.5,False,,False
M082093,1,0,1,0,0.0,0.5,False,,False
M041477,1,0,1,0,0.0,0.5,False,,False
M057288,1,1,0,0,1.0,0.6,False,,False
M062012,1,1,0,0,1.0,0.6,False,,False
M033083,2,0,2,0,0.0,0.5,False,,False
M006013,2,0,0,2,-1.0,0.30000000000000004,False,,True
M092664,2,2,0,0,1.0,0.7,False,,False
M059606,1,0,1,0,0.0,0.5,False,,False
M072395,1,0,0,1,-1.0,0.4,False,,False
M017157,2,2,0,0,1.0,0.7,False,,False
M023483,1,1,0,0,1.0,0.6,False,,False
M095366,1,1,0,0,1.0,0.6,False,,False
M060133,1,0,1,0,0.0,0.5,False,,False
M072040,1,0,1,0,0.0,0.5,False,,False
M054276,1,0,1,0,0.0,0.5,False,,False
M050391,1,0,1,0,0.0,0.5,False,,False
M095691,1,1,0,0,1.0,0.6,False,,False
M011706,1,0,1,0,0.0,0.5,False,,False
M079353,1,1,0,0,1.0,0.6,False,,False
M062134,1,0,1,0,0.0,0.5,False,,False
M033706,1,0,1,0,0.0,0.5,False,,False
M057070,1,0,0,1,-1.0,0.4,False,,False
M056015,1,1,0,0,1.0,0.6,False,,False
M017242,1,1,0,0,1.0,0.6,False,,False
M023026,1,1,0,0,1.0,0.6,False,,False
M036647,1,0,1,0,0.0,0.5,False,,False
M024776,1,1,0,0,1.0,0.6,False,,False
M008402,1,0,1,0,0.0,0.5,False,,False
M077079,1,0,0,1,-1.0,0.4,False,,False
M039435,1,1,0,0,1.0,0.6,False,,False
M083948,1,1,0,0,1.0,0.6,False,,False
M056801,1,0,1,0,0.0,0.5,False,,False
M031643,1,0,1,0,0.0,0.5,False,,False
M005244,1,1,0,0,1.0,0.6,False,,False
M042191,2,2,0,0,1.0,0.7,False,,False
M046020,1,0,1,0,0.0,0.5,False,,False
M067889,1,0,1,0,0.0,0.5,False,,False
M084924,1,1,0,0,1.0,0.6,False,,False
M016244,1,0,1,0,0.0,0.5,False,,False
M002946,1,0,1,0,0.0,0.5,False,,False
M046294,1,0,1,0,0.0,0.5,False,,False
M000205,1,1,0,0,1.0,0.6,False,,False
M037236,1,0,0,1,-1.0,0.4,False,,False
M087205,2,0,2,0,0.0,0.5,False,,False
M034983,1,0,1,0,0.0,0.5,False,,False
M067986,2,2,0,0,1.0,0.7,False,,False
M080536,1,1,0,0,1.0,0.6,False,,False
M037270,1,0,0,1,-1.0,0.4,False,,False
M040252,1,0,0,1,-1.0,0.4,False,,False
M083416,1,1,0,0,1.0,0.6,False,,False
M099872,1,0,0,1,-1.0,0.4,False,,False
M074280,1,1,0,0,1.0,0.6,False,,False
M071681,1,1,0,0,1.0,0.6,False,,False
M071863,2,0,2,0,0.0,0.5,False,,False
M056261,1,1,0,0,1.0,0.6,False,,False
M086656,1,0,1,0,0.0,0.5,False,,False
M057649,1,0,1,0,0.0,0.5,False,,False
M000894,2,2,0,0,1.0,0.7,False,,False
M021383,2,2,0,0,1.0,0.7,False,,False
M001908,2,2,0,0,1.0,0.7,False,,False
M055629,1,1,0,0,1.0,0.6,False,,False
M071266,1,1,0,0,1.0,0.6,False,,False
M008212,1,0,1,0,0.0,0.5,False,,False
M014607,1,1,0,0,1.0,0.6,False,,False
M025868,1,0,1,0,0.0,0.5,False,,False
M016175,1,0,1,0,0.0,0.5,False,,False
M018421,1,1,0,0,1.0,0.6,False,,False
M084528,1,1,0,0,1.0,0.6,False,,False
M000078,1,1,0,0,1.0,0.6,False,,False
M063418,2,0,0,2,-1.0,0.30000000000000004,False,,True
M045714,1,1,0,0,1.0,0.6,False,,False
M072237,1,0,0,1,-1.0,0.4,False,,False
M100176,1,1,0,0,1.0,0.6,False,,False
M089767,1,0,0,1,-1.0,0.4,False,,False
M069940,1,1,0,0,1.0,0.6,False,,False
M100973,1,1,0,0,1.0,0.6,False,,False
M079646,1,0,1,0,0.0,0.5,False,,False
M050858,1,1,0,0,1.0,0.6,False,,False
M022433,2,2,0,0,1.0,0.7,False,,False
M092968,2,2,0,0,1.0,0.7,False,,False
M042352,2,0,2,0,0.0,0.5,False,,False
M065301,2,2,0,0,1.0,0.7,False,,False
M003618,1,1,0,0,1.0,0.6,False,,False
M043785,1,1,0,0,1.0,0.6,False,,False
M025122,1,1,0,0,1.0,0.6,False,,False
M052950,1,1,0,0,1.0,0.6,False,,False
M020284,1,1,0,0,1.0,0.6,False,,False
M022763,1,1,0,0,1.0,0.6,False,,False
M078339,1,1,0,0,1.0,0.6,False,,False
M080123,1,1,0,0,1.0,0.6,False,,False
M007079,1,0,1,0,0.0,0.5,False,,False
M016077,1,1,0,0,1.0,0.6,False,,False
M045146,1,1,0,0,1.0,0.6,False,,False
M022157,1,1,0,0,1.0,0.6,False,,False
M012121,1,1,0,0,1.0,0.6,False,,False
M080415,1,0,1,0,0.0,0.5,False,,False
M019984,1,0,1,0,0.0,0.5,False,,False
M090248,1,1,0,0,1.0,0.6,False,,False
M096986,1,1,0,0,1.0,0.6,False,,False
M021143,2,2,0,0,1.0,0.7,False,,False
M028457,1,1,0,0,1.0,0.6,False,,False
M035958,1,1,0,0,1.0,0.6,False,,False
M018782,1,0,1,0,0.0,0.5,False,,False
M026697,1,1,0,0,1.0,0.6,False,,False
M057820,1,1,0,0,1.0,0.6,False,,False
M054839,1,1,0,0,1.0,0.6,False,,False
M021255,1,1,0,0,1.0,0.6,False,,False
M002735,1,0,1,0,0.0,0.5,False,,False
M033862,1,0,0,1,-1.0,0.4,False,,False
M087365,2,0,2,0,0.0,0.5,False,,False
M066007,1,1,0,0,1.0,0.6,False,,False
M098899,1,1,0,0,1.0,0.6,False,,False
M056940,1,1,0,0,1.0,0.6,False,,False
M077446,1,1,0,0,1.0,0.6,False,,False
M019079,1,0,1,0,0.0,0.5,False,,False
M040115,1,0,0,1,-1.0,0.4,False,,False
M062664,2,2,0,0,1.0,0.7,False,,False
M034116,1,0,1,0,0.0,0.5,False,,False
M051078,1,1,0,0,1.0,0.6,False,,False
M047194,1,1,0,0,1.0,0.6,False,,False
M050771,1,1,0,0,1.0,0.6,False,,False
M067770,1,1,0,0,1.0,0.6,False,,False
M056012,1,1,0,0,1.0,0.6,False,,False
M083104,2,2,0,0,1.0,0.7,False,,False
M088607,1,1,0,0,1.0,0.6,False,,False
M091033,2,2,0,0,1.0,0.7,False,,False
M068324,2,2,0,0,1.0,0.7,False,,False
M087548,1,1,0,0,1.0,0.6,False,,False
M013038,1,0,1,0,0.0,0.5,False,,False
M058365,1,0,1,0,0.0,0.5,False,,False
M099784,1,1,0,0,1.0,0.6,False,,False
M050239,1,0,0,1,-1.0,0.4,False,,False
M048545,2,0,2,0,0.0,0.5,False,,False
M017168,1,1,0,0,1.0,0.6,False,,False
M009960,1,1,0,0,1.0,0.6,False,,False
M027889,1,0,0,1,-1.0,0.4,False,,False
M024347,3,0,3,0,0.0,0.5,False,,False
M040395,3,3,0,0,1.0,0.7999999999999999,False,,False
M035316,2,0,2,0,0.0,0.5,False,,False
M016218,1,1,0,0,1.0,0.6,False,,False
M081944,1,1,0,0,1.0,0.6,False,,False
M040744,1,1,0,0,1.0,0.6,False,,False
M042055,1,1,0,0,1.0,0.6,False,,False
M089983,2,2,0,0,1.0,0.7,False,,False
M067370,1,0,1,0,0.0,0.5,False,,False
M048257,1,0,1,0,0.0,0.5,False,,False
M063123,1,1,0,0,1.0,0.6,False,,False
M084282,1,1,0,0,1.0,0.6,False,,False
M085944,1,0,1,0,0.0,0.5,False,,False
M049668,1,1,0,0,1.0,0.6,False,,False
M096492,1,1,0,0,1.0,0.6,False,,False
M094701,1,1,0,0,1.0,0.6,False,,False
M023071,1,1,0,0,1.0,0.6,False,,False
M008167,1,0,1,0,0.0,0.5,False,,False
M010518,1,0,1,0,0.0,0.5,False,,False
M002832,1,0,0,1,-1.0,0.4,False,,False
M002649,1,0,1,0,0.0,0.5,False,,False
M020973,2,0,0,2,-1.0,0.30000000000000004,False,,True
M005297,2,2,0,0,1.0,0.7,False,,False
M056955,2,2,0,0,1.0,0.7,False,,False
M027807,1,1,0,0,1.0,0.6,False,,False
M024887,1,0,1,0,0.0,0.5,False,,False
M063146,1,0,1,0,0.0,0.5,False,,False
M044184,1,1,0,0,1.0,0.6,False,,False
M100733,1,0,1,0,0.0,0.5,False,,False
M081284,1,0,1,0,0.0,0.5,False,,False
M057579,1,1,0,0,1.0,0.6,False,,False
M019806,1,1,0,0,1.0,0.6,False,,False
M076315,1,1,0,0,1.0,0.6,False,,False
M096268,1,1,0,0,1.0,0.6,False,,False
M096974,1,1,0,0,1.0,0.6,False,,False
M057838,1,0,1,0,0.0,0.5,False,,False
M062864,1,1,0,0,1.0,0.6,False,,False
M005772,1,1,0,0,1.0,0.6,False,,False
M027300,1,1,0,0,1.0,0.6,False,,False
M052657,1,1,0,0,1.0,0.6,False,,False
M036621,1,1,0,0,1.0,0.6,False,,False
M050016,1,1,0,0,1.0,0.6,False,,False
M070720,1,0,1,0,0.0,0.5,False,,False
M097932,1,1,0,0,1.0,0.6,False,,False
M089245,1,1,0,0,1.0,0.6,False,,False
M047201,2,0,2,0,0.0,0.5,False,,False
M057773,1,1,0,0,1.0,0.6,False,,False
M075860,2,2,0,0,1.0,0.7,False,,False
M036016,1,1,0,0,1.0,0.6,False,,False
M030307,1,0,0,1,-1.0,0.4,False,,False
M027858,1,1,0,0,1.0,0.6,False,,False
M035559,1,0,0,1,-1.0,0.4,False,,False
M035659,1,1,0,0,1.0,0.6,False,,False
M057213,1,1,0,0,1.0,0.6,False,,False
M022687,1,1,0,0,1.0,0.6,False,,False
M088887,1,0,1,0,0.0,0.5,False,,False
M086497,1,0,1,0,0.0,0.5,False,,False
M004932,1,0,1,0,0.0,0.5,False,,False
M097936,1,1,0,0,1.0,0.6,False,,False
M101329,2,2,0,0,1.0,0.7,False,,False
M083698,1,0,1,0,0.0,0.5,False,,False
M053948,1,0,1,0,0.0,0.5,False,,False
M061206,1,1,0,0,1.0,0.6,False,,False
M023837,1,1,0,0,1.0,0.6,False,,False
M023768,1,1,0,0,1.0,0.6,False,,False
M014911,1,1,0,0,1.0,0.6,False,,False
M096596,1,1,0,0,1.0,0.6,False,,False
M091225,1,1,0,0,1.0,0.6,False,,False
M036663,1,0,1,0,0.0,0.5,False,,False
M062597,1,0,1,0,0.0,0.5,False,,False
M022338,2,2,0,0,1.0,0.7,False,,False
M069364,1,1,0,0,1.0,0.6,False,,False
M017106,1,0,1,0,0.0,0.5,False,,False
M077599,1,1,0,0,1.0,0.6,False,,False
M078194,1,0,0,1,-1.0,0.4,False,,False
M075048,1,1,0,0,1.0,0.6,False,,False
M082890,2,2,0,0,1.0,0.7,False,,False
M082986,4,0,4,0,0.0,0.5,False,,False
M079756,1,1,0,0,1.0,0.6,False,,False
M094799,2,2,0,0,1.0,0.7,False,,False
M000038,1,1,0,0,1.0,0.6,False,,False
M086586,1,1,0,0,1.0,0.6,False,,False
M031069,1,0,0,1,-1.0,0.4,False,,False
M078191,1,0,1,0,0.0,0.5,False,,False
M069725,1,1,0,0,1.0,0.6,False,,False
M066474,1,1,0,0,1.0,0.6,False,,False
M087191,2,2,0,0,1.0,0.7,False,,False
M093852,1,1,0,0,1.0,0.6,False,,False
M010830,2,2,0,0,1.0,0.7,False,,False
M088383,2,0,2,0,0.0,0.5,False,,False
M100922,1,0,1,0,0.0,0.5,False,,False
M066933,1,1,0,0,1.0,0.6,False,,False
M043462,2,0,0,2,-1.0,0.30000000000000004,False,,True
M024679,2,2,0,0,1.0,0.7,False,,False
M049419,2,0,2,0,0.0,0.5,False,,False
M085458,2,2,0,0,1.0,0.7,False,,False
M015425,1,0,1,0,0.0,0.5,False,,False
M003818,2,2,0,0,1.0,0.7,False,,False
M003304,1,0,0,1,-1.0,0.4,False,,False
M016719,1,0,1,0,0.0,0.5,False,,False
M011600,1,1,0,0,1.0,0.6,False,,False
M087023,1,0,1,0,0.0,0.5,False,,False
M097853,1,1,0,0,1.0,0.6,False,,False
M023720,1,1,0,0,1.0,0.6,False,,False
M012475,2,0,0,2,-1.0,0.30000000000000004,False,,True
M059917,1,0,1,0,0.0,0.5,False,,False
M097991,1,1,0,0,1.0,0.6,False,,False
M058486,1,1,0,0,1.0,0.6,False,,False
M056188,1,0,0,1,-1.0,0.4,False,,False
M054274,1,0,1,0,0.0,0.5,False,,False
M098276,1,1,0,0,1.0,0.6,False,,False
M098373,1,1,0,0,1.0,0.6,False,,False
M083838,1,0,0,1,-1.0,0.4,False,,False
M065244,1,1,0,0,1.0,0.6,False,,False
M009676,1,0,1,0,0.0,0.5,False,,False
M028640,1,1,0,0,1.0,0.6,False,,False
M030554,1,1,0,0,1.0,0.6,False,,False
M017007,1,0,0,1,-1.0,0.4,False,,False
M027458,1,1,0,0,1.0,0.6,False,,False
M025538,1,1,0,0,1.0,0.6,False,,False
M009623,1,1,0,0,1.0,0.6,False,,False
M018470,1,1,0,0,1.0,0.6,False,,False
M028021,1,0,1,0,0.0,0.5,False,,False
M017334,1,0,0,1,-1.0,0.4,False,,False
M092408,1,0,1,0,0.0,0.5,False,,False
M068119,1,1,0,0,1.0,0.6,False,,False
M081560,1,0,1,0,0.0,0.5,False,,False
M023614,1,0,1,0,0.0,0.5,False,,False
M035691,1,0,1,0,0.0,0.5,False,,False
M034887,1,0,1,0,0.0,0.5,False,,False
M010182,1,0,1,0,0.0,0.5,False,,False
M074041,1,0,0,1,-1.0,0.4,False,,False
M033764,1,1,0,0,1.0,0.6,False,,False
M033662,1,1,0,0,1.0,0.6,False,,False
M014706,1,0,0,1,-1.0,0.4,False,,False
M012920,1,0,1,0,0.0,0.5,False,,False
M009386,1,0,1,0,0.0,0.5,False,,False
M052029,1,0,1,0,0.0,0.5,False,,False
M094314,2,2,0,0,1.0,0.7,False,,False
M042284,1,1,0,0,1.0,0.6,False,,False
M005709,1,1,0,0,1.0,0.6,False,,False
M051101,1,1,0,0,1.0,0.6,False,,False
M060325,1,0,1,0,0.0,0.5,False,,False
M088975,1,1,0,0,1.0,0.6,False,,False
M010198,1,1,0,0,1.0,0.6,False,,False
M006469,2,0,0,2,-1.0,0.30000000000000004,False,,True
M099169,1,1,0,0,1.0,0.6,False,,False
M044384,2,2,0,0,1.0,0.7,False,,False
M096817,1,0,0,1,-1.0,0.4,False,,False
M054318,2,0,2,0,0.0,0.5,False,,False
M050686,4,4,0,0,1.0,0.8999999999999999,False,,False
M075826,2,0,2,0,0.0,0.5,False,,False
M022297,1,1,0,0,1.0,0.6,False,,False
M025409,1,1,0,0,1.0,0.6,False,,False
M021634,1,0,0,1,-1.0,0.4,False,,False
M062167,1,0,0,1,-1.0,0.4,False,,False
M026893,1,0,0,1,-1.0,0.4,False,,False
M039648,1,1,0,0,1.0,0.6,False,,False
M075738,1,1,0,0,1.0,0.6,False,,False
M003081,1,0,1,0,0.0,0.5,False,,False
M067742,1,0,0,1,-1.0,0.4,False,,False
M088600,1,0,1,0,0.0,0.5,False,,False
M031668,1,1,0,0,1.0,0.6,False,,False
M002157,1,1,0,0,1.0,0.6,False,,False
M019569,1,0,0,1,-1.0,0.4,False,,False
M024755,1,1,0,0,1.0,0.6,False,,False
M029571,1,0,1,0,0.0,0.5,False,,False
M058043,1,0,1,0,0.0,0.5,False,,False
M067454,1,1,0,0,1.0,0.6,False,,False
M073665,1,1,0,0,1.0,0.6,False,,False
M059556,1,1,0,0,1.0,0.6,False,,False
M061549,1,1,0,0,1.0,0.6,False,,False
M101241,1,1,0,0,1.0,0.6,False,,False
M091531,1,1,0,0,1.0,0.6,False,,False
M086061,1,0,1,0,0.0,0.5,False,,False
M071574,2,0,0,2,-1.0,0.30000000000000004,False,,True
M099647,2,0,2,0,0.0,0.5,False,,False
M039887,1,0,1,0,0.0,0.5,False,,False
M009915,1,0,1,0,0.0,0.5,False,,False
M047541,1,1,0,0,1.0,0.6,False,,False
M070400,1,1,0,0,1.0,0.6,False,,False
M099355,2,0,2,0,0.0,0.5,False,,False
M009822,1,1,0,0,1.0,0.6,False,,False
M028971,1,0,1,0,0.0,0.5,False,,False
M032712,1,1,0,0,1.0,0.6,False,,False
M082604,1,1,0,0,1.0,0.6,False,,False
M042333,1,1,0,0,1.0,0.6,False,,False
M047139,1,0,1,0,0.0,0.5,False,,False
M082032,1,0,1,0,0.0,0.5,False,,False
M085184,1,0,0,1,-1.0,0.4,False,,False
M086167,1,1,0,0,1.0,0.6,False,,False
M008250,1,1,0,0,1.0,0.6,False,,False
M078661,1,0,1,0,0.0,0.5,False,,False
M082817,1,0,1,0,0.0,0.5,False,,False
M026706,1,1,0,0,1.0,0.6,False,,False
M040961,1,0,1,0,0.0,0.5,False,,False
M030199,1,0,0,1,-1.0,0.4,False,,False
M040617,1,1,0,0,1.0,0.6,False,,False
M049551,1,1,0,0,1.0,0.6,False,,False
M002529,2,0,0,2,-1.0,0.30000000000000004,False,,True
M015708,1,0,1,0,0.0,0.5,False,,False
M068908,1,0,1,0,0.0,0.5,False,,False
M067777,1,1,0,0,1.0,0.6,False,,False
M088397,1,0,0,1,-1.0,0.4,False,,False
M042420,1,0,1,0,0.0,0.5,False,,False
M051853,2,0,2,0,0.0,0.5,False,,False
M057549,1,1,0,0,1.0,0.6,False,,False
M031699,1,0,0,1,-1.0,0.4,False,,False
M025395,1,0,1,0,0.0,0.5,False,,False
M026899,1,1,0,0,1.0,0.6,False,,False
M028896,1,1,0,0,1.0,0.6,False,,False
M037843,4,4,0,0,1.0,0.8999999999999999,False,,False
M014136,3,0,0,3,-1.0,0.20000000000000004,True,retrieval_count=3>=N_MIN=3 and average_utility=-1.0000<=BETA=-0.2,True
M020022,1,1,0,0,1.0,0.6,False,,False
M096946,3,0,3,0,0.0,0.5,False,,False
M048399,1,0,1,0,0.0,0.5,False,,False
M046990,1,0,1,0,0.0,0.5,False,,False
M045987,1,0,1,0,0.0,0.5,False,,False
M077874,1,0,1,0,0.0,0.5,False,,False
M050255,1,1,0,0,1.0,0.6,False,,False
M027012,2,2,0,0,1.0,0.7,False,,False
M029644,2,2,0,0,1.0,0.7,False,,False
M028353,1,1,0,0,1.0,0.6,False,,False
M019688,1,1,0,0,1.0,0.6,False,,False
M014514,1,0,1,0,0.0,0.5,False,,False
M061570,1,0,1,0,0.0,0.5,False,,False
M078923,1,1,0,0,1.0,0.6,False,,False
M077071,2,0,2,0,0.0,0.5,False,,False
M060058,2,0,2,0,0.0,0.5,False,,False
M056146,1,1,0,0,1.0,0.6,False,,False
M002451,2,0,2,0,0.0,0.5,False,,False
M044126,2,0,2,0,0.0,0.5,False,,False
M019264,1,0,1,0,0.0,0.5,False,,False
M056518,2,2,0,0,1.0,0.7,False,,False
M013710,2,2,0,0,1.0,0.7,False,,False
M061746,1,1,0,0,1.0,0.6,False,,False
M054670,1,0,1,0,0.0,0.5,False,,False
M067891,1,0,1,0,0.0,0.5,False,,False
M041694,1,1,0,0,1.0,0.6,False,,False
M083171,1,1,0,0,1.0,0.6,False,,False
M013607,1,1,0,0,1.0,0.6,False,,False
M028271,1,1,0,0,1.0,0.6,False,,False
M078075,1,1,0,0,1.0,0.6,False,,False
M004194,1,0,0,1,-1.0,0.4,False,,False
M032986,1,0,1,0,0.0,0.5,False,,False
M041343,1,0,1,0,0.0,0.5,False,,False
M047421,1,0,1,0,0.0,0.5,False,,False
M028650,1,1,0,0,1.0,0.6,False,,False
M017257,1,0,1,0,0.0,0.5,False,,False
M019508,1,1,0,0,1.0,0.6,False,,False
M009399,1,1,0,0,1.0,0.6,False,,False
M024156,1,1,0,0,1.0,0.6,False,,False
M088591,1,1,0,0,1.0,0.6,False,,False
M035093,1,1,0,0,1.0,0.6,False,,False
M019533,1,1,0,0,1.0,0.6,False,,False
M089373,1,1,0,0,1.0,0.6,False,,False
M078809,1,1,0,0,1.0,0.6,False,,False
M009794,1,0,0,1,-1.0,0.4,False,,False
M035751,1,0,1,0,0.0,0.5,False,,False
M009814,1,0,1,0,0.0,0.5,False,,False
M042842,1,0,1,0,0.0,0.5,False,,False
M055552,1,1,0,0,1.0,0.6,False,,False
M036756,1,1,0,0,1.0,0.6,False,,False
M052743,1,1,0,0,1.0,0.6,False,,False
M007806,1,0,1,0,0.0,0.5,False,,False
M042856,1,1,0,0,1.0,0.6,False,,False
M055706,1,1,0,0,1.0,0.6,False,,False
M050314,1,0,1,0,0.0,0.5,False,,False
M088963,1,1,0,0,1.0,0.6,False,,False
M083933,1,1,0,0,1.0,0.6,False,,False
M054419,1,0,0,1,-1.0,0.4,False,,False
M028813,1,1,0,0,1.0,0.6,False,,False
M045260,1,0,0,1,-1.0,0.4,False,,False
M057452,1,0,1,0,0.0,0.5,False,,False
M027108,1,1,0,0,1.0,0.6,False,,False
M090268,1,1,0,0,1.0,0.6,False,,False
M098449,1,1,0,0,1.0,0.6,False,,False
M100951,1,0,1,0,0.0,0.5,False,,False
M087016,1,1,0,0,1.0,0.6,False,,False
M087189,1,0,1,0,0.0,0.5,False,,False
M079473,1,0,1,0,0.0,0.5,False,,False
M098430,3,3,0,0,1.0,0.7999999999999999,False,,False
M083667,2,2,0,0,1.0,0.7,False,,False
M088800,2,0,2,0,0.0,0.5,False,,False
M013967,2,2,0,0,1.0,0.7,False,,False
M067625,1,0,1,0,0.0,0.5,False,,False
M076028,1,1,0,0,1.0,0.6,False,,False
M046997,1,0,1,0,0.0,0.5,False,,False
M069745,1,1,0,0,1.0,0.6,False,,False
M023207,1,1,0,0,1.0,0.6,False,,False
M069182,1,1,0,0,1.0,0.6,False,,False
M085599,1,1,0,0,1.0,0.6,False,,False
M064757,1,0,1,0,0.0,0.5,False,,False
M078175,1,1,0,0,1.0,0.6,False,,False
M077449,1,0,1,0,0.0,0.5,False,,False
M101436,1,1,0,0,1.0,0.6,False,,False
M023113,1,1,0,0,1.0,0.6,False,,False
M022474,1,0,1,0,0.0,0.5,False,,False
M021334,1,0,1,0,0.0,0.5,False,,False
M022617,1,0,1,0,0.0,0.5,False,,False
M022748,1,0,1,0,0.0,0.5,False,,False
M074824,1,1,0,0,1.0,0.6,False,,False
M011598,1,0,0,1,-1.0,0.4,False,,False
M014023,1,0,1,0,0.0,0.5,False,,False
M030282,1,1,0,0,1.0,0.6,False,,False
M021553,1,1,0,0,1.0,0.6,False,,False
M006568,2,0,2,0,0.0,0.5,False,,False
M007120,1,0,1,0,0.0,0.5,False,,False
M008624,3,0,3,0,0.0,0.5,False,,False
M083456,1,0,1,0,0.0,0.5,False,,False
M007065,1,0,1,0,0.0,0.5,False,,False
M066351,1,0,1,0,0.0,0.5,False,,False
M081755,2,2,0,0,1.0,0.7,False,,False
M067958,1,1,0,0,1.0,0.6,False,,False
M038802,1,0,1,0,0.0,0.5,False,,False
M050976,1,1,0,0,1.0,0.6,False,,False
M038431,1,0,0,1,-1.0,0.4,False,,False
M058581,1,1,0,0,1.0,0.6,False,,False
M013487,2,2,0,0,1.0,0.7,False,,False
M036599,3,3,0,0,1.0,0.7999999999999999,False,,False
M040953,1,1,0,0,1.0,0.6,False,,False
M036735,2,0,2,0,0.0,0.5,False,,False
M034816,2,2,0,0,1.0,0.7,False,,False
M031935,2,2,0,0,1.0,0.7,False,,False
M085620,1,1,0,0,1.0,0.6,False,,False
M022614,2,0,2,0,0.0,0.5,False,,False
M026942,2,0,2,0,0.0,0.5,False,,False
M084980,1,1,0,0,1.0,0.6,False,,False
M069207,1,1,0,0,1.0,0.6,False,,False
M011916,1,1,0,0,1.0,0.6,False,,False
M041002,1,1,0,0,1.0,0.6,False,,False
M047102,1,0,0,1,-1.0,0.4,False,,False
M054649,1,1,0,0,1.0,0.6,False,,False
M024160,1,1,0,0,1.0,0.6,False,,False
M092816,1,1,0,0,1.0,0.6,False,,False
M047410,1,0,1,0,0.0,0.5,False,,False
M011929,1,0,0,1,-1.0,0.4,False,,False
M005483,1,0,1,0,0.0,0.5,False,,False
M030503,1,0,1,0,0.0,0.5,False,,False
M010422,1,0,1,0,0.0,0.5,False,,False
M017681,1,0,1,0,0.0,0.5,False,,False
M075009,1,0,1,0,0.0,0.5,False,,False
M079048,1,0,1,0,0.0,0.5,False,,False
M056532,1,0,1,0,0.0,0.5,False,,False
M048576,1,0,1,0,0.0,0.5,False,,False
M079985,1,1,0,0,1.0,0.6,False,,False
M085482,1,0,1,0,0.0,0.5,False,,False
M059043,1,1,0,0,1.0,0.6,False,,False
M080225,1,1,0,0,1.0,0.6,False,,False
M080276,2,0,2,0,0.0,0.5,False,,False
M050227,2,0,2,0,0.0,0.5,False,,False
M089682,2,2,0,0,1.0,0.7,False,,False
M096546,2,0,0,2,-1.0,0.30000000000000004,False,,True
M033815,1,1,0,0,1.0,0.6,False,,False
M026254,1,1,0,0,1.0,0.6,False,,False
M065801,1,0,1,0,0.0,0.5,False,,False
M098907,1,1,0,0,1.0,0.6,False,,False
M079655,1,1,0,0,1.0,0.6,False,,False
M042620,1,0,1,0,0.0,0.5,False,,False
M017712,1,1,0,0,1.0,0.6,False,,False
M056983,2,2,0,0,1.0,0.7,False,,False
M034569,1,0,0,1,-1.0,0.4,False,,False
M032438,1,0,1,0,0.0,0.5,False,,False
M027150,2,2,0,0,1.0,0.7,False,,False
M032850,1,1,0,0,1.0,0.6,False,,False
M024563,1,1,0,0,1.0,0.6,False,,False
M033298,1,1,0,0,1.0,0.6,False,,False
M034054,1,0,1,0,0.0,0.5,False,,False
M032774,1,0,1,0,0.0,0.5,False,,False
M028514,1,0,1,0,0.0,0.5,False,,False
M036364,1,1,0,0,1.0,0.6,False,,False
M079138,1,1,0,0,1.0,0.6,False,,False
M061852,1,1,0,0,1.0,0.6,False,,False
M069811,1,0,1,0,0.0,0.5,False,,False
M008214,1,1,0,0,1.0,0.6,False,,False
M071371,2,2,0,0,1.0,0.7,False,,False
M091674,1,1,0,0,1.0,0.6,False,,False
M088802,1,1,0,0,1.0,0.6,False,,False
M098912,2,0,2,0,0.0,0.5,False,,False
M101592,1,1,0,0,1.0,0.6,False,,False
M101047,2,2,0,0,1.0,0.7,False,,False
M095908,1,1,0,0,1.0,0.6,False,,False
M004821,1,0,1,0,0.0,0.5,False,,False
M079515,1,1,0,0,1.0,0.6,False,,False
M071356,1,1,0,0,1.0,0.6,False,,False
M016673,1,0,0,1,-1.0,0.4,False,,False
M098832,1,0,1,0,0.0,0.5,False,,False
M096298,1,0,0,1,-1.0,0.4,False,,False
M066854,1,0,0,1,-1.0,0.4,False,,False
M101679,2,0,2,0,0.0,0.5,False,,False
M096413,1,1,0,0,1.0,0.6,False,,False
M058267,1,1,0,0,1.0,0.6,False,,False
M014595,1,1,0,0,1.0,0.6,False,,False
M010389,2,0,2,0,0.0,0.5,False,,False
M059561,1,0,0,1,-1.0,0.4,False,,False
M007667,1,1,0,0,1.0,0.6,False,,False
M047041,1,1,0,0,1.0,0.6,False,,False
M023466,1,1,0,0,1.0,0.6,False,,False
M068391,1,1,0,0,1.0,0.6,False,,False
M048855,1,1,0,0,1.0,0.6,False,,False
M078261,1,0,1,0,0.0,0.5,False,,False
M084793,1,1,0,0,1.0,0.6,False,,False
M081717,1,1,0,0,1.0,0.6,False,,False
M060230,1,0,1,0,0.0,0.5,False,,False
M057749,2,2,0,0,1.0,0.7,False,,False
M053819,2,2,0,0,1.0,0.7,False,,False
M067073,1,1,0,0,1.0,0.6,False,,False
M037076,1,0,0,1,-1.0,0.4,False,,False
M024586,1,1,0,0,1.0,0.6,False,,False
M047137,1,1,0,0,1.0,0.6,False,,False
M003285,1,1,0,0,1.0,0.6,False,,False
M051387,1,1,0,0,1.0,0.6,False,,False
M063128,1,1,0,0,1.0,0.6,False,,False
M065361,2,2,0,0,1.0,0.7,False,,False
M059759,1,1,0,0,1.0,0.6,False,,False
M085320,1,1,0,0,1.0,0.6,False,,False
M013602,1,0,1,0,0.0,0.5,False,,False
M086406,1,1,0,0,1.0,0.6,False,,False
M101713,1,1,0,0,1.0,0.6,False,,False
M030309,1,1,0,0,1.0,0.6,False,,False
M032823,1,0,0,1,-1.0,0.4,False,,False
M033156,1,0,1,0,0.0,0.5,False,,False
M027399,1,1,0,0,1.0,0.6,False,,False
M020807,1,1,0,0,1.0,0.6,False,,False
M073062,1,1,0,0,1.0,0.6,False,,False
M057510,1,1,0,0,1.0,0.6,False,,False
M000368,1,1,0,0,1.0,0.6,False,,False
M053896,1,0,1,0,0.0,0.5,False,,False
M093158,2,0,2,0,0.0,0.5,False,,False
M096597,1,0,1,0,0.0,0.5,False,,False
M073536,1,1,0,0,1.0,0.6,False,,False
M083516,1,1,0,0,1.0,0.6,False,,False
M071934,1,0,0,1,-1.0,0.4,False,,False
M071676,1,0,1,0,0.0,0.5,False,,False
M010178,1,0,0,1,-1.0,0.4,False,,False
M033984,1,1,0,0,1.0,0.6,False,,False
M033672,2,0,0,2,-1.0,0.30000000000000004,False,,True
M017628,2,0,2,0,0.0,0.5,False,,False
M007550,2,2,0,0,1.0,0.7,False,,False
M013020,1,0,1,0,0.0,0.5,False,,False
M078980,1,0,0,1,-1.0,0.4,False,,False
M029713,2,2,0,0,1.0,0.7,False,,False
M046479,1,0,1,0,0.0,0.5,False,,False
M078231,2,2,0,0,1.0,0.7,False,,False
M013549,1,1,0,0,1.0,0.6,False,,False
M042491,1,0,1,0,0.0,0.5,False,,False
M079421,1,1,0,0,1.0,0.6,False,,False
M079991,1,1,0,0,1.0,0.6,False,,False
M100822,3,0,0,3,-1.0,0.20000000000000004,True,retrieval_count=3>=N_MIN=3 and average_utility=-1.0000<=BETA=-0.2,True
M053704,1,0,1,0,0.0,0.5,False,,False
M008417,1,1,0,0,1.0,0.6,False,,False
M042021,2,2,0,0,1.0,0.7,False,,False
M030834,1,1,0,0,1.0,0.6,False,,False
M057062,1,0,0,1,-1.0,0.4,False,,False
M004930,1,0,1,0,0.0,0.5,False,,False
M006832,1,1,0,0,1.0,0.6,False,,False
M025005,1,1,0,0,1.0,0.6,False,,False
M032638,1,1,0,0,1.0,0.6,False,,False
M034562,1,1,0,0,1.0,0.6,False,,False
M027798,1,0,1,0,0.0,0.5,False,,False
M033645,1,1,0,0,1.0,0.6,False,,False
M025258,1,1,0,0,1.0,0.6,False,,False
M022713,3,3,0,0,1.0,0.7999999999999999,False,,False
M026317,2,0,0,2,-1.0,0.30000000000000004,False,,True
M050814,3,0,0,3,-1.0,0.20000000000000004,True,retrieval_count=3>=N_MIN=3 and average_utility=-1.0000<=BETA=-0.2,True
M012443,2,2,0,0,1.0,0.7,False,,False
M074985,1,0,0,1,-1.0,0.4,False,,False
M092217,2,0,2,0,0.0,0.5,False,,False
M062192,2,2,0,0,1.0,0.7,False,,False
M018810,2,2,0,0,1.0,0.7,False,,False
M004260,2,0,2,0,0.0,0.5,False,,False
M061309,1,1,0,0,1.0,0.6,False,,False
M058500,1,1,0,0,1.0,0.6,False,,False
M073183,2,0,2,0,0.0,0.5,False,,False
M016364,1,0,0,1,-1.0,0.4,False,,False
M099894,1,0,1,0,0.0,0.5,False,,False
M015321,1,0,1,0,0.0,0.5,False,,False
M003494,1,0,1,0,0.0,0.5,False,,False
M003314,1,1,0,0,1.0,0.6,False,,False
M010461,1,1,0,0,1.0,0.6,False,,False
M003738,1,1,0,0,1.0,0.6,False,,False
M073287,1,0,1,0,0.0,0.5,False,,False
M086960,1,1,0,0,1.0,0.6,False,,False
M097328,1,0,0,1,-1.0,0.4,False,,False
M094123,1,1,0,0,1.0,0.6,False,,False
M074377,1,0,1,0,0.0,0.5,False,,False
M005830,1,0,1,0,0.0,0.5,False,,False
M082251,1,1,0,0,1.0,0.6,False,,False
M041712,1,0,1,0,0.0,0.5,False,,False
M000687,1,1,0,0,1.0,0.6,False,,False
M088986,1,1,0,0,1.0,0.6,False,,False
M010150,1,0,1,0,0.0,0.5,False,,False
M007383,1,1,0,0,1.0,0.6,False,,False
M047922,1,1,0,0,1.0,0.6,False,,False
M093429,1,0,1,0,0.0,0.5,False,,False
M022708,1,1,0,0,1.0,0.6,False,,False
M055803,2,2,0,0,1.0,0.7,False,,False
M068245,1,0,1,0,0.0,0.5,False,,False
M090154,2,2,0,0,1.0,0.7,False,,False
M033164,1,0,1,0,0.0,0.5,False,,False
M023548,1,0,0,1,-1.0,0.4,False,,False
M085441,2,2,0,0,1.0,0.7,False,,False
M090534,1,1,0,0,1.0,0.6,False,,False
M003299,2,0,2,0,0.0,0.5,False,,False
M090301,1,0,1,0,0.0,0.5,False,,False
M022710,1,1,0,0,1.0,0.6,False,,False
M090396,2,2,0,0,1.0,0.7,False,,False
M043295,1,0,1,0,0.0,0.5,False,,False
M083791,1,1,0,0,1.0,0.6,False,,False
M009445,1,1,0,0,1.0,0.6,False,,False
M027779,1,1,0,0,1.0,0.6,False,,False
M029096,1,1,0,0,1.0,0.6,False,,False
M052798,1,0,1,0,0.0,0.5,False,,False
M038161,1,1,0,0,1.0,0.6,False,,False
M052601,1,0,0,1,-1.0,0.4,False,,False
M094366,1,0,1,0,0.0,0.5,False,,False
M099174,1,0,1,0,0.0,0.5,False,,False
M075088,1,0,0,1,-1.0,0.4,False,,False
M075980,1,1,0,0,1.0,0.6,False,,False
M098511,1,1,0,0,1.0,0.6,False,,False
M079396,1,0,0,1,-1.0,0.4,False,,False
M040878,1,0,0,1,-1.0,0.4,False,,False
M095657,1,0,1,0,0.0,0.5,False,,False
M065378,1,1,0,0,1.0,0.6,False,,False
M093459,1,1,0,0,1.0,0.6,False,,False
M015187,1,0,0,1,-1.0,0.4,False,,False
M033014,1,1,0,0,1.0,0.6,False,,False
M042576,1,0,0,1,-1.0,0.4,False,,False
M038151,1,0,1,0,0.0,0.5,False,,False
M023472,1,0,0,1,-1.0,0.4,False,,False
M009393,1,1,0,0,1.0,0.6,False,,False
M101168,1,1,0,0,1.0,0.6,False,,False
M058309,1,0,1,0,0.0,0.5,False,,False
M001329,1,0,0,1,-1.0,0.4,False,,False
M046085,1,0,1,0,0.0,0.5,False,,False
M067451,1,0,1,0,0.0,0.5,False,,False
M025532,1,0,1,0,0.0,0.5,False,,False
M020049,1,1,0,0,1.0,0.6,False,,False
M083268,1,0,1,0,0.0,0.5,False,,False
M092406,1,1,0,0,1.0,0.6,False,,False
M033311,2,2,0,0,1.0,0.7,False,,False
M061667,1,0,1,0,0.0,0.5,False,,False
M091224,1,1,0,0,1.0,0.6,False,,False
M009982,1,0,1,0,0.0,0.5,False,,False
M097548,1,1,0,0,1.0,0.6,False,,False
M038930,1,1,0,0,1.0,0.6,False,,False
M060034,1,0,1,0,0.0,0.5,False,,False
M081441,1,0,0,1,-1.0,0.4,False,,False
M082166,1,1,0,0,1.0,0.6,False,,False
M013688,1,1,0,0,1.0,0.6,False,,False
M033358,1,1,0,0,1.0,0.6,False,,False
M017683,1,0,0,1,-1.0,0.4,False,,False
M029761,1,1,0,0,1.0,0.6,False,,False
M089681,1,1,0,0,1.0,0.6,False,,False
M049856,1,1,0,0,1.0,0.6,False,,False
M042543,1,1,0,0,1.0,0.6,False,,False
M092328,1,1,0,0,1.0,0.6,False,,False
M066347,1,1,0,0,1.0,0.6,False,,False
M042524,1,0,1,0,0.0,0.5,False,,False
M041560,1,0,1,0,0.0,0.5,False,,False
M086293,1,1,0,0,1.0,0.6,False,,False
M044795,1,1,0,0,1.0,0.6,False,,False
M096885,1,1,0,0,1.0,0.6,False,,False
M083310,2,0,2,0,0.0,0.5,False,,False
M094119,1,1,0,0,1.0,0.6,False,,False
M092490,1,1,0,0,1.0,0.6,False,,False
M099623,1,1,0,0,1.0,0.6,False,,False
M085945,1,1,0,0,1.0,0.6,False,,False
M100165,1,1,0,0,1.0,0.6,False,,False
M053125,2,0,2,0,0.0,0.5,False,,False
M036910,1,1,0,0,1.0,0.6,False,,False
M024369,1,1,0,0,1.0,0.6,False,,False
M067090,1,0,0,1,-1.0,0.4,False,,False
M101610,2,0,2,0,0.0,0.5,False,,False
M046174,1,0,1,0,0.0,0.5,False,,False
M050329,1,1,0,0,1.0,0.6,False,,False
M050338,1,1,0,0,1.0,0.6,False,,False
M047447,1,0,1,0,0.0,0.5,False,,False
M061521,1,1,0,0,1.0,0.6,False,,False
M084162,1,0,0,1,-1.0,0.4,False,,False
M033248,1,1,0,0,1.0,0.6,False,,False
M006609,1,0,1,0,0.0,0.5,False,,False
M081006,1,1,0,0,1.0,0.6,False,,False
M045653,1,0,0,1,-1.0,0.4,False,,False
M012427,1,1,0,0,1.0,0.6,False,,False
M021886,1,1,0,0,1.0,0.6,False,,False
M092239,1,0,0,1,-1.0,0.4,False,,False
M031651,1,0,0,1,-1.0,0.4,False,,False
M030940,1,1,0,0,1.0,0.6,False,,False
M025209,1,1,0,0,1.0,0.6,False,,False
M089702,1,0,1,0,0.0,0.5,False,,False
M054650,1,1,0,0,1.0,0.6,False,,False
M088705,1,0,1,0,0.0,0.5,False,,False
M039773,1,1,0,0,1.0,0.6,False,,False
M040194,1,1,0,0,1.0,0.6,False,,False
M041775,1,1,0,0,1.0,0.6,False,,False
M014693,1,1,0,0,1.0,0.6,False,,False
M002766,2,2,0,0,1.0,0.7,False,,False
M080465,1,1,0,0,1.0,0.6,False,,False
M010515,3,0,0,3,-1.0,0.20000000000000004,True,retrieval_count=3>=N_MIN=3 and average_utility=-1.0000<=BETA=-0.2,True
M026005,1,0,1,0,0.0,0.5,False,,False
M013183,3,0,3,0,0.0,0.5,False,,False
M088966,1,1,0,0,1.0,0.6,False,,False
M029835,1,0,1,0,0.0,0.5,False,,False
M067976,1,0,1,0,0.0,0.5,False,,False
M077554,1,0,1,0,0.0,0.5,False,,False
M054398,1,1,0,0,1.0,0.6,False,,False
M078249,1,0,1,0,0.0,0.5,False,,False
M078121,2,0,2,0,0.0,0.5,False,,False
M022709,1,1,0,0,1.0,0.6,False,,False
M051835,1,1,0,0,1.0,0.6,False,,False
M006622,1,1,0,0,1.0,0.6,False,,False
M091595,2,0,2,0,0.0,0.5,False,,False
M043128,1,1,0,0,1.0,0.6,False,,False
M046466,2,2,0,0,1.0,0.7,False,,False
M085523,2,0,2,0,0.0,0.5,False,,False
M017251,2,2,0,0,1.0,0.7,False,,False
M050453,1,1,0,0,1.0,0.6,False,,False
M098499,2,2,0,0,1.0,0.7,False,,False
M072148,2,0,2,0,0.0,0.5,False,,False
M071708,1,1,0,0,1.0,0.6,False,,False
M008173,1,0,0,1,-1.0,0.4,False,,False
M095643,1,1,0,0,1.0,0.6,False,,False
M077835,1,1,0,0,1.0,0.6,False,,False
M005918,1,0,0,1,-1.0,0.4,False,,False
M000246,1,0,0,1,-1.0,0.4,False,,False
M008941,1,1,0,0,1.0,0.6,False,,False
M029777,1,0,0,1,-1.0,0.4,False,,False
M026184,1,1,0,0,1.0,0.6,False,,False
M031094,1,0,1,0,0.0,0.5,False,,False
M031387,1,0,0,1,-1.0,0.4,False,,False
M031595,1,0,0,1,-1.0,0.4,False,,False
M024374,1,0,1,0,0.0,0.5,False,,False
M095746,1,0,1,0,0.0,0.5,False,,False
M054233,1,0,0,1,-1.0,0.4,False,,False
M026083,1,1,0,0,1.0,0.6,False,,False
M025158,1,0,1,0,0.0,0.5,False,,False
M009711,1,0,0,1,-1.0,0.4,False,,False
M002255,1,1,0,0,1.0,0.6,False,,False
M023303,1,1,0,0,1.0,0.6,False,,False
M017619,2,2,0,0,1.0,0.7,False,,False
M008054,1,1,0,0,1.0,0.6,False,,False
M075299,1,1,0,0,1.0,0.6,False,,False
M005339,1,1,0,0,1.0,0.6,False,,False
M092234,1,1,0,0,1.0,0.6,False,,False
M077824,1,0,1,0,0.0,0.5,False,,False
M045637,1,1,0,0,1.0,0.6,False,,False
M017219,2,0,2,0,0.0,0.5,False,,False
M014010,2,0,0,2,-1.0,0.30000000000000004,False,,True
M028117,1,0,0,1,-1.0,0.4,False,,False
M052281,2,2,0,0,1.0,0.7,False,,False
M037996,1,1,0,0,1.0,0.6,False,,False
M014956,1,0,0,1,-1.0,0.4,False,,False
M078448,1,0,1,0,0.0,0.5,False,,False
M078873,1,0,1,0,0.0,0.5,False,,False
M089289,1,0,0,1,-1.0,0.4,False,,False
M050178,1,0,1,0,0.0,0.5,False,,False
M054225,1,1,0,0,1.0,0.6,False,,False
M011842,1,0,1,0,0.0,0.5,False,,False
M016577,1,1,0,0,1.0,0.6,False,,False
M085301,1,0,1,0,0.0,0.5,False,,False
M062098,1,0,1,0,0.0,0.5,False,,False
M076111,1,0,1,0,0.0,0.5,False,,False
M079148,2,2,0,0,1.0,0.7,False,,False
M099192,2,0,2,0,0.0,0.5,False,,False
M076962,1,0,1,0,0.0,0.5,False,,False
M084965,2,2,0,0,1.0,0.7,False,,False
M065563,1,1,0,0,1.0,0.6,False,,False
M065766,1,0,1,0,0.0,0.5,False,,False
M063731,1,0,1,0,0.0,0.5,False,,False
M012603,2,0,2,0,0.0,0.5,False,,False
M017693,1,0,1,0,0.0,0.5,False,,False
M052297,2,2,0,0,1.0,0.7,False,,False
M043263,1,0,0,1,-1.0,0.4,False,,False
M062206,1,1,0,0,1.0,0.6,False,,False
M088914,2,2,0,0,1.0,0.7,False,,False
M100455,3,3,0,0,1.0,0.7999999999999999,False,,False
M040628,2,0,2,0,0.0,0.5,False,,False
M065745,1,1,0,0,1.0,0.6,False,,False
M041027,1,0,0,1,-1.0,0.4,False,,False
M025253,1,0,1,0,0.0,0.5,False,,False
M013280,1,0,0,1,-1.0,0.4,False,,False
M016049,1,0,1,0,0.0,0.5,False,,False
M005532,1,0,1,0,0.0,0.5,False,,False
M010721,1,1,0,0,1.0,0.6,False,,False
M022400,1,1,0,0,1.0,0.6,False,,False
M026000,1,1,0,0,1.0,0.6,False,,False
M090109,1,1,0,0,1.0,0.6,False,,False
M005588,2,2,0,0,1.0,0.7,False,,False
M054405,1,1,0,0,1.0,0.6,False,,False
M032595,1,1,0,0,1.0,0.6,False,,False
M054014,1,1,0,0,1.0,0.6,False,,False
M053010,1,1,0,0,1.0,0.6,False,,False
M058195,1,0,1,0,0.0,0.5,False,,False
M023291,1,0,1,0,0.0,0.5,False,,False
M053921,1,0,1,0,0.0,0.5,False,,False
M017697,1,1,0,0,1.0,0.6,False,,False
M003674,1,0,1,0,0.0,0.5,False,,False
M079399,1,0,0,1,-1.0,0.4,False,,False
M015251,1,0,0,1,-1.0,0.4,False,,False
M090365,1,0,1,0,0.0,0.5,False,,False
M076274,1,0,0,1,-1.0,0.4,False,,False
M046866,1,0,1,0,0.0,0.5,False,,False
M026426,1,1,0,0,1.0,0.6,False,,False
M033043,2,2,0,0,1.0,0.7,False,,False
M014549,2,0,2,0,0.0,0.5,False,,False
M026056,2,2,0,0,1.0,0.7,False,,False
M024480,1,1,0,0,1.0,0.6,False,,False
M013505,1,0,1,0,0.0,0.5,False,,False
M019889,2,0,0,2,-1.0,0.30000000000000004,False,,True
M066781,1,1,0,0,1.0,0.6,False,,False
M089848,1,0,0,1,-1.0,0.4,False,,False
M013299,1,0,1,0,0.0,0.5,False,,False
M040354,1,1,0,0,1.0,0.6,False,,False
M074510,1,0,1,0,0.0,0.5,False,,False
M022330,1,0,0,1,-1.0,0.4,False,,False
M002366,1,1,0,0,1.0,0.6,False,,False
M015058,1,1,0,0,1.0,0.6,False,,False
M016346,1,0,1,0,0.0,0.5,False,,False
M040028,2,2,0,0,1.0,0.7,False,,False
M090476,1,1,0,0,1.0,0.6,False,,False
M036676,1,1,0,0,1.0,0.6,False,,False
M011778,1,0,1,0,0.0,0.5,False,,False
M077137,1,0,1,0,0.0,0.5,False,,False
M093805,1,0,1,0,0.0,0.5,False,,False
M020036,1,1,0,0,1.0,0.6,False,,False
M047559,1,1,0,0,1.0,0.6,False,,False
M011657,2,0,2,0,0.0,0.5,False,,False
M037010,1,0,1,0,0.0,0.5,False,,False
M061556,1,1,0,0,1.0,0.6,False,,False
M037461,1,0,1,0,0.0,0.5,False,,False
M065085,1,0,1,0,0.0,0.5,False,,False
M026135,1,1,0,0,1.0,0.6,False,,False
M089080,1,0,0,1,-1.0,0.4,False,,False
M023163,1,0,1,0,0.0,0.5,False,,False
M047398,1,1,0,0,1.0,0.6,False,,False
M030847,1,0,1,0,0.0,0.5,False,,False
M073338,3,0,3,0,0.0,0.5,False,,False
M079637,2,2,0,0,1.0,0.7,False,,False
M053754,2,2,0,0,1.0,0.7,False,,False
M016510,1,0,1,0,0.0,0.5,False,,False
M046090,2,0,2,0,0.0,0.5,False,,False
M001479,1,1,0,0,1.0,0.6,False,,False
M001642,1,1,0,0,1.0,0.6,False,,False
M097865,1,1,0,0,1.0,0.6,False,,False
M050280,1,1,0,0,1.0,0.6,False,,False
M087799,1,1,0,0,1.0,0.6,False,,False
M081630,1,0,1,0,0.0,0.5,False,,False
M051282,1,0,1,0,0.0,0.5,False,,False
M101161,1,0,0,1,-1.0,0.4,False,,False
M093665,1,0,1,0,0.0,0.5,False,,False
M098568,1,1,0,0,1.0,0.6,False,,False
M098080,1,1,0,0,1.0,0.6,False,,False
M092030,1,1,0,0,1.0,0.6,False,,False
M094893,1,1,0,0,1.0,0.6,False,,False
M049914,1,0,1,0,0.0,0.5,False,,False
M018873,2,0,2,0,0.0,0.5,False,,False
M085389,1,1,0,0,1.0,0.6,False,,False
M041115,2,0,2,0,0.0,0.5,False,,False
M090203,2,2,0,0,1.0,0.7,False,,False
M056722,2,2,0,0,1.0,0.7,False,,False
M100136,1,1,0,0,1.0,0.6,False,,False
M088275,3,0,3,0,0.0,0.5,False,,False
M064329,1,1,0,0,1.0,0.6,False,,False
M001158,1,0,1,0,0.0,0.5,False,,False
M033144,1,0,0,1,-1.0,0.4,False,,False
M028512,1,0,1,0,0.0,0.5,False,,False
M031659,2,0,2,0,0.0,0.5,False,,False
M033834,1,1,0,0,1.0,0.6,False,,False
M046841,1,1,0,0,1.0,0.6,False,,False
M028109,1,0,0,1,-1.0,0.4,False,,False
M054350,1,1,0,0,1.0,0.6,False,,False
M007265,1,1,0,0,1.0,0.6,False,,False
M035254,1,0,1,0,0.0,0.5,False,,False
M005193,1,1,0,0,1.0,0.6,False,,False
M080011,1,1,0,0,1.0,0.6,False,,False
M011784,1,1,0,0,1.0,0.6,False,,False
M058191,1,1,0,0,1.0,0.6,False,,False
M051351,2,0,2,0,0.0,0.5,False,,False
M022437,2,2,0,0,1.0,0.7,False,,False
M004813,2,2,0,0,1.0,0.7,False,,False
M000818,1,0,1,0,0.0,0.5,False,,False
M011478,1,0,1,0,0.0,0.5,False,,False
M026826,2,2,0,0,1.0,0.7,False,,False
M011672,3,3,0,0,1.0,0.7999999999999999,False,,False
M024493,2,2,0,0,1.0,0.7,False,,False
M006404,1,0,1,0,0.0,0.5,False,,False
M037936,2,2,0,0,1.0,0.7,False,,False
M093857,1,1,0,0,1.0,0.6,False,,False
M061972,1,1,0,0,1.0,0.6,False,,False
M079230,1,1,0,0,1.0,0.6,False,,False
M063596,1,0,0,1,-1.0,0.4,False,,False
M098776,1,1,0,0,1.0,0.6,False,,False
M064900,2,2,0,0,1.0,0.7,False,,False
M052546,2,2,0,0,1.0,0.7,False,,False
M101144,1,1,0,0,1.0,0.6,False,,False
M051869,1,1,0,0,1.0,0.6,False,,False
M005080,1,1,0,0,1.0,0.6,False,,False
M052416,1,0,1,0,0.0,0.5,False,,False
M013100,1,1,0,0,1.0,0.6,False,,False
M000364,1,1,0,0,1.0,0.6,False,,False
M004618,1,1,0,0,1.0,0.6,False,,False
M030152,1,0,1,0,0.0,0.5,False,,False
M067360,1,1,0,0,1.0,0.6,False,,False
M097395,1,1,0,0,1.0,0.6,False,,False
M093436,1,0,1,0,0.0,0.5,False,,False
M080735,1,1,0,0,1.0,0.6,False,,False
M073476,1,1,0,0,1.0,0.6,False,,False
M040228,1,0,1,0,0.0,0.5,False,,False
M056654,1,0,1,0,0.0,0.5,False,,False
M066371,2,2,0,0,1.0,0.7,False,,False
M011902,2,2,0,0,1.0,0.7,False,,False
M096513,1,0,1,0,0.0,0.5,False,,False
M094923,1,1,0,0,1.0,0.6,False,,False
M064409,1,1,0,0,1.0,0.6,False,,False
M009908,1,1,0,0,1.0,0.6,False,,False
M060984,1,1,0,0,1.0,0.6,False,,False
M007602,1,1,0,0,1.0,0.6,False,,False
M096846,2,2,0,0,1.0,0.7,False,,False
M055870,1,0,1,0,0.0,0.5,False,,False
M086399,1,1,0,0,1.0,0.6,False,,False
M011389,1,1,0,0,1.0,0.6,False,,False
M022221,1,1,0,0,1.0,0.6,False,,False
M018824,1,1,0,0,1.0,0.6,False,,False
M016161,1,1,0,0,1.0,0.6,False,,False
M001003,1,1,0,0,1.0,0.6,False,,False
M050153,1,1,0,0,1.0,0.6,False,,False
M037344,1,1,0,0,1.0,0.6,False,,False
M011544,1,0,1,0,0.0,0.5,False,,False
M000206,1,0,1,0,0.0,0.5,False,,False
M049519,2,2,0,0,1.0,0.7,False,,False
M089218,1,1,0,0,1.0,0.6,False,,False
M081181,1,1,0,0,1.0,0.6,False,,False
M089468,1,1,0,0,1.0,0.6,False,,False
M055842,1,1,0,0,1.0,0.6,False,,False
M069972,1,0,0,1,-1.0,0.4,False,,False
M058541,1,0,1,0,0.0,0.5,False,,False
M057109,1,0,0,1,-1.0,0.4,False,,False
M049112,1,0,0,1,-1.0,0.4,False,,False
M003065,1,0,1,0,0.0,0.5,False,,False
M001499,1,0,0,1,-1.0,0.4,False,,False
M059646,1,0,1,0,0.0,0.5,False,,False
M050173,1,1,0,0,1.0,0.6,False,,False
M092487,1,0,1,0,0.0,0.5,False,,False
M100732,1,1,0,0,1.0,0.6,False,,False
M051087,1,1,0,0,1.0,0.6,False,,False
M048201,2,2,0,0,1.0,0.7,False,,False
M047668,2,2,0,0,1.0,0.7,False,,False
M083424,2,0,2,0,0.0,0.5,False,,False
M009255,2,2,0,0,1.0,0.7,False,,False
M018997,1,1,0,0,1.0,0.6,False,,False
M035200,1,1,0,0,1.0,0.6,False,,False
M091407,1,1,0,0,1.0,0.6,False,,False
M067500,2,2,0,0,1.0,0.7,False,,False
M075704,1,1,0,0,1.0,0.6,False,,False
M065094,2,2,0,0,1.0,0.7,False,,False
M036747,1,1,0,0,1.0,0.6,False,,False
M044562,1,1,0,0,1.0,0.6,False,,False
M041548,1,0,1,0,0.0,0.5,False,,False
M002955,1,0,0,1,-1.0,0.4,False,,False
M008737,1,0,0,1,-1.0,0.4,False,,False
M081664,2,0,2,0,0.0,0.5,False,,False
M098054,2,0,0,2,-1.0,0.30000000000000004,False,,True
M084306,2,2,0,0,1.0,0.7,False,,False
M085004,2,2,0,0,1.0,0.7,False,,False
M082873,1,0,1,0,0.0,0.5,False,,False
M024821,1,1,0,0,1.0,0.6,False,,False
M040162,1,1,0,0,1.0,0.6,False,,False
M032709,1,0,1,0,0.0,0.5,False,,False
M029367,1,1,0,0,1.0,0.6,False,,False
M018430,1,1,0,0,1.0,0.6,False,,False
M020493,1,1,0,0,1.0,0.6,False,,False
M055449,1,1,0,0,1.0,0.6,False,,False
M068096,1,1,0,0,1.0,0.6,False,,False
M077022,1,0,1,0,0.0,0.5,False,,False
M101405,1,1,0,0,1.0,0.6,False,,False
M058606,1,0,1,0,0.0,0.5,False,,False
M043719,1,1,0,0,1.0,0.6,False,,False
M055124,1,1,0,0,1.0,0.6,False,,False
M083509,1,1,0,0,1.0,0.6,False,,False
M075049,1,0,0,1,-1.0,0.4,False,,False
M045848,2,2,0,0,1.0,0.7,False,,False
M066672,3,0,3,0,0.0,0.5,False,,False
M019245,1,0,0,1,-1.0,0.4,False,,False
M072161,2,0,2,0,0.0,0.5,False,,False
M077832,1,1,0,0,1.0,0.6,False,,False
M043412,1,0,1,0,0.0,0.5,False,,False
M041437,1,1,0,0,1.0,0.6,False,,False
M043322,1,0,1,0,0.0,0.5,False,,False
M044756,1,1,0,0,1.0,0.6,False,,False
M041004,1,1,0,0,1.0,0.6,False,,False
M048196,2,0,2,0,0.0,0.5,False,,False
M087652,2,0,2,0,0.0,0.5,False,,False
M096840,1,1,0,0,1.0,0.6,False,,False
M079215,2,2,0,0,1.0,0.7,False,,False
M076139,1,0,0,1,-1.0,0.4,False,,False
M054864,1,1,0,0,1.0,0.6,False,,False
M087153,1,1,0,0,1.0,0.6,False,,False
M069333,1,0,1,0,0.0,0.5,False,,False
M083814,1,0,1,0,0.0,0.5,False,,False
M094739,2,0,0,2,-1.0,0.30000000000000004,False,,True
M078794,1,0,1,0,0.0,0.5,False,,False
M034229,1,1,0,0,1.0,0.6,False,,False
M046146,1,0,1,0,0.0,0.5,False,,False
M074339,1,0,1,0,0.0,0.5,False,,False
M043774,2,0,2,0,0.0,0.5,False,,False
M049183,1,1,0,0,1.0,0.6,False,,False
M040280,1,1,0,0,1.0,0.6,False,,False
M038727,1,0,1,0,0.0,0.5,False,,False
M086892,1,0,1,0,0.0,0.5,False,,False
M038728,1,0,1,0,0.0,0.5,False,,False
M006655,1,0,1,0,0.0,0.5,False,,False
M043983,1,1,0,0,1.0,0.6,False,,False
M002879,1,1,0,0,1.0,0.6,False,,False
M006014,1,0,1,0,0.0,0.5,False,,False
M014529,1,0,1,0,0.0,0.5,False,,False
M059422,1,0,1,0,0.0,0.5,False,,False
M066645,1,0,0,1,-1.0,0.4,False,,False
M078856,1,1,0,0,1.0,0.6,False,,False
M091318,1,0,0,1,-1.0,0.4,False,,False
M061795,1,1,0,0,1.0,0.6,False,,False
M061986,1,0,1,0,0.0,0.5,False,,False
M053545,2,0,0,2,-1.0,0.30000000000000004,False,,True
M012506,1,0,1,0,0.0,0.5,False,,False
M053536,1,1,0,0,1.0,0.6,False,,False
M078645,1,1,0,0,1.0,0.6,False,,False
M045965,1,0,1,0,0.0,0.5,False,,False
M050472,1,0,1,0,0.0,0.5,False,,False
M068309,1,1,0,0,1.0,0.6,False,,False
M024674,1,1,0,0,1.0,0.6,False,,False
M030591,1,0,1,0,0.0,0.5,False,,False
M025579,1,1,0,0,1.0,0.6,False,,False
M053884,1,1,0,0,1.0,0.6,False,,False
M097105,1,0,1,0,0.0,0.5,False,,False
M073198,1,1,0,0,1.0,0.6,False,,False
M100639,1,0,1,0,0.0,0.5,False,,False
M099799,1,1,0,0,1.0,0.6,False,,False
M095134,1,1,0,0,1.0,0.6,False,,False
M014713,1,0,0,1,-1.0,0.4,False,,False
M083127,1,1,0,0,1.0,0.6,False,,False
M016937,1,0,0,1,-1.0,0.4,False,,False
M018920,2,2,0,0,1.0,0.7,False,,False
M006276,1,1,0,0,1.0,0.6,False,,False
M039251,1,0,0,1,-1.0,0.4,False,,False
M026073,1,1,0,0,1.0,0.6,False,,False
M099551,1,1,0,0,1.0,0.6,False,,False
M068106,1,0,1,0,0.0,0.5,False,,False
M018607,1,0,0,1,-1.0,0.4,False,,False
M074971,1,0,1,0,0.0,0.5,False,,False
M012462,1,0,1,0,0.0,0.5,False,,False
M032827,1,1,0,0,1.0,0.6,False,,False
M076421,2,2,0,0,1.0,0.7,False,,False
M010115,2,2,0,0,1.0,0.7,False,,False
M066989,1,1,0,0,1.0,0.6,False,,False
M065601,2,2,0,0,1.0,0.7,False,,False
M033387,2,0,2,0,0.0,0.5,False,,False
M039595,1,1,0,0,1.0,0.6,False,,False
M063016,1,1,0,0,1.0,0.6,False,,False
M008558,1,1,0,0,1.0,0.6,False,,False
M029391,1,0,1,0,0.0,0.5,False,,False
M002021,1,0,1,0,0.0,0.5,False,,False
M039819,1,0,1,0,0.0,0.5,False,,False
M056617,1,0,0,1,-1.0,0.4,False,,False
M090368,1,1,0,0,1.0,0.6,False,,False
M093561,2,2,0,0,1.0,0.7,False,,False
M080951,1,0,0,1,-1.0,0.4,False,,False
M069447,1,1,0,0,1.0,0.6,False,,False
M090310,1,1,0,0,1.0,0.6,False,,False
M020606,1,1,0,0,1.0,0.6,False,,False
M048621,1,0,1,0,0.0,0.5,False,,False
M046171,1,0,0,1,-1.0,0.4,False,,False
M061084,1,0,0,1,-1.0,0.4,False,,False
M082288,1,1,0,0,1.0,0.6,False,,False
M003097,1,1,0,0,1.0,0.6,False,,False
M085297,1,1,0,0,1.0,0.6,False,,False
M019941,1,0,1,0,0.0,0.5,False,,False
M040000,1,1,0,0,1.0,0.6,False,,False
M000646,1,0,1,0,0.0,0.5,False,,False
M096184,2,0,2,0,0.0,0.5,False,,False
M023325,1,1,0,0,1.0,0.6,False,,False
M096328,1,0,1,0,0.0,0.5,False,,False
M020127,1,0,0,1,-1.0,0.4,False,,False
M098000,1,1,0,0,1.0,0.6,False,,False
M071706,1,0,1,0,0.0,0.5,False,,False
M029568,1,0,0,1,-1.0,0.4,False,,False
M094088,1,0,1,0,0.0,0.5,False,,False
M079391,1,1,0,0,1.0,0.6,False,,False
M067559,1,1,0,0,1.0,0.6,False,,False
M028795,1,1,0,0,1.0,0.6,False,,False
M064604,1,1,0,0,1.0,0.6,False,,False
M005194,1,0,1,0,0.0,0.5,False,,False
M019834,1,1,0,0,1.0,0.6,False,,False
M031228,1,1,0,0,1.0,0.6,False,,False
M064253,3,3,0,0,1.0,0.7999999999999999,False,,False
M005048,2,2,0,0,1.0,0.7,False,,False
M022272,2,2,0,0,1.0,0.7,False,,False
M020010,1,1,0,0,1.0,0.6,False,,False
M083600,1,1,0,0,1.0,0.6,False,,False
M093819,1,1,0,0,1.0,0.6,False,,False
M006833,1,1,0,0,1.0,0.6,False,,False
M006749,1,1,0,0,1.0,0.6,False,,False
M083751,1,1,0,0,1.0,0.6,False,,False
M013777,1,1,0,0,1.0,0.6,False,,False
M012900,1,1,0,0,1.0,0.6,False,,False
M000024,1,1,0,0,1.0,0.6,False,,False
M000718,1,0,1,0,0.0,0.5,False,,False
M083697,1,0,0,1,-1.0,0.4,False,,False
M037697,1,1,0,0,1.0,0.6,False,,False
M022828,1,1,0,0,1.0,0.6,False,,False
M040926,1,0,0,1,-1.0,0.4,False,,False
M057397,1,0,1,0,0.0,0.5,False,,False
M012016,1,1,0,0,1.0,0.6,False,,False
M087510,1,0,1,0,0.0,0.5,False,,False
M100616,1,1,0,0,1.0,0.6,False,,False
M017097,1,0,0,1,-1.0,0.4,False,,False
M023511,1,0,0,1,-1.0,0.4,False,,False
M015574,1,1,0,0,1.0,0.6,False,,False
M056098,1,1,0,0,1.0,0.6,False,,False
M067959,1,0,1,0,0.0,0.5,False,,False
M017796,1,1,0,0,1.0,0.6,False,,False
M046575,1,0,1,0,0.0,0.5,False,,False
M097130,2,2,0,0,1.0,0.7,False,,False
M025148,1,0,1,0,0.0,0.5,False,,False
M022206,1,1,0,0,1.0,0.6,False,,False
M022893,1,1,0,0,1.0,0.6,False,,False
M021585,1,0,0,1,-1.0,0.4,False,,False
M021445,1,0,0,1,-1.0,0.4,False,,False
M050475,1,0,1,0,0.0,0.5,False,,False
M067277,1,1,0,0,1.0,0.6,False,,False
M094983,1,1,0,0,1.0,0.6,False,,False
M097965,1,1,0,0,1.0,0.6,False,,False
M087451,1,1,0,0,1.0,0.6,False,,False
M074803,2,2,0,0,1.0,0.7,False,,False
M050915,1,1,0,0,1.0,0.6,False,,False
M068360,1,1,0,0,1.0,0.6,False,,False
M085766,1,0,1,0,0.0,0.5,False,,False
M034864,1,0,1,0,0.0,0.5,False,,False
M035380,1,1,0,0,1.0,0.6,False,,False
M046728,1,1,0,0,1.0,0.6,False,,False
M037876,1,1,0,0,1.0,0.6,False,,False
M039366,2,2,0,0,1.0,0.7,False,,False
M099165,1,0,1,0,0.0,0.5,False,,False
M037784,1,1,0,0,1.0,0.6,False,,False
M025890,1,1,0,0,1.0,0.6,False,,False
M099886,1,0,1,0,0.0,0.5,False,,False
M090636,1,1,0,0,1.0,0.6,False,,False
M058255,2,2,0,0,1.0,0.7,False,,False
M056702,1,0,1,0,0.0,0.5,False,,False
M099077,1,0,1,0,0.0,0.5,False,,False
M083092,1,1,0,0,1.0,0.6,False,,False
M011265,1,0,1,0,0.0,0.5,False,,False
M036821,1,1,0,0,1.0,0.6,False,,False
M034224,1,1,0,0,1.0,0.6,False,,False
M024200,1,1,0,0,1.0,0.6,False,,False
M090926,1,0,0,1,-1.0,0.4,False,,False
M049819,1,0,1,0,0.0,0.5,False,,False
M052967,1,1,0,0,1.0,0.6,False,,False
M059581,1,1,0,0,1.0,0.6,False,,False
M089511,1,1,0,0,1.0,0.6,False,,False
M044656,1,0,1,0,0.0,0.5,False,,False
M065472,1,0,1,0,0.0,0.5,False,,False
M097952,1,1,0,0,1.0,0.6,False,,False
M025865,1,1,0,0,1.0,0.6,False,,False
M021088,2,2,0,0,1.0,0.7,False,,False
M006574,1,1,0,0,1.0,0.6,False,,False
M003355,2,0,0,2,-1.0,0.30000000000000004,False,,True
M005059,1,0,1,0,0.0,0.5,False,,False
M015992,1,1,0,0,1.0,0.6,False,,False
M021750,1,1,0,0,1.0,0.6,False,,False
M011511,1,0,1,0,0.0,0.5,False,,False
M023169,1,0,1,0,0.0,0.5,False,,False
M045032,1,1,0,0,1.0,0.6,False,,False
M045103,1,1,0,0,1.0,0.6,False,,False
M096616,2,2,0,0,1.0,0.7,False,,False
M089190,2,0,2,0,0.0,0.5,False,,False
M085773,1,0,1,0,0.0,0.5,False,,False
M006909,1,0,1,0,0.0,0.5,False,,False
M001134,1,1,0,0,1.0,0.6,False,,False
M004505,1,1,0,0,1.0,0.6,False,,False
M000449,1,1,0,0,1.0,0.6,False,,False
M090387,1,1,0,0,1.0,0.6,False,,False
M004420,1,1,0,0,1.0,0.6,False,,False
M000264,2,2,0,0,1.0,0.7,False,,False
M002725,1,0,1,0,0.0,0.5,False,,False
M029241,1,0,0,1,-1.0,0.4,False,,False
M023525,1,1,0,0,1.0,0.6,False,,False
M043356,1,1,0,0,1.0,0.6,False,,False
M001277,1,1,0,0,1.0,0.6,False,,False
M036964,1,1,0,0,1.0,0.6,False,,False
M072362,1,0,1,0,0.0,0.5,False,,False
M052254,1,0,1,0,0.0,0.5,False,,False
M017488,1,0,1,0,0.0,0.5,False,,False
M030525,1,0,1,0,0.0,0.5,False,,False
M088333,2,2,0,0,1.0,0.7,False,,False
M095559,2,2,0,0,1.0,0.7,False,,False
M009620,1,1,0,0,1.0,0.6,False,,False
M062815,1,1,0,0,1.0,0.6,False,,False
M062619,1,0,1,0,0.0,0.5,False,,False
M079998,2,0,0,2,-1.0,0.30000000000000004,False,,True
M069069,1,1,0,0,1.0,0.6,False,,False
M080604,1,1,0,0,1.0,0.6,False,,False
M060458,1,0,1,0,0.0,0.5,False,,False
M084275,1,0,1,0,0.0,0.5,False,,False
M078205,1,0,0,1,-1.0,0.4,False,,False
M031641,1,0,1,0,0.0,0.5,False,,False
M082227,1,0,1,0,0.0,0.5,False,,False
M092059,1,1,0,0,1.0,0.6,False,,False
M080316,1,0,1,0,0.0,0.5,False,,False
M025705,1,1,0,0,1.0,0.6,False,,False
M098020,1,1,0,0,1.0,0.6,False,,False
M099803,1,0,1,0,0.0,0.5,False,,False
M094555,1,1,0,0,1.0,0.6,False,,False
M054647,1,1,0,0,1.0,0.6,False,,False
M017177,1,0,1,0,0.0,0.5,False,,False
M016808,1,1,0,0,1.0,0.6,False,,False
M012175,1,1,0,0,1.0,0.6,False,,False
M035994,1,1,0,0,1.0,0.6,False,,False
M007595,1,1,0,0,1.0,0.6,False,,False
M011081,1,0,1,0,0.0,0.5,False,,False
M035140,1,1,0,0,1.0,0.6,False,,False
M041905,1,1,0,0,1.0,0.6,False,,False
M011444,1,1,0,0,1.0,0.6,False,,False
M018814,1,1,0,0,1.0,0.6,False,,False
M090250,1,1,0,0,1.0,0.6,False,,False
M037392,2,0,0,2,-1.0,0.30000000000000004,False,,True
M036644,1,0,1,0,0.0,0.5,False,,False
M031401,1,1,0,0,1.0,0.6,False,,False
M066443,1,1,0,0,1.0,0.6,False,,False
M049495,2,0,2,0,0.0,0.5,False,,False
M078934,1,0,0,1,-1.0,0.4,False,,False
M025344,1,0,0,1,-1.0,0.4,False,,False
M059018,4,0,4,0,0.0,0.5,False,,False
M052098,2,2,0,0,1.0,0.7,False,,False
M027718,2,0,2,0,0.0,0.5,False,,False
M025739,3,3,0,0,1.0,0.7999999999999999,False,,False
M097992,1,1,0,0,1.0,0.6,False,,False
M071447,1,0,1,0,0.0,0.5,False,,False
M051943,1,1,0,0,1.0,0.6,False,,False
M051153,1,0,1,0,0.0,0.5,False,,False
M086253,1,0,0,1,-1.0,0.4,False,,False
M014423,1,1,0,0,1.0,0.6,False,,False
M085946,1,1,0,0,1.0,0.6,False,,False
M051813,1,0,1,0,0.0,0.5,False,,False
M087063,1,0,0,1,-1.0,0.4,False,,False
M068266,3,3,0,0,1.0,0.7999999999999999,False,,False
M058423,3,0,3,0,0.0,0.5,False,,False
M048836,2,0,2,0,0.0,0.5,False,,False
M047036,1,0,1,0,0.0,0.5,False,,False
M075083,2,0,0,2,-1.0,0.30000000000000004,False,,True
M083779,1,0,1,0,0.0,0.5,False,,False
M070601,1,0,1,0,0.0,0.5,False,,False
M090747,2,2,0,0,1.0,0.7,False,,False
M083309,1,1,0,0,1.0,0.6,False,,False
M080198,1,0,0,1,-1.0,0.4,False,,False
M062883,1,1,0,0,1.0,0.6,False,,False
M093822,1,1,0,0,1.0,0.6,False,,False
M091575,1,1,0,0,1.0,0.6,False,,False
M063953,1,0,0,1,-1.0,0.4,False,,False
M052316,1,1,0,0,1.0,0.6,False,,False
M098555,1,0,1,0,0.0,0.5,False,,False
M083258,1,1,0,0,1.0,0.6,False,,False
M059316,1,1,0,0,1.0,0.6,False,,False
M072720,1,1,0,0,1.0,0.6,False,,False
M052202,1,0,1,0,0.0,0.5,False,,False
M022795,1,1,0,0,1.0,0.6,False,,False
M084032,1,0,1,0,0.0,0.5,False,,False
M001524,1,0,1,0,0.0,0.5,False,,False
M081661,1,1,0,0,1.0,0.6,False,,False
M086265,1,1,0,0,1.0,0.6,False,,False
M028038,1,1,0,0,1.0,0.6,False,,False
M011008,1,1,0,0,1.0,0.6,False,,False
M030529,1,1,0,0,1.0,0.6,False,,False
M031887,1,1,0,0,1.0,0.6,False,,False
M028854,1,1,0,0,1.0,0.6,False,,False
M087056,1,0,1,0,0.0,0.5,False,,False
M005226,1,1,0,0,1.0,0.6,False,,False
M063494,1,1,0,0,1.0,0.6,False,,False
M092663,1,1,0,0,1.0,0.6,False,,False
M089094,1,1,0,0,1.0,0.6,False,,False
M088247,1,1,0,0,1.0,0.6,False,,False
M004789,1,1,0,0,1.0,0.6,False,,False
M054434,1,0,1,0,0.0,0.5,False,,False
M079687,1,1,0,0,1.0,0.6,False,,False
M096765,1,0,1,0,0.0,0.5,False,,False
M007869,1,1,0,0,1.0,0.6,False,,False
M079016,1,1,0,0,1.0,0.6,False,,False
M068580,1,0,0,1,-1.0,0.4,False,,False
M028688,1,0,0,1,-1.0,0.4,False,,False
M053411,1,0,0,1,-1.0,0.4,False,,False
M067022,1,0,0,1,-1.0,0.4,False,,False
M068092,2,2,0,0,1.0,0.7,False,,False
M038115,1,0,0,1,-1.0,0.4,False,,False
M038408,1,0,1,0,0.0,0.5,False,,False
M071414,1,0,1,0,0.0,0.5,False,,False
M036888,1,1,0,0,1.0,0.6,False,,False
M027302,1,1,0,0,1.0,0.6,False,,False
M028956,2,2,0,0,1.0,0.7,False,,False
M031855,1,1,0,0,1.0,0.6,False,,False
M055019,1,1,0,0,1.0,0.6,False,,False
M026937,1,1,0,0,1.0,0.6,False,,False
M077240,2,2,0,0,1.0,0.7,False,,False
M050628,1,1,0,0,1.0,0.6,False,,False
M038467,1,0,1,0,0.0,0.5,False,,False
M063025,1,1,0,0,1.0,0.6,False,,False
M037458,1,0,1,0,0.0,0.5,False,,False
M094111,1,1,0,0,1.0,0.6,False,,False
M007540,1,1,0,0,1.0,0.6,False,,False
M044555,1,1,0,0,1.0,0.6,False,,False
M009803,1,0,0,1,-1.0,0.4,False,,False
M025103,1,1,0,0,1.0,0.6,False,,False
M007042,1,1,0,0,1.0,0.6,False,,False
M003007,1,1,0,0,1.0,0.6,False,,False
M033161,1,0,1,0,0.0,0.5,False,,False
M076085,1,0,1,0,0.0,0.5,False,,False
M096380,1,1,0,0,1.0,0.6,False,,False
M001204,1,0,1,0,0.0,0.5,False,,False
M041069,1,1,0,0,1.0,0.6,False,,False
M024300,1,0,0,1,-1.0,0.4,False,,False
M064239,1,0,1,0,0.0,0.5,False,,False
M081681,1,1,0,0,1.0,0.6,False,,False
M026036,1,0,1,0,0.0,0.5,False,,False
M096345,1,1,0,0,1.0,0.6,False,,False
M022333,2,2,0,0,1.0,0.7,False,,False
M013675,1,1,0,0,1.0,0.6,False,,False
M007468,1,1,0,0,1.0,0.6,False,,False
M054758,1,1,0,0,1.0,0.6,False,,False
M006921,1,1,0,0,1.0,0.6,False,,False
M063749,1,1,0,0,1.0,0.6,False,,False
M089391,1,1,0,0,1.0,0.6,False,,False
M040997,2,2,0,0,1.0,0.7,False,,False
M085820,1,1,0,0,1.0,0.6,False,,False
M050579,1,1,0,0,1.0,0.6,False,,False
M035215,1,1,0,0,1.0,0.6,False,,False
M032377,1,0,0,1,-1.0,0.4,False,,False
M083241,2,2,0,0,1.0,0.7,False,,False
M035972,1,1,0,0,1.0,0.6,False,,False
M045633,1,0,1,0,0.0,0.5,False,,False
M051465,1,1,0,0,1.0,0.6,False,,False
M082996,1,0,1,0,0.0,0.5,False,,False
M085940,1,1,0,0,1.0,0.6,False,,False
M072559,1,0,1,0,0.0,0.5,False,,False
M064969,1,1,0,0,1.0,0.6,False,,False
M060945,1,1,0,0,1.0,0.6,False,,False
M091572,1,0,1,0,0.0,0.5,False,,False
M065554,2,0,2,0,0.0,0.5,False,,False
M091987,1,1,0,0,1.0,0.6,False,,False
M051531,1,0,1,0,0.0,0.5,False,,False
M084257,2,0,0,2,-1.0,0.30000000000000004,False,,True
M089588,2,0,2,0,0.0,0.5,False,,False
M047239,1,0,1,0,0.0,0.5,False,,False
M009134,1,0,1,0,0.0,0.5,False,,False
M009140,1,0,1,0,0.0,0.5,False,,False
M092745,1,1,0,0,1.0,0.6,False,,False
M070165,2,0,2,0,0.0,0.5,False,,False
M065934,2,2,0,0,1.0,0.7,False,,False
M083109,1,1,0,0,1.0,0.6,False,,False
M014856,2,0,2,0,0.0,0.5,False,,False
M036310,1,1,0,0,1.0,0.6,False,,False
M092056,1,1,0,0,1.0,0.6,False,,False
M091804,2,0,2,0,0.0,0.5,False,,False
M093476,2,0,2,0,0.0,0.5,False,,False
M098982,1,1,0,0,1.0,0.6,False,,False
M003886,2,0,2,0,0.0,0.5,False,,False
M072540,2,2,0,0,1.0,0.7,False,,False
M044261,1,1,0,0,1.0,0.6,False,,False
M033748,1,0,1,0,0.0,0.5,False,,False
M055684,1,1,0,0,1.0,0.6,False,,False
M035637,1,1,0,0,1.0,0.6,False,,False
M019353,1,1,0,0,1.0,0.6,False,,False
M061323,1,0,1,0,0.0,0.5,False,,False
M069905,1,0,1,0,0.0,0.5,False,,False
M002356,1,1,0,0,1.0,0.6,False,,False
M061565,1,0,1,0,0.0,0.5,False,,False
M010113,1,0,1,0,0.0,0.5,False,,False
M087931,1,0,0,1,-1.0,0.4,False,,False
M038053,1,0,1,0,0.0,0.5,False,,False
M034394,1,0,1,0,0.0,0.5,False,,False
M100690,1,1,0,0,1.0,0.6,False,,False
M089805,1,1,0,0,1.0,0.6,False,,False
M031902,1,1,0,0,1.0,0.6,False,,False
M029601,1,1,0,0,1.0,0.6,False,,False
M029000,1,1,0,0,1.0,0.6,False,,False
M048554,1,1,0,0,1.0,0.6,False,,False
M084355,1,1,0,0,1.0,0.6,False,,False
M080916,2,0,0,2,-1.0,0.30000000000000004,False,,True
M100899,1,1,0,0,1.0,0.6,False,,False
M081963,1,1,0,0,1.0,0.6,False,,False
M085628,2,0,2,0,0.0,0.5,False,,False
M096178,2,2,0,0,1.0,0.7,False,,False
M065456,2,0,2,0,0.0,0.5,False,,False
M046365,1,1,0,0,1.0,0.6,False,,False
M075338,1,1,0,0,1.0,0.6,False,,False
M094355,1,1,0,0,1.0,0.6,False,,False
M046392,1,0,1,0,0.0,0.5,False,,False
M053464,1,0,1,0,0.0,0.5,False,,False
M040126,1,0,1,0,0.0,0.5,False,,False
M018371,1,0,1,0,0.0,0.5,False,,False
M040088,1,0,1,0,0.0,0.5,False,,False
M037292,1,0,0,1,-1.0,0.4,False,,False
M062091,1,0,0,1,-1.0,0.4,False,,False
M051823,1,1,0,0,1.0,0.6,False,,False
M071267,1,0,1,0,0.0,0.5,False,,False
M050265,1,0,1,0,0.0,0.5,False,,False
M060420,1,0,1,0,0.0,0.5,False,,False
M052336,1,0,1,0,0.0,0.5,False,,False
M069618,1,0,1,0,0.0,0.5,False,,False
M054774,2,0,2,0,0.0,0.5,False,,False
M022227,1,0,1,0,0.0,0.5,False,,False
M043846,1,1,0,0,1.0,0.6,False,,False
M063639,1,0,1,0,0.0,0.5,False,,False
M079587,1,1,0,0,1.0,0.6,False,,False
M086611,1,1,0,0,1.0,0.6,False,,False
M093539,1,1,0,0,1.0,0.6,False,,False
M079109,1,1,0,0,1.0,0.6,False,,False
M023544,1,1,0,0,1.0,0.6,False,,False
M051626,1,0,1,0,0.0,0.5,False,,False
M071539,1,0,1,0,0.0,0.5,False,,False
M080092,2,2,0,0,1.0,0.7,False,,False
M047207,1,0,1,0,0.0,0.5,False,,False
M100800,1,1,0,0,1.0,0.6,False,,False
M090105,1,1,0,0,1.0,0.6,False,,False
M073783,2,2,0,0,1.0,0.7,False,,False
M058698,1,0,1,0,0.0,0.5,False,,False
M049747,1,0,1,0,0.0,0.5,False,,False
M015194,2,0,2,0,0.0,0.5,False,,False
M042692,1,0,0,1,-1.0,0.4,False,,False
M054702,1,0,1,0,0.0,0.5,False,,False
M007593,1,0,1,0,0.0,0.5,False,,False
M083466,1,0,0,1,-1.0,0.4,False,,False
M084352,1,0,1,0,0.0,0.5,False,,False
M091637,2,2,0,0,1.0,0.7,False,,False
M098617,2,2,0,0,1.0,0.7,False,,False
M101547,1,1,0,0,1.0,0.6,False,,False
M064244,1,0,0,1,-1.0,0.4,False,,False
M074623,1,1,0,0,1.0,0.6,False,,False
M069363,1,0,1,0,0.0,0.5,False,,False
M073165,2,0,2,0,0.0,0.5,False,,False
M053681,1,1,0,0,1.0,0.6,False,,False
M076303,1,1,0,0,1.0,0.6,False,,False
M070710,1,0,1,0,0.0,0.5,False,,False
M095771,1,1,0,0,1.0,0.6,False,,False
M054472,1,0,1,0,0.0,0.5,False,,False
M057605,1,0,1,0,0.0,0.5,False,,False
M053419,1,0,1,0,0.0,0.5,False,,False
M090308,1,1,0,0,1.0,0.6,False,,False
M076214,1,1,0,0,1.0,0.6,False,,False
M082126,1,1,0,0,1.0,0.6,False,,False
M096969,1,0,1,0,0.0,0.5,False,,False
M081336,1,0,0,1,-1.0,0.4,False,,False
M004920,1,1,0,0,1.0,0.6,False,,False
M016446,1,1,0,0,1.0,0.6,False,,False
M025348,1,1,0,0,1.0,0.6,False,,False
M013659,1,1,0,0,1.0,0.6,False,,False
M020162,1,1,0,0,1.0,0.6,False,,False
M062601,2,0,2,0,0.0,0.5,False,,False
M030635,1,1,0,0,1.0,0.6,False,,False
M041263,2,0,2,0,0.0,0.5,False,,False
M050459,1,0,1,0,0.0,0.5,False,,False
M009274,2,0,2,0,0.0,0.5,False,,False
M078186,1,0,1,0,0.0,0.5,False,,False
M060767,1,1,0,0,1.0,0.6,False,,False
M044137,1,0,0,1,-1.0,0.4,False,,False
M085725,1,0,1,0,0.0,0.5,False,,False
M057239,1,0,0,1,-1.0,0.4,False,,False
M017962,1,1,0,0,1.0,0.6,False,,False
M004289,1,1,0,0,1.0,0.6,False,,False
M033084,1,0,1,0,0.0,0.5,False,,False
M054028,1,1,0,0,1.0,0.6,False,,False
M059932,1,0,1,0,0.0,0.5,False,,False
M046707,2,0,2,0,0.0,0.5,False,,False
M045991,1,0,1,0,0.0,0.5,False,,False
M059839,1,1,0,0,1.0,0.6,False,,False
M028980,2,0,2,0,0.0,0.5,False,,False
M056989,2,2,0,0,1.0,0.7,False,,False
M025326,2,2,0,0,1.0,0.7,False,,False
M099713,3,0,0,3,-1.0,0.20000000000000004,True,retrieval_count=3>=N_MIN=3 and average_utility=-1.0000<=BETA=-0.2,True
M097415,1,1,0,0,1.0,0.6,False,,False
M062643,1,0,0,1,-1.0,0.4,False,,False
M078346,2,2,0,0,1.0,0.7,False,,False
M067999,1,1,0,0,1.0,0.6,False,,False
M080620,1,1,0,0,1.0,0.6,False,,False
M077703,1,0,1,0,0.0,0.5,False,,False
M087221,1,1,0,0,1.0,0.6,False,,False
M012034,2,2,0,0,1.0,0.7,False,,False
M042742,1,0,1,0,0.0,0.5,False,,False
M023849,2,0,2,0,0.0,0.5,False,,False
M080917,1,1,0,0,1.0,0.6,False,,False
M086488,1,1,0,0,1.0,0.6,False,,False
M086603,1,1,0,0,1.0,0.6,False,,False
M010796,1,1,0,0,1.0,0.6,False,,False
M098410,1,1,0,0,1.0,0.6,False,,False
M002260,1,0,1,0,0.0,0.5,False,,False
M002923,2,2,0,0,1.0,0.7,False,,False
M019021,1,0,0,1,-1.0,0.4,False,,False
M059845,1,0,1,0,0.0,0.5,False,,False
M023166,1,1,0,0,1.0,0.6,False,,False
M006011,1,0,1,0,0.0,0.5,False,,False
M027991,1,1,0,0,1.0,0.6,False,,False
M020131,1,1,0,0,1.0,0.6,False,,False
M022255,2,2,0,0,1.0,0.7,False,,False
M020677,2,0,2,0,0.0,0.5,False,,False
M067577,1,1,0,0,1.0,0.6,False,,False
M026292,1,0,0,1,-1.0,0.4,False,,False
M024673,1,1,0,0,1.0,0.6,False,,False
M095721,1,1,0,0,1.0,0.6,False,,False
M023866,1,1,0,0,1.0,0.6,False,,False
M057471,1,1,0,0,1.0,0.6,False,,False
M078968,1,0,1,0,0.0,0.5,False,,False
M058869,1,0,1,0,0.0,0.5,False,,False
M098327,1,1,0,0,1.0,0.6,False,,False
M055378,1,1,0,0,1.0,0.6,False,,False
M049092,1,1,0,0,1.0,0.6,False,,False
M041991,1,1,0,0,1.0,0.6,False,,False
M046863,1,1,0,0,1.0,0.6,False,,False
M031200,1,1,0,0,1.0,0.6,False,,False
M054969,1,1,0,0,1.0,0.6,False,,False
M084506,1,1,0,0,1.0,0.6,False,,False
M002143,1,0,1,0,0.0,0.5,False,,False
M088328,1,1,0,0,1.0,0.6,False,,False
M023053,1,1,0,0,1.0,0.6,False,,False
M022011,1,1,0,0,1.0,0.6,False,,False
M026504,1,1,0,0,1.0,0.6,False,,False
M011965,1,0,1,0,0.0,0.5,False,,False
M063238,1,1,0,0,1.0,0.6,False,,False
M021114,1,1,0,0,1.0,0.6,False,,False
M069019,1,0,1,0,0.0,0.5,False,,False
M019259,1,0,1,0,0.0,0.5,False,,False
M059518,1,1,0,0,1.0,0.6,False,,False
M100588,1,1,0,0,1.0,0.6,False,,False
M079004,1,1,0,0,1.0,0.6,False,,False
M095400,1,0,0,1,-1.0,0.4,False,,False
M083472,1,0,1,0,0.0,0.5,False,,False
M053987,1,0,1,0,0.0,0.5,False,,False
M060118,1,1,0,0,1.0,0.6,False,,False
M030776,1,1,0,0,1.0,0.6,False,,False
M056653,1,1,0,0,1.0,0.6,False,,False
M044250,1,1,0,0,1.0,0.6,False,,False
M074169,1,0,1,0,0.0,0.5,False,,False
M042931,1,1,0,0,1.0,0.6,False,,False
M041916,1,1,0,0,1.0,0.6,False,,False
M003072,1,1,0,0,1.0,0.6,False,,False
M062814,1,1,0,0,1.0,0.6,False,,False
M002631,1,1,0,0,1.0,0.6,False,,False
M032134,1,1,0,0,1.0,0.6,False,,False
M031931,1,0,1,0,0.0,0.5,False,,False
M034393,1,1,0,0,1.0,0.6,False,,False
M001334,1,0,1,0,0.0,0.5,False,,False
M002329,1,0,1,0,0.0,0.5,False,,False
M062585,1,1,0,0,1.0,0.6,False,,False
M019749,1,1,0,0,1.0,0.6,False,,False
M096383,1,1,0,0,1.0,0.6,False,,False
M073153,2,2,0,0,1.0,0.7,False,,False
M083957,1,0,0,1,-1.0,0.4,False,,False
M026097,1,1,0,0,1.0,0.6,False,,False
M088578,1,0,1,0,0.0,0.5,False,,False
M089325,2,2,0,0,1.0,0.7,False,,False
M077752,2,2,0,0,1.0,0.7,False,,False
M074673,2,2,0,0,1.0,0.7,False,,False
M060881,2,0,2,0,0.0,0.5,False,,False
M052662,1,1,0,0,1.0,0.6,False,,False
M052125,1,1,0,0,1.0,0.6,False,,False
M032769,1,1,0,0,1.0,0.6,False,,False
M074965,1,1,0,0,1.0,0.6,False,,False
M055922,1,0,1,0,0.0,0.5,False,,False
M070220,1,0,1,0,0.0,0.5,False,,False
M090077,1,1,0,0,1.0,0.6,False,,False
M091320,2,2,0,0,1.0,0.7,False,,False
M093355,1,1,0,0,1.0,0.6,False,,False
M092006,2,2,0,0,1.0,0.7,False,,False
M049151,2,0,2,0,0.0,0.5,False,,False
M060923,2,2,0,0,1.0,0.7,False,,False
M047691,3,0,3,0,0.0,0.5,False,,False
M055581,1,1,0,0,1.0,0.6,False,,False
M055405,1,0,1,0,0.0,0.5,False,,False
M037899,1,1,0,0,1.0,0.6,False,,False
M047628,1,0,1,0,0.0,0.5,False,,False
M061649,1,1,0,0,1.0,0.6,False,,False
M075342,1,1,0,0,1.0,0.6,False,,False
M075025,1,1,0,0,1.0,0.6,False,,False
M033410,1,1,0,0,1.0,0.6,False,,False
M039788,1,1,0,0,1.0,0.6,False,,False
M056655,1,1,0,0,1.0,0.6,False,,False
M050234,1,1,0,0,1.0,0.6,False,,False
M078842,1,1,0,0,1.0,0.6,False,,False
M076609,1,1,0,0,1.0,0.6,False,,False
M083204,1,0,1,0,0.0,0.5,False,,False
M076924,1,0,1,0,0.0,0.5,False,,False
M049969,1,1,0,0,1.0,0.6,False,,False
M084769,1,1,0,0,1.0,0.6,False,,False
M063715,1,0,1,0,0.0,0.5,False,,False
M079596,1,1,0,0,1.0,0.6,False,,False
M030571,1,1,0,0,1.0,0.6,False,,False
M020019,1,0,1,0,0.0,0.5,False,,False
M018436,1,1,0,0,1.0,0.6,False,,False
M028774,1,0,0,1,-1.0,0.4,False,,False
M011270,1,0,1,0,0.0,0.5,False,,False
M026810,1,1,0,0,1.0,0.6,False,,False
M033810,1,1,0,0,1.0,0.6,False,,False
M025779,1,1,0,0,1.0,0.6,False,,False
M034731,1,0,1,0,0.0,0.5,False,,False
M013008,1,0,0,1,-1.0,0.4,False,,False
M015782,1,0,0,1,-1.0,0.4,False,,False
M018833,1,0,1,0,0.0,0.5,False,,False
M008425,1,0,0,1,-1.0,0.4,False,,False
M060670,1,0,1,0,0.0,0.5,False,,False
M056223,1,0,1,0,0.0,0.5,False,,False
M016320,1,1,0,0,1.0,0.6,False,,False
M060012,1,0,0,1,-1.0,0.4,False,,False
M050777,1,1,0,0,1.0,0.6,False,,False
M060949,2,0,2,0,0.0,0.5,False,,False
M075790,1,1,0,0,1.0,0.6,False,,False
M092282,1,1,0,0,1.0,0.6,False,,False
M100867,1,1,0,0,1.0,0.6,False,,False
M047033,1,0,1,0,0.0,0.5,False,,False
M081082,1,0,1,0,0.0,0.5,False,,False
M101384,1,0,0,1,-1.0,0.4,False,,False
M074112,1,1,0,0,1.0,0.6,False,,False
M064653,1,1,0,0,1.0,0.6,False,,False
M080585,1,1,0,0,1.0,0.6,False,,False
M067272,1,0,1,0,0.0,0.5,False,,False
M099037,1,0,1,0,0.0,0.5,False,,False
M085996,1,1,0,0,1.0,0.6,False,,False
M077804,1,0,1,0,0.0,0.5,False,,False
M078183,1,0,1,0,0.0,0.5,False,,False
M073221,1,0,0,1,-1.0,0.4,False,,False
M084595,1,1,0,0,1.0,0.6,False,,False
M096428,1,1,0,0,1.0,0.6,False,,False
M013700,1,1,0,0,1.0,0.6,False,,False
M012841,1,1,0,0,1.0,0.6,False,,False
M012702,1,1,0,0,1.0,0.6,False,,False
M019387,1,1,0,0,1.0,0.6,False,,False
M085685,1,1,0,0,1.0,0.6,False,,False
M081122,1,0,1,0,0.0,0.5,False,,False
M006931,1,0,1,0,0.0,0.5,False,,False
M028115,2,2,0,0,1.0,0.7,False,,False
M043152,1,0,1,0,0.0,0.5,False,,False
M055430,1,0,1,0,0.0,0.5,False,,False
M012146,1,1,0,0,1.0,0.6,False,,False
M001089,2,0,2,0,0.0,0.5,False,,False
M093563,2,0,2,0,0.0,0.5,False,,False
M053669,1,0,1,0,0.0,0.5,False,,False
M087273,1,0,1,0,0.0,0.5,False,,False
M011891,1,1,0,0,1.0,0.6,False,,False
M014283,1,0,1,0,0.0,0.5,False,,False
M040352,1,0,1,0,0.0,0.5,False,,False
M081247,1,0,1,0,0.0,0.5,False,,False
M059101,1,1,0,0,1.0,0.6,False,,False
M008689,1,0,0,1,-1.0,0.4,False,,False
M024185,2,0,0,2,-1.0,0.30000000000000004,False,,True
M001840,2,2,0,0,1.0,0.7,False,,False
M023660,1,1,0,0,1.0,0.6,False,,False
M012979,1,1,0,0,1.0,0.6,False,,False
M019900,1,1,0,0,1.0,0.6,False,,False
M016885,1,0,1,0,0.0,0.5,False,,False
M029303,1,1,0,0,1.0,0.6,False,,False
M066413,1,0,1,0,0.0,0.5,False,,False
M069542,1,0,1,0,0.0,0.5,False,,False
M065074,1,0,1,0,0.0,0.5,False,,False
M005360,1,0,1,0,0.0,0.5,False,,False
M044539,1,0,1,0,0.0,0.5,False,,False
M076054,1,1,0,0,1.0,0.6,False,,False
M087984,1,1,0,0,1.0,0.6,False,,False
M022822,1,0,1,0,0.0,0.5,False,,False
M054798,1,1,0,0,1.0,0.6,False,,False
M081047,1,0,1,0,0.0,0.5,False,,False
M079955,1,0,1,0,0.0,0.5,False,,False
M029286,2,0,0,2,-1.0,0.30000000000000004,False,,True
M080479,1,0,0,1,-1.0,0.4,False,,False
M019420,1,1,0,0,1.0,0.6,False,,False
M007988,1,1,0,0,1.0,0.6,False,,False
M036124,1,1,0,0,1.0,0.6,False,,False
M009855,1,0,1,0,0.0,0.5,False,,False
M006634,1,1,0,0,1.0,0.6,False,,False
M043191,1,1,0,0,1.0,0.6,False,,False
M042506,1,0,1,0,0.0,0.5,False,,False
M042804,1,1,0,0,1.0,0.6,False,,False
M062690,1,0,1,0,0.0,0.5,False,,False
M036997,1,0,1,0,0.0,0.5,False,,False
M035733,1,1,0,0,1.0,0.6,False,,False
M054843,1,1,0,0,1.0,0.6,False,,False
M041188,1,0,1,0,0.0,0.5,False,,False
M049732,1,1,0,0,1.0,0.6,False,,False
M066087,2,2,0,0,1.0,0.7,False,,False
M074815,1,0,1,0,0.0,0.5,False,,False
M090399,2,2,0,0,1.0,0.7,False,,False
M043018,1,0,1,0,0.0,0.5,False,,False
M079018,1,0,1,0,0.0,0.5,False,,False
M064038,1,1,0,0,1.0,0.6,False,,False
M093425,2,0,2,0,0.0,0.5,False,,False
M016907,1,0,1,0,0.0,0.5,False,,False
M075388,2,2,0,0,1.0,0.7,False,,False
M065733,2,2,0,0,1.0,0.7,False,,False
M071524,1,0,1,0,0.0,0.5,False,,False
M016513,1,1,0,0,1.0,0.6,False,,False
M016013,2,0,0,2,-1.0,0.30000000000000004,False,,True
M009155,1,1,0,0,1.0,0.6,False,,False
M101634,1,1,0,0,1.0,0.6,False,,False
M009947,1,1,0,0,1.0,0.6,False,,False
M080732,2,0,2,0,0.0,0.5,False,,False
M100893,2,2,0,0,1.0,0.7,False,,False
M091578,1,1,0,0,1.0,0.6,False,,False
M052465,1,0,1,0,0.0,0.5,False,,False
M014336,1,0,1,0,0.0,0.5,False,,False
M088548,1,1,0,0,1.0,0.6,False,,False
M070852,1,1,0,0,1.0,0.6,False,,False
M034443,1,1,0,0,1.0,0.6,False,,False
M057411,1,0,1,0,0.0,0.5,False,,False
M076023,1,1,0,0,1.0,0.6,False,,False
M093926,1,1,0,0,1.0,0.6,False,,False
M074225,1,0,1,0,0.0,0.5,False,,False
M085461,1,1,0,0,1.0,0.6,False,,False
M040209,1,0,1,0,0.0,0.5,False,,False
M084610,1,1,0,0,1.0,0.6,False,,False
M052077,1,1,0,0,1.0,0.6,False,,False
M095853,1,1,0,0,1.0,0.6,False,,False
M090042,1,1,0,0,1.0,0.6,False,,False
M091173,1,1,0,0,1.0,0.6,False,,False
M017067,1,0,1,0,0.0,0.5,False,,False
M020999,1,1,0,0,1.0,0.6,False,,False
M006348,1,1,0,0,1.0,0.6,False,,False
M022334,1,1,0,0,1.0,0.6,False,,False
M016321,1,1,0,0,1.0,0.6,False,,False
M054594,2,2,0,0,1.0,0.7,False,,False
M004903,1,1,0,0,1.0,0.6,False,,False
M067909,2,2,0,0,1.0,0.7,False,,False
M051966,1,1,0,0,1.0,0.6,False,,False
M049313,1,0,1,0,0.0,0.5,False,,False
M050125,1,1,0,0,1.0,0.6,False,,False
M100630,1,0,1,0,0.0,0.5,False,,False
M074312,1,1,0,0,1.0,0.6,False,,False
M084196,1,0,1,0,0.0,0.5,False,,False
M034070,1,0,1,0,0.0,0.5,False,,False
M059663,1,0,1,0,0.0,0.5,False,,False
M091552,1,1,0,0,1.0,0.6,False,,False
M058737,2,2,0,0,1.0,0.7,False,,False
M082554,1,0,1,0,0.0,0.5,False,,False
M050714,1,1,0,0,1.0,0.6,False,,False
M057410,1,1,0,0,1.0,0.6,False,,False
M050716,1,1,0,0,1.0,0.6,False,,False
M088482,1,0,1,0,0.0,0.5,False,,False
M099667,1,1,0,0,1.0,0.6,False,,False
M073647,1,0,0,1,-1.0,0.4,False,,False
M068745,1,1,0,0,1.0,0.6,False,,False
M052718,1,0,1,0,0.0,0.5,False,,False
M080890,1,0,1,0,0.0,0.5,False,,False
M090873,1,1,0,0,1.0,0.6,False,,False
M093084,1,1,0,0,1.0,0.6,False,,False
M052243,1,0,1,0,0.0,0.5,False,,False
M071703,1,0,1,0,0.0,0.5,False,,False
M032854,1,0,0,1,-1.0,0.4,False,,False
M015000,1,0,0,1,-1.0,0.4,False,,False
M051954,1,0,1,0,0.0,0.5,False,,False
M094838,1,0,0,1,-1.0,0.4,False,,False
M079205,1,1,0,0,1.0,0.6,False,,False
M043423,1,0,0,1,-1.0,0.4,False,,False
M088008,2,2,0,0,1.0,0.7,False,,False
M002554,1,0,1,0,0.0,0.5,False,,False
M075657,2,2,0,0,1.0,0.7,False,,False
M077413,1,1,0,0,1.0,0.6,False,,False
M089582,1,0,1,0,0.0,0.5,False,,False
M075966,1,0,1,0,0.0,0.5,False,,False
M095373,1,0,0,1,-1.0,0.4,False,,False
M083622,1,1,0,0,1.0,0.6,False,,False
M073516,1,0,1,0,0.0,0.5,False,,False
M015104,1,0,1,0,0.0,0.5,False,,False
M035759,1,0,1,0,0.0,0.5,False,,False
M026705,1,1,0,0,1.0,0.6,False,,False
M038315,1,1,0,0,1.0,0.6,False,,False
M049098,1,0,1,0,0.0,0.5,False,,False
M056900,1,0,1,0,0.0,0.5,False,,False
M070348,1,0,1,0,0.0,0.5,False,,False
M049660,1,1,0,0,1.0,0.6,False,,False
M055155,1,0,1,0,0.0,0.5,False,,False
M068472,2,0,2,0,0.0,0.5,False,,False
M099442,3,0,3,0,0.0,0.5,False,,False
M070352,1,1,0,0,1.0,0.6,False,,False
M089114,1,0,1,0,0.0,0.5,False,,False
M019662,1,1,0,0,1.0,0.6,False,,False
M083082,1,1,0,0,1.0,0.6,False,,False
M019029,1,1,0,0,1.0,0.6,False,,False
M091416,1,0,0,1,-1.0,0.4,False,,False
M052768,1,1,0,0,1.0,0.6,False,,False
M065812,1,0,0,1,-1.0,0.4,False,,False
M056326,1,0,0,1,-1.0,0.4,False,,False
M052713,1,1,0,0,1.0,0.6,False,,False
M060158,1,0,1,0,0.0,0.5,False,,False
M053631,1,0,1,0,0.0,0.5,False,,False
M008571,2,2,0,0,1.0,0.7,False,,False
M032591,1,0,0,1,-1.0,0.4,False,,False
M061512,2,0,2,0,0.0,0.5,False,,False
M088167,2,0,2,0,0.0,0.5,False,,False
M019786,2,2,0,0,1.0,0.7,False,,False
M099741,1,0,0,1,-1.0,0.4,False,,False
M045936,1,0,1,0,0.0,0.5,False,,False
M007077,1,1,0,0,1.0,0.6,False,,False
M089960,1,0,1,0,0.0,0.5,False,,False
M019293,1,1,0,0,1.0,0.6,False,,False
M023031,1,1,0,0,1.0,0.6,False,,False
M023897,1,1,0,0,1.0,0.6,False,,False
M025119,1,0,1,0,0.0,0.5,False,,False
M024915,1,0,1,0,0.0,0.5,False,,False
M023369,1,1,0,0,1.0,0.6,False,,False
M083517,1,1,0,0,1.0,0.6,False,,False
M073872,1,0,1,0,0.0,0.5,False,,False
M096540,2,2,0,0,1.0,0.7,False,,False
M044521,2,0,0,2,-1.0,0.30000000000000004,False,,True
M084175,1,1,0,0,1.0,0.6,False,,False
M081089,2,0,2,0,0.0,0.5,False,,False
M048282,1,0,0,1,-1.0,0.4,False,,False
M041858,1,1,0,0,1.0,0.6,False,,False
M035632,1,1,0,0,1.0,0.6,False,,False
M010110,1,1,0,0,1.0,0.6,False,,False
M048909,1,1,0,0,1.0,0.6,False,,False
M061917,2,2,0,0,1.0,0.7,False,,False
M049924,1,1,0,0,1.0,0.6,False,,False
M023465,1,1,0,0,1.0,0.6,False,,False
M052106,1,0,1,0,0.0,0.5,False,,False
M076082,1,0,1,0,0.0,0.5,False,,False
M005585,1,0,1,0,0.0,0.5,False,,False
M023357,1,0,1,0,0.0,0.5,False,,False
M022061,1,1,0,0,1.0,0.6,False,,False
M022112,2,0,2,0,0.0,0.5,False,,False
M021744,2,2,0,0,1.0,0.7,False,,False
M022645,1,1,0,0,1.0,0.6,False,,False
M024157,1,1,0,0,1.0,0.6,False,,False
M022340,1,0,0,1,-1.0,0.4,False,,False
M062507,1,1,0,0,1.0,0.6,False,,False
M004088,1,1,0,0,1.0,0.6,False,,False
M021586,1,1,0,0,1.0,0.6,False,,False
M009904,1,1,0,0,1.0,0.6,False,,False
M096861,2,2,0,0,1.0,0.7,False,,False
M099295,1,0,0,1,-1.0,0.4,False,,False
M098673,1,0,1,0,0.0,0.5,False,,False
M043654,1,0,1,0,0.0,0.5,False,,False
M046563,1,1,0,0,1.0,0.6,False,,False
M050550,1,1,0,0,1.0,0.6,False,,False
M057080,1,0,0,1,-1.0,0.4,False,,False
M048648,1,0,1,0,0.0,0.5,False,,False
M086648,1,0,1,0,0.0,0.5,False,,False
M089940,1,1,0,0,1.0,0.6,False,,False
M046050,1,0,1,0,0.0,0.5,False,,False
M040595,1,0,1,0,0.0,0.5,False,,False
M018560,1,1,0,0,1.0,0.6,False,,False
M032462,2,0,0,2,-1.0,0.30000000000000004,False,,True
M069943,2,2,0,0,1.0,0.7,False,,False
M072496,1,0,0,1,-1.0,0.4,False,,False
M075997,1,0,1,0,0.0,0.5,False,,False
M100858,1,0,1,0,0.0,0.5,False,,False
M060783,1,0,1,0,0.0,0.5,False,,False
M085534,1,1,0,0,1.0,0.6,False,,False
M029646,1,1,0,0,1.0,0.6,False,,False
M035131,1,0,1,0,0.0,0.5,False,,False
M054634,1,0,1,0,0.0,0.5,False,,False
M044813,1,0,1,0,0.0,0.5,False,,False
M021761,1,1,0,0,1.0,0.6,False,,False
M036936,1,1,0,0,1.0,0.6,False,,False
M057896,1,0,1,0,0.0,0.5,False,,False
M013200,1,0,1,0,0.0,0.5,False,,False
M043124,1,0,1,0,0.0,0.5,False,,False
M018228,1,1,0,0,1.0,0.6,False,,False
M093085,1,0,0,1,-1.0,0.4,False,,False
M088056,1,1,0,0,1.0,0.6,False,,False
M081908,1,1,0,0,1.0,0.6,False,,False
M099576,1,0,1,0,0.0,0.5,False,,False
M091153,1,1,0,0,1.0,0.6,False,,False
M082163,2,0,2,0,0.0,0.5,False,,False
M006677,2,2,0,0,1.0,0.7,False,,False
M059439,1,1,0,0,1.0,0.6,False,,False
M049513,1,1,0,0,1.0,0.6,False,,False
M064061,2,2,0,0,1.0,0.7,False,,False
M067922,1,0,1,0,0.0,0.5,False,,False
M056126,1,1,0,0,1.0,0.6,False,,False
M049077,1,0,1,0,0.0,0.5,False,,False
M005971,1,0,1,0,0.0,0.5,False,,False
M056498,1,1,0,0,1.0,0.6,False,,False
M088500,1,1,0,0,1.0,0.6,False,,False
M074667,1,1,0,0,1.0,0.6,False,,False
M095944,1,0,1,0,0.0,0.5,False,,False
M027621,1,1,0,0,1.0,0.6,False,,False
M025558,1,1,0,0,1.0,0.6,False,,False
M003386,1,0,1,0,0.0,0.5,False,,False
M051919,1,0,0,1,-1.0,0.4,False,,False
M025381,1,1,0,0,1.0,0.6,False,,False
M003617,1,0,0,1,-1.0,0.4,False,,False
M074142,1,1,0,0,1.0,0.6,False,,False
M070793,1,0,1,0,0.0,0.5,False,,False
M047746,1,0,1,0,0.0,0.5,False,,False
M057728,1,0,0,1,-1.0,0.4,False,,False
M071234,1,1,0,0,1.0,0.6,False,,False
M062955,1,0,1,0,0.0,0.5,False,,False
M091679,1,1,0,0,1.0,0.6,False,,False
M093141,1,1,0,0,1.0,0.6,False,,False
M046086,1,0,1,0,0.0,0.5,False,,False
M076100,1,1,0,0,1.0,0.6,False,,False
M081844,1,1,0,0,1.0,0.6,False,,False
M087213,1,1,0,0,1.0,0.6,False,,False
M023967,1,1,0,0,1.0,0.6,False,,False
M075479,1,1,0,0,1.0,0.6,False,,False
M083431,1,1,0,0,1.0,0.6,False,,False
M078033,1,0,1,0,0.0,0.5,False,,False
M092742,1,1,0,0,1.0,0.6,False,,False
M061577,1,1,0,0,1.0,0.6,False,,False
M077083,1,1,0,0,1.0,0.6,False,,False
M034340,1,1,0,0,1.0,0.6,False,,False
M028016,1,0,1,0,0.0,0.5,False,,False
M025374,1,1,0,0,1.0,0.6,False,,False
M030541,1,1,0,0,1.0,0.6,False,,False
M029343,1,0,0,1,-1.0,0.4,False,,False
M002346,1,1,0,0,1.0,0.6,False,,False
M020115,1,1,0,0,1.0,0.6,False,,False
M008038,1,0,1,0,0.0,0.5,False,,False
M024652,1,1,0,0,1.0,0.6,False,,False
M006409,1,1,0,0,1.0,0.6,False,,False
M084428,1,1,0,0,1.0,0.6,False,,False
M100116,1,1,0,0,1.0,0.6,False,,False
M095565,2,2,0,0,1.0,0.7,False,,False
M090732,2,0,2,0,0.0,0.5,False,,False
M086048,1,1,0,0,1.0,0.6,False,,False
M096031,1,0,0,1,-1.0,0.4,False,,False
M084388,1,0,1,0,0.0,0.5,False,,False
M081473,2,0,2,0,0.0,0.5,False,,False
M047911,1,0,1,0,0.0,0.5,False,,False
M054410,2,0,2,0,0.0,0.5,False,,False
M032633,1,1,0,0,1.0,0.6,False,,False
M022681,1,0,1,0,0.0,0.5,False,,False
M003879,3,0,3,0,0.0,0.5,False,,False
M071204,2,2,0,0,1.0,0.7,False,,False
M069839,2,0,2,0,0.0,0.5,False,,False
M098571,1,1,0,0,1.0,0.6,False,,False
M052933,1,0,0,1,-1.0,0.4,False,,False
M039394,1,0,0,1,-1.0,0.4,False,,False
M099280,1,0,1,0,0.0,0.5,False,,False
M049646,1,0,1,0,0.0,0.5,False,,False
M014450,1,0,0,1,-1.0,0.4,False,,False
M070329,1,1,0,0,1.0,0.6,False,,False
M054260,1,0,1,0,0.0,0.5,False,,False
M063058,1,0,1,0,0.0,0.5,False,,False
M064956,1,0,1,0,0.0,0.5,False,,False
M009921,1,1,0,0,1.0,0.6,False,,False
M093537,1,0,1,0,0.0,0.5,False,,False
M021154,2,0,2,0,0.0,0.5,False,,False
M040517,1,0,1,0,0.0,0.5,False,,False
M075090,2,0,2,0,0.0,0.5,False,,False
M027361,1,0,1,0,0.0,0.5,False,,False
M077336,1,1,0,0,1.0,0.6,False,,False
M001071,1,1,0,0,1.0,0.6,False,,False
M073899,1,1,0,0,1.0,0.6,False,,False
M054881,1,1,0,0,1.0,0.6,False,,False
M020585,2,0,2,0,0.0,0.5,False,,False
M017140,1,0,1,0,0.0,0.5,False,,False
M029940,1,0,1,0,0.0,0.5,False,,False
M052681,1,0,1,0,0.0,0.5,False,,False
M090401,1,1,0,0,1.0,0.6,False,,False
M046201,1,1,0,0,1.0,0.6,False,,False
M097568,1,0,0,1,-1.0,0.4,False,,False
M100716,1,1,0,0,1.0,0.6,False,,False
M051750,1,0,1,0,0.0,0.5,False,,False
M095042,1,1,0,0,1.0,0.6,False,,False
M004678,1,1,0,0,1.0,0.6,False,,False
M041524,1,1,0,0,1.0,0.6,False,,False
M057459,1,0,1,0,0.0,0.5,False,,False
M017941,1,0,1,0,0.0,0.5,False,,False
M081249,1,1,0,0,1.0,0.6,False,,False
M053337,1,1,0,0,1.0,0.6,False,,False
M087606,1,0,1,0,0.0,0.5,False,,False
M085829,1,1,0,0,1.0,0.6,False,,False
M061352,1,0,1,0,0.0,0.5,False,,False
M062746,1,1,0,0,1.0,0.6,False,,False
M066420,1,1,0,0,1.0,0.6,False,,False
M089213,1,1,0,0,1.0,0.6,False,,False
M083385,1,1,0,0,1.0,0.6,False,,False
M044311,1,1,0,0,1.0,0.6,False,,False
M065939,1,0,1,0,0.0,0.5,False,,False
M091911,1,1,0,0,1.0,0.6,False,,False
M011611,1,1,0,0,1.0,0.6,False,,False
M015903,2,0,2,0,0.0,0.5,False,,False
M036114,1,1,0,0,1.0,0.6,False,,False
M017744,1,0,0,1,-1.0,0.4,False,,False
M069598,2,0,0,2,-1.0,0.30000000000000004,False,,True
M014931,1,0,1,0,0.0,0.5,False,,False
M042754,1,0,1,0,0.0,0.5,False,,False
M053556,1,1,0,0,1.0,0.6,False,,False
M076631,1,0,1,0,0.0,0.5,False,,False
M058325,1,1,0,0,1.0,0.6,False,,False
M022119,1,0,1,0,0.0,0.5,False,,False
M067562,1,0,1,0,0.0,0.5,False,,False
M001981,1,0,0,1,-1.0,0.4,False,,False
M092174,1,1,0,0,1.0,0.6,False,,False
M010472,1,1,0,0,1.0,0.6,False,,False
M056623,1,0,0,1,-1.0,0.4,False,,False
M014536,1,0,1,0,0.0,0.5,False,,False
M072129,1,0,1,0,0.0,0.5,False,,False
M002084,1,0,1,0,0.0,0.5,False,,False
M015248,1,0,0,1,-1.0,0.4,False,,False
M075854,1,1,0,0,1.0,0.6,False,,False
M026606,1,1,0,0,1.0,0.6,False,,False
M032540,1,0,1,0,0.0,0.5,False,,False
M048328,1,1,0,0,1.0,0.6,False,,False
M080995,1,0,0,1,-1.0,0.4,False,,False
M099516,1,1,0,0,1.0,0.6,False,,False
M022468,1,0,0,1,-1.0,0.4,False,,False
M066901,1,0,0,1,-1.0,0.4,False,,False
M029706,1,0,1,0,0.0,0.5,False,,False
M032665,1,0,1,0,0.0,0.5,False,,False
M029686,1,1,0,0,1.0,0.6,False,,False
M073838,1,1,0,0,1.0,0.6,False,,False
M020940,1,1,0,0,1.0,0.6,False,,False
M013935,1,1,0,0,1.0,0.6,False,,False
M048413,1,1,0,0,1.0,0.6,False,,False
M015715,1,1,0,0,1.0,0.6,False,,False
M003195,1,1,0,0,1.0,0.6,False,,False
M002124,1,1,0,0,1.0,0.6,False,,False
M062641,2,0,2,0,0.0,0.5,False,,False
M065793,1,1,0,0,1.0,0.6,False,,False
M039775,1,0,1,0,0.0,0.5,False,,False
M005523,1,0,0,1,-1.0,0.4,False,,False
M099278,1,0,1,0,0.0,0.5,False,,False
M080833,2,0,2,0,0.0,0.5,False,,False
M063092,1,0,1,0,0.0,0.5,False,,False
M046657,1,0,0,1,-1.0,0.4,False,,False
M078749,2,0,2,0,0.0,0.5,False,,False
M087335,1,1,0,0,1.0,0.6,False,,False
M097036,1,1,0,0,1.0,0.6,False,,False
M058188,1,1,0,0,1.0,0.6,False,,False
M065018,1,0,1,0,0.0,0.5,False,,False
M092138,1,1,0,0,1.0,0.6,False,,False
M083985,2,0,2,0,0.0,0.5,False,,False
M095239,1,1,0,0,1.0,0.6,False,,False
M070917,2,0,2,0,0.0,0.5,False,,False
M090413,1,1,0,0,1.0,0.6,False,,False
M072387,2,0,2,0,0.0,0.5,False,,False
M032512,1,1,0,0,1.0,0.6,False,,False
M032351,1,1,0,0,1.0,0.6,False,,False
M031090,1,0,0,1,-1.0,0.4,False,,False
M024671,1,1,0,0,1.0,0.6,False,,False
M033446,1,0,1,0,0.0,0.5,False,,False
M087686,1,1,0,0,1.0,0.6,False,,False
M057607,1,1,0,0,1.0,0.6,False,,False
M050704,1,0,1,0,0.0,0.5,False,,False
M020027,1,1,0,0,1.0,0.6,False,,False
M065882,2,0,2,0,0.0,0.5,False,,False
M081691,1,1,0,0,1.0,0.6,False,,False
M019456,3,3,0,0,1.0,0.7999999999999999,False,,False
M000160,3,0,0,3,-1.0,0.20000000000000004,True,retrieval_count=3>=N_MIN=3 and average_utility=-1.0000<=BETA=-0.2,True
M039513,2,2,0,0,1.0,0.7,False,,False
M008125,1,0,1,0,0.0,0.5,False,,False
M001782,1,1,0,0,1.0,0.6,False,,False
M064377,1,0,0,1,-1.0,0.4,False,,False
M064451,1,0,1,0,0.0,0.5,False,,False
M079350,1,0,1,0,0.0,0.5,False,,False
M078354,1,1,0,0,1.0,0.6,False,,False
M041861,1,1,0,0,1.0,0.6,False,,False
M052305,1,0,1,0,0.0,0.5,False,,False
M088960,1,1,0,0,1.0,0.6,False,,False
M034524,1,0,0,1,-1.0,0.4,False,,False
M072026,1,0,1,0,0.0,0.5,False,,False
M081638,1,0,0,1,-1.0,0.4,False,,False
M014363,1,1,0,0,1.0,0.6,False,,False
M015421,1,1,0,0,1.0,0.6,False,,False
M002182,1,1,0,0,1.0,0.6,False,,False
M005273,1,1,0,0,1.0,0.6,False,,False
M008467,1,1,0,0,1.0,0.6,False,,False
M045950,1,1,0,0,1.0,0.6,False,,False
M067071,1,0,1,0,0.0,0.5,False,,False
M061332,1,0,1,0,0.0,0.5,False,,False
M045110,1,0,0,1,-1.0,0.4,False,,False
M082542,1,0,1,0,0.0,0.5,False,,False
M038635,1,1,0,0,1.0,0.6,False,,False
M060875,1,0,1,0,0.0,0.5,False,,False
M047794,1,1,0,0,1.0,0.6,False,,False
M085597,1,0,1,0,0.0,0.5,False,,False
M057520,1,1,0,0,1.0,0.6,False,,False
M071946,1,0,1,0,0.0,0.5,False,,False
M004350,1,0,1,0,0.0,0.5,False,,False
M055606,1,1,0,0,1.0,0.6,False,,False
M061799,1,0,1,0,0.0,0.5,False,,False
M051385,1,0,0,1,-1.0,0.4,False,,False
M089329,1,1,0,0,1.0,0.6,False,,False
M020690,2,0,2,0,0.0,0.5,False,,False
M024585,1,1,0,0,1.0,0.6,False,,False
M011205,1,0,1,0,0.0,0.5,False,,False
M071911,1,1,0,0,1.0,0.6,False,,False
M016650,1,1,0,0,1.0,0.6,False,,False
M022502,3,3,0,0,1.0,0.7999999999999999,False,,False
M014383,3,3,0,0,1.0,0.7999999999999999,False,,False
M052001,3,0,3,0,0.0,0.5,False,,False
M037993,2,0,0,2,-1.0,0.30000000000000004,False,,True
M100398,1,1,0,0,1.0,0.6,False,,False
M027990,1,1,0,0,1.0,0.6,False,,False
M080130,1,0,1,0,0.0,0.5,False,,False
M054764,1,1,0,0,1.0,0.6,False,,False
M081484,1,0,1,0,0.0,0.5,False,,False
M006573,1,1,0,0,1.0,0.6,False,,False
M027319,1,1,0,0,1.0,0.6,False,,False
M012037,1,1,0,0,1.0,0.6,False,,False
M007774,1,0,1,0,0.0,0.5,False,,False
M005095,1,0,0,1,-1.0,0.4,False,,False
M007010,1,0,1,0,0.0,0.5,False,,False
M017896,1,1,0,0,1.0,0.6,False,,False
M010963,1,1,0,0,1.0,0.6,False,,False
M014614,1,1,0,0,1.0,0.6,False,,False
M012345,1,1,0,0,1.0,0.6,False,,False
M041719,1,0,1,0,0.0,0.5,False,,False
M073506,1,1,0,0,1.0,0.6,False,,False
M043452,1,0,0,1,-1.0,0.4,False,,False
M065705,1,0,1,0,0.0,0.5,False,,False
M075276,1,0,1,0,0.0,0.5,False,,False
M075213,1,1,0,0,1.0,0.6,False,,False
M068210,1,1,0,0,1.0,0.6,False,,False
M020056,1,1,0,0,1.0,0.6,False,,False
M073504,1,0,1,0,0.0,0.5,False,,False
M013131,1,0,1,0,0.0,0.5,False,,False
M007048,1,1,0,0,1.0,0.6,False,,False
M095324,1,1,0,0,1.0,0.6,False,,False
M056814,1,1,0,0,1.0,0.6,False,,False
M027617,1,1,0,0,1.0,0.6,False,,False
M084898,1,0,1,0,0.0,0.5,False,,False
M020206,1,1,0,0,1.0,0.6,False,,False
M072896,1,1,0,0,1.0,0.6,False,,False
M097054,1,1,0,0,1.0,0.6,False,,False
M008918,1,1,0,0,1.0,0.6,False,,False
M097840,1,1,0,0,1.0,0.6,False,,False
M024535,1,1,0,0,1.0,0.6,False,,False
M015862,1,1,0,0,1.0,0.6,False,,False
M047142,2,2,0,0,1.0,0.7,False,,False
M058413,1,1,0,0,1.0,0.6,False,,False
M096520,1,1,0,0,1.0,0.6,False,,False
M082073,1,0,0,1,-1.0,0.4,False,,False
M036551,1,0,1,0,0.0,0.5,False,,False
M065503,1,1,0,0,1.0,0.6,False,,False
M075866,1,1,0,0,1.0,0.6,False,,False
M044854,1,1,0,0,1.0,0.6,False,,False
M082809,1,1,0,0,1.0,0.6,False,,False
M059740,1,1,0,0,1.0,0.6,False,,False
M057817,1,0,1,0,0.0,0.5,False,,False
M061903,1,0,1,0,0.0,0.5,False,,False
M006779,1,1,0,0,1.0,0.6,False,,False
M029991,1,1,0,0,1.0,0.6,False,,False
M098848,1,0,0,1,-1.0,0.4,False,,False
M083319,1,0,0,1,-1.0,0.4,False,,False
M009632,1,0,1,0,0.0,0.5,False,,False
M024034,1,0,1,0,0.0,0.5,False,,False
M010131,1,1,0,0,1.0,0.6,False,,False
M079232,2,2,0,0,1.0,0.7,False,,False
M073285,2,2,0,0,1.0,0.7,False,,False
M071465,1,1,0,0,1.0,0.6,False,,False
M045875,2,2,0,0,1.0,0.7,False,,False
M009017,1,1,0,0,1.0,0.6,False,,False
M083094,2,2,0,0,1.0,0.7,False,,False
M029510,1,1,0,0,1.0,0.6,False,,False
M002743,1,0,1,0,0.0,0.5,False,,False
M036650,2,2,0,0,1.0,0.7,False,,False
M098625,1,0,0,1,-1.0,0.4,False,,False
M056911,2,0,2,0,0.0,0.5,False,,False
M072215,1,1,0,0,1.0,0.6,False,,False
M067327,1,0,1,0,0.0,0.5,False,,False
M094961,1,1,0,0,1.0,0.6,False,,False
M009608,1,0,1,0,0.0,0.5,False,,False
M093281,1,1,0,0,1.0,0.6,False,,False
M085242,1,0,1,0,0.0,0.5,False,,False
M098819,1,0,1,0,0.0,0.5,False,,False
M040210,1,0,0,1,-1.0,0.4,False,,False
M069808,1,1,0,0,1.0,0.6,False,,False
M086431,1,0,1,0,0.0,0.5,False,,False
M065422,1,1,0,0,1.0,0.6,False,,False
M062491,1,0,1,0,0.0,0.5,False,,False
M083683,3,0,0,3,-1.0,0.20000000000000004,True,retrieval_count=3>=N_MIN=3 and average_utility=-1.0000<=BETA=-0.2,True
M063891,1,1,0,0,1.0,0.6,False,,False
M092071,1,1,0,0,1.0,0.6,False,,False
M091145,1,0,1,0,0.0,0.5,False,,False
M089934,1,1,0,0,1.0,0.6,False,,False
M059748,1,1,0,0,1.0,0.6,False,,False
M072868,1,1,0,0,1.0,0.6,False,,False
M023156,1,1,0,0,1.0,0.6,False,,False
M034658,2,0,2,0,0.0,0.5,False,,False
M098706,1,1,0,0,1.0,0.6,False,,False
M047711,1,1,0,0,1.0,0.6,False,,False
M091480,1,1,0,0,1.0,0.6,False,,False
M091048,1,1,0,0,1.0,0.6,False,,False
M044919,1,1,0,0,1.0,0.6,False,,False
M099698,1,1,0,0,1.0,0.6,False,,False
M080158,1,1,0,0,1.0,0.6,False,,False
M016460,1,1,0,0,1.0,0.6,False,,False
M054243,1,0,0,1,-1.0,0.4,False,,False
M031256,1,0,1,0,0.0,0.5,False,,False
M080598,1,0,1,0,0.0,0.5,False,,False
M089613,1,1,0,0,1.0,0.6,False,,False
M055238,1,0,0,1,-1.0,0.4,False,,False
M074710,1,1,0,0,1.0,0.6,False,,False
M064696,1,1,0,0,1.0,0.6,False,,False
M005277,1,1,0,0,1.0,0.6,False,,False
M049019,1,1,0,0,1.0,0.6,False,,False
M049799,1,0,1,0,0.0,0.5,False,,False
M042298,1,1,0,0,1.0,0.6,False,,False
M094517,1,1,0,0,1.0,0.6,False,,False
M043568,1,0,1,0,0.0,0.5,False,,False
M082879,1,1,0,0,1.0,0.6,False,,False
M046848,1,0,0,1,-1.0,0.4,False,,False
M057226,1,1,0,0,1.0,0.6,False,,False
M063796,1,1,0,0,1.0,0.6,False,,False
M079649,1,0,1,0,0.0,0.5,False,,False
M068483,1,0,1,0,0.0,0.5,False,,False
M019854,2,2,0,0,1.0,0.7,False,,False
M063407,1,1,0,0,1.0,0.6,False,,False
M097660,2,2,0,0,1.0,0.7,False,,False
M078164,2,2,0,0,1.0,0.7,False,,False
M101016,1,0,1,0,0.0,0.5,False,,False
M089658,1,1,0,0,1.0,0.6,False,,False
M072757,1,1,0,0,1.0,0.6,False,,False
M071678,1,1,0,0,1.0,0.6,False,,False
M036565,2,2,0,0,1.0,0.7,False,,False
M018089,2,0,2,0,0.0,0.5,False,,False
M096069,1,1,0,0,1.0,0.6,False,,False
M101673,1,1,0,0,1.0,0.6,False,,False
M089465,1,0,1,0,0.0,0.5,False,,False
M079270,1,1,0,0,1.0,0.6,False,,False
M099318,1,0,1,0,0.0,0.5,False,,False
M024084,2,0,0,2,-1.0,0.30000000000000004,False,,True
M089898,1,1,0,0,1.0,0.6,False,,False
M080649,1,0,0,1,-1.0,0.4,False,,False
M061104,1,0,1,0,0.0,0.5,False,,False
M037273,1,0,1,0,0.0,0.5,False,,False
M067920,1,0,1,0,0.0,0.5,False,,False
M074721,1,0,1,0,0.0,0.5,False,,False
M045596,1,0,1,0,0.0,0.5,False,,False
M090715,1,0,0,1,-1.0,0.4,False,,False
M051669,2,2,0,0,1.0,0.7,False,,False
M035613,1,1,0,0,1.0,0.6,False,,False
M017296,2,0,2,0,0.0,0.5,False,,False
M003110,1,0,0,1,-1.0,0.4,False,,False
M072744,2,2,0,0,1.0,0.7,False,,False
M074922,2,0,2,0,0.0,0.5,False,,False
M041798,1,1,0,0,1.0,0.6,False,,False
M083826,1,0,0,1,-1.0,0.4,False,,False
M099515,1,1,0,0,1.0,0.6,False,,False
M052532,1,0,1,0,0.0,0.5,False,,False
M097895,1,1,0,0,1.0,0.6,False,,False
M085918,1,1,0,0,1.0,0.6,False,,False
M004302,1,0,1,0,0.0,0.5,False,,False
M023857,1,0,1,0,0.0,0.5,False,,False
M058118,1,0,0,1,-1.0,0.4,False,,False
M056275,1,1,0,0,1.0,0.6,False,,False
M092800,1,1,0,0,1.0,0.6,False,,False
M099837,1,0,1,0,0.0,0.5,False,,False
M047644,1,0,1,0,0.0,0.5,False,,False
M091348,1,1,0,0,1.0,0.6,False,,False
M030433,1,1,0,0,1.0,0.6,False,,False
M046492,2,2,0,0,1.0,0.7,False,,False
M032001,1,0,1,0,0.0,0.5,False,,False
M007490,1,0,1,0,0.0,0.5,False,,False
M035279,1,0,1,0,0.0,0.5,False,,False
M024120,1,0,1,0,0.0,0.5,False,,False
M061791,1,0,1,0,0.0,0.5,False,,False
M020269,1,0,1,0,0.0,0.5,False,,False
M038696,1,0,1,0,0.0,0.5,False,,False
M032964,1,1,0,0,1.0,0.6,False,,False
M019309,1,1,0,0,1.0,0.6,False,,False
M029037,1,1,0,0,1.0,0.6,False,,False
M035190,1,1,0,0,1.0,0.6,False,,False
M033742,1,0,0,1,-1.0,0.4,False,,False
M020352,2,0,2,0,0.0,0.5,False,,False
M096938,1,1,0,0,1.0,0.6,False,,False
M037686,1,0,0,1,-1.0,0.4,False,,False
M011392,1,1,0,0,1.0,0.6,False,,False
M014252,1,0,1,0,0.0,0.5,False,,False
M063840,1,0,1,0,0.0,0.5,False,,False
M080648,1,1,0,0,1.0,0.6,False,,False
M091512,2,2,0,0,1.0,0.7,False,,False
M082496,1,1,0,0,1.0,0.6,False,,False
M044502,1,1,0,0,1.0,0.6,False,,False
M002281,1,0,0,1,-1.0,0.4,False,,False
M097738,1,1,0,0,1.0,0.6,False,,False
M030365,2,0,2,0,0.0,0.5,False,,False
M000895,1,1,0,0,1.0,0.6,False,,False
M058768,1,1,0,0,1.0,0.6,False,,False
M075901,1,0,0,1,-1.0,0.4,False,,False
M078348,1,1,0,0,1.0,0.6,False,,False
M093963,2,2,0,0,1.0,0.7,False,,False
M087582,1,0,0,1,-1.0,0.4,False,,False
M084223,1,1,0,0,1.0,0.6,False,,False
M023104,1,1,0,0,1.0,0.6,False,,False
M022060,1,0,1,0,0.0,0.5,False,,False
M096384,1,0,1,0,0.0,0.5,False,,False
M041044,1,1,0,0,1.0,0.6,False,,False
M033964,1,0,0,1,-1.0,0.4,False,,False
M013810,1,1,0,0,1.0,0.6,False,,False
M031995,1,0,1,0,0.0,0.5,False,,False
M027837,1,0,1,0,0.0,0.5,False,,False
M050769,1,1,0,0,1.0,0.6,False,,False
M065346,1,0,1,0,0.0,0.5,False,,False
M049423,1,0,0,1,-1.0,0.4,False,,False
M058690,1,1,0,0,1.0,0.6,False,,False
M068060,1,1,0,0,1.0,0.6,False,,False
M046465,1,0,1,0,0.0,0.5,False,,False
M071130,2,2,0,0,1.0,0.7,False,,False
M004545,1,0,1,0,0.0,0.5,False,,False
M048745,1,1,0,0,1.0,0.6,False,,False
M050761,1,1,0,0,1.0,0.6,False,,False
M101210,1,0,0,1,-1.0,0.4,False,,False
M014601,1,1,0,0,1.0,0.6,False,,False
M055144,1,0,1,0,0.0,0.5,False,,False
M032609,1,1,0,0,1.0,0.6,False,,False
M015981,1,0,1,0,0.0,0.5,False,,False
M001511,1,0,0,1,-1.0,0.4,False,,False
M021268,1,1,0,0,1.0,0.6,False,,False
M001771,2,0,2,0,0.0,0.5,False,,False
M037482,1,0,1,0,0.0,0.5,False,,False
M025565,1,1,0,0,1.0,0.6,False,,False
M011473,1,1,0,0,1.0,0.6,False,,False
M068585,1,0,1,0,0.0,0.5,False,,False
M010781,1,1,0,0,1.0,0.6,False,,False
M026916,1,1,0,0,1.0,0.6,False,,False
M073271,1,1,0,0,1.0,0.6,False,,False
M004839,2,2,0,0,1.0,0.7,False,,False
M041000,1,1,0,0,1.0,0.6,False,,False
M038312,1,0,0,1,-1.0,0.4,False,,False
M097147,1,1,0,0,1.0,0.6,False,,False
M094440,1,1,0,0,1.0,0.6,False,,False
M055219,1,0,1,0,0.0,0.5,False,,False
M029428,1,0,1,0,0.0,0.5,False,,False
M049991,1,0,0,1,-1.0,0.4,False,,False
M055856,1,0,1,0,0.0,0.5,False,,False
M048460,1,0,1,0,0.0,0.5,False,,False
M037437,1,1,0,0,1.0,0.6,False,,False
M061058,1,1,0,0,1.0,0.6,False,,False
M059473,2,2,0,0,1.0,0.7,False,,False
M083026,2,0,0,2,-1.0,0.30000000000000004,False,,True
M063808,2,0,2,0,0.0,0.5,False,,False
M025844,2,0,2,0,0.0,0.5,False,,False
M080009,2,0,0,2,-1.0,0.30000000000000004,False,,True
M043584,1,0,1,0,0.0,0.5,False,,False
M059123,1,0,1,0,0.0,0.5,False,,False
M087792,1,0,0,1,-1.0,0.4,False,,False
M072649,1,1,0,0,1.0,0.6,False,,False
M089723,1,1,0,0,1.0,0.6,False,,False
M016526,1,0,0,1,-1.0,0.4,False,,False
M008316,2,0,2,0,0.0,0.5,False,,False
M014227,2,2,0,0,1.0,0.7,False,,False
M007088,1,1,0,0,1.0,0.6,False,,False
M027546,1,0,1,0,0.0,0.5,False,,False
M040015,1,1,0,0,1.0,0.6,False,,False
M070346,1,0,0,1,-1.0,0.4,False,,False
M072996,1,1,0,0,1.0,0.6,False,,False
M067783,1,1,0,0,1.0,0.6,False,,False
M070619,1,1,0,0,1.0,0.6,False,,False
M016405,1,1,0,0,1.0,0.6,False,,False
M097963,1,1,0,0,1.0,0.6,False,,False
M056306,1,1,0,0,1.0,0.6,False,,False
M043976,1,1,0,0,1.0,0.6,False,,False
M013716,1,1,0,0,1.0,0.6,False,,False
M039980,2,2,0,0,1.0,0.7,False,,False
M046513,1,0,0,1,-1.0,0.4,False,,False
M073382,2,2,0,0,1.0,0.7,False,,False
M040037,1,1,0,0,1.0,0.6,False,,False
M038194,2,0,2,0,0.0,0.5,False,,False
M066453,1,0,1,0,0.0,0.5,False,,False
M065902,1,1,0,0,1.0,0.6,False,,False
M068492,1,0,1,0,0.0,0.5,False,,False
M081326,1,1,0,0,1.0,0.6,False,,False
M082402,2,2,0,0,1.0,0.7,False,,False
M086545,1,1,0,0,1.0,0.6,False,,False
M014311,1,1,0,0,1.0,0.6,False,,False
M008478,1,0,1,0,0.0,0.5,False,,False
M076352,1,1,0,0,1.0,0.6,False,,False
M097081,1,1,0,0,1.0,0.6,False,,False
M095117,1,1,0,0,1.0,0.6,False,,False
M070477,1,0,1,0,0.0,0.5,False,,False
M089327,1,0,1,0,0.0,0.5,False,,False
M004256,1,0,1,0,0.0,0.5,False,,False
M049686,1,1,0,0,1.0,0.6,False,,False
M018060,1,1,0,0,1.0,0.6,False,,False
M073871,1,1,0,0,1.0,0.6,False,,False
M091750,1,1,0,0,1.0,0.6,False,,False
M005305,2,2,0,0,1.0,0.7,False,,False
M100069,2,0,0,2,-1.0,0.30000000000000004,False,,True
M076643,1,1,0,0,1.0,0.6,False,,False
M077776,1,1,0,0,1.0,0.6,False,,False
M071435,1,1,0,0,1.0,0.6,False,,False
M068463,1,1,0,0,1.0,0.6,False,,False
M040879,1,0,1,0,0.0,0.5,False,,False
M064115,1,0,1,0,0.0,0.5,False,,False
M016585,1,1,0,0,1.0,0.6,False,,False
M084335,2,2,0,0,1.0,0.7,False,,False
M031265,2,0,2,0,0.0,0.5,False,,False
M031059,2,2,0,0,1.0,0.7,False,,False
M066811,1,1,0,0,1.0,0.6,False,,False
M023502,1,0,0,1,-1.0,0.4,False,,False
M090242,1,1,0,0,1.0,0.6,False,,False
M043405,2,0,2,0,0.0,0.5,False,,False
M048117,2,2,0,0,1.0,0.7,False,,False
M069451,1,0,1,0,0.0,0.5,False,,False
M076615,1,0,1,0,0.0,0.5,False,,False
M061910,1,0,0,1,-1.0,0.4,False,,False
M007388,1,1,0,0,1.0,0.6,False,,False
M086024,1,1,0,0,1.0,0.6,False,,False
M014462,1,1,0,0,1.0,0.6,False,,False
M011696,1,1,0,0,1.0,0.6,False,,False
M036275,1,0,0,1,-1.0,0.4,False,,False
M050428,1,0,1,0,0.0,0.5,False,,False
M073882,1,1,0,0,1.0,0.6,False,,False
M065558,1,1,0,0,1.0,0.6,False,,False
M099586,2,0,2,0,0.0,0.5,False,,False
M022755,1,1,0,0,1.0,0.6,False,,False
M095658,1,1,0,0,1.0,0.6,False,,False
M010752,2,2,0,0,1.0,0.7,False,,False
M016135,1,1,0,0,1.0,0.6,False,,False
M025930,1,0,0,1,-1.0,0.4,False,,False
M044550,1,0,0,1,-1.0,0.4,False,,False
M086081,1,1,0,0,1.0,0.6,False,,False
M098740,1,0,0,1,-1.0,0.4,False,,False
M059945,1,1,0,0,1.0,0.6,False,,False
M046622,1,0,1,0,0.0,0.5,False,,False
M010902,1,1,0,0,1.0,0.6,False,,False
M032267,1,0,1,0,0.0,0.5,False,,False
M024158,1,1,0,0,1.0,0.6,False,,False
M099487,1,0,0,1,-1.0,0.4,False,,False
M082458,1,0,1,0,0.0,0.5,False,,False
M085082,1,0,1,0,0.0,0.5,False,,False
M075706,1,1,0,0,1.0,0.6,False,,False
M042830,1,0,1,0,0.0,0.5,False,,False
M048619,1,0,1,0,0.0,0.5,False,,False
M074181,1,0,1,0,0.0,0.5,False,,False
M044914,1,0,1,0,0.0,0.5,False,,False
M043912,1,1,0,0,1.0,0.6,False,,False
M052006,1,1,0,0,1.0,0.6,False,,False
M087758,1,0,1,0,0.0,0.5,False,,False
M080857,1,1,0,0,1.0,0.6,False,,False
M010798,1,0,1,0,0.0,0.5,False,,False
M022851,1,1,0,0,1.0,0.6,False,,False
M010021,1,0,0,1,-1.0,0.4,False,,False
M008854,1,1,0,0,1.0,0.6,False,,False
M010319,1,0,1,0,0.0,0.5,False,,False
M075552,1,0,1,0,0.0,0.5,False,,False
M100750,1,1,0,0,1.0,0.6,False,,False
M094473,1,0,1,0,0.0,0.5,False,,False
M095626,1,0,0,1,-1.0,0.4,False,,False
M007539,1,0,0,1,-1.0,0.4,False,,False
M019514,1,0,0,1,-1.0,0.4,False,,False
M006143,1,0,0,1,-1.0,0.4,False,,False
M025849,1,1,0,0,1.0,0.6,False,,False
M007054,1,0,1,0,0.0,0.5,False,,False
M089969,1,1,0,0,1.0,0.6,False,,False
M018092,1,1,0,0,1.0,0.6,False,,False
M071665,1,0,0,1,-1.0,0.4,False,,False
M061592,1,1,0,0,1.0,0.6,False,,False
M007301,1,1,0,0,1.0,0.6,False,,False
M036437,1,1,0,0,1.0,0.6,False,,False
M017552,1,1,0,0,1.0,0.6,False,,False
M095135,1,1,0,0,1.0,0.6,False,,False
M035598,1,1,0,0,1.0,0.6,False,,False
M030931,1,1,0,0,1.0,0.6,False,,False
M077279,1,0,1,0,0.0,0.5,False,,False
M032161,1,0,1,0,0.0,0.5,False,,False
M093088,1,1,0,0,1.0,0.6,False,,False
M027700,1,1,0,0,1.0,0.6,False,,False
M076691,1,1,0,0,1.0,0.6,False,,False
M019677,1,1,0,0,1.0,0.6,False,,False
M054754,1,0,1,0,0.0,0.5,False,,False
M075287,1,0,1,0,0.0,0.5,False,,False
M015583,2,0,0,2,-1.0,0.30000000000000004,False,,True
M003113,2,0,2,0,0.0,0.5,False,,False
M030598,1,0,1,0,0.0,0.5,False,,False
M011772,2,0,2,0,0.0,0.5,False,,False
M073403,2,0,0,2,-1.0,0.30000000000000004,False,,True
M098042,1,1,0,0,1.0,0.6,False,,False
M018710,1,1,0,0,1.0,0.6,False,,False
M079355,2,2,0,0,1.0,0.7,False,,False
M086990,1,1,0,0,1.0,0.6,False,,False
M078866,1,1,0,0,1.0,0.6,False,,False
M089404,1,1,0,0,1.0,0.6,False,,False
M080839,1,1,0,0,1.0,0.6,False,,False
M012780,1,1,0,0,1.0,0.6,False,,False
M072173,1,1,0,0,1.0,0.6,False,,False
M077260,1,1,0,0,1.0,0.6,False,,False
M048082,1,0,1,0,0.0,0.5,False,,False
M036096,1,1,0,0,1.0,0.6,False,,False
M080634,1,1,0,0,1.0,0.6,False,,False
M068824,1,1,0,0,1.0,0.6,False,,False
M070067,1,0,1,0,0.0,0.5,False,,False
M069172,1,0,0,1,-1.0,0.4,False,,False
M083340,2,0,2,0,0.0,0.5,False,,False
M080854,1,0,1,0,0.0,0.5,False,,False
M061517,1,0,0,1,-1.0,0.4,False,,False
M038374,1,0,1,0,0.0,0.5,False,,False
M072146,1,0,1,0,0.0,0.5,False,,False
M088745,1,1,0,0,1.0,0.6,False,,False
M044118,1,0,1,0,0.0,0.5,False,,False
M024478,2,0,2,0,0.0,0.5,False,,False
M083291,1,1,0,0,1.0,0.6,False,,False
M099425,1,1,0,0,1.0,0.6,False,,False
M020936,1,1,0,0,1.0,0.6,False,,False
M020592,1,1,0,0,1.0,0.6,False,,False
M081887,1,1,0,0,1.0,0.6,False,,False
M043110,1,0,1,0,0.0,0.5,False,,False
M091633,1,1,0,0,1.0,0.6,False,,False
M075265,1,1,0,0,1.0,0.6,False,,False
M093687,2,2,0,0,1.0,0.7,False,,False
M086646,1,1,0,0,1.0,0.6,False,,False
M059643,1,0,1,0,0.0,0.5,False,,False
M086487,1,0,1,0,0.0,0.5,False,,False
M066990,1,0,1,0,0.0,0.5,False,,False
M082080,1,0,1,0,0.0,0.5,False,,False
M020260,1,0,0,1,-1.0,0.4,False,,False
M079883,1,0,1,0,0.0,0.5,False,,False
M009454,1,0,0,1,-1.0,0.4,False,,False
M041492,1,1,0,0,1.0,0.6,False,,False
M006599,2,0,2,0,0.0,0.5,False,,False
M091853,1,0,1,0,0.0,0.5,False,,False
M091087,2,2,0,0,1.0,0.7,False,,False
M092244,1,1,0,0,1.0,0.6,False,,False
M066433,1,0,1,0,0.0,0.5,False,,False
M087640,2,0,0,2,-1.0,0.30000000000000004,False,,True
M006066,1,1,0,0,1.0,0.6,False,,False
M017535,1,0,1,0,0.0,0.5,False,,False
M075590,1,1,0,0,1.0,0.6,False,,False
M013219,1,1,0,0,1.0,0.6,False,,False
M019472,1,1,0,0,1.0,0.6,False,,False
M060672,1,1,0,0,1.0,0.6,False,,False
M054381,1,1,0,0,1.0,0.6,False,,False
M037782,1,0,0,1,-1.0,0.4,False,,False
M080574,1,0,1,0,0.0,0.5,False,,False
M072228,1,0,1,0,0.0,0.5,False,,False
M049827,1,0,1,0,0.0,0.5,False,,False
M071822,1,0,1,0,0.0,0.5,False,,False
M035480,2,0,0,2,-1.0,0.30000000000000004,False,,True
M005410,1,1,0,0,1.0,0.6,False,,False
M008985,1,1,0,0,1.0,0.6,False,,False
M002348,1,1,0,0,1.0,0.6,False,,False
M004143,1,0,1,0,0.0,0.5,False,,False
M002406,1,1,0,0,1.0,0.6,False,,False
M038301,2,2,0,0,1.0,0.7,False,,False
M046820,1,0,0,1,-1.0,0.4,False,,False
M009537,1,1,0,0,1.0,0.6,False,,False
M076534,1,1,0,0,1.0,0.6,False,,False
M012571,2,2,0,0,1.0,0.7,False,,False
M081167,1,1,0,0,1.0,0.6,False,,False
M086267,1,1,0,0,1.0,0.6,False,,False
M006182,1,0,1,0,0.0,0.5,False,,False
M041767,1,1,0,0,1.0,0.6,False,,False
M060572,1,1,0,0,1.0,0.6,False,,False
M100197,1,0,1,0,0.0,0.5,False,,False
M080475,1,1,0,0,1.0,0.6,False,,False
M022856,1,0,0,1,-1.0,0.4,False,,False
M076840,1,1,0,0,1.0,0.6,False,,False
M051417,1,1,0,0,1.0,0.6,False,,False
M028091,1,1,0,0,1.0,0.6,False,,False
M001886,1,1,0,0,1.0,0.6,False,,False
M072869,1,1,0,0,1.0,0.6,False,,False
M022745,1,1,0,0,1.0,0.6,False,,False
M017057,1,0,1,0,0.0,0.5,False,,False
M023307,1,0,1,0,0.0,0.5,False,,False
M031249,1,1,0,0,1.0,0.6,False,,False
M053229,1,0,0,1,-1.0,0.4,False,,False
M035979,1,0,1,0,0.0,0.5,False,,False
M041932,1,0,1,0,0.0,0.5,False,,False
M015442,1,0,0,1,-1.0,0.4,False,,False
M100599,1,1,0,0,1.0,0.6,False,,False
M071156,2,2,0,0,1.0,0.7,False,,False
M082247,3,0,0,3,-1.0,0.20000000000000004,True,retrieval_count=3>=N_MIN=3 and average_utility=-1.0000<=BETA=-0.2,True
M004221,2,0,2,0,0.0,0.5,False,,False
M068552,1,1,0,0,1.0,0.6,False,,False
M095486,1,0,1,0,0.0,0.5,False,,False
M038705,1,1,0,0,1.0,0.6,False,,False
M046095,1,0,1,0,0.0,0.5,False,,False
M081705,1,0,1,0,0.0,0.5,False,,False
M041081,1,0,0,1,-1.0,0.4,False,,False
M044983,1,1,0,0,1.0,0.6,False,,False
M074127,1,0,0,1,-1.0,0.4,False,,False
M036911,1,0,0,1,-1.0,0.4,False,,False
M092705,1,1,0,0,1.0,0.6,False,,False
M037755,1,0,1,0,0.0,0.5,False,,False
M071525,1,1,0,0,1.0,0.6,False,,False
M040038,1,0,1,0,0.0,0.5,False,,False
M041323,1,0,1,0,0.0,0.5,False,,False
M071013,1,0,0,1,-1.0,0.4,False,,False
M011961,1,0,1,0,0.0,0.5,False,,False
M002637,1,0,1,0,0.0,0.5,False,,False
M094722,2,2,0,0,1.0,0.7,False,,False
M080132,1,0,1,0,0.0,0.5,False,,False
M076696,1,1,0,0,1.0,0.6,False,,False
M074675,1,0,1,0,0.0,0.5,False,,False
M015339,1,1,0,0,1.0,0.6,False,,False
M046670,1,1,0,0,1.0,0.6,False,,False
M046299,1,0,1,0,0.0,0.5,False,,False
M046910,1,1,0,0,1.0,0.6,False,,False
M042157,1,1,0,0,1.0,0.6,False,,False
M071974,1,0,1,0,0.0,0.5,False,,False
M073286,1,0,0,1,-1.0,0.4,False,,False
M068984,1,1,0,0,1.0,0.6,False,,False
M014709,1,1,0,0,1.0,0.6,False,,False
M074643,1,1,0,0,1.0,0.6,False,,False
M053024,1,1,0,0,1.0,0.6,False,,False
M049135,2,0,2,0,0.0,0.5,False,,False
M045304,1,1,0,0,1.0,0.6,False,,False
M047870,1,1,0,0,1.0,0.6,False,,False
M055692,2,0,2,0,0.0,0.5,False,,False
M047144,2,0,2,0,0.0,0.5,False,,False
M066393,1,1,0,0,1.0,0.6,False,,False
M095016,2,2,0,0,1.0,0.7,False,,False
M054676,1,1,0,0,1.0,0.6,False,,False
M008078,1,0,1,0,0.0,0.5,False,,False
M091699,1,1,0,0,1.0,0.6,False,,False
M059913,1,0,1,0,0.0,0.5,False,,False
M087435,1,1,0,0,1.0,0.6,False,,False
M069782,1,0,1,0,0.0,0.5,False,,False
M099291,1,1,0,0,1.0,0.6,False,,False
M089085,1,1,0,0,1.0,0.6,False,,False
M000972,1,0,0,1,-1.0,0.4,False,,False
M024822,1,1,0,0,1.0,0.6,False,,False
M096312,2,0,2,0,0.0,0.5,False,,False
M099176,1,1,0,0,1.0,0.6,False,,False
M049167,1,1,0,0,1.0,0.6,False,,False
M077958,1,1,0,0,1.0,0.6,False,,False
M096807,2,2,0,0,1.0,0.7,False,,False
M079259,1,0,1,0,0.0,0.5,False,,False
M055240,2,0,0,2,-1.0,0.30000000000000004,False,,True
M040657,1,1,0,0,1.0,0.6,False,,False
M027019,1,0,1,0,0.0,0.5,False,,False
M072549,1,0,1,0,0.0,0.5,False,,False
M058998,1,0,1,0,0.0,0.5,False,,False
M012025,1,1,0,0,1.0,0.6,False,,False
M043960,1,1,0,0,1.0,0.6,False,,False
M072499,1,1,0,0,1.0,0.6,False,,False
M010544,1,1,0,0,1.0,0.6,False,,False
M018850,1,1,0,0,1.0,0.6,False,,False
M094926,1,0,1,0,0.0,0.5,False,,False
M027435,1,1,0,0,1.0,0.6,False,,False
M013928,1,1,0,0,1.0,0.6,False,,False
M011456,1,0,1,0,0.0,0.5,False,,False
M077344,1,0,1,0,0.0,0.5,False,,False
M013161,1,0,1,0,0.0,0.5,False,,False
M060031,2,0,2,0,0.0,0.5,False,,False
M073190,1,1,0,0,1.0,0.6,False,,False
M097218,1,0,0,1,-1.0,0.4,False,,False
M069132,1,0,1,0,0.0,0.5,False,,False
M099979,1,0,1,0,0.0,0.5,False,,False
M072112,1,0,1,0,0.0,0.5,False,,False
M087736,1,1,0,0,1.0,0.6,False,,False
M043201,2,0,2,0,0.0,0.5,False,,False
M086364,1,1,0,0,1.0,0.6,False,,False
M061037,1,1,0,0,1.0,0.6,False,,False
M091426,2,2,0,0,1.0,0.7,False,,False
M051496,1,0,0,1,-1.0,0.4,False,,False
M063540,2,0,2,0,0.0,0.5,False,,False
M044415,1,1,0,0,1.0,0.6,False,,False
M073051,1,0,1,0,0.0,0.5,False,,False
M085765,2,0,2,0,0.0,0.5,False,,False
M016850,1,1,0,0,1.0,0.6,False,,False
M024718,1,0,1,0,0.0,0.5,False,,False
M011479,1,1,0,0,1.0,0.6,False,,False
M060060,1,0,1,0,0.0,0.5,False,,False
M035142,1,0,1,0,0.0,0.5,False,,False
M026861,1,1,0,0,1.0,0.6,False,,False
M039799,2,2,0,0,1.0,0.7,False,,False
M039020,1,1,0,0,1.0,0.6,False,,False
M018301,1,1,0,0,1.0,0.6,False,,False
M028754,1,0,1,0,0.0,0.5,False,,False
M072462,1,1,0,0,1.0,0.6,False,,False
M086402,1,0,0,1,-1.0,0.4,False,,False
M018557,1,0,0,1,-1.0,0.4,False,,False
M091625,1,0,1,0,0.0,0.5,False,,False
M074354,1,0,1,0,0.0,0.5,False,,False
M012296,2,2,0,0,1.0,0.7,False,,False
M001628,1,0,1,0,0.0,0.5,False,,False
M030631,1,1,0,0,1.0,0.6,False,,False
M032457,1,0,1,0,0.0,0.5,False,,False
M055422,1,0,1,0,0.0,0.5,False,,False
M100020,1,1,0,0,1.0,0.6,False,,False
M035935,2,0,2,0,0.0,0.5,False,,False
M070737,1,0,0,1,-1.0,0.4,False,,False
M070778,1,0,1,0,0.0,0.5,False,,False
M055231,1,1,0,0,1.0,0.6,False,,False
M007438,1,0,1,0,0.0,0.5,False,,False
M019201,1,1,0,0,1.0,0.6,False,,False
M021351,1,1,0,0,1.0,0.6,False,,False
M027199,1,1,0,0,1.0,0.6,False,,False
M080091,1,0,1,0,0.0,0.5,False,,False
M053730,1,0,1,0,0.0,0.5,False,,False
M087081,1,1,0,0,1.0,0.6,False,,False
M068296,1,0,1,0,0.0,0.5,False,,False
M100766,1,0,1,0,0.0,0.5,False,,False
M079721,1,0,1,0,0.0,0.5,False,,False
M021747,1,1,0,0,1.0,0.6,False,,False
M048641,1,0,1,0,0.0,0.5,False,,False
M098272,1,1,0,0,1.0,0.6,False,,False
M004355,1,1,0,0,1.0,0.6,False,,False
M100830,2,2,0,0,1.0,0.7,False,,False
M038365,1,0,1,0,0.0,0.5,False,,False
M064227,1,0,1,0,0.0,0.5,False,,False
M061448,1,1,0,0,1.0,0.6,False,,False
M065592,1,0,0,1,-1.0,0.4,False,,False
M062108,1,0,1,0,0.0,0.5,False,,False
M094064,1,1,0,0,1.0,0.6,False,,False
M071617,1,1,0,0,1.0,0.6,False,,False
M071669,1,0,1,0,0.0,0.5,False,,False
M045725,1,0,0,1,-1.0,0.4,False,,False
M044112,1,1,0,0,1.0,0.6,False,,False
M055745,1,1,0,0,1.0,0.6,False,,False
M081992,1,0,1,0,0.0,0.5,False,,False
M057552,1,0,1,0,0.0,0.5,False,,False
M052160,2,0,0,2,-1.0,0.30000000000000004,False,,True
M101244,1,1,0,0,1.0,0.6,False,,False
M093610,1,1,0,0,1.0,0.6,False,,False
M061472,1,1,0,0,1.0,0.6,False,,False
M058156,1,1,0,0,1.0,0.6,False,,False
M097940,1,0,1,0,0.0,0.5,False,,False
M031789,1,0,0,1,-1.0,0.4,False,,False
M085307,1,0,1,0,0.0,0.5,False,,False
M061504,1,1,0,0,1.0,0.6,False,,False
M029332,1,0,0,1,-1.0,0.4,False,,False
M098716,1,1,0,0,1.0,0.6,False,,False
M039486,1,1,0,0,1.0,0.6,False,,False
M041400,1,1,0,0,1.0,0.6,False,,False
M100914,1,1,0,0,1.0,0.6,False,,False
M092167,1,1,0,0,1.0,0.6,False,,False
M084490,1,0,1,0,0.0,0.5,False,,False
M089725,1,0,1,0,0.0,0.5,False,,False
M092400,1,0,0,1,-1.0,0.4,False,,False
M020182,1,1,0,0,1.0,0.6,False,,False
M022291,1,1,0,0,1.0,0.6,False,,False
M006432,1,0,0,1,-1.0,0.4,False,,False
M049069,1,1,0,0,1.0,0.6,False,,False
M009670,1,0,0,1,-1.0,0.4,False,,False
M013260,1,0,1,0,0.0,0.5,False,,False
M015901,1,0,1,0,0.0,0.5,False,,False
M026627,1,1,0,0,1.0,0.6,False,,False
M048868,1,1,0,0,1.0,0.6,False,,False
M075525,1,1,0,0,1.0,0.6,False,,False
M076188,1,0,1,0,0.0,0.5,False,,False
M049033,1,0,1,0,0.0,0.5,False,,False
M091288,1,1,0,0,1.0,0.6,False,,False
M061877,1,1,0,0,1.0,0.6,False,,False
M085598,1,0,1,0,0.0,0.5,False,,False
M099485,1,1,0,0,1.0,0.6,False,,False
M040808,1,1,0,0,1.0,0.6,False,,False
M036660,1,1,0,0,1.0,0.6,False,,False
M092298,1,1,0,0,1.0,0.6,False,,False
M047150,1,1,0,0,1.0,0.6,False,,False
M046447,1,0,1,0,0.0,0.5,False,,False
M029009,1,0,1,0,0.0,0.5,False,,False
M054163,1,1,0,0,1.0,0.6,False,,False
M041486,1,0,0,1,-1.0,0.4,False,,False
M093259,1,1,0,0,1.0,0.6,False,,False
M015717,2,0,0,2,-1.0,0.30000000000000004,False,,True
M036127,1,1,0,0,1.0,0.6,False,,False
M023835,1,0,0,1,-1.0,0.4,False,,False
M047068,2,0,2,0,0.0,0.5,False,,False
M039655,3,3,0,0,1.0,0.7999999999999999,False,,False
M026461,2,2,0,0,1.0,0.7,False,,False
M010734,1,1,0,0,1.0,0.6,False,,False
M054433,1,0,1,0,0.0,0.5,False,,False
M088900,2,0,2,0,0.0,0.5,False,,False
M092011,2,2,0,0,1.0,0.7,False,,False
M010228,1,1,0,0,1.0,0.6,False,,False
M009299,1,0,1,0,0.0,0.5,False,,False
M037842,1,1,0,0,1.0,0.6,False,,False
M008641,1,1,0,0,1.0,0.6,False,,False
M013933,2,2,0,0,1.0,0.7,False,,False
M018671,1,1,0,0,1.0,0.6,False,,False
M074070,1,1,0,0,1.0,0.6,False,,False
M084401,1,1,0,0,1.0,0.6,False,,False
M066972,1,1,0,0,1.0,0.6,False,,False
M014794,1,0,1,0,0.0,0.5,False,,False
M078523,1,1,0,0,1.0,0.6,False,,False
M039663,1,0,1,0,0.0,0.5,False,,False
M071927,1,0,1,0,0.0,0.5,False,,False
M050062,2,2,0,0,1.0,0.7,False,,False
M082369,3,0,3,0,0.0,0.5,False,,False
M037253,1,1,0,0,1.0,0.6,False,,False
M072574,1,0,0,1,-1.0,0.4,False,,False
M101593,1,1,0,0,1.0,0.6,False,,False
M094696,1,1,0,0,1.0,0.6,False,,False
M101603,1,1,0,0,1.0,0.6,False,,False
M032559,1,1,0,0,1.0,0.6,False,,False
M031996,1,1,0,0,1.0,0.6,False,,False
M030204,1,0,1,0,0.0,0.5,False,,False
M031957,1,0,1,0,0.0,0.5,False,,False
M026353,1,1,0,0,1.0,0.6,False,,False
M042739,2,0,2,0,0.0,0.5,False,,False
M100826,1,0,1,0,0.0,0.5,False,,False
M090417,1,1,0,0,1.0,0.6,False,,False
M025432,1,0,1,0,0.0,0.5,False,,False
M045041,1,0,1,0,0.0,0.5,False,,False
M075608,1,0,1,0,0.0,0.5,False,,False
M032632,1,1,0,0,1.0,0.6,False,,False
M088457,1,0,0,1,-1.0,0.4,False,,False
M059649,1,0,1,0,0.0,0.5,False,,False
M051429,1,1,0,0,1.0,0.6,False,,False
M077497,1,0,0,1,-1.0,0.4,False,,False
M061377,1,1,0,0,1.0,0.6,False,,False
M004708,1,1,0,0,1.0,0.6,False,,False
M019362,1,1,0,0,1.0,0.6,False,,False
M015805,1,1,0,0,1.0,0.6,False,,False
M013634,1,1,0,0,1.0,0.6,False,,False
M003766,1,1,0,0,1.0,0.6,False,,False
M003459,1,1,0,0,1.0,0.6,False,,False
M034481,1,1,0,0,1.0,0.6,False,,False
M019796,1,0,1,0,0.0,0.5,False,,False
M067623,1,0,1,0,0.0,0.5,False,,False
M099481,1,1,0,0,1.0,0.6,False,,False
M053601,1,1,0,0,1.0,0.6,False,,False
M060845,1,0,1,0,0.0,0.5,False,,False
M074446,1,0,0,1,-1.0,0.4,False,,False
M015780,2,2,0,0,1.0,0.7,False,,False
M095463,2,0,2,0,0.0,0.5,False,,False
M004421,1,0,0,1,-1.0,0.4,False,,False
M085826,1,1,0,0,1.0,0.6,False,,False
M023263,1,1,0,0,1.0,0.6,False,,False
M037231,1,0,0,1,-1.0,0.4,False,,False
M040647,1,0,0,1,-1.0,0.4,False,,False
M051870,1,0,0,1,-1.0,0.4,False,,False
M057341,1,0,0,1,-1.0,0.4,False,,False
M036710,1,0,1,0,0.0,0.5,False,,False
M077846,1,0,1,0,0.0,0.5,False,,False
M019069,1,0,0,1,-1.0,0.4,False,,False
M078735,1,1,0,0,1.0,0.6,False,,False
M088791,1,1,0,0,1.0,0.6,False,,False
M095821,2,2,0,0,1.0,0.7,False,,False
M061110,1,0,1,0,0.0,0.5,False,,False
M071972,1,0,1,0,0.0,0.5,False,,False
M047930,1,0,0,1,-1.0,0.4,False,,False
M055135,1,1,0,0,1.0,0.6,False,,False
M039426,2,0,2,0,0.0,0.5,False,,False
M061806,1,0,1,0,0.0,0.5,False,,False
M068024,2,0,2,0,0.0,0.5,False,,False
M083513,1,1,0,0,1.0,0.6,False,,False
M056268,1,1,0,0,1.0,0.6,False,,False
M024588,1,1,0,0,1.0,0.6,False,,False
M003594,1,1,0,0,1.0,0.6,False,,False
M030436,1,1,0,0,1.0,0.6,False,,False
M031312,1,1,0,0,1.0,0.6,False,,False
M052834,1,0,1,0,0.0,0.5,False,,False
M016379,1,0,0,1,-1.0,0.4,False,,False
M063154,1,1,0,0,1.0,0.6,False,,False
M018984,1,1,0,0,1.0,0.6,False,,False
M057764,1,0,1,0,0.0,0.5,False,,False
M021559,2,0,0,2,-1.0,0.30000000000000004,False,,True
M023430,1,0,1,0,0.0,0.5,False,,False
M006211,1,0,1,0,0.0,0.5,False,,False
M001100,2,2,0,0,1.0,0.7,False,,False
M062674,1,1,0,0,1.0,0.6,False,,False
M066708,1,1,0,0,1.0,0.6,False,,False
M058023,1,1,0,0,1.0,0.6,False,,False
M068965,1,1,0,0,1.0,0.6,False,,False
M059182,1,0,1,0,0.0,0.5,False,,False
M018699,1,1,0,0,1.0,0.6,False,,False
M003931,1,0,1,0,0.0,0.5,False,,False
M028929,1,1,0,0,1.0,0.6,False,,False
M005028,1,0,1,0,0.0,0.5,False,,False
M016082,1,1,0,0,1.0,0.6,False,,False
M098596,1,1,0,0,1.0,0.6,False,,False
M063837,1,0,1,0,0.0,0.5,False,,False
M006502,1,1,0,0,1.0,0.6,False,,False
M088364,1,0,1,0,0.0,0.5,False,,False
M007773,1,0,1,0,0.0,0.5,False,,False
M034723,1,1,0,0,1.0,0.6,False,,False
M029963,1,1,0,0,1.0,0.6,False,,False
M029784,1,1,0,0,1.0,0.6,False,,False
M027566,1,1,0,0,1.0,0.6,False,,False
M025885,1,1,0,0,1.0,0.6,False,,False
M096410,1,0,1,0,0.0,0.5,False,,False
M032720,1,0,1,0,0.0,0.5,False,,False
M050086,1,1,0,0,1.0,0.6,False,,False
M052064,1,0,1,0,0.0,0.5,False,,False
M038320,1,0,1,0,0.0,0.5,False,,False
M044775,2,0,0,2,-1.0,0.30000000000000004,False,,True
M095295,1,1,0,0,1.0,0.6,False,,False
M002331,1,0,1,0,0.0,0.5,False,,False
M097212,2,0,2,0,0.0,0.5,False,,False
M005317,1,1,0,0,1.0,0.6,False,,False
M087711,1,1,0,0,1.0,0.6,False,,False
M055583,1,0,1,0,0.0,0.5,False,,False
M101708,1,1,0,0,1.0,0.6,False,,False
M087655,1,1,0,0,1.0,0.6,False,,False
M013860,1,1,0,0,1.0,0.6,False,,False
M034079,1,1,0,0,1.0,0.6,False,,False
M025979,1,1,0,0,1.0,0.6,False,,False
M021115,1,0,1,0,0.0,0.5,False,,False
M008406,2,2,0,0,1.0,0.7,False,,False
M009465,2,0,0,2,-1.0,0.30000000000000004,False,,True
M007044,2,2,0,0,1.0,0.7,False,,False
M003506,2,0,2,0,0.0,0.5,False,,False
M015694,1,0,1,0,0.0,0.5,False,,False
M099365,1,1,0,0,1.0,0.6,False,,False
M090511,1,1,0,0,1.0,0.6,False,,False
M067524,1,1,0,0,1.0,0.6,False,,False
M084231,3,3,0,0,1.0,0.7999999999999999,False,,False
M062341,1,1,0,0,1.0,0.6,False,,False
M066274,1,0,1,0,0.0,0.5,False,,False
M043798,1,0,1,0,0.0,0.5,False,,False
M081789,1,0,1,0,0.0,0.5,False,,False
M098656,1,0,1,0,0.0,0.5,False,,False
M068603,2,0,2,0,0.0,0.5,False,,False
M099404,1,1,0,0,1.0,0.6,False,,False
M006418,1,0,0,1,-1.0,0.4,False,,False
M010343,2,2,0,0,1.0,0.7,False,,False
M022413,1,1,0,0,1.0,0.6,False,,False
M042894,1,0,1,0,0.0,0.5,False,,False
M062603,1,0,1,0,0.0,0.5,False,,False
M027537,1,0,1,0,0.0,0.5,False,,False
M017229,1,0,1,0,0.0,0.5,False,,False
M032279,1,1,0,0,1.0,0.6,False,,False
M031941,1,1,0,0,1.0,0.6,False,,False
M027289,1,1,0,0,1.0,0.6,False,,False
M015132,1,0,1,0,0.0,0.5,False,,False
M013441,1,0,1,0,0.0,0.5,False,,False
M028477,1,0,1,0,0.0,0.5,False,,False
M003839,1,1,0,0,1.0,0.6,False,,False
M059514,1,1,0,0,1.0,0.6,False,,False
M056630,1,0,1,0,0.0,0.5,False,,False
M087211,1,1,0,0,1.0,0.6,False,,False
M079367,1,0,1,0,0.0,0.5,False,,False
M063472,1,1,0,0,1.0,0.6,False,,False
M084039,1,0,0,1,-1.0,0.4,False,,False
M018346,1,0,1,0,0.0,0.5,False,,False
M089761,1,0,0,1,-1.0,0.4,False,,False
M058055,1,1,0,0,1.0,0.6,False,,False
M073730,2,0,2,0,0.0,0.5,False,,False
M077912,3,3,0,0,1.0,0.7999999999999999,False,,False
M044433,1,1,0,0,1.0,0.6,False,,False
M101153,1,1,0,0,1.0,0.6,False,,False
M064185,2,2,0,0,1.0,0.7,False,,False
M038940,1,1,0,0,1.0,0.6,False,,False
M039745,1,0,1,0,0.0,0.5,False,,False
M062843,1,1,0,0,1.0,0.6,False,,False
M055679,1,1,0,0,1.0,0.6,False,,False
M095018,1,1,0,0,1.0,0.6,False,,False
M071081,1,1,0,0,1.0,0.6,False,,False
M071786,1,1,0,0,1.0,0.6,False,,False
M075974,1,1,0,0,1.0,0.6,False,,False
M065116,1,1,0,0,1.0,0.6,False,,False
M071232,1,0,1,0,0.0,0.5,False,,False
M085808,1,0,0,1,-1.0,0.4,False,,False
M083763,1,0,1,0,0.0,0.5,False,,False
M060654,1,0,1,0,0.0,0.5,False,,False
M080045,1,1,0,0,1.0,0.6,False,,False
M099969,1,1,0,0,1.0,0.6,False,,False
M081838,1,1,0,0,1.0,0.6,False,,False
M071612,1,0,1,0,0.0,0.5,False,,False
M085614,1,0,1,0,0.0,0.5,False,,False
M094372,1,1,0,0,1.0,0.6,False,,False
M059466,1,0,0,1,-1.0,0.4,False,,False
M054681,1,0,1,0,0.0,0.5,False,,False
M022385,1,1,0,0,1.0,0.6,False,,False
M006532,1,1,0,0,1.0,0.6,False,,False
M032593,1,1,0,0,1.0,0.6,False,,False
M015815,1,1,0,0,1.0,0.6,False,,False
M046445,1,1,0,0,1.0,0.6,False,,False
M046396,1,0,1,0,0.0,0.5,False,,False
M101335,1,0,1,0,0.0,0.5,False,,False
M094797,1,1,0,0,1.0,0.6,False,,False
M071963,2,2,0,0,1.0,0.7,False,,False
M083312,1,0,1,0,0.0,0.5,False,,False
M076949,1,1,0,0,1.0,0.6,False,,False
M029330,1,1,0,0,1.0,0.6,False,,False
M031404,1,1,0,0,1.0,0.6,False,,False
M049590,2,2,0,0,1.0,0.7,False,,False
M012772,1,0,1,0,0.0,0.5,False,,False
M015188,2,0,2,0,0.0,0.5,False,,False
M085150,2,2,0,0,1.0,0.7,False,,False
M064527,1,1,0,0,1.0,0.6,False,,False
M086655,1,1,0,0,1.0,0.6,False,,False
M100413,2,2,0,0,1.0,0.7,False,,False
M069443,1,0,1,0,0.0,0.5,False,,False
M067098,1,0,1,0,0.0,0.5,False,,False
M051903,1,0,1,0,0.0,0.5,False,,False
M067251,1,0,1,0,0.0,0.5,False,,False
M074435,1,1,0,0,1.0,0.6,False,,False
M082047,1,1,0,0,1.0,0.6,False,,False
M086051,1,0,1,0,0.0,0.5,False,,False
M098703,1,1,0,0,1.0,0.6,False,,False
M079219,1,0,1,0,0.0,0.5,False,,False
M063663,1,0,1,0,0.0,0.5,False,,False
M059565,1,0,0,1,-1.0,0.4,False,,False
M046451,1,1,0,0,1.0,0.6,False,,False
M065203,1,0,0,1,-1.0,0.4,False,,False
M066385,1,1,0,0,1.0,0.6,False,,False
M001561,1,1,0,0,1.0,0.6,False,,False
M003370,1,1,0,0,1.0,0.6,False,,False
M003176,1,1,0,0,1.0,0.6,False,,False
M016290,1,1,0,0,1.0,0.6,False,,False
M001970,1,1,0,0,1.0,0.6,False,,False
M026145,1,0,1,0,0.0,0.5,False,,False
M088529,1,1,0,0,1.0,0.6,False,,False
M090640,1,0,1,0,0.0,0.5,False,,False
M018572,2,0,2,0,0.0,0.5,False,,False
M082724,2,0,0,2,-1.0,0.30000000000000004,False,,True
M052162,2,0,2,0,0.0,0.5,False,,False
M095667,1,0,0,1,-1.0,0.4,False,,False
M097498,2,2,0,0,1.0,0.7,False,,False
M050370,1,1,0,0,1.0,0.6,False,,False
M073983,1,1,0,0,1.0,0.6,False,,False
M002035,3,3,0,0,1.0,0.7999999999999999,False,,False
M002607,2,2,0,0,1.0,0.7,False,,False
M003192,1,1,0,0,1.0,0.6,False,,False
M001603,1,1,0,0,1.0,0.6,False,,False
M003925,1,1,0,0,1.0,0.6,False,,False
M059952,1,1,0,0,1.0,0.6,False,,False
M062145,2,2,0,0,1.0,0.7,False,,False
M049254,1,0,1,0,0.0,0.5,False,,False
M040763,2,0,2,0,0.0,0.5,False,,False
M050290,1,1,0,0,1.0,0.6,False,,False
M011272,1,0,0,1,-1.0,0.4,False,,False
M016299,1,1,0,0,1.0,0.6,False,,False
M020190,1,1,0,0,1.0,0.6,False,,False
M084606,1,1,0,0,1.0,0.6,False,,False
M084020,1,0,0,1,-1.0,0.4,False,,False
M074872,1,1,0,0,1.0,0.6,False,,False
M019070,1,0,1,0,0.0,0.5,False,,False
M044991,1,1,0,0,1.0,0.6,False,,False
M049168,1,1,0,0,1.0,0.6,False,,False
M043107,1,0,1,0,0.0,0.5,False,,False
M050088,1,0,1,0,0.0,0.5,False,,False
M052392,1,0,1,0,0.0,0.5,False,,False
M016191,1,0,0,1,-1.0,0.4,False,,False
M013518,1,0,0,1,-1.0,0.4,False,,False
M003461,1,0,1,0,0.0,0.5,False,,False
M028279,1,0,1,0,0.0,0.5,False,,False
M024557,1,0,1,0,0.0,0.5,False,,False
M048766,1,0,1,0,0.0,0.5,False,,False
M041461,1,0,1,0,0.0,0.5,False,,False
M003751,1,1,0,0,1.0,0.6,False,,False
M088431,1,1,0,0,1.0,0.6,False,,False
M051194,1,0,0,1,-1.0,0.4,False,,False
M020302,1,1,0,0,1.0,0.6,False,,False
M063056,1,0,1,0,0.0,0.5,False,,False
M032133,2,2,0,0,1.0,0.7,False,,False
M000460,1,0,1,0,0.0,0.5,False,,False
M077816,1,0,0,1,-1.0,0.4,False,,False
M079622,1,1,0,0,1.0,0.6,False,,False
M089121,1,0,1,0,0.0,0.5,False,,False
M073083,1,0,1,0,0.0,0.5,False,,False
M053478,1,1,0,0,1.0,0.6,False,,False
M079949,1,1,0,0,1.0,0.6,False,,False
M048147,1,0,1,0,0.0,0.5,False,,False
M020803,1,1,0,0,1.0,0.6,False,,False
M053474,2,0,2,0,0.0,0.5,False,,False
M011776,1,1,0,0,1.0,0.6,False,,False
M098401,1,1,0,0,1.0,0.6,False,,False
M086467,2,2,0,0,1.0,0.7,False,,False
M095978,1,1,0,0,1.0,0.6,False,,False
M087894,1,1,0,0,1.0,0.6,False,,False
M073049,1,1,0,0,1.0,0.6,False,,False
M073553,1,0,1,0,0.0,0.5,False,,False
M083360,1,1,0,0,1.0,0.6,False,,False
M049230,1,0,1,0,0.0,0.5,False,,False
M018559,1,0,1,0,0.0,0.5,False,,False
M065303,2,2,0,0,1.0,0.7,False,,False
M088559,1,1,0,0,1.0,0.6,False,,False
M057122,1,0,0,1,-1.0,0.4,False,,False
M045549,1,1,0,0,1.0,0.6,False,,False
M072300,2,2,0,0,1.0,0.7,False,,False
M050932,1,0,1,0,0.0,0.5,False,,False
M064018,1,1,0,0,1.0,0.6,False,,False
M086995,2,2,0,0,1.0,0.7,False,,False
M003036,1,0,1,0,0.0,0.5,False,,False
M043760,1,1,0,0,1.0,0.6,False,,False
M024631,1,1,0,0,1.0,0.6,False,,False
M004310,1,1,0,0,1.0,0.6,False,,False
M001811,1,1,0,0,1.0,0.6,False,,False
M038368,1,1,0,0,1.0,0.6,False,,False
M092601,2,2,0,0,1.0,0.7,False,,False
M038647,2,0,0,2,-1.0,0.30000000000000004,False,,True
M040804,1,1,0,0,1.0,0.6,False,,False
M028544,1,1,0,0,1.0,0.6,False,,False
M032531,1,1,0,0,1.0,0.6,False,,False
M024505,2,2,0,0,1.0,0.7,False,,False
M030801,1,1,0,0,1.0,0.6,False,,False
M030395,1,1,0,0,1.0,0.6,False,,False
M044836,1,0,1,0,0.0,0.5,False,,False
M075804,1,1,0,0,1.0,0.6,False,,False
M040799,1,1,0,0,1.0,0.6,False,,False
M043314,1,0,1,0,0.0,0.5,False,,False
M042370,1,0,1,0,0.0,0.5,False,,False
M056841,1,0,1,0,0.0,0.5,False,,False
M048984,1,0,1,0,0.0,0.5,False,,False
M090915,2,2,0,0,1.0,0.7,False,,False
M069308,1,1,0,0,1.0,0.6,False,,False
M061622,2,0,2,0,0.0,0.5,False,,False
M082471,1,1,0,0,1.0,0.6,False,,False
M062891,1,0,1,0,0.0,0.5,False,,False
M093330,1,1,0,0,1.0,0.6,False,,False
M071930,1,1,0,0,1.0,0.6,False,,False
M045431,1,1,0,0,1.0,0.6,False,,False
M007170,2,2,0,0,1.0,0.7,False,,False
M084484,2,2,0,0,1.0,0.7,False,,False
M049950,2,2,0,0,1.0,0.7,False,,False
M017371,2,0,2,0,0.0,0.5,False,,False
M050605,1,0,0,1,-1.0,0.4,False,,False
M059349,1,1,0,0,1.0,0.6,False,,False
M061524,1,1,0,0,1.0,0.6,False,,False
M093498,1,1,0,0,1.0,0.6,False,,False
M091507,1,1,0,0,1.0,0.6,False,,False
M025408,1,1,0,0,1.0,0.6,False,,False
M090300,1,1,0,0,1.0,0.6,False,,False
M046662,1,1,0,0,1.0,0.6,False,,False
M013828,1,1,0,0,1.0,0.6,False,,False
M006753,2,0,2,0,0.0,0.5,False,,False
M052964,2,2,0,0,1.0,0.7,False,,False
M037380,1,0,1,0,0.0,0.5,False,,False
M099396,1,0,1,0,0.0,0.5,False,,False
M086747,1,1,0,0,1.0,0.6,False,,False
M020534,1,1,0,0,1.0,0.6,False,,False
M057466,1,0,1,0,0.0,0.5,False,,False
M055848,1,1,0,0,1.0,0.6,False,,False
M055998,1,0,1,0,0.0,0.5,False,,False
M046117,2,2,0,0,1.0,0.7,False,,False
M028214,2,2,0,0,1.0,0.7,False,,False
M074143,2,0,2,0,0.0,0.5,False,,False
M040479,1,0,1,0,0.0,0.5,False,,False
M003510,1,0,1,0,0.0,0.5,False,,False
M040117,1,0,1,0,0.0,0.5,False,,False
M057580,1,0,0,1,-1.0,0.4,False,,False
M043215,1,1,0,0,1.0,0.6,False,,False
M079319,1,0,1,0,0.0,0.5,False,,False
M079592,1,1,0,0,1.0,0.6,False,,False
M069649,1,1,0,0,1.0,0.6,False,,False
M018661,1,1,0,0,1.0,0.6,False,,False
M079063,1,0,1,0,0.0,0.5,False,,False
M044217,1,0,0,1,-1.0,0.4,False,,False
M075195,1,0,1,0,0.0,0.5,False,,False
M080496,1,1,0,0,1.0,0.6,False,,False
M073314,1,1,0,0,1.0,0.6,False,,False
M046749,1,1,0,0,1.0,0.6,False,,False
M045632,1,1,0,0,1.0,0.6,False,,False
M087657,1,1,0,0,1.0,0.6,False,,False
M049188,1,0,1,0,0.0,0.5,False,,False
M005180,1,1,0,0,1.0,0.6,False,,False
M070839,1,1,0,0,1.0,0.6,False,,False
M095954,1,1,0,0,1.0,0.6,False,,False
M059993,1,0,1,0,0.0,0.5,False,,False
M057345,1,0,1,0,0.0,0.5,False,,False
M088895,2,0,2,0,0.0,0.5,False,,False
M080463,1,0,1,0,0.0,0.5,False,,False
M047238,1,1,0,0,1.0,0.6,False,,False
M063781,1,0,1,0,0.0,0.5,False,,False
M086271,2,0,2,0,0.0,0.5,False,,False
M007999,2,2,0,0,1.0,0.7,False,,False
M014012,2,2,0,0,1.0,0.7,False,,False
M077256,1,0,0,1,-1.0,0.4,False,,False
M014103,1,0,1,0,0.0,0.5,False,,False
M040366,1,0,1,0,0.0,0.5,False,,False
M044790,1,1,0,0,1.0,0.6,False,,False
M038145,1,0,1,0,0.0,0.5,False,,False
M002820,1,0,0,1,-1.0,0.4,False,,False
M020186,1,0,0,1,-1.0,0.4,False,,False
M088939,1,1,0,0,1.0,0.6,False,,False
M073428,1,0,1,0,0.0,0.5,False,,False
M043966,1,1,0,0,1.0,0.6,False,,False
M044426,1,0,1,0,0.0,0.5,False,,False
M008890,1,1,0,0,1.0,0.6,False,,False
M055883,1,1,0,0,1.0,0.6,False,,False
M058850,1,0,0,1,-1.0,0.4,False,,False
M080712,2,2,0,0,1.0,0.7,False,,False
M059938,1,0,1,0,0.0,0.5,False,,False
M050854,1,0,1,0,0.0,0.5,False,,False
M055948,1,1,0,0,1.0,0.6,False,,False
M035234,1,0,1,0,0.0,0.5,False,,False
M093956,1,0,1,0,0.0,0.5,False,,False
M042833,1,1,0,0,1.0,0.6,False,,False
M057704,1,1,0,0,1.0,0.6,False,,False
M068041,1,0,1,0,0.0,0.5,False,,False
M014382,1,0,0,1,-1.0,0.4,False,,False
M039995,1,1,0,0,1.0,0.6,False,,False
M065828,2,2,0,0,1.0,0.7,False,,False
M071037,2,0,0,2,-1.0,0.30000000000000004,False,,True
M072877,2,0,2,0,0.0,0.5,False,,False
M015391,1,0,1,0,0.0,0.5,False,,False
M028519,2,0,0,2,-1.0,0.30000000000000004,False,,True
M026968,1,0,1,0,0.0,0.5,False,,False
M015564,1,0,1,0,0.0,0.5,False,,False
M071380,1,1,0,0,1.0,0.6,False,,False
M055298,1,1,0,0,1.0,0.6,False,,False
M100262,1,1,0,0,1.0,0.6,False,,False
M052130,1,0,1,0,0.0,0.5,False,,False
M051941,1,0,0,1,-1.0,0.4,False,,False
M098661,1,1,0,0,1.0,0.6,False,,False
M081383,1,0,1,0,0.0,0.5,False,,False
M041835,2,0,2,0,0.0,0.5,False,,False
M066751,1,0,1,0,0.0,0.5,False,,False
M070659,1,0,1,0,0.0,0.5,False,,False
M024426,1,1,0,0,1.0,0.6,False,,False
M024901,1,1,0,0,1.0,0.6,False,,False
M083435,1,0,1,0,0.0,0.5,False,,False
M006572,1,1,0,0,1.0,0.6,False,,False
M010617,1,0,1,0,0.0,0.5,False,,False
M083373,1,0,0,1,-1.0,0.4,False,,False
M068987,1,0,1,0,0.0,0.5,False,,False
M012346,1,1,0,0,1.0,0.6,False,,False
M073397,1,1,0,0,1.0,0.6,False,,False
M049866,1,1,0,0,1.0,0.6,False,,False
M089137,1,0,1,0,0.0,0.5,False,,False
M095984,1,1,0,0,1.0,0.6,False,,False
M019893,1,0,1,0,0.0,0.5,False,,False
M049926,1,1,0,0,1.0,0.6,False,,False
M046126,1,1,0,0,1.0,0.6,False,,False
M058092,1,1,0,0,1.0,0.6,False,,False
M050759,1,0,0,1,-1.0,0.4,False,,False
M067305,1,1,0,0,1.0,0.6,False,,False
M064702,1,0,1,0,0.0,0.5,False,,False
M030963,1,1,0,0,1.0,0.6,False,,False
M031686,1,1,0,0,1.0,0.6,False,,False
M028558,1,1,0,0,1.0,0.6,False,,False
M066752,1,1,0,0,1.0,0.6,False,,False
M007483,1,0,1,0,0.0,0.5,False,,False
M084024,1,1,0,0,1.0,0.6,False,,False
M022350,1,0,0,1,-1.0,0.4,False,,False
M050415,1,1,0,0,1.0,0.6,False,,False
M056415,1,0,1,0,0.0,0.5,False,,False
M089790,2,0,2,0,0.0,0.5,False,,False
M058665,1,0,0,1,-1.0,0.4,False,,False
M031110,1,1,0,0,1.0,0.6,False,,False
M006347,1,0,0,1,-1.0,0.4,False,,False
M018964,1,1,0,0,1.0,0.6,False,,False
M019167,1,0,0,1,-1.0,0.4,False,,False
M040031,1,0,0,1,-1.0,0.4,False,,False
M021743,1,1,0,0,1.0,0.6,False,,False
M098060,1,1,0,0,1.0,0.6,False,,False
M011906,1,0,1,0,0.0,0.5,False,,False
M007632,1,0,1,0,0.0,0.5,False,,False
M014285,1,1,0,0,1.0,0.6,False,,False
M084181,1,1,0,0,1.0,0.6,False,,False
M061801,1,1,0,0,1.0,0.6,False,,False
M070429,1,1,0,0,1.0,0.6,False,,False
M028072,1,0,1,0,0.0,0.5,False,,False
M092374,1,1,0,0,1.0,0.6,False,,False
M072264,1,0,1,0,0.0,0.5,False,,False
M098133,1,1,0,0,1.0,0.6,False,,False
M067230,1,0,1,0,0.0,0.5,False,,False
M060032,1,1,0,0,1.0,0.6,False,,False
M031248,1,1,0,0,1.0,0.6,False,,False
M031132,1,1,0,0,1.0,0.6,False,,False
M079336,1,0,1,0,0.0,0.5,False,,False
M036890,1,1,0,0,1.0,0.6,False,,False
M085141,1,1,0,0,1.0,0.6,False,,False
M087755,1,1,0,0,1.0,0.6,False,,False
M024788,1,0,1,0,0.0,0.5,False,,False
M064913,1,0,1,0,0.0,0.5,False,,False
M036626,1,0,1,0,0.0,0.5,False,,False
M078459,2,0,2,0,0.0,0.5,False,,False
M011675,1,0,0,1,-1.0,0.4,False,,False
M085043,1,1,0,0,1.0,0.6,False,,False
M043499,1,1,0,0,1.0,0.6,False,,False
M068898,1,0,0,1,-1.0,0.4,False,,False
M010457,1,1,0,0,1.0,0.6,False,,False
M016188,1,1,0,0,1.0,0.6,False,,False
M003745,1,0,0,1,-1.0,0.4,False,,False
M009943,1,1,0,0,1.0,0.6,False,,False
M100252,1,1,0,0,1.0,0.6,False,,False
M068030,1,0,1,0,0.0,0.5,False,,False
M077514,1,0,1,0,0.0,0.5,False,,False
M095252,1,1,0,0,1.0,0.6,False,,False
M012093,1,0,1,0,0.0,0.5,False,,False
M006619,1,0,0,1,-1.0,0.4,False,,False
M085116,1,0,1,0,0.0,0.5,False,,False
M085195,1,1,0,0,1.0,0.6,False,,False
M064926,1,1,0,0,1.0,0.6,False,,False
M087884,2,2,0,0,1.0,0.7,False,,False
M080986,1,1,0,0,1.0,0.6,False,,False
M073341,1,0,1,0,0.0,0.5,False,,False
M099089,2,2,0,0,1.0,0.7,False,,False
M098951,1,1,0,0,1.0,0.6,False,,False
M081678,1,1,0,0,1.0,0.6,False,,False
M091264,1,0,1,0,0.0,0.5,False,,False
M081011,1,0,1,0,0.0,0.5,False,,False
M078198,1,1,0,0,1.0,0.6,False,,False
M055324,1,0,1,0,0.0,0.5,False,,False
M053320,1,0,1,0,0.0,0.5,False,,False
M057366,2,0,2,0,0.0,0.5,False,,False
M091998,2,0,0,2,-1.0,0.30000000000000004,False,,True
M060410,1,0,1,0,0.0,0.5,False,,False
M041855,2,0,0,2,-1.0,0.30000000000000004,False,,True
M066654,1,1,0,0,1.0,0.6,False,,False
M077176,1,0,0,1,-1.0,0.4,False,,False
M020927,2,2,0,0,1.0,0.7,False,,False
M049291,1,1,0,0,1.0,0.6,False,,False
M033404,1,1,0,0,1.0,0.6,False,,False
M001826,1,1,0,0,1.0,0.6,False,,False
M002920,1,0,1,0,0.0,0.5,False,,False
M093440,1,1,0,0,1.0,0.6,False,,False
M069438,1,1,0,0,1.0,0.6,False,,False
M085803,1,1,0,0,1.0,0.6,False,,False
M049737,1,0,1,0,0.0,0.5,False,,False
M090164,1,1,0,0,1.0,0.6,False,,False
M074002,1,1,0,0,1.0,0.6,False,,False
M036402,1,0,1,0,0.0,0.5,False,,False
M034529,1,0,1,0,0.0,0.5,False,,False
M022056,1,1,0,0,1.0,0.6,False,,False
M024909,1,1,0,0,1.0,0.6,False,,False
M061417,1,1,0,0,1.0,0.6,False,,False
M075132,1,1,0,0,1.0,0.6,False,,False
M040110,1,0,1,0,0.0,0.5,False,,False
M042049,1,0,1,0,0.0,0.5,False,,False
M077008,1,0,1,0,0.0,0.5,False,,False
M040547,1,0,1,0,0.0,0.5,False,,False
M007275,1,1,0,0,1.0,0.6,False,,False
M049854,1,0,1,0,0.0,0.5,False,,False
M091997,1,1,0,0,1.0,0.6,False,,False
M008591,1,1,0,0,1.0,0.6,False,,False
M084913,1,0,0,1,-1.0,0.4,False,,False
M032376,1,0,1,0,0.0,0.5,False,,False
M002186,1,1,0,0,1.0,0.6,False,,False
M006330,1,0,1,0,0.0,0.5,False,,False
M058631,1,1,0,0,1.0,0.6,False,,False
M024653,1,1,0,0,1.0,0.6,False,,False
M081382,1,1,0,0,1.0,0.6,False,,False
M064127,1,1,0,0,1.0,0.6,False,,False
M047895,2,0,2,0,0.0,0.5,False,,False
M092828,2,0,0,2,-1.0,0.30000000000000004,False,,True
M010292,2,0,2,0,0.0,0.5,False,,False
M100512,2,2,0,0,1.0,0.7,False,,False
M058729,1,1,0,0,1.0,0.6,False,,False
M014153,1,1,0,0,1.0,0.6,False,,False
M011907,1,0,1,0,0.0,0.5,False,,False
M008950,1,0,0,1,-1.0,0.4,False,,False
M055579,1,0,1,0,0.0,0.5,False,,False
M079963,1,1,0,0,1.0,0.6,False,,False
M080273,1,0,1,0,0.0,0.5,False,,False
M034272,1,1,0,0,1.0,0.6,False,,False
M031126,1,1,0,0,1.0,0.6,False,,False
M006540,1,0,1,0,0.0,0.5,False,,False
M022997,1,0,1,0,0.0,0.5,False,,False
M024114,1,1,0,0,1.0,0.6,False,,False
M080762,1,0,1,0,0.0,0.5,False,,False
M055099,1,0,1,0,0.0,0.5,False,,False
M080076,1,1,0,0,1.0,0.6,False,,False
M019587,1,0,1,0,0.0,0.5,False,,False
M058320,2,0,2,0,0.0,0.5,False,,False
M059301,2,2,0,0,1.0,0.7,False,,False
M015744,1,1,0,0,1.0,0.6,False,,False
M054746,1,0,1,0,0.0,0.5,False,,False
M057645,1,0,1,0,0.0,0.5,False,,False
M071964,1,0,1,0,0.0,0.5,False,,False
M084761,1,0,1,0,0.0,0.5,False,,False
M039253,1,1,0,0,1.0,0.6,False,,False
M075690,2,0,2,0,0.0,0.5,False,,False
M077817,2,0,2,0,0.0,0.5,False,,False
M078094,1,1,0,0,1.0,0.6,False,,False
M096108,1,1,0,0,1.0,0.6,False,,False
M031199,1,0,0,1,-1.0,0.4,False,,False
M085564,1,0,1,0,0.0,0.5,False,,False
M097954,1,1,0,0,1.0,0.6,False,,False
M073450,1,1,0,0,1.0,0.6,False,,False
M002462,1,1,0,0,1.0,0.6,False,,False
M064966,1,1,0,0,1.0,0.6,False,,False
M084080,2,2,0,0,1.0,0.7,False,,False
M086952,1,1,0,0,1.0,0.6,False,,False
M079861,1,1,0,0,1.0,0.6,False,,False
M075832,1,0,0,1,-1.0,0.4,False,,False
M022903,1,1,0,0,1.0,0.6,False,,False
M002249,1,0,1,0,0.0,0.5,False,,False
M033088,1,0,1,0,0.0,0.5,False,,False
M045780,1,1,0,0,1.0,0.6,False,,False
M033253,2,2,0,0,1.0,0.7,False,,False
M042353,1,1,0,0,1.0,0.6,False,,False
M035804,1,1,0,0,1.0,0.6,False,,False
M017368,1,0,1,0,0.0,0.5,False,,False
M006892,1,0,1,0,0.0,0.5,False,,False
M009150,1,0,0,1,-1.0,0.4,False,,False
M027483,1,1,0,0,1.0,0.6,False,,False
M002807,1,1,0,0,1.0,0.6,False,,False
M015700,1,1,0,0,1.0,0.6,False,,False
M090783,1,1,0,0,1.0,0.6,False,,False
M050891,2,0,0,2,-1.0,0.30000000000000004,False,,True
M062272,1,0,1,0,0.0,0.5,False,,False
M065767,1,1,0,0,1.0,0.6,False,,False
M049647,1,0,1,0,0.0,0.5,False,,False
M032533,2,0,0,2,-1.0,0.30000000000000004,False,,True
M030119,1,0,1,0,0.0,0.5,False,,False
M024655,1,0,1,0,0.0,0.5,False,,False
M016954,1,1,0,0,1.0,0.6,False,,False
M005522,1,1,0,0,1.0,0.6,False,,False
M060363,1,1,0,0,1.0,0.6,False,,False
M060889,1,0,1,0,0.0,0.5,False,,False
M050559,2,0,2,0,0.0,0.5,False,,False
M047661,1,0,1,0,0.0,0.5,False,,False
M045592,1,1,0,0,1.0,0.6,False,,False
M047876,1,0,0,1,-1.0,0.4,False,,False
M095092,1,0,0,1,-1.0,0.4,False,,False
M011411,1,0,1,0,0.0,0.5,False,,False
M061694,1,0,1,0,0.0,0.5,False,,False
M053156,1,1,0,0,1.0,0.6,False,,False
M046369,1,1,0,0,1.0,0.6,False,,False
M018876,1,1,0,0,1.0,0.6,False,,False
M020611,1,1,0,0,1.0,0.6,False,,False
M047478,1,0,1,0,0.0,0.5,False,,False
M040274,1,0,1,0,0.0,0.5,False,,False
M045676,1,0,0,1,-1.0,0.4,False,,False
M049589,1,0,0,1,-1.0,0.4,False,,False
M019083,1,1,0,0,1.0,0.6,False,,False
M003207,1,0,1,0,0.0,0.5,False,,False
M004360,1,0,1,0,0.0,0.5,False,,False
M096336,1,1,0,0,1.0,0.6,False,,False
M005731,1,1,0,0,1.0,0.6,False,,False
M047316,1,0,0,1,-1.0,0.4,False,,False
M044820,1,1,0,0,1.0,0.6,False,,False
M050722,2,0,0,2,-1.0,0.30000000000000004,False,,True
M055150,2,0,2,0,0.0,0.5,False,,False
M056691,1,0,1,0,0.0,0.5,False,,False
M052559,1,1,0,0,1.0,0.6,False,,False
M089355,1,0,0,1,-1.0,0.4,False,,False
M045027,1,0,1,0,0.0,0.5,False,,False
M002556,1,1,0,0,1.0,0.6,False,,False
M097785,1,0,0,1,-1.0,0.4,False,,False
M044804,1,0,0,1,-1.0,0.4,False,,False
M053103,1,1,0,0,1.0,0.6,False,,False
M029120,1,0,0,1,-1.0,0.4,False,,False
M005801,1,1,0,0,1.0,0.6,False,,False
M033165,1,1,0,0,1.0,0.6,False,,False
M034031,1,1,0,0,1.0,0.6,False,,False
M030196,1,1,0,0,1.0,0.6,False,,False
M091133,1,1,0,0,1.0,0.6,False,,False
M063137,1,0,1,0,0.0,0.5,False,,False
M080066,1,0,1,0,0.0,0.5,False,,False
M074774,1,0,1,0,0.0,0.5,False,,False
M076769,1,0,1,0,0.0,0.5,False,,False
M052021,1,1,0,0,1.0,0.6,False,,False
M031020,1,0,1,0,0.0,0.5,False,,False
M011992,1,0,1,0,0.0,0.5,False,,False
M010763,1,0,1,0,0.0,0.5,False,,False
M004349,1,0,0,1,-1.0,0.4,False,,False
M052383,1,1,0,0,1.0,0.6,False,,False
M076279,1,0,0,1,-1.0,0.4,False,,False
M094513,1,1,0,0,1.0,0.6,False,,False
M047026,1,1,0,0,1.0,0.6,False,,False
M049729,2,0,2,0,0.0,0.5,False,,False
M072346,1,0,0,1,-1.0,0.4,False,,False
M008883,1,1,0,0,1.0,0.6,False,,False
M090303,1,1,0,0,1.0,0.6,False,,False
M087307,2,2,0,0,1.0,0.7,False,,False
M072803,1,1,0,0,1.0,0.6,False,,False
M059695,1,0,1,0,0.0,0.5,False,,False
M011875,1,1,0,0,1.0,0.6,False,,False
M048680,1,0,0,1,-1.0,0.4,False,,False
M025601,1,1,0,0,1.0,0.6,False,,False
M047984,1,1,0,0,1.0,0.6,False,,False
M048549,1,0,1,0,0.0,0.5,False,,False
M026082,1,1,0,0,1.0,0.6,False,,False
M084009,1,0,1,0,0.0,0.5,False,,False
M016747,2,2,0,0,1.0,0.7,False,,False
M084696,1,0,0,1,-1.0,0.4,False,,False
M064083,1,1,0,0,1.0,0.6,False,,False
M054946,1,0,0,1,-1.0,0.4,False,,False
M080650,1,1,0,0,1.0,0.6,False,,False
M043612,1,1,0,0,1.0,0.6,False,,False
M059384,1,0,1,0,0.0,0.5,False,,False
M012467,1,0,0,1,-1.0,0.4,False,,False
M053139,1,0,1,0,0.0,0.5,False,,False
M061735,1,1,0,0,1.0,0.6,False,,False
M062791,1,1,0,0,1.0,0.6,False,,False
M021640,1,1,0,0,1.0,0.6,False,,False
M005578,1,1,0,0,1.0,0.6,False,,False
M043554,1,1,0,0,1.0,0.6,False,,False
M004706,1,0,1,0,0.0,0.5,False,,False
M029672,1,1,0,0,1.0,0.6,False,,False
M061732,1,1,0,0,1.0,0.6,False,,False
M073927,1,1,0,0,1.0,0.6,False,,False
M045476,1,1,0,0,1.0,0.6,False,,False
M100843,1,1,0,0,1.0,0.6,False,,False
M069597,1,0,1,0,0.0,0.5,False,,False
M075992,1,1,0,0,1.0,0.6,False,,False
M007663,1,0,1,0,0.0,0.5,False,,False
M004214,1,0,1,0,0.0,0.5,False,,False
M039051,1,1,0,0,1.0,0.6,False,,False
M045452,1,1,0,0,1.0,0.6,False,,False
M050461,1,0,1,0,0.0,0.5,False,,False
M061680,1,0,0,1,-1.0,0.4,False,,False
M078844,1,1,0,0,1.0,0.6,False,,False
M005181,1,0,0,1,-1.0,0.4,False,,False
M052325,1,1,0,0,1.0,0.6,False,,False
M056473,1,0,1,0,0.0,0.5,False,,False
M047382,1,0,1,0,0.0,0.5,False,,False
M096761,1,1,0,0,1.0,0.6,False,,False
M009854,1,0,1,0,0.0,0.5,False,,False
M045062,1,0,1,0,0.0,0.5,False,,False
M069596,1,1,0,0,1.0,0.6,False,,False
M053005,1,1,0,0,1.0,0.6,False,,False
M099561,1,1,0,0,1.0,0.6,False,,False
M072203,1,1,0,0,1.0,0.6,False,,False
M070516,1,1,0,0,1.0,0.6,False,,False
M076984,1,1,0,0,1.0,0.6,False,,False
M061045,2,2,0,0,1.0,0.7,False,,False
M057690,1,0,1,0,0.0,0.5,False,,False
M055034,1,0,1,0,0.0,0.5,False,,False
M017082,1,1,0,0,1.0,0.6,False,,False
M004845,1,0,1,0,0.0,0.5,False,,False
M016291,1,1,0,0,1.0,0.6,False,,False
M016726,1,0,1,0,0.0,0.5,False,,False
M000650,1,0,1,0,0.0,0.5,False,,False
M030209,1,0,1,0,0.0,0.5,False,,False
M028141,1,1,0,0,1.0,0.6,False,,False
M035848,1,1,0,0,1.0,0.6,False,,False
M024686,1,1,0,0,1.0,0.6,False,,False
M032509,1,1,0,0,1.0,0.6,False,,False
M040683,1,1,0,0,1.0,0.6,False,,False
M029056,1,0,1,0,0.0,0.5,False,,False
M018022,1,1,0,0,1.0,0.6,False,,False
M049292,2,2,0,0,1.0,0.7,False,,False
M090260,2,2,0,0,1.0,0.7,False,,False
M023534,1,1,0,0,1.0,0.6,False,,False
M046964,1,1,0,0,1.0,0.6,False,,False
M084633,1,1,0,0,1.0,0.6,False,,False
M077593,1,0,1,0,0.0,0.5,False,,False
M072345,1,0,1,0,0.0,0.5,False,,False
M086730,2,2,0,0,1.0,0.7,False,,False
M039964,2,0,2,0,0.0,0.5,False,,False
M042848,1,0,1,0,0.0,0.5,False,,False
M073690,1,1,0,0,1.0,0.6,False,,False
M092021,1,1,0,0,1.0,0.6,False,,False
M007068,1,1,0,0,1.0,0.6,False,,False
M063916,1,1,0,0,1.0,0.6,False,,False
M053055,2,2,0,0,1.0,0.7,False,,False
M068964,1,0,1,0,0.0,0.5,False,,False
M083736,1,1,0,0,1.0,0.6,False,,False
M063059,1,0,1,0,0.0,0.5,False,,False
M081060,1,1,0,0,1.0,0.6,False,,False
M069456,1,0,1,0,0.0,0.5,False,,False
M059840,1,1,0,0,1.0,0.6,False,,False
M059417,1,1,0,0,1.0,0.6,False,,False
M056973,2,0,0,2,-1.0,0.30000000000000004,False,,True
M088730,1,0,1,0,0.0,0.5,False,,False
M093273,1,1,0,0,1.0,0.6,False,,False
M079807,1,1,0,0,1.0,0.6,False,,False
M073163,1,1,0,0,1.0,0.6,False,,False
M051542,1,1,0,0,1.0,0.6,False,,False
M019463,1,0,1,0,0.0,0.5,False,,False
M018918,1,1,0,0,1.0,0.6,False,,False
M030895,1,0,0,1,-1.0,0.4,False,,False
M100854,1,1,0,0,1.0,0.6,False,,False
M040788,1,1,0,0,1.0,0.6,False,,False
M060684,1,0,1,0,0.0,0.5,False,,False
M079291,1,1,0,0,1.0,0.6,False,,False
M068102,1,1,0,0,1.0,0.6,False,,False
M069190,1,0,1,0,0.0,0.5,False,,False
M098642,1,0,1,0,0.0,0.5,False,,False
M042612,1,0,0,1,-1.0,0.4,False,,False
M086090,1,0,1,0,0.0,0.5,False,,False
M092700,1,1,0,0,1.0,0.6,False,,False
M044453,1,0,1,0,0.0,0.5,False,,False
M043690,1,0,1,0,0.0,0.5,False,,False
M062413,1,1,0,0,1.0,0.6,False,,False
M077983,1,1,0,0,1.0,0.6,False,,False
M064220,1,0,1,0,0.0,0.5,False,,False
M045820,1,0,1,0,0.0,0.5,False,,False
M076630,1,0,1,0,0.0,0.5,False,,False
M098289,1,0,1,0,0.0,0.5,False,,False
M045849,1,1,0,0,1.0,0.6,False,,False
M041495,1,1,0,0,1.0,0.6,False,,False
M061151,2,0,2,0,0.0,0.5,False,,False
M015548,1,1,0,0,1.0,0.6,False,,False
M101283,4,4,0,0,1.0,0.8999999999999999,False,,False
M026281,2,2,0,0,1.0,0.7,False,,False
M014222,1,0,1,0,0.0,0.5,False,,False
M021247,3,3,0,0,1.0,0.7999999999999999,False,,False
M069472,3,3,0,0,1.0,0.7999999999999999,False,,False
M008812,3,3,0,0,1.0,0.7999999999999999,False,,False
M100018,1,0,0,1,-1.0,0.4,False,,False
M076022,2,2,0,0,1.0,0.7,False,,False
M095566,1,1,0,0,1.0,0.6,False,,False
M077666,2,2,0,0,1.0,0.7,False,,False
M068123,1,1,0,0,1.0,0.6,False,,False
M052485,1,0,1,0,0.0,0.5,False,,False
M052294,1,0,0,1,-1.0,0.4,False,,False
M038414,1,1,0,0,1.0,0.6,False,,False
M023261,1,1,0,0,1.0,0.6,False,,False
M071690,1,1,0,0,1.0,0.6,False,,False
M038359,1,0,1,0,0.0,0.5,False,,False
M025138,1,1,0,0,1.0,0.6,False,,False
M018095,2,0,0,2,-1.0,0.30000000000000004,False,,True
M004612,1,0,0,1,-1.0,0.4,False,,False
M011867,1,0,1,0,0.0,0.5,False,,False
M011819,1,0,0,1,-1.0,0.4,False,,False
M042628,1,1,0,0,1.0,0.6,False,,False
M024962,1,1,0,0,1.0,0.6,False,,False
M026501,1,1,0,0,1.0,0.6,False,,False
M004475,1,1,0,0,1.0,0.6,False,,False
M059128,1,1,0,0,1.0,0.6,False,,False
M017327,1,1,0,0,1.0,0.6,False,,False
M026931,1,0,1,0,0.0,0.5,False,,False
M098335,1,1,0,0,1.0,0.6,False,,False
M032218,1,0,1,0,0.0,0.5,False,,False
M096208,1,1,0,0,1.0,0.6,False,,False
M020364,1,0,1,0,0.0,0.5,False,,False
M050970,1,1,0,0,1.0,0.6,False,,False
M044107,1,0,1,0,0.0,0.5,False,,False
M047979,1,1,0,0,1.0,0.6,False,,False
M030268,1,1,0,0,1.0,0.6,False,,False
M091970,1,0,0,1,-1.0,0.4,False,,False
M033716,1,1,0,0,1.0,0.6,False,,False
M027739,1,1,0,0,1.0,0.6,False,,False
M035519,1,1,0,0,1.0,0.6,False,,False
M034490,1,1,0,0,1.0,0.6,False,,False
M057019,1,0,0,1,-1.0,0.4,False,,False
M075014,1,1,0,0,1.0,0.6,False,,False
M100508,1,1,0,0,1.0,0.6,False,,False
M042351,1,1,0,0,1.0,0.6,False,,False
M029344,1,1,0,0,1.0,0.6,False,,False
M083754,1,1,0,0,1.0,0.6,False,,False
M084305,1,1,0,0,1.0,0.6,False,,False
M087227,1,1,0,0,1.0,0.6,False,,False
M040467,2,0,2,0,0.0,0.5,False,,False
M060499,1,1,0,0,1.0,0.6,False,,False
M091934,1,1,0,0,1.0,0.6,False,,False
M037479,1,0,1,0,0.0,0.5,False,,False
M042802,1,1,0,0,1.0,0.6,False,,False
M092870,1,1,0,0,1.0,0.6,False,,False
M092806,1,1,0,0,1.0,0.6,False,,False
M031536,1,0,0,1,-1.0,0.4,False,,False
M015757,1,1,0,0,1.0,0.6,False,,False
M019450,1,0,1,0,0.0,0.5,False,,False
M019833,1,1,0,0,1.0,0.6,False,,False
M014291,1,0,1,0,0.0,0.5,False,,False
M016004,1,1,0,0,1.0,0.6,False,,False
M081556,1,1,0,0,1.0,0.6,False,,False
M082233,1,0,1,0,0.0,0.5,False,,False
M091045,1,1,0,0,1.0,0.6,False,,False
M012567,1,1,0,0,1.0,0.6,False,,False
M066792,1,1,0,0,1.0,0.6,False,,False
M094837,1,1,0,0,1.0,0.6,False,,False
M081707,2,2,0,0,1.0,0.7,False,,False
M090375,1,0,0,1,-1.0,0.4,False,,False
M070207,1,0,0,1,-1.0,0.4,False,,False
M073392,1,0,1,0,0.0,0.5,False,,False
M054568,1,0,0,1,-1.0,0.4,False,,False
M058629,1,0,1,0,0.0,0.5,False,,False
M037426,1,1,0,0,1.0,0.6,False,,False
M038086,1,1,0,0,1.0,0.6,False,,False
M036439,1,0,0,1,-1.0,0.4,False,,False
M091210,1,1,0,0,1.0,0.6,False,,False
M086483,1,1,0,0,1.0,0.6,False,,False
M079694,1,0,1,0,0.0,0.5,False,,False
M046870,1,0,1,0,0.0,0.5,False,,False
M029525,1,0,1,0,0.0,0.5,False,,False
M043013,1,1,0,0,1.0,0.6,False,,False
M077020,1,1,0,0,1.0,0.6,False,,False
M065697,1,1,0,0,1.0,0.6,False,,False
M068737,1,0,1,0,0.0,0.5,False,,False
M069650,1,0,1,0,0.0,0.5,False,,False
M054536,1,1,0,0,1.0,0.6,False,,False
M096173,1,1,0,0,1.0,0.6,False,,False
M091540,1,1,0,0,1.0,0.6,False,,False
M048961,1,1,0,0,1.0,0.6,False,,False
M093718,1,1,0,0,1.0,0.6,False,,False
M100704,1,0,1,0,0.0,0.5,False,,False
M091067,1,1,0,0,1.0,0.6,False,,False
M081422,2,2,0,0,1.0,0.7,False,,False
M087829,1,0,1,0,0.0,0.5,False,,False
M092447,2,2,0,0,1.0,0.7,False,,False
M062100,2,2,0,0,1.0,0.7,False,,False
M078889,2,2,0,0,1.0,0.7,False,,False
M098620,1,0,1,0,0.0,0.5,False,,False
M099644,1,0,1,0,0.0,0.5,False,,False
M076239,1,1,0,0,1.0,0.6,False,,False
M071386,1,0,1,0,0.0,0.5,False,,False
M068493,1,1,0,0,1.0,0.6,False,,False
M041802,1,0,0,1,-1.0,0.4,False,,False
M044913,1,1,0,0,1.0,0.6,False,,False
M031185,1,1,0,0,1.0,0.6,False,,False
M067715,2,2,0,0,1.0,0.7,False,,False
M000807,1,1,0,0,1.0,0.6,False,,False
M065235,1,0,0,1,-1.0,0.4,False,,False
M000231,1,0,1,0,0.0,0.5,False,,False
M082045,1,0,1,0,0.0,0.5,False,,False
M071275,1,0,0,1,-1.0,0.4,False,,False
M086548,1,1,0,0,1.0,0.6,False,,False
M068335,1,0,1,0,0.0,0.5,False,,False
M059816,1,0,1,0,0.0,0.5,False,,False
M065228,1,1,0,0,1.0,0.6,False,,False
M013124,2,2,0,0,1.0,0.7,False,,False
M064057,2,0,2,0,0.0,0.5,False,,False
M045533,1,1,0,0,1.0,0.6,False,,False
M030532,2,2,0,0,1.0,0.7,False,,False
M078387,2,2,0,0,1.0,0.7,False,,False
M067287,1,1,0,0,1.0,0.6,False,,False
M069678,1,1,0,0,1.0,0.6,False,,False
M024522,1,1,0,0,1.0,0.6,False,,False
M017492,1,0,1,0,0.0,0.5,False,,False
M042345,1,1,0,0,1.0,0.6,False,,False
M089399,1,0,1,0,0.0,0.5,False,,False
M065179,1,1,0,0,1.0,0.6,False,,False
M086839,1,1,0,0,1.0,0.6,False,,False
M072423,1,1,0,0,1.0,0.6,False,,False
M071688,1,1,0,0,1.0,0.6,False,,False
M096334,1,1,0,0,1.0,0.6,False,,False
M099046,1,1,0,0,1.0,0.6,False,,False
M008603,1,1,0,0,1.0,0.6,False,,False
M021313,1,1,0,0,1.0,0.6,False,,False
M066019,1,1,0,0,1.0,0.6,False,,False
M052978,1,1,0,0,1.0,0.6,False,,False
M070689,1,0,1,0,0.0,0.5,False,,False
M069908,2,0,2,0,0.0,0.5,False,,False
M068983,1,1,0,0,1.0,0.6,False,,False
M083882,2,2,0,0,1.0,0.7,False,,False
M069861,1,0,1,0,0.0,0.5,False,,False
M054666,1,0,1,0,0.0,0.5,False,,False
M023956,1,1,0,0,1.0,0.6,False,,False
M047743,1,1,0,0,1.0,0.6,False,,False
M089432,1,1,0,0,1.0,0.6,False,,False
M047932,1,0,0,1,-1.0,0.4,False,,False
M093793,1,1,0,0,1.0,0.6,False,,False
M040654,1,0,1,0,0.0,0.5,False,,False
M037906,1,0,1,0,0.0,0.5,False,,False
M030115,1,0,1,0,0.0,0.5,False,,False
M037873,1,1,0,0,1.0,0.6,False,,False
M025912,1,1,0,0,1.0,0.6,False,,False
M027007,1,1,0,0,1.0,0.6,False,,False
M051057,1,0,1,0,0.0,0.5,False,,False
M083367,1,1,0,0,1.0,0.6,False,,False
M082711,1,0,0,1,-1.0,0.4,False,,False
M091427,1,1,0,0,1.0,0.6,False,,False
M023220,1,0,0,1,-1.0,0.4,False,,False
M094935,1,0,1,0,0.0,0.5,False,,False
M023717,1,1,0,0,1.0,0.6,False,,False
M038488,1,1,0,0,1.0,0.6,False,,False
M095009,1,1,0,0,1.0,0.6,False,,False
M029254,1,0,0,1,-1.0,0.4,False,,False
M078918,1,1,0,0,1.0,0.6,False,,False
M093746,1,0,1,0,0.0,0.5,False,,False
M057659,1,0,1,0,0.0,0.5,False,,False
M071940,1,0,1,0,0.0,0.5,False,,False
M024729,1,0,0,1,-1.0,0.4,False,,False
M096715,2,2,0,0,1.0,0.7,False,,False
M051439,1,1,0,0,1.0,0.6,False,,False
M077523,1,1,0,0,1.0,0.6,False,,False
M039405,2,2,0,0,1.0,0.7,False,,False
M051340,3,0,0,3,-1.0,0.20000000000000004,True,retrieval_count=3>=N_MIN=3 and average_utility=-1.0000<=BETA=-0.2,True
M080067,1,0,1,0,0.0,0.5,False,,False
M099641,2,0,0,2,-1.0,0.30000000000000004,False,,True
M075350,3,0,3,0,0.0,0.5,False,,False
M025863,1,1,0,0,1.0,0.6,False,,False
M028923,1,1,0,0,1.0,0.6,False,,False
M026195,1,1,0,0,1.0,0.6,False,,False
M035276,1,1,0,0,1.0,0.6,False,,False
M027666,1,1,0,0,1.0,0.6,False,,False
M002817,1,0,1,0,0.0,0.5,False,,False
M075462,1,0,1,0,0.0,0.5,False,,False
M099962,1,1,0,0,1.0,0.6,False,,False
M033757,1,1,0,0,1.0,0.6,False,,False
M053293,1,1,0,0,1.0,0.6,False,,False
M046533,1,0,1,0,0.0,0.5,False,,False
M075313,1,0,0,1,-1.0,0.4,False,,False
M043511,1,1,0,0,1.0,0.6,False,,False
M100543,1,0,1,0,0.0,0.5,False,,False
M076679,1,0,1,0,0.0,0.5,False,,False
M018829,1,0,0,1,-1.0,0.4,False,,False
M099305,1,0,0,1,-1.0,0.4,False,,False
M087743,2,0,2,0,0.0,0.5,False,,False
M048754,1,0,1,0,0.0,0.5,False,,False
M066300,1,0,1,0,0.0,0.5,False,,False
M044574,1,1,0,0,1.0,0.6,False,,False
M071443,1,1,0,0,1.0,0.6,False,,False
M014891,1,1,0,0,1.0,0.6,False,,False
M063296,1,1,0,0,1.0,0.6,False,,False
M027063,1,0,1,0,0.0,0.5,False,,False
M010664,1,0,1,0,0.0,0.5,False,,False
M006023,1,1,0,0,1.0,0.6,False,,False
M082688,1,1,0,0,1.0,0.6,False,,False
M078412,1,1,0,0,1.0,0.6,False,,False
M035684,1,1,0,0,1.0,0.6,False,,False
M032475,1,1,0,0,1.0,0.6,False,,False
M029105,1,1,0,0,1.0,0.6,False,,False
M029986,1,1,0,0,1.0,0.6,False,,False
M033873,1,0,0,1,-1.0,0.4,False,,False
M049538,2,2,0,0,1.0,0.7,False,,False
M055055,1,0,1,0,0.0,0.5,False,,False
M075993,1,1,0,0,1.0,0.6,False,,False
M080871,1,1,0,0,1.0,0.6,False,,False
M046477,1,0,0,1,-1.0,0.4,False,,False
M048794,1,0,1,0,0.0,0.5,False,,False
M087390,1,1,0,0,1.0,0.6,False,,False
M082124,1,1,0,0,1.0,0.6,False,,False
M048156,1,0,1,0,0.0,0.5,False,,False
M081388,1,0,1,0,0.0,0.5,False,,False
M022300,1,1,0,0,1.0,0.6,False,,False
M026201,1,0,1,0,0.0,0.5,False,,False
M063497,1,0,1,0,0.0,0.5,False,,False
M025106,1,1,0,0,1.0,0.6,False,,False
M019414,2,0,2,0,0.0,0.5,False,,False
M028698,2,2,0,0,1.0,0.7,False,,False
M046743,1,0,1,0,0.0,0.5,False,,False
M009086,1,1,0,0,1.0,0.6,False,,False
M007446,2,2,0,0,1.0,0.7,False,,False
M029886,1,1,0,0,1.0,0.6,False,,False
M002213,1,0,1,0,0.0,0.5,False,,False
M017016,1,1,0,0,1.0,0.6,False,,False
M018943,1,1,0,0,1.0,0.6,False,,False
M001415,1,0,1,0,0.0,0.5,False,,False
M033616,1,1,0,0,1.0,0.6,False,,False
M082784,2,2,0,0,1.0,0.7,False,,False
M076823,2,2,0,0,1.0,0.7,False,,False
M069881,1,0,1,0,0.0,0.5,False,,False
M092105,1,0,1,0,0.0,0.5,False,,False
M021666,1,0,1,0,0.0,0.5,False,,False
M041195,1,1,0,0,1.0,0.6,False,,False
M057723,1,1,0,0,1.0,0.6,False,,False
M069365,1,0,0,1,-1.0,0.4,False,,False
M079559,1,1,0,0,1.0,0.6,False,,False
M079496,1,1,0,0,1.0,0.6,False,,False
M042339,1,1,0,0,1.0,0.6,False,,False
M072483,1,1,0,0,1.0,0.6,False,,False
M074812,1,1,0,0,1.0,0.6,False,,False
M096475,1,0,1,0,0.0,0.5,False,,False
M066617,1,0,1,0,0.0,0.5,False,,False
M067756,1,1,0,0,1.0,0.6,False,,False
M071509,1,0,1,0,0.0,0.5,False,,False
M058980,1,0,1,0,0.0,0.5,False,,False
M088170,1,1,0,0,1.0,0.6,False,,False
M031596,1,1,0,0,1.0,0.6,False,,False
M042129,1,0,1,0,0.0,0.5,False,,False
M046359,1,0,1,0,0.0,0.5,False,,False
M096481,1,0,1,0,0.0,0.5,False,,False
M046886,1,0,1,0,0.0,0.5,False,,False
M073948,1,0,1,0,0.0,0.5,False,,False
M048268,1,1,0,0,1.0,0.6,False,,False
M065634,1,1,0,0,1.0,0.6,False,,False
M049241,1,1,0,0,1.0,0.6,False,,False
M049004,1,1,0,0,1.0,0.6,False,,False
M022728,1,1,0,0,1.0,0.6,False,,False
M009184,1,1,0,0,1.0,0.6,False,,False
M013366,1,1,0,0,1.0,0.6,False,,False
M080147,1,1,0,0,1.0,0.6,False,,False
M017136,1,0,1,0,0.0,0.5,False,,False
M097899,1,0,1,0,0.0,0.5,False,,False
M096335,1,0,0,1,-1.0,0.4,False,,False
M060997,1,0,1,0,0.0,0.5,False,,False
M071955,1,0,0,1,-1.0,0.4,False,,False
M073798,1,0,0,1,-1.0,0.4,False,,False
M083298,1,1,0,0,1.0,0.6,False,,False
M087851,1,1,0,0,1.0,0.6,False,,False
M019203,1,1,0,0,1.0,0.6,False,,False
M019961,1,1,0,0,1.0,0.6,False,,False
M019957,1,0,1,0,0.0,0.5,False,,False
M067947,1,0,1,0,0.0,0.5,False,,False
M004629,1,1,0,0,1.0,0.6,False,,False
M023272,1,1,0,0,1.0,0.6,False,,False
M075154,1,1,0,0,1.0,0.6,False,,False
M100206,1,1,0,0,1.0,0.6,False,,False
M077739,1,1,0,0,1.0,0.6,False,,False
M007727,1,1,0,0,1.0,0.6,False,,False
M062729,1,1,0,0,1.0,0.6,False,,False
M048168,1,1,0,0,1.0,0.6,False,,False
M002037,1,1,0,0,1.0,0.6,False,,False
M015520,1,0,1,0,0.0,0.5,False,,False
M008871,1,1,0,0,1.0,0.6,False,,False
M020482,1,0,0,1,-1.0,0.4,False,,False
M022122,1,0,1,0,0.0,0.5,False,,False
M045414,1,0,0,1,-1.0,0.4,False,,False
M093518,1,1,0,0,1.0,0.6,False,,False
M077819,1,0,1,0,0.0,0.5,False,,False
M080026,1,0,1,0,0.0,0.5,False,,False
M060686,1,0,0,1,-1.0,0.4,False,,False
M048513,1,1,0,0,1.0,0.6,False,,False
M016607,1,0,1,0,0.0,0.5,False,,False
M012998,1,1,0,0,1.0,0.6,False,,False
M019274,1,0,1,0,0.0,0.5,False,,False
M012264,1,0,1,0,0.0,0.5,False,,False
M098523,2,2,0,0,1.0,0.7,False,,False
M080438,1,0,1,0,0.0,0.5,False,,False
M080504,1,1,0,0,1.0,0.6,False,,False
M013354,1,0,0,1,-1.0,0.4,False,,False
M088933,1,0,1,0,0.0,0.5,False,,False
M048528,3,3,0,0,1.0,0.7999999999999999,False,,False
M050987,1,1,0,0,1.0,0.6,False,,False
M054043,1,1,0,0,1.0,0.6,False,,False
M048053,2,0,2,0,0.0,0.5,False,,False
M055769,1,1,0,0,1.0,0.6,False,,False
M000834,1,1,0,0,1.0,0.6,False,,False
M000589,1,1,0,0,1.0,0.6,False,,False
M000498,1,0,1,0,0.0,0.5,False,,False
M000277,1,1,0,0,1.0,0.6,False,,False
M000270,1,1,0,0,1.0,0.6,False,,False
M018026,1,1,0,0,1.0,0.6,False,,False
M049318,1,1,0,0,1.0,0.6,False,,False
M037111,1,1,0,0,1.0,0.6,False,,False
M029219,1,1,0,0,1.0,0.6,False,,False
M021175,1,1,0,0,1.0,0.6,False,,False
M013754,1,0,0,1,-1.0,0.4,False,,False
M091243,1,0,0,1,-1.0,0.4,False,,False
M003729,1,1,0,0,1.0,0.6,False,,False
M066728,1,1,0,0,1.0,0.6,False,,False
M067991,1,0,1,0,0.0,0.5,False,,False
M009839,1,1,0,0,1.0,0.6,False,,False
M087253,1,1,0,0,1.0,0.6,False,,False
M095627,1,1,0,0,1.0,0.6,False,,False
M084386,1,1,0,0,1.0,0.6,False,,False
M099955,1,0,1,0,0.0,0.5,False,,False
M089623,1,0,1,0,0.0,0.5,False,,False
M035628,1,0,1,0,0.0,0.5,False,,False
M069784,1,0,1,0,0.0,0.5,False,,False
M098594,1,1,0,0,1.0,0.6,False,,False
M071166,1,0,1,0,0.0,0.5,False,,False
M042985,1,0,1,0,0.0,0.5,False,,False
M076472,1,0,1,0,0.0,0.5,False,,False
M043028,2,2,0,0,1.0,0.7,False,,False
M037750,1,1,0,0,1.0,0.6,False,,False
M002922,1,1,0,0,1.0,0.6,False,,False
M044328,1,1,0,0,1.0,0.6,False,,False
M024601,1,0,0,1,-1.0,0.4,False,,False
M042203,1,0,1,0,0.0,0.5,False,,False
M089331,1,1,0,0,1.0,0.6,False,,False
M039410,1,1,0,0,1.0,0.6,False,,False
M035448,1,1,0,0,1.0,0.6,False,,False
M085044,1,1,0,0,1.0,0.6,False,,False
M018669,1,0,1,0,0.0,0.5,False,,False
M087521,1,1,0,0,1.0,0.6,False,,False
M074428,1,0,0,1,-1.0,0.4,False,,False
M075182,1,0,1,0,0.0,0.5,False,,False
M047044,1,0,1,0,0.0,0.5,False,,False
M042383,1,0,1,0,0.0,0.5,False,,False
M046627,1,0,1,0,0.0,0.5,False,,False
M095811,1,0,1,0,0.0,0.5,False,,False
M087800,1,1,0,0,1.0,0.6,False,,False
M083356,1,1,0,0,1.0,0.6,False,,False
M101683,1,1,0,0,1.0,0.6,False,,False
M053532,1,0,1,0,0.0,0.5,False,,False
M091876,1,0,1,0,0.0,0.5,False,,False
M095932,1,1,0,0,1.0,0.6,False,,False
M066665,1,0,1,0,0.0,0.5,False,,False
M047891,1,1,0,0,1.0,0.6,False,,False
M089925,1,0,1,0,0.0,0.5,False,,False
M004045,1,0,1,0,0.0,0.5,False,,False
M003125,1,1,0,0,1.0,0.6,False,,False
M031952,1,1,0,0,1.0,0.6,False,,False
M038675,1,1,0,0,1.0,0.6,False,,False
M016494,1,1,0,0,1.0,0.6,False,,False
M078108,1,1,0,0,1.0,0.6,False,,False
M006206,1,0,1,0,0.0,0.5,False,,False
M098034,1,1,0,0,1.0,0.6,False,,False
M068235,1,0,1,0,0.0,0.5,False,,False
M060361,1,0,1,0,0.0,0.5,False,,False
M046690,2,0,0,2,-1.0,0.30000000000000004,False,,True
M063593,2,0,2,0,0.0,0.5,False,,False
M064664,1,0,1,0,0.0,0.5,False,,False
M053688,1,1,0,0,1.0,0.6,False,,False
M066919,1,1,0,0,1.0,0.6,False,,False
M000219,1,0,1,0,0.0,0.5,False,,False
M000978,1,1,0,0,1.0,0.6,False,,False
M101269,1,1,0,0,1.0,0.6,False,,False
M056392,1,0,1,0,0.0,0.5,False,,False
M090701,1,1,0,0,1.0,0.6,False,,False
M080369,1,1,0,0,1.0,0.6,False,,False
M051349,1,0,0,1,-1.0,0.4,False,,False
M073012,2,2,0,0,1.0,0.7,False,,False
M099943,1,1,0,0,1.0,0.6,False,,False
M061747,1,1,0,0,1.0,0.6,False,,False
M079284,1,1,0,0,1.0,0.6,False,,False
M098471,2,2,0,0,1.0,0.7,False,,False
M076101,1,0,0,1,-1.0,0.4,False,,False
M065900,1,0,1,0,0.0,0.5,False,,False
M093345,1,0,1,0,0.0,0.5,False,,False
M066504,1,0,1,0,0.0,0.5,False,,False
M100188,1,1,0,0,1.0,0.6,False,,False
M088867,1,0,1,0,0.0,0.5,False,,False
M044441,1,1,0,0,1.0,0.6,False,,False
M060512,1,1,0,0,1.0,0.6,False,,False
M099847,1,1,0,0,1.0,0.6,False,,False
M049342,1,1,0,0,1.0,0.6,False,,False
M062600,1,0,0,1,-1.0,0.4,False,,False
M093333,1,1,0,0,1.0,0.6,False,,False
M043626,1,1,0,0,1.0,0.6,False,,False
M025811,1,1,0,0,1.0,0.6,False,,False
M059126,2,2,0,0,1.0,0.7,False,,False
M003585,2,2,0,0,1.0,0.7,False,,False
M100970,1,0,1,0,0.0,0.5,False,,False
M055722,1,1,0,0,1.0,0.6,False,,False
M026209,1,1,0,0,1.0,0.6,False,,False
M004037,1,0,1,0,0.0,0.5,False,,False
M013293,1,0,1,0,0.0,0.5,False,,False
M065314,1,0,0,1,-1.0,0.4,False,,False
M027906,1,1,0,0,1.0,0.6,False,,False
M027620,1,0,0,1,-1.0,0.4,False,,False
M034761,1,1,0,0,1.0,0.6,False,,False
M028157,1,1,0,0,1.0,0.6,False,,False
M026933,1,0,1,0,0.0,0.5,False,,False
M035928,1,0,1,0,0.0,0.5,False,,False
M070625,1,0,0,1,-1.0,0.4,False,,False
M056777,1,0,0,1,-1.0,0.4,False,,False
M069076,1,1,0,0,1.0,0.6,False,,False
M050748,1,0,1,0,0.0,0.5,False,,False
M077825,1,0,0,1,-1.0,0.4,False,,False
M096830,1,1,0,0,1.0,0.6,False,,False
M085526,1,0,0,1,-1.0,0.4,False,,False
M087585,1,0,1,0,0.0,0.5,False,,False
M078171,2,2,0,0,1.0,0.7,False,,False
M064770,1,1,0,0,1.0,0.6,False,,False
M007648,1,0,1,0,0.0,0.5,False,,False
M043703,1,1,0,0,1.0,0.6,False,,False
M022378,2,2,0,0,1.0,0.7,False,,False
M072546,1,1,0,0,1.0,0.6,False,,False
M047865,1,0,1,0,0.0,0.5,False,,False
M089262,1,1,0,0,1.0,0.6,False,,False
M086269,1,0,1,0,0.0,0.5,False,,False
M035869,1,0,1,0,0.0,0.5,False,,False
M042883,1,1,0,0,1.0,0.6,False,,False
M050581,1,0,1,0,0.0,0.5,False,,False
M071983,1,0,0,1,-1.0,0.4,False,,False
M037920,1,0,1,0,0.0,0.5,False,,False
M010719,1,1,0,0,1.0,0.6,False,,False
M080296,1,1,0,0,1.0,0.6,False,,False
M033612,1,1,0,0,1.0,0.6,False,,False
M071342,1,0,1,0,0.0,0.5,False,,False
M028516,1,1,0,0,1.0,0.6,False,,False
M053714,1,1,0,0,1.0,0.6,False,,False
M097754,1,1,0,0,1.0,0.6,False,,False
M096460,1,1,0,0,1.0,0.6,False,,False
M079766,1,0,1,0,0.0,0.5,False,,False
M019454,1,0,0,1,-1.0,0.4,False,,False
M053824,1,0,1,0,0.0,0.5,False,,False
M083871,2,2,0,0,1.0,0.7,False,,False
M078791,1,1,0,0,1.0,0.6,False,,False
M043086,1,0,1,0,0.0,0.5,False,,False
M031697,1,0,1,0,0.0,0.5,False,,False
M097347,1,1,0,0,1.0,0.6,False,,False
M009180,2,2,0,0,1.0,0.7,False,,False
M057614,2,2,0,0,1.0,0.7,False,,False
M088769,1,1,0,0,1.0,0.6,False,,False
M001973,2,2,0,0,1.0,0.7,False,,False
M064648,1,1,0,0,1.0,0.6,False,,False
M016095,1,1,0,0,1.0,0.6,False,,False
M002224,1,0,1,0,0.0,0.5,False,,False
M044320,1,1,0,0,1.0,0.6,False,,False
M036034,2,2,0,0,1.0,0.7,False,,False
M032650,1,0,1,0,0.0,0.5,False,,False
M050006,2,2,0,0,1.0,0.7,False,,False
M055424,1,1,0,0,1.0,0.6,False,,False
M051192,1,0,1,0,0.0,0.5,False,,False
M055458,1,0,1,0,0.0,0.5,False,,False
M070261,1,0,1,0,0.0,0.5,False,,False
M086470,1,1,0,0,1.0,0.6,False,,False
M055399,2,0,2,0,0.0,0.5,False,,False
M054808,1,0,1,0,0.0,0.5,False,,False
M042416,1,0,1,0,0.0,0.5,False,,False
M039921,1,0,0,1,-1.0,0.4,False,,False
M084267,1,0,0,1,-1.0,0.4,False,,False
M097233,1,1,0,0,1.0,0.6,False,,False
M051302,1,1,0,0,1.0,0.6,False,,False
M054208,1,1,0,0,1.0,0.6,False,,False
M005883,1,1,0,0,1.0,0.6,False,,False
M087437,1,0,0,1,-1.0,0.4,False,,False
M073297,1,1,0,0,1.0,0.6,False,,False
M097943,1,0,1,0,0.0,0.5,False,,False
M056221,1,1,0,0,1.0,0.6,False,,False
M067671,1,1,0,0,1.0,0.6,False,,False
M037624,1,1,0,0,1.0,0.6,False,,False
M059898,1,0,0,1,-1.0,0.4,False,,False
M021798,1,0,0,1,-1.0,0.4,False,,False
M066218,1,0,0,1,-1.0,0.4,False,,False
M063605,1,0,0,1,-1.0,0.4,False,,False
M085160,1,1,0,0,1.0,0.6,False,,False
M058226,1,0,0,1,-1.0,0.4,False,,False
M098306,1,0,1,0,0.0,0.5,False,,False
M076438,1,0,1,0,0.0,0.5,False,,False
M005018,1,0,0,1,-1.0,0.4,False,,False
M060725,1,0,1,0,0.0,0.5,False,,False
M054502,1,1,0,0,1.0,0.6,False,,False
M100852,1,0,0,1,-1.0,0.4,False,,False
M099701,1,0,1,0,0.0,0.5,False,,False
M095638,1,1,0,0,1.0,0.6,False,,False
M059641,1,0,1,0,0.0,0.5,False,,False
M086873,1,1,0,0,1.0,0.6,False,,False
M015035,1,0,1,0,0.0,0.5,False,,False
M086519,2,2,0,0,1.0,0.7,False,,False
M083266,2,2,0,0,1.0,0.7,False,,False
M073141,2,0,2,0,0.0,0.5,False,,False
M083114,1,1,0,0,1.0,0.6,False,,False
M089690,1,0,1,0,0.0,0.5,False,,False
M003825,1,0,1,0,0.0,0.5,False,,False
M084643,1,0,1,0,0.0,0.5,False,,False
M008891,1,0,0,1,-1.0,0.4,False,,False
M016038,1,1,0,0,1.0,0.6,False,,False
M019272,1,0,1,0,0.0,0.5,False,,False
M025624,1,1,0,0,1.0,0.6,False,,False
M027585,1,1,0,0,1.0,0.6,False,,False
M094183,1,0,1,0,0.0,0.5,False,,False
M057822,1,1,0,0,1.0,0.6,False,,False
M060189,1,0,0,1,-1.0,0.4,False,,False
M084787,1,1,0,0,1.0,0.6,False,,False
M094756,1,0,0,1,-1.0,0.4,False,,False
M015455,2,0,2,0,0.0,0.5,False,,False
M018161,2,2,0,0,1.0,0.7,False,,False
M011257,1,1,0,0,1.0,0.6,False,,False
M076039,1,1,0,0,1.0,0.6,False,,False
M085689,1,1,0,0,1.0,0.6,False,,False
M031611,1,1,0,0,1.0,0.6,False,,False
M037628,1,1,0,0,1.0,0.6,False,,False
M014630,1,1,0,0,1.0,0.6,False,,False
M003006,1,1,0,0,1.0,0.6,False,,False
M042171,1,0,1,0,0.0,0.5,False,,False
M075829,1,0,1,0,0.0,0.5,False,,False
M097611,2,0,2,0,0.0,0.5,False,,False
M018275,1,1,0,0,1.0,0.6,False,,False
M094023,1,0,1,0,0.0,0.5,False,,False
M016237,1,0,0,1,-1.0,0.4,False,,False
M053829,1,1,0,0,1.0,0.6,False,,False
M050013,1,0,1,0,0.0,0.5,False,,False
M018882,1,1,0,0,1.0,0.6,False,,False
M014778,1,1,0,0,1.0,0.6,False,,False
M091499,1,0,1,0,0.0,0.5,False,,False
M094650,1,0,1,0,0.0,0.5,False,,False
M065640,1,0,1,0,0.0,0.5,False,,False
M062189,1,1,0,0,1.0,0.6,False,,False
M019748,1,1,0,0,1.0,0.6,False,,False
M043300,1,1,0,0,1.0,0.6,False,,False
M030543,1,1,0,0,1.0,0.6,False,,False
M030927,1,1,0,0,1.0,0.6,False,,False
M030520,1,1,0,0,1.0,0.6,False,,False
M034872,1,0,1,0,0.0,0.5,False,,False
M062401,1,1,0,0,1.0,0.6,False,,False
M011681,1,0,1,0,0.0,0.5,False,,False
M028368,1,0,1,0,0.0,0.5,False,,False
M030230,1,0,1,0,0.0,0.5,False,,False
M002447,1,0,1,0,0.0,0.5,False,,False
M002819,1,0,1,0,0.0,0.5,False,,False
M097789,1,0,1,0,0.0,0.5,False,,False
M061300,1,1,0,0,1.0,0.6,False,,False
M070192,1,0,1,0,0.0,0.5,False,,False
M091279,1,0,1,0,0.0,0.5,False,,False
M023428,1,1,0,0,1.0,0.6,False,,False
M049391,1,0,1,0,0.0,0.5,False,,False
M027784,1,1,0,0,1.0,0.6,False,,False
M058748,1,1,0,0,1.0,0.6,False,,False
M034460,1,0,1,0,0.0,0.5,False,,False
M070597,1,0,0,1,-1.0,0.4,False,,False
M066246,1,1,0,0,1.0,0.6,False,,False
M078386,1,1,0,0,1.0,0.6,False,,False
M072700,1,1,0,0,1.0,0.6,False,,False
M010464,2,2,0,0,1.0,0.7,False,,False
M016905,1,1,0,0,1.0,0.6,False,,False
M022520,1,1,0,0,1.0,0.6,False,,False
M088964,1,0,1,0,0.0,0.5,False,,False
M021650,1,1,0,0,1.0,0.6,False,,False
M012965,1,1,0,0,1.0,0.6,False,,False
M093758,1,1,0,0,1.0,0.6,False,,False
M094491,1,1,0,0,1.0,0.6,False,,False
M089598,1,0,1,0,0.0,0.5,False,,False
M099745,1,0,1,0,0.0,0.5,False,,False
M050429,1,0,1,0,0.0,0.5,False,,False
M037656,2,0,2,0,0.0,0.5,False,,False
M023434,1,0,1,0,0.0,0.5,False,,False
M090604,1,0,0,1,-1.0,0.4,False,,False
M049397,1,0,0,1,-1.0,0.4,False,,False
M049842,1,0,0,1,-1.0,0.4,False,,False
M026194,1,0,1,0,0.0,0.5,False,,False
M033122,1,0,0,1,-1.0,0.4,False,,False
M015120,1,0,1,0,0.0,0.5,False,,False
M031131,2,0,2,0,0.0,0.5,False,,False
M082970,1,1,0,0,1.0,0.6,False,,False
M074006,1,1,0,0,1.0,0.6,False,,False
M086084,1,0,0,1,-1.0,0.4,False,,False
M100929,1,1,0,0,1.0,0.6,False,,False
M093932,1,1,0,0,1.0,0.6,False,,False
M016576,1,0,1,0,0.0,0.5,False,,False
M041189,1,0,1,0,0.0,0.5,False,,False
M022632,1,0,1,0,0.0,0.5,False,,False
M019049,1,0,0,1,-1.0,0.4,False,,False
M049410,2,2,0,0,1.0,0.7,False,,False
M064574,1,0,1,0,0.0,0.5,False,,False
M070268,1,0,0,1,-1.0,0.4,False,,False
M064963,1,0,1,0,0.0,0.5,False,,False
M070262,1,0,1,0,0.0,0.5,False,,False
M055867,2,0,2,0,0.0,0.5,False,,False
M056160,1,0,0,1,-1.0,0.4,False,,False
M074784,1,0,1,0,0.0,0.5,False,,False
M050960,1,1,0,0,1.0,0.6,False,,False
M057824,1,0,0,1,-1.0,0.4,False,,False
M052806,1,0,1,0,0.0,0.5,False,,False
M039739,1,0,1,0,0.0,0.5,False,,False
M085696,1,1,0,0,1.0,0.6,False,,False
M078729,1,0,1,0,0.0,0.5,False,,False
M094530,1,1,0,0,1.0,0.6,False,,False
M040244,1,0,0,1,-1.0,0.4,False,,False
M087803,1,1,0,0,1.0,0.6,False,,False
M099400,1,0,1,0,0.0,0.5,False,,False
M019092,1,1,0,0,1.0,0.6,False,,False
M043741,2,2,0,0,1.0,0.7,False,,False
M055590,1,1,0,0,1.0,0.6,False,,False
M023633,1,0,1,0,0.0,0.5,False,,False
M065376,2,2,0,0,1.0,0.7,False,,False
M001815,2,0,2,0,0.0,0.5,False,,False
M048411,1,1,0,0,1.0,0.6,False,,False
M087492,1,1,0,0,1.0,0.6,False,,False
M059180,1,1,0,0,1.0,0.6,False,,False
M089226,1,1,0,0,1.0,0.6,False,,False
M000865,1,0,1,0,0.0,0.5,False,,False
M095842,1,1,0,0,1.0,0.6,False,,False
M090456,1,1,0,0,1.0,0.6,False,,False
M062993,1,1,0,0,1.0,0.6,False,,False
M077297,1,1,0,0,1.0,0.6,False,,False
M044199,1,1,0,0,1.0,0.6,False,,False
M015074,1,1,0,0,1.0,0.6,False,,False
M060187,2,0,2,0,0.0,0.5,False,,False
M083078,1,0,1,0,0.0,0.5,False,,False
M070525,1,0,1,0,0.0,0.5,False,,False
M044206,1,1,0,0,1.0,0.6,False,,False
M088410,1,0,1,0,0.0,0.5,False,,False
M039268,2,0,2,0,0.0,0.5,False,,False
M035479,2,2,0,0,1.0,0.7,False,,False
M048768,2,0,2,0,0.0,0.5,False,,False
M032254,1,1,0,0,1.0,0.6,False,,False
M035786,2,2,0,0,1.0,0.7,False,,False
M079461,1,1,0,0,1.0,0.6,False,,False
M018608,1,0,1,0,0.0,0.5,False,,False
M083030,1,1,0,0,1.0,0.6,False,,False
M011394,1,1,0,0,1.0,0.6,False,,False
M046601,1,0,0,1,-1.0,0.4,False,,False
M017994,2,2,0,0,1.0,0.7,False,,False
M022954,1,1,0,0,1.0,0.6,False,,False
M096901,1,1,0,0,1.0,0.6,False,,False
M086134,1,1,0,0,1.0,0.6,False,,False
M038116,1,1,0,0,1.0,0.6,False,,False
M055660,1,0,1,0,0.0,0.5,False,,False
M064539,1,0,1,0,0.0,0.5,False,,False
M064546,1,1,0,0,1.0,0.6,False,,False
M023229,1,0,1,0,0.0,0.5,False,,False
M050126,1,1,0,0,1.0,0.6,False,,False
M036282,1,1,0,0,1.0,0.6,False,,False
M005000,1,0,1,0,0.0,0.5,False,,False
M056175,1,0,1,0,0.0,0.5,False,,False
M034072,1,1,0,0,1.0,0.6,False,,False
M027921,1,1,0,0,1.0,0.6,False,,False
M075160,2,2,0,0,1.0,0.7,False,,False
M042209,2,0,2,0,0.0,0.5,False,,False
M055605,1,0,0,1,-1.0,0.4,False,,False
M074052,1,0,1,0,0.0,0.5,False,,False
M000538,1,0,1,0,0.0,0.5,False,,False
M001537,1,1,0,0,1.0,0.6,False,,False
M080751,1,1,0,0,1.0,0.6,False,,False
M012563,1,1,0,0,1.0,0.6,False,,False
M097493,2,2,0,0,1.0,0.7,False,,False
M091171,2,2,0,0,1.0,0.7,False,,False
M097641,2,2,0,0,1.0,0.7,False,,False
M068097,1,1,0,0,1.0,0.6,False,,False
M027378,1,1,0,0,1.0,0.6,False,,False
M026649,1,0,1,0,0.0,0.5,False,,False
M019704,1,1,0,0,1.0,0.6,False,,False
M087815,1,1,0,0,1.0,0.6,False,,False
M095187,1,1,0,0,1.0,0.6,False,,False
M013527,1,0,1,0,0.0,0.5,False,,False
M033974,1,0,1,0,0.0,0.5,False,,False
M097285,1,1,0,0,1.0,0.6,False,,False
M072212,1,0,1,0,0.0,0.5,False,,False
M068682,2,2,0,0,1.0,0.7,False,,False
M065566,1,1,0,0,1.0,0.6,False,,False
M006226,1,1,0,0,1.0,0.6,False,,False
M014149,1,1,0,0,1.0,0.6,False,,False
M001550,1,0,0,1,-1.0,0.4,False,,False
M000210,1,0,1,0,0.0,0.5,False,,False
M000006,1,1,0,0,1.0,0.6,False,,False
M066798,1,1,0,0,1.0,0.6,False,,False
M041249,1,0,1,0,0.0,0.5,False,,False
M053876,1,1,0,0,1.0,0.6,False,,False
M024878,1,1,0,0,1.0,0.6,False,,False
M054247,1,1,0,0,1.0,0.6,False,,False
M070176,1,1,0,0,1.0,0.6,False,,False
M085818,1,1,0,0,1.0,0.6,False,,False
M082683,1,0,0,1,-1.0,0.4,False,,False
M004210,1,1,0,0,1.0,0.6,False,,False
M084638,1,1,0,0,1.0,0.6,False,,False
M028101,1,1,0,0,1.0,0.6,False,,False
M080053,1,1,0,0,1.0,0.6,False,,False
M069261,1,1,0,0,1.0,0.6,False,,False
M080406,1,1,0,0,1.0,0.6,False,,False
M025552,1,1,0,0,1.0,0.6,False,,False
M006918,1,0,0,1,-1.0,0.4,False,,False
M019973,1,0,0,1,-1.0,0.4,False,,False
M062665,1,1,0,0,1.0,0.6,False,,False
M013025,1,1,0,0,1.0,0.6,False,,False
M019642,1,0,0,1,-1.0,0.4,False,,False
M040339,1,0,0,1,-1.0,0.4,False,,False
M008245,1,0,1,0,0.0,0.5,False,,False
M036966,1,1,0,0,1.0,0.6,False,,False
M022840,1,1,0,0,1.0,0.6,False,,False
M018221,1,1,0,0,1.0,0.6,False,,False
M010974,1,1,0,0,1.0,0.6,False,,False
M056225,1,1,0,0,1.0,0.6,False,,False
M052451,1,1,0,0,1.0,0.6,False,,False
M011275,1,0,1,0,0.0,0.5,False,,False
M036022,1,1,0,0,1.0,0.6,False,,False
M027813,1,0,1,0,0.0,0.5,False,,False
M014086,1,0,1,0,0.0,0.5,False,,False
M096599,1,1,0,0,1.0,0.6,False,,False
M098726,1,1,0,0,1.0,0.6,False,,False
M077965,2,0,2,0,0.0,0.5,False,,False
M070088,2,0,2,0,0.0,0.5,False,,False
M085706,1,1,0,0,1.0,0.6,False,,False
M021022,1,0,1,0,0.0,0.5,False,,False
M055363,1,1,0,0,1.0,0.6,False,,False
M034014,1,0,1,0,0.0,0.5,False,,False
M083099,1,1,0,0,1.0,0.6,False,,False
M095665,1,0,1,0,0.0,0.5,False,,False
M054091,1,1,0,0,1.0,0.6,False,,False
M094747,1,0,1,0,0.0,0.5,False,,False
M082146,1,1,0,0,1.0,0.6,False,,False
M008674,1,1,0,0,1.0,0.6,False,,False
M053434,1,0,1,0,0.0,0.5,False,,False
M068396,1,0,1,0,0.0,0.5,False,,False
M069625,1,0,1,0,0.0,0.5,False,,False
M049265,1,1,0,0,1.0,0.6,False,,False
M016741,1,1,0,0,1.0,0.6,False,,False
M027535,1,0,1,0,0.0,0.5,False,,False
M054484,2,2,0,0,1.0,0.7,False,,False
M072835,1,0,1,0,0.0,0.5,False,,False
M100566,1,1,0,0,1.0,0.6,False,,False
M039827,3,3,0,0,1.0,0.7999999999999999,False,,False
M058129,2,0,2,0,0.0,0.5,False,,False
M017771,1,1,0,0,1.0,0.6,False,,False
M006189,1,1,0,0,1.0,0.6,False,,False
M006462,1,0,1,0,0.0,0.5,False,,False
M089053,1,1,0,0,1.0,0.6,False,,False
M015415,1,0,0,1,-1.0,0.4,False,,False
M069612,1,0,1,0,0.0,0.5,False,,False
M002661,1,0,1,0,0.0,0.5,False,,False
M061240,1,0,1,0,0.0,0.5,False,,False
M028441,1,1,0,0,1.0,0.6,False,,False
M040382,1,0,1,0,0.0,0.5,False,,False
M087531,1,1,0,0,1.0,0.6,False,,False
M085432,1,1,0,0,1.0,0.6,False,,False
M053881,1,1,0,0,1.0,0.6,False,,False
M094741,2,2,0,0,1.0,0.7,False,,False
M100965,1,0,1,0,0.0,0.5,False,,False
M067038,1,1,0,0,1.0,0.6,False,,False
M083916,1,0,1,0,0.0,0.5,False,,False
M077988,1,1,0,0,1.0,0.6,False,,False
M009931,3,0,3,0,0.0,0.5,False,,False
M018009,2,0,2,0,0.0,0.5,False,,False
M100888,1,1,0,0,1.0,0.6,False,,False
M076015,1,1,0,0,1.0,0.6,False,,False
M085511,2,0,2,0,0.0,0.5,False,,False
M089943,2,2,0,0,1.0,0.7,False,,False
M076638,2,2,0,0,1.0,0.7,False,,False
M006708,2,0,0,2,-1.0,0.30000000000000004,False,,True
M019190,1,1,0,0,1.0,0.6,False,,False
M022959,1,0,1,0,0.0,0.5,False,,False
M052845,1,1,0,0,1.0,0.6,False,,False
M032910,1,0,1,0,0.0,0.5,False,,False
M018544,1,0,0,1,-1.0,0.4,False,,False
M043139,1,0,1,0,0.0,0.5,False,,False
M039734,1,0,1,0,0.0,0.5,False,,False
M074152,1,1,0,0,1.0,0.6,False,,False
M040567,1,0,1,0,0.0,0.5,False,,False
M011796,1,1,0,0,1.0,0.6,False,,False
M089694,1,0,1,0,0.0,0.5,False,,False
M057043,2,2,0,0,1.0,0.7,False,,False
M007603,1,1,0,0,1.0,0.6,False,,False
M016470,2,2,0,0,1.0,0.7,False,,False
M069226,1,1,0,0,1.0,0.6,False,,False
M069469,1,0,0,1,-1.0,0.4,False,,False
M086115,1,1,0,0,1.0,0.6,False,,False
M098453,1,0,1,0,0.0,0.5,False,,False
M065782,1,1,0,0,1.0,0.6,False,,False
M041173,1,1,0,0,1.0,0.6,False,,False
M029422,1,1,0,0,1.0,0.6,False,,False
M000048,1,1,0,0,1.0,0.6,False,,False
M081394,1,0,1,0,0.0,0.5,False,,False
M088105,1,0,1,0,0.0,0.5,False,,False
M077378,1,0,1,0,0.0,0.5,False,,False
M056427,1,0,1,0,0.0,0.5,False,,False
M080229,1,0,1,0,0.0,0.5,False,,False
M090449,1,0,1,0,0.0,0.5,False,,False
M027809,1,0,1,0,0.0,0.5,False,,False
M001944,1,0,1,0,0.0,0.5,False,,False
M041669,1,0,1,0,0.0,0.5,False,,False
M054975,2,0,2,0,0.0,0.5,False,,False
M009234,1,0,0,1,-1.0,0.4,False,,False
M012554,1,0,1,0,0.0,0.5,False,,False
M019845,1,1,0,0,1.0,0.6,False,,False
M019275,1,0,1,0,0.0,0.5,False,,False
M008202,1,1,0,0,1.0,0.6,False,,False
M092255,1,1,0,0,1.0,0.6,False,,False
M055529,1,1,0,0,1.0,0.6,False,,False
M096464,1,1,0,0,1.0,0.6,False,,False
M038763,1,1,0,0,1.0,0.6,False,,False
M059621,1,1,0,0,1.0,0.6,False,,False
M037001,1,1,0,0,1.0,0.6,False,,False
M047684,1,0,1,0,0.0,0.5,False,,False
M083485,1,0,0,1,-1.0,0.4,False,,False
M095649,1,1,0,0,1.0,0.6,False,,False
M087041,1,1,0,0,1.0,0.6,False,,False
M101332,1,1,0,0,1.0,0.6,False,,False
M020776,1,0,1,0,0.0,0.5,False,,False
M092394,1,1,0,0,1.0,0.6,False,,False
M011639,1,1,0,0,1.0,0.6,False,,False
M077596,1,0,1,0,0.0,0.5,False,,False
M081022,1,0,1,0,0.0,0.5,False,,False
M051886,1,1,0,0,1.0,0.6,False,,False
M089763,1,0,0,1,-1.0,0.4,False,,False
M074989,1,0,0,1,-1.0,0.4,False,,False
M074390,1,0,1,0,0.0,0.5,False,,False
M040413,1,1,0,0,1.0,0.6,False,,False
M025974,1,0,1,0,0.0,0.5,False,,False
M061866,1,1,0,0,1.0,0.6,False,,False
M065928,1,1,0,0,1.0,0.6,False,,False
M025657,1,0,1,0,0.0,0.5,False,,False
M095614,1,0,1,0,0.0,0.5,False,,False
M054193,1,0,0,1,-1.0,0.4,False,,False
M053859,1,1,0,0,1.0,0.6,False,,False
M068377,2,0,2,0,0.0,0.5,False,,False
M029337,1,1,0,0,1.0,0.6,False,,False
M043538,1,0,0,1,-1.0,0.4,False,,False
M012165,2,0,2,0,0.0,0.5,False,,False
M009894,1,1,0,0,1.0,0.6,False,,False
M018484,1,1,0,0,1.0,0.6,False,,False
M047037,1,0,1,0,0.0,0.5,False,,False
M002960,1,1,0,0,1.0,0.6,False,,False
M025938,1,0,0,1,-1.0,0.4,False,,False
M001818,1,0,1,0,0.0,0.5,False,,False
M037954,1,1,0,0,1.0,0.6,False,,False
M012568,1,1,0,0,1.0,0.6,False,,False
M041941,1,0,0,1,-1.0,0.4,False,,False
M002101,1,0,1,0,0.0,0.5,False,,False
M060254,1,1,0,0,1.0,0.6,False,,False
M064034,1,1,0,0,1.0,0.6,False,,False
M053882,1,1,0,0,1.0,0.6,False,,False
M067435,1,0,1,0,0.0,0.5,False,,False
M067116,1,0,1,0,0.0,0.5,False,,False
M011895,1,1,0,0,1.0,0.6,False,,False
M024101,1,1,0,0,1.0,0.6,False,,False
M013882,1,1,0,0,1.0,0.6,False,,False
M047419,1,0,1,0,0.0,0.5,False,,False
M050063,1,1,0,0,1.0,0.6,False,,False
M038262,1,1,0,0,1.0,0.6,False,,False
M002558,1,0,1,0,0.0,0.5,False,,False
M020004,1,0,0,1,-1.0,0.4,False,,False
M026478,1,0,1,0,0.0,0.5,False,,False
M005136,1,1,0,0,1.0,0.6,False,,False
M082988,1,1,0,0,1.0,0.6,False,,False
M050258,1,0,1,0,0.0,0.5,False,,False
M044010,1,0,1,0,0.0,0.5,False,,False
M039598,1,1,0,0,1.0,0.6,False,,False
M016949,1,1,0,0,1.0,0.6,False,,False
M048359,1,1,0,0,1.0,0.6,False,,False
M034068,1,1,0,0,1.0,0.6,False,,False
M094208,1,1,0,0,1.0,0.6,False,,False
M014511,1,0,1,0,0.0,0.5,False,,False
M033531,1,1,0,0,1.0,0.6,False,,False
M026514,1,1,0,0,1.0,0.6,False,,False
M055789,1,1,0,0,1.0,0.6,False,,False
M055795,1,1,0,0,1.0,0.6,False,,False
M046362,1,1,0,0,1.0,0.6,False,,False
M078043,1,0,1,0,0.0,0.5,False,,False
M070514,1,1,0,0,1.0,0.6,False,,False
M088588,1,1,0,0,1.0,0.6,False,,False
M064228,1,1,0,0,1.0,0.6,False,,False
M084451,1,1,0,0,1.0,0.6,False,,False
M099925,1,1,0,0,1.0,0.6,False,,False
M099540,1,1,0,0,1.0,0.6,False,,False
M056396,1,0,1,0,0.0,0.5,False,,False
M098816,1,0,1,0,0.0,0.5,False,,False
M023646,1,1,0,0,1.0,0.6,False,,False
M070299,1,1,0,0,1.0,0.6,False,,False
M081276,1,1,0,0,1.0,0.6,False,,False
M018392,1,1,0,0,1.0,0.6,False,,False
M069628,1,1,0,0,1.0,0.6,False,,False
M101578,1,1,0,0,1.0,0.6,False,,False
M014247,1,1,0,0,1.0,0.6,False,,False
M015989,1,1,0,0,1.0,0.6,False,,False
M012281,1,1,0,0,1.0,0.6,False,,False
M019217,1,0,1,0,0.0,0.5,False,,False
M021215,1,0,1,0,0.0,0.5,False,,False
M099964,1,1,0,0,1.0,0.6,False,,False
M070048,1,0,1,0,0.0,0.5,False,,False
M093340,1,0,0,1,-1.0,0.4,False,,False
M074148,2,2,0,0,1.0,0.7,False,,False
M097022,1,0,1,0,0.0,0.5,False,,False
M017442,1,1,0,0,1.0,0.6,False,,False
M023661,2,0,2,0,0.0,0.5,False,,False
M017147,1,1,0,0,1.0,0.6,False,,False
M014761,1,1,0,0,1.0,0.6,False,,False
M011591,1,1,0,0,1.0,0.6,False,,False
M091796,1,1,0,0,1.0,0.6,False,,False
M083837,1,0,1,0,0.0,0.5,False,,False
M090796,1,1,0,0,1.0,0.6,False,,False
M002335,1,0,1,0,0.0,0.5,False,,False
M085500,1,1,0,0,1.0,0.6,False,,False
M019227,1,1,0,0,1.0,0.6,False,,False
M044099,1,1,0,0,1.0,0.6,False,,False
M015713,1,0,1,0,0.0,0.5,False,,False
M020439,1,1,0,0,1.0,0.6,False,,False
M056640,1,1,0,0,1.0,0.6,False,,False
M063387,1,1,0,0,1.0,0.6,False,,False
M085519,2,0,0,2,-1.0,0.30000000000000004,False,,True
M090653,2,2,0,0,1.0,0.7,False,,False
M047654,1,0,1,0,0.0,0.5,False,,False
M076658,1,1,0,0,1.0,0.6,False,,False
M064747,1,0,1,0,0.0,0.5,False,,False
M081798,1,1,0,0,1.0,0.6,False,,False
M069155,1,1,0,0,1.0,0.6,False,,False
M072374,1,1,0,0,1.0,0.6,False,,False
M016766,1,1,0,0,1.0,0.6,False,,False
M027979,1,0,1,0,0.0,0.5,False,,False
M080192,1,0,0,1,-1.0,0.4,False,,False
M004379,1,1,0,0,1.0,0.6,False,,False
M084741,1,1,0,0,1.0,0.6,False,,False
M022131,1,1,0,0,1.0,0.6,False,,False
M060199,1,1,0,0,1.0,0.6,False,,False
M045087,1,0,1,0,0.0,0.5,False,,False
M050266,1,0,1,0,0.0,0.5,False,,False
M010257,1,1,0,0,1.0,0.6,False,,False
M097925,1,0,1,0,0.0,0.5,False,,False
M086823,1,1,0,0,1.0,0.6,False,,False
M055617,1,1,0,0,1.0,0.6,False,,False
M067270,1,0,1,0,0.0,0.5,False,,False
M077298,1,1,0,0,1.0,0.6,False,,False
M084502,1,1,0,0,1.0,0.6,False,,False
M086377,1,0,1,0,0.0,0.5,False,,False
M004775,1,1,0,0,1.0,0.6,False,,False
M005062,1,1,0,0,1.0,0.6,False,,False
M004672,1,1,0,0,1.0,0.6,False,,False
M033547,1,1,0,0,1.0,0.6,False,,False
M032894,1,1,0,0,1.0,0.6,False,,False
M027110,1,1,0,0,1.0,0.6,False,,False
M034040,1,1,0,0,1.0,0.6,False,,False
M025708,1,1,0,0,1.0,0.6,False,,False
M009557,1,1,0,0,1.0,0.6,False,,False
M020510,1,0,0,1,-1.0,0.4,False,,False
M024549,1,0,1,0,0.0,0.5,False,,False
M049273,1,0,1,0,0.0,0.5,False,,False
M025246,1,1,0,0,1.0,0.6,False,,False
M003967,1,1,0,0,1.0,0.6,False,,False
M051019,1,1,0,0,1.0,0.6,False,,False
M072982,1,1,0,0,1.0,0.6,False,,False
M061451,1,1,0,0,1.0,0.6,False,,False
M064882,1,1,0,0,1.0,0.6,False,,False
M024337,1,0,0,1,-1.0,0.4,False,,False
M096283,1,1,0,0,1.0,0.6,False,,False
M069142,1,1,0,0,1.0,0.6,False,,False
M011050,1,1,0,0,1.0,0.6,False,,False
M065487,1,0,1,0,0.0,0.5,False,,False
M063853,1,0,1,0,0.0,0.5,False,,False
M048662,1,0,0,1,-1.0,0.4,False,,False
M042740,1,1,0,0,1.0,0.6,False,,False
M035603,1,1,0,0,1.0,0.6,False,,False
M065200,1,1,0,0,1.0,0.6,False,,False
M042451,1,0,1,0,0.0,0.5,False,,False
M039640,1,0,1,0,0.0,0.5,False,,False
M015824,2,0,2,0,0.0,0.5,False,,False
M007134,2,2,0,0,1.0,0.7,False,,False
M003159,2,2,0,0,1.0,0.7,False,,False
M020887,2,0,2,0,0.0,0.5,False,,False
M029932,1,1,0,0,1.0,0.6,False,,False
M064114,1,0,0,1,-1.0,0.4,False,,False
M058944,1,0,1,0,0.0,0.5,False,,False
M055682,1,1,0,0,1.0,0.6,False,,False
M078139,1,1,0,0,1.0,0.6,False,,False
M100820,1,0,0,1,-1.0,0.4,False,,False
M085067,1,0,1,0,0.0,0.5,False,,False
M054019,1,1,0,0,1.0,0.6,False,,False
M101141,1,0,0,1,-1.0,0.4,False,,False
M040581,1,1,0,0,1.0,0.6,False,,False
M078548,1,0,1,0,0.0,0.5,False,,False
M060462,1,1,0,0,1.0,0.6,False,,False
M100856,1,1,0,0,1.0,0.6,False,,False
M056848,1,0,1,0,0.0,0.5,False,,False
M089641,1,0,0,1,-1.0,0.4,False,,False
M077826,1,1,0,0,1.0,0.6,False,,False
M079809,1,0,1,0,0.0,0.5,False,,False
M022391,1,1,0,0,1.0,0.6,False,,False
M064834,1,0,1,0,0.0,0.5,False,,False
M057261,2,2,0,0,1.0,0.7,False,,False
M080672,1,1,0,0,1.0,0.6,False,,False
M057029,1,0,0,1,-1.0,0.4,False,,False
M016685,1,0,1,0,0.0,0.5,False,,False
M068149,1,0,0,1,-1.0,0.4,False,,False
M075469,1,0,1,0,0.0,0.5,False,,False
M086324,1,0,1,0,0.0,0.5,False,,False
M077868,1,1,0,0,1.0,0.6,False,,False
M056440,2,0,2,0,0.0,0.5,False,,False
M053751,3,0,3,0,0.0,0.5,False,,False
M073274,2,2,0,0,1.0,0.7,False,,False
M094640,1,0,1,0,0.0,0.5,False,,False
M001865,1,1,0,0,1.0,0.6,False,,False
M008117,1,1,0,0,1.0,0.6,False,,False
M058724,1,1,0,0,1.0,0.6,False,,False
M011614,1,1,0,0,1.0,0.6,False,,False
M079727,1,0,1,0,0.0,0.5,False,,False
M010884,1,1,0,0,1.0,0.6,False,,False
M003619,1,1,0,0,1.0,0.6,False,,False
M017959,2,2,0,0,1.0,0.7,False,,False
M084455,1,1,0,0,1.0,0.6,False,,False
M009512,1,0,1,0,0.0,0.5,False,,False
M011773,1,1,0,0,1.0,0.6,False,,False
M011566,1,0,1,0,0.0,0.5,False,,False
M094241,1,1,0,0,1.0,0.6,False,,False
M036330,1,1,0,0,1.0,0.6,False,,False
M052211,1,1,0,0,1.0,0.6,False,,False
M021258,1,0,1,0,0.0,0.5,False,,False
M065757,1,0,1,0,0.0,0.5,False,,False
M039808,1,1,0,0,1.0,0.6,False,,False
M025184,1,0,0,1,-1.0,0.4,False,,False
M036705,1,1,0,0,1.0,0.6,False,,False
M079014,1,0,0,1,-1.0,0.4,False,,False
M030821,1,0,0,1,-1.0,0.4,False,,False
M029924,1,1,0,0,1.0,0.6,False,,False
M032285,1,1,0,0,1.0,0.6,False,,False
M020419,1,0,1,0,0.0,0.5,False,,False
M037630,1,1,0,0,1.0,0.6,False,,False
M036258,1,0,1,0,0.0,0.5,False,,False
M078677,1,1,0,0,1.0,0.6,False,,False
M052948,2,0,2,0,0.0,0.5,False,,False
M059869,1,1,0,0,1.0,0.6,False,,False
M047982,1,1,0,0,1.0,0.6,False,,False
M018281,1,1,0,0,1.0,0.6,False,,False
M007009,1,0,0,1,-1.0,0.4,False,,False
M009239,2,2,0,0,1.0,0.7,False,,False
M004442,1,1,0,0,1.0,0.6,False,,False
M059496,2,2,0,0,1.0,0.7,False,,False
M057951,1,0,1,0,0.0,0.5,False,,False
M044265,1,0,1,0,0.0,0.5,False,,False
M047175,2,2,0,0,1.0,0.7,False,,False
M051048,1,1,0,0,1.0,0.6,False,,False
M041633,1,1,0,0,1.0,0.6,False,,False
M001303,1,0,1,0,0.0,0.5,False,,False
M053892,2,0,2,0,0.0,0.5,False,,False
M083152,1,1,0,0,1.0,0.6,False,,False
M075864,1,1,0,0,1.0,0.6,False,,False
M098862,1,0,0,1,-1.0,0.4,False,,False
M094165,1,0,1,0,0.0,0.5,False,,False
M092676,1,1,0,0,1.0,0.6,False,,False
M057996,1,0,1,0,0.0,0.5,False,,False
M057430,1,1,0,0,1.0,0.6,False,,False
M036838,1,0,1,0,0.0,0.5,False,,False
M013783,1,1,0,0,1.0,0.6,False,,False
M019902,1,1,0,0,1.0,0.6,False,,False
M032865,1,1,0,0,1.0,0.6,False,,False
M004196,1,1,0,0,1.0,0.6,False,,False
M017724,1,1,0,0,1.0,0.6,False,,False
M032176,1,1,0,0,1.0,0.6,False,,False
M059969,1,0,1,0,0.0,0.5,False,,False
M092378,1,1,0,0,1.0,0.6,False,,False
M031988,1,0,1,0,0.0,0.5,False,,False
M040329,2,0,2,0,0.0,0.5,False,,False
M054156,2,0,0,2,-1.0,0.30000000000000004,False,,True
M065605,2,0,2,0,0.0,0.5,False,,False
M074527,1,0,1,0,0.0,0.5,False,,False
M095327,1,1,0,0,1.0,0.6,False,,False
M058995,1,0,1,0,0.0,0.5,False,,False
M012384,1,1,0,0,1.0,0.6,False,,False
M078239,1,0,1,0,0.0,0.5,False,,False
M100920,1,1,0,0,1.0,0.6,False,,False
M076517,1,0,1,0,0.0,0.5,False,,False
M064551,1,1,0,0,1.0,0.6,False,,False
M045174,1,1,0,0,1.0,0.6,False,,False
M047688,1,0,1,0,0.0,0.5,False,,False
M081133,1,1,0,0,1.0,0.6,False,,False
M040502,1,1,0,0,1.0,0.6,False,,False
M019455,1,0,0,1,-1.0,0.4,False,,False
M003589,1,1,0,0,1.0,0.6,False,,False
M008253,1,0,1,0,0.0,0.5,False,,False
M035247,1,1,0,0,1.0,0.6,False,,False
M015567,1,1,0,0,1.0,0.6,False,,False
M070269,1,0,1,0,0.0,0.5,False,,False
M068193,1,0,1,0,0.0,0.5,False,,False
M078950,1,1,0,0,1.0,0.6,False,,False
M061568,2,0,2,0,0.0,0.5,False,,False
M041539,2,2,0,0,1.0,0.7,False,,False
M089251,1,1,0,0,1.0,0.6,False,,False
M085062,1,1,0,0,1.0,0.6,False,,False
M097897,1,0,1,0,0.0,0.5,False,,False
M100829,1,1,0,0,1.0,0.6,False,,False
M045562,1,1,0,0,1.0,0.6,False,,False
M001267,1,1,0,0,1.0,0.6,False,,False
M044218,1,1,0,0,1.0,0.6,False,,False
M079127,1,1,0,0,1.0,0.6,False,,False
M071985,1,0,1,0,0.0,0.5,False,,False
M027202,1,0,1,0,0.0,0.5,False,,False
M021514,1,0,0,1,-1.0,0.4,False,,False
M002029,1,0,1,0,0.0,0.5,False,,False
M024383,1,0,0,1,-1.0,0.4,False,,False
M035090,1,1,0,0,1.0,0.6,False,,False
M031921,1,0,1,0,0.0,0.5,False,,False
M006197,1,1,0,0,1.0,0.6,False,,False
M032497,1,1,0,0,1.0,0.6,False,,False
M031780,1,1,0,0,1.0,0.6,False,,False
M021344,1,1,0,0,1.0,0.6,False,,False
M026421,1,1,0,0,1.0,0.6,False,,False
M012340,1,1,0,0,1.0,0.6,False,,False
M003822,1,0,1,0,0.0,0.5,False,,False
M037880,1,1,0,0,1.0,0.6,False,,False
M085283,1,0,0,1,-1.0,0.4,False,,False
M085850,1,1,0,0,1.0,0.6,False,,False
M088810,1,1,0,0,1.0,0.6,False,,False
M082535,1,1,0,0,1.0,0.6,False,,False
M095762,1,1,0,0,1.0,0.6,False,,False
M011308,1,1,0,0,1.0,0.6,False,,False
M077550,1,1,0,0,1.0,0.6,False,,False
M099061,1,1,0,0,1.0,0.6,False,,False
M058683,1,1,0,0,1.0,0.6,False,,False
M057713,1,0,1,0,0.0,0.5,False,,False
M082595,1,1,0,0,1.0,0.6,False,,False
M093896,1,1,0,0,1.0,0.6,False,,False
M050315,1,0,1,0,0.0,0.5,False,,False
M092579,1,0,0,1,-1.0,0.4,False,,False
M011577,1,1,0,0,1.0,0.6,False,,False
M011120,1,0,1,0,0.0,0.5,False,,False
M007890,1,0,1,0,0.0,0.5,False,,False
M006214,1,0,1,0,0.0,0.5,False,,False
M021674,1,1,0,0,1.0,0.6,False,,False
M028566,1,1,0,0,1.0,0.6,False,,False
M008707,1,0,1,0,0.0,0.5,False,,False
M030604,1,1,0,0,1.0,0.6,False,,False
M062817,2,2,0,0,1.0,0.7,False,,False
M007769,1,1,0,0,1.0,0.6,False,,False
M010134,1,0,1,0,0.0,0.5,False,,False
M060918,1,1,0,0,1.0,0.6,False,,False
M006410,1,1,0,0,1.0,0.6,False,,False
M099336,1,1,0,0,1.0,0.6,False,,False
M044432,1,0,1,0,0.0,0.5,False,,False
M089225,1,1,0,0,1.0,0.6,False,,False
M074731,1,0,1,0,0.0,0.5,False,,False
M096122,1,1,0,0,1.0,0.6,False,,False
M082931,1,1,0,0,1.0,0.6,False,,False
M093184,1,1,0,0,1.0,0.6,False,,False
M001500,1,0,1,0,0.0,0.5,False,,False
M008770,1,1,0,0,1.0,0.6,False,,False
M008970,1,1,0,0,1.0,0.6,False,,False
M036714,1,1,0,0,1.0,0.6,False,,False
M003154,1,0,1,0,0.0,0.5,False,,False
M084050,1,0,1,0,0.0,0.5,False,,False
M048974,1,1,0,0,1.0,0.6,False,,False
M067667,1,0,0,1,-1.0,0.4,False,,False
M085259,1,1,0,0,1.0,0.6,False,,False
M077688,1,0,1,0,0.0,0.5,False,,False
M002744,1,0,0,1,-1.0,0.4,False,,False
M048131,1,1,0,0,1.0,0.6,False,,False
M047432,1,0,1,0,0.0,0.5,False,,False
M015487,1,0,1,0,0.0,0.5,False,,False
M037120,1,0,0,1,-1.0,0.4,False,,False
M091063,1,0,1,0,0.0,0.5,False,,False
M063487,1,1,0,0,1.0,0.6,False,,False
M045678,1,0,0,1,-1.0,0.4,False,,False
M074503,1,0,0,1,-1.0,0.4,False,,False
M061089,1,0,1,0,0.0,0.5,False,,False
M016574,1,0,1,0,0.0,0.5,False,,False
M057999,1,1,0,0,1.0,0.6,False,,False
M093426,1,0,1,0,0.0,0.5,False,,False
M049899,1,1,0,0,1.0,0.6,False,,False
M058196,1,1,0,0,1.0,0.6,False,,False
M014132,1,0,1,0,0.0,0.5,False,,False
M072950,1,1,0,0,1.0,0.6,False,,False
M099351,1,1,0,0,1.0,0.6,False,,False
M038508,1,0,1,0,0.0,0.5,False,,False
M001127,1,0,0,1,-1.0,0.4,False,,False
M023439,1,0,1,0,0.0,0.5,False,,False
M073814,1,0,1,0,0.0,0.5,False,,False
M091273,1,1,0,0,1.0,0.6,False,,False
M094261,1,0,1,0,0.0,0.5,False,,False
M074369,1,1,0,0,1.0,0.6,False,,False
M071565,1,0,1,0,0.0,0.5,False,,False
M049431,1,1,0,0,1.0,0.6,False,,False
M049097,1,1,0,0,1.0,0.6,False,,False
M022344,1,0,1,0,0.0,0.5,False,,False
M008174,1,0,1,0,0.0,0.5,False,,False
M017279,1,0,1,0,0.0,0.5,False,,False
M089871,1,0,1,0,0.0,0.5,False,,False
M099786,1,1,0,0,1.0,0.6,False,,False
M097190,1,1,0,0,1.0,0.6,False,,False
M096180,1,1,0,0,1.0,0.6,False,,False
M101440,1,0,1,0,0.0,0.5,False,,False
M076296,1,1,0,0,1.0,0.6,False,,False
M026407,1,1,0,0,1.0,0.6,False,,False
M045009,3,3,0,0,1.0,0.7999999999999999,False,,False
M063218,3,3,0,0,1.0,0.7999999999999999,False,,False
M038255,3,0,3,0,0.0,0.5,False,,False
M036943,2,0,2,0,0.0,0.5,False,,False
M034491,1,1,0,0,1.0,0.6,False,,False
M085025,1,0,1,0,0.0,0.5,False,,False
M084847,1,1,0,0,1.0,0.6,False,,False
M057601,1,1,0,0,1.0,0.6,False,,False
M053009,1,1,0,0,1.0,0.6,False,,False
M042590,2,0,0,2,-1.0,0.30000000000000004,False,,True
M049979,1,0,1,0,0.0,0.5,False,,False
M083415,1,0,1,0,0.0,0.5,False,,False
M054037,1,1,0,0,1.0,0.6,False,,False
M062096,2,0,2,0,0.0,0.5,False,,False
M080769,1,0,1,0,0.0,0.5,False,,False
M069740,2,0,2,0,0.0,0.5,False,,False
M049460,1,0,0,1,-1.0,0.4,False,,False
M056638,1,1,0,0,1.0,0.6,False,,False
M060800,1,1,0,0,1.0,0.6,False,,False
M052598,2,2,0,0,1.0,0.7,False,,False
M002552,1,1,0,0,1.0,0.6,False,,False
M050108,1,1,0,0,1.0,0.6,False,,False
M016069,1,0,1,0,0.0,0.5,False,,False
M012470,1,1,0,0,1.0,0.6,False,,False
M006768,1,1,0,0,1.0,0.6,False,,False
M006535,1,1,0,0,1.0,0.6,False,,False
M011613,1,0,1,0,0.0,0.5,False,,False
M032897,1,1,0,0,1.0,0.6,False,,False
M017804,1,1,0,0,1.0,0.6,False,,False
M011148,1,1,0,0,1.0,0.6,False,,False
M008652,1,0,0,1,-1.0,0.4,False,,False
M084660,1,1,0,0,1.0,0.6,False,,False
M005910,1,0,1,0,0.0,0.5,False,,False
M032255,1,0,1,0,0.0,0.5,False,,False
M022566,1,0,0,1,-1.0,0.4,False,,False
M097821,1,1,0,0,1.0,0.6,False,,False
M096810,1,0,0,1,-1.0,0.4,False,,False
M058915,1,0,1,0,0.0,0.5,False,,False
M079904,1,1,0,0,1.0,0.6,False,,False
M085978,1,1,0,0,1.0,0.6,False,,False
M044097,1,1,0,0,1.0,0.6,False,,False
M018398,1,0,1,0,0.0,0.5,False,,False
M025539,1,0,0,1,-1.0,0.4,False,,False
M038465,1,0,1,0,0.0,0.5,False,,False
M101521,1,1,0,0,1.0,0.6,False,,False
M011007,1,0,1,0,0.0,0.5,False,,False
M010766,1,0,1,0,0.0,0.5,False,,False
M073381,1,1,0,0,1.0,0.6,False,,False
M056391,1,1,0,0,1.0,0.6,False,,False
M085767,1,1,0,0,1.0,0.6,False,,False
M086292,1,1,0,0,1.0,0.6,False,,False
M086133,1,0,1,0,0.0,0.5,False,,False
M076272,1,1,0,0,1.0,0.6,False,,False
M020212,1,0,0,1,-1.0,0.4,False,,False
M059907,1,1,0,0,1.0,0.6,False,,False
M025807,1,1,0,0,1.0,0.6,False,,False
M015024,2,2,0,0,1.0,0.7,False,,False
M055790,1,1,0,0,1.0,0.6,False,,False
M071967,1,1,0,0,1.0,0.6,False,,False
M026192,1,1,0,0,1.0,0.6,False,,False
M029013,1,1,0,0,1.0,0.6,False,,False
M034701,1,1,0,0,1.0,0.6,False,,False
M027429,1,1,0,0,1.0,0.6,False,,False
M032121,1,1,0,0,1.0,0.6,False,,False
M032329,1,1,0,0,1.0,0.6,False,,False
M011424,1,1,0,0,1.0,0.6,False,,False
M029648,1,1,0,0,1.0,0.6,False,,False
M087512,1,1,0,0,1.0,0.6,False,,False
M001925,1,1,0,0,1.0,0.6,False,,False
M032219,1,1,0,0,1.0,0.6,False,,False
M088561,1,1,0,0,1.0,0.6,False,,False
M013117,1,1,0,0,1.0,0.6,False,,False
M014540,1,0,1,0,0.0,0.5,False,,False
M068526,1,1,0,0,1.0,0.6,False,,False
M024372,1,1,0,0,1.0,0.6,False,,False
M097710,1,1,0,0,1.0,0.6,False,,False
M026276,1,0,0,1,-1.0,0.4,False,,False
M068769,1,1,0,0,1.0,0.6,False,,False
M035629,1,1,0,0,1.0,0.6,False,,False
M065369,1,1,0,0,1.0,0.6,False,,False
M037890,1,1,0,0,1.0,0.6,False,,False
M017610,1,1,0,0,1.0,0.6,False,,False
M057191,1,0,1,0,0.0,0.5,False,,False
M076168,1,0,1,0,0.0,0.5,False,,False
M048823,1,0,1,0,0.0,0.5,False,,False
M087943,1,1,0,0,1.0,0.6,False,,False
M079706,1,0,0,1,-1.0,0.4,False,,False
M063080,1,1,0,0,1.0,0.6,False,,False
M058079,1,1,0,0,1.0,0.6,False,,False
M093955,1,0,0,1,-1.0,0.4,False,,False
M081516,1,0,1,0,0.0,0.5,False,,False
M013817,1,0,1,0,0.0,0.5,False,,False
M020116,1,1,0,0,1.0,0.6,False,,False
M004075,1,1,0,0,1.0,0.6,False,,False
M006885,1,0,1,0,0.0,0.5,False,,False
M050276,1,1,0,0,1.0,0.6,False,,False
M021968,1,1,0,0,1.0,0.6,False,,False
M023992,1,1,0,0,1.0,0.6,False,,False
M080697,2,0,2,0,0.0,0.5,False,,False
M062911,1,0,1,0,0.0,0.5,False,,False
M007894,2,0,0,2,-1.0,0.30000000000000004,False,,True
M086322,1,1,0,0,1.0,0.6,False,,False
M093123,1,0,1,0,0.0,0.5,False,,False
M098906,1,1,0,0,1.0,0.6,False,,False
M009354,1,0,1,0,0.0,0.5,False,,False
M085437,1,0,1,0,0.0,0.5,False,,False
M092008,1,1,0,0,1.0,0.6,False,,False
M096363,2,2,0,0,1.0,0.7,False,,False
M097776,1,0,1,0,0.0,0.5,False,,False
M052384,1,1,0,0,1.0,0.6,False,,False
M073028,1,1,0,0,1.0,0.6,False,,False
M024467,1,0,1,0,0.0,0.5,False,,False
M092442,1,0,1,0,0.0,0.5,False,,False
M007510,1,1,0,0,1.0,0.6,False,,False
M035290,1,0,1,0,0.0,0.5,False,,False
M064356,2,2,0,0,1.0,0.7,False,,False
M046484,1,1,0,0,1.0,0.6,False,,False
M038058,2,2,0,0,1.0,0.7,False,,False
M071055,2,0,2,0,0.0,0.5,False,,False
M080282,1,1,0,0,1.0,0.6,False,,False
M076456,2,0,2,0,0.0,0.5,False,,False
M065131,1,1,0,0,1.0,0.6,False,,False
M072511,1,1,0,0,1.0,0.6,False,,False
M076147,1,0,1,0,0.0,0.5,False,,False
M019103,2,2,0,0,1.0,0.7,False,,False
M038573,1,1,0,0,1.0,0.6,False,,False
M041826,1,0,1,0,0.0,0.5,False,,False
M028163,2,0,0,2,-1.0,0.30000000000000004,False,,True
M048777,1,1,0,0,1.0,0.6,False,,False
M092249,1,0,1,0,0.0,0.5,False,,False
M101581,1,1,0,0,1.0,0.6,False,,False
M092226,1,0,1,0,0.0,0.5,False,,False
M095788,1,1,0,0,1.0,0.6,False,,False
M033820,1,1,0,0,1.0,0.6,False,,False
M026435,1,1,0,0,1.0,0.6,False,,False
M032567,1,1,0,0,1.0,0.6,False,,False
M031013,1,1,0,0,1.0,0.6,False,,False
M054369,1,0,1,0,0.0,0.5,False,,False
M094579,1,1,0,0,1.0,0.6,False,,False
M013890,1,1,0,0,1.0,0.6,False,,False
M008923,1,1,0,0,1.0,0.6,False,,False
M064207,1,0,1,0,0.0,0.5,False,,False
M022294,1,1,0,0,1.0,0.6,False,,False
M055254,1,1,0,0,1.0,0.6,False,,False
M088265,1,1,0,0,1.0,0.6,False,,False
M078855,1,0,1,0,0.0,0.5,False,,False
M001435,1,0,1,0,0.0,0.5,False,,False
M072495,1,0,1,0,0.0,0.5,False,,False
M080579,1,1,0,0,1.0,0.6,False,,False
M038421,1,1,0,0,1.0,0.6,False,,False
M049779,1,0,0,1,-1.0,0.4,False,,False
M052992,1,0,1,0,0.0,0.5,False,,False
M055212,1,1,0,0,1.0,0.6,False,,False
M003665,1,0,1,0,0.0,0.5,False,,False
M067468,2,2,0,0,1.0,0.7,False,,False
M021601,1,1,0,0,1.0,0.6,False,,False
M049166,2,0,2,0,0.0,0.5,False,,False
M044952,1,0,1,0,0.0,0.5,False,,False
M051379,1,1,0,0,1.0,0.6,False,,False
M082229,1,1,0,0,1.0,0.6,False,,False
M071523,1,1,0,0,1.0,0.6,False,,False
M039917,1,0,1,0,0.0,0.5,False,,False
M041451,1,1,0,0,1.0,0.6,False,,False
M056115,2,2,0,0,1.0,0.7,False,,False
M082031,1,1,0,0,1.0,0.6,False,,False
M070610,1,1,0,0,1.0,0.6,False,,False
M078230,2,2,0,0,1.0,0.7,False,,False
M012128,1,1,0,0,1.0,0.6,False,,False
M054730,1,1,0,0,1.0,0.6,False,,False
M099671,1,1,0,0,1.0,0.6,False,,False
M050508,1,1,0,0,1.0,0.6,False,,False
M066963,1,1,0,0,1.0,0.6,False,,False
M072336,1,1,0,0,1.0,0.6,False,,False
M048870,1,0,1,0,0.0,0.5,False,,False
M047671,1,0,1,0,0.0,0.5,False,,False
M024301,1,1,0,0,1.0,0.6,False,,False
M036720,1,1,0,0,1.0,0.6,False,,False
M033895,1,0,0,1,-1.0,0.4,False,,False
M056687,1,1,0,0,1.0,0.6,False,,False
M035086,1,1,0,0,1.0,0.6,False,,False
M088605,1,0,1,0,0.0,0.5,False,,False
M069357,1,0,0,1,-1.0,0.4,False,,False
M042262,1,0,1,0,0.0,0.5,False,,False
M087442,1,1,0,0,1.0,0.6,False,,False
M045237,1,0,1,0,0.0,0.5,False,,False
M067097,1,1,0,0,1.0,0.6,False,,False
M063103,1,0,1,0,0.0,0.5,False,,False
M075266,1,1,0,0,1.0,0.6,False,,False
M041269,1,1,0,0,1.0,0.6,False,,False
M067971,1,1,0,0,1.0,0.6,False,,False
M072863,2,0,2,0,0.0,0.5,False,,False
M040481,2,0,2,0,0.0,0.5,False,,False
M027893,1,0,0,1,-1.0,0.4,False,,False
M017394,1,1,0,0,1.0,0.6,False,,False
M052749,1,1,0,0,1.0,0.6,False,,False
M067810,1,1,0,0,1.0,0.6,False,,False
M076107,1,0,1,0,0.0,0.5,False,,False
M100301,1,1,0,0,1.0,0.6,False,,False
M042268,1,0,0,1,-1.0,0.4,False,,False
M010040,1,0,1,0,0.0,0.5,False,,False
M001092,1,1,0,0,1.0,0.6,False,,False
M009107,1,1,0,0,1.0,0.6,False,,False
M008322,1,0,1,0,0.0,0.5,False,,False
M033064,1,0,1,0,0.0,0.5,False,,False
M002056,1,1,0,0,1.0,0.6,False,,False
M003988,1,0,1,0,0.0,0.5,False,,False
M007277,1,1,0,0,1.0,0.6,False,,False
M027031,1,1,0,0,1.0,0.6,False,,False
M048539,1,0,1,0,0.0,0.5,False,,False
M068364,1,0,1,0,0.0,0.5,False,,False
M068581,1,0,1,0,0.0,0.5,False,,False
M066163,1,0,1,0,0.0,0.5,False,,False
M049652,1,1,0,0,1.0,0.6,False,,False
M047885,1,1,0,0,1.0,0.6,False,,False
M067911,1,1,0,0,1.0,0.6,False,,False
M053326,1,1,0,0,1.0,0.6,False,,False
M101072,1,1,0,0,1.0,0.6,False,,False
M084256,1,0,1,0,0.0,0.5,False,,False
M015416,1,0,1,0,0.0,0.5,False,,False
M000293,1,0,1,0,0.0,0.5,False,,False
M000805,1,0,1,0,0.0,0.5,False,,False
M054126,1,1,0,0,1.0,0.6,False,,False
M056633,1,0,1,0,0.0,0.5,False,,False
M088201,1,0,1,0,0.0,0.5,False,,False
M077194,1,0,1,0,0.0,0.5,False,,False
M060137,1,1,0,0,1.0,0.6,False,,False
M070588,1,1,0,0,1.0,0.6,False,,False
M069171,1,0,1,0,0.0,0.5,False,,False
M069879,1,0,1,0,0.0,0.5,False,,False
M069964,1,0,0,1,-1.0,0.4,False,,False
M056080,1,1,0,0,1.0,0.6,False,,False
M052827,1,0,1,0,0.0,0.5,False,,False
M072414,1,0,0,1,-1.0,0.4,False,,False
M099595,1,0,1,0,0.0,0.5,False,,False
M037587,1,1,0,0,1.0,0.6,False,,False
M078350,1,1,0,0,1.0,0.6,False,,False
M075143,1,0,1,0,0.0,0.5,False,,False
M093547,1,0,1,0,0.0,0.5,False,,False
M075907,1,1,0,0,1.0,0.6,False,,False
M092131,2,0,2,0,0.0,0.5,False,,False
M074276,1,0,0,1,-1.0,0.4,False,,False
M096794,1,0,0,1,-1.0,0.4,False,,False
M053673,1,1,0,0,1.0,0.6,False,,False
M016964,1,1,0,0,1.0,0.6,False,,False
M055387,1,1,0,0,1.0,0.6,False,,False
M024626,1,1,0,0,1.0,0.6,False,,False
M018536,1,0,0,1,-1.0,0.4,False,,False
M059852,1,1,0,0,1.0,0.6,False,,False
M060963,1,1,0,0,1.0,0.6,False,,False
M060660,1,0,1,0,0.0,0.5,False,,False
M092195,1,0,0,1,-1.0,0.4,False,,False
M051384,1,1,0,0,1.0,0.6,False,,False
M025923,1,0,1,0,0.0,0.5,False,,False
M090623,1,1,0,0,1.0,0.6,False,,False
M098732,2,2,0,0,1.0,0.7,False,,False
M091849,1,1,0,0,1.0,0.6,False,,False
M080127,1,0,1,0,0.0,0.5,False,,False
M100328,1,1,0,0,1.0,0.6,False,,False
M053894,1,0,1,0,0.0,0.5,False,,False
M032166,1,1,0,0,1.0,0.6,False,,False
M033137,2,0,2,0,0.0,0.5,False,,False
M030795,2,0,0,2,-1.0,0.30000000000000004,False,,True
M062787,1,1,0,0,1.0,0.6,False,,False
M009062,2,2,0,0,1.0,0.7,False,,False
M011243,1,1,0,0,1.0,0.6,False,,False
M099007,1,1,0,0,1.0,0.6,False,,False
M077709,1,1,0,0,1.0,0.6,False,,False
M036404,1,1,0,0,1.0,0.6,False,,False
M082222,1,1,0,0,1.0,0.6,False,,False
M074311,1,1,0,0,1.0,0.6,False,,False
M015810,1,1,0,0,1.0,0.6,False,,False
M077248,1,1,0,0,1.0,0.6,False,,False
M028345,1,0,0,1,-1.0,0.4,False,,False
M080755,1,1,0,0,1.0,0.6,False,,False
M070154,1,0,0,1,-1.0,0.4,False,,False
M089211,1,0,1,0,0.0,0.5,False,,False
M009736,1,1,0,0,1.0,0.6,False,,False
M013847,1,1,0,0,1.0,0.6,False,,False
M081868,1,1,0,0,1.0,0.6,False,,False
M014705,1,1,0,0,1.0,0.6,False,,False
M076773,1,0,0,1,-1.0,0.4,False,,False
M093189,1,1,0,0,1.0,0.6,False,,False
M069685,2,0,0,2,-1.0,0.30000000000000004,False,,True
M009979,2,2,0,0,1.0,0.7,False,,False
M070829,1,0,0,1,-1.0,0.4,False,,False
M059066,1,1,0,0,1.0,0.6,False,,False
M064150,1,1,0,0,1.0,0.6,False,,False
M043258,1,1,0,0,1.0,0.6,False,,False
M067886,1,1,0,0,1.0,0.6,False,,False
M002085,1,1,0,0,1.0,0.6,False,,False
M088744,1,1,0,0,1.0,0.6,False,,False
M062965,1,0,1,0,0.0,0.5,False,,False
M040075,1,1,0,0,1.0,0.6,False,,False
M077443,1,0,0,1,-1.0,0.4,False,,False
M033527,1,1,0,0,1.0,0.6,False,,False
M029750,1,1,0,0,1.0,0.6,False,,False
M002507,2,0,0,2,-1.0,0.30000000000000004,False,,True
M002300,1,1,0,0,1.0,0.6,False,,False
M013492,1,1,0,0,1.0,0.6,False,,False
M001899,1,0,0,1,-1.0,0.4,False,,False
M095482,1,0,1,0,0.0,0.5,False,,False
M093048,1,1,0,0,1.0,0.6,False,,False
M060073,1,0,1,0,0.0,0.5,False,,False
M090128,1,1,0,0,1.0,0.6,False,,False
M056251,1,1,0,0,1.0,0.6,False,,False
M059354,1,0,1,0,0.0,0.5,False,,False
M052539,1,1,0,0,1.0,0.6,False,,False
M090593,1,1,0,0,1.0,0.6,False,,False
M083191,1,1,0,0,1.0,0.6,False,,False
M082374,1,0,1,0,0.0,0.5,False,,False
M007355,1,0,1,0,0.0,0.5,False,,False
M075548,1,0,1,0,0.0,0.5,False,,False
M097494,1,1,0,0,1.0,0.6,False,,False
M034925,1,0,1,0,0.0,0.5,False,,False
M008848,1,0,1,0,0.0,0.5,False,,False
M020646,1,0,1,0,0.0,0.5,False,,False
M040451,1,0,1,0,0.0,0.5,False,,False
M039303,2,0,2,0,0.0,0.5,False,,False
M072619,1,0,1,0,0.0,0.5,False,,False
M064776,2,0,2,0,0.0,0.5,False,,False
M003762,2,0,0,2,-1.0,0.30000000000000004,False,,True
M015492,2,2,0,0,1.0,0.7,False,,False
M065711,1,1,0,0,1.0,0.6,False,,False
M024849,1,0,1,0,0.0,0.5,False,,False
M012641,1,1,0,0,1.0,0.6,False,,False
M041159,1,1,0,0,1.0,0.6,False,,False
M051738,2,2,0,0,1.0,0.7,False,,False
M052971,2,0,2,0,0.0,0.5,False,,False
M066619,2,2,0,0,1.0,0.7,False,,False
M002376,2,2,0,0,1.0,0.7,False,,False
M077195,1,1,0,0,1.0,0.6,False,,False
M095957,1,1,0,0,1.0,0.6,False,,False
M061152,1,1,0,0,1.0,0.6,False,,False
M019417,1,1,0,0,1.0,0.6,False,,False
M041428,1,1,0,0,1.0,0.6,False,,False
M023162,1,1,0,0,1.0,0.6,False,,False
M077925,1,1,0,0,1.0,0.6,False,,False
M007960,1,1,0,0,1.0,0.6,False,,False
M100674,1,1,0,0,1.0,0.6,False,,False
M060211,1,1,0,0,1.0,0.6,False,,False
M021502,1,1,0,0,1.0,0.6,False,,False
M050611,1,1,0,0,1.0,0.6,False,,False
M064560,1,1,0,0,1.0,0.6,False,,False
M057007,1,1,0,0,1.0,0.6,False,,False
M054094,1,0,1,0,0.0,0.5,False,,False
M086170,1,0,0,1,-1.0,0.4,False,,False
M072068,1,0,1,0,0.0,0.5,False,,False
M093382,1,1,0,0,1.0,0.6,False,,False
M091822,1,1,0,0,1.0,0.6,False,,False
M017976,1,1,0,0,1.0,0.6,False,,False
M012049,1,1,0,0,1.0,0.6,False,,False
M023397,1,1,0,0,1.0,0.6,False,,False
M069544,1,1,0,0,1.0,0.6,False,,False
M007671,1,0,1,0,0.0,0.5,False,,False
M019657,1,1,0,0,1.0,0.6,False,,False
M027625,1,0,1,0,0.0,0.5,False,,False
M058075,1,0,1,0,0.0,0.5,False,,False
M038771,1,0,1,0,0.0,0.5,False,,False
M025871,1,0,0,1,-1.0,0.4,False,,False
M018754,1,1,0,0,1.0,0.6,False,,False
M065444,1,1,0,0,1.0,0.6,False,,False
M043036,1,1,0,0,1.0,0.6,False,,False
M049546,1,0,1,0,0.0,0.5,False,,False
M039205,1,1,0,0,1.0,0.6,False,,False
M046279,1,1,0,0,1.0,0.6,False,,False
M005118,1,1,0,0,1.0,0.6,False,,False
M033722,1,1,0,0,1.0,0.6,False,,False
M094382,1,1,0,0,1.0,0.6,False,,False
M057377,1,1,0,0,1.0,0.6,False,,False
M097646,1,0,1,0,0.0,0.5,False,,False
M074180,1,0,1,0,0.0,0.5,False,,False
M040239,1,0,0,1,-1.0,0.4,False,,False
M038150,1,0,1,0,0.0,0.5,False,,False
M042693,1,1,0,0,1.0,0.6,False,,False
M014958,1,0,1,0,0.0,0.5,False,,False
M013444,1,0,0,1,-1.0,0.4,False,,False
M012430,1,0,1,0,0.0,0.5,False,,False
M001985,1,0,1,0,0.0,0.5,False,,False
M026298,1,1,0,0,1.0,0.6,False,,False
M034637,1,0,0,1,-1.0,0.4,False,,False
M032877,1,0,1,0,0.0,0.5,False,,False
M034602,1,0,1,0,0.0,0.5,False,,False
M060798,1,0,1,0,0.0,0.5,False,,False
M044467,1,0,1,0,0.0,0.5,False,,False
M094496,1,0,0,1,-1.0,0.4,False,,False
M096121,1,1,0,0,1.0,0.6,False,,False
M063568,1,0,0,1,-1.0,0.4,False,,False
M079223,1,1,0,0,1.0,0.6,False,,False
M099655,1,1,0,0,1.0,0.6,False,,False
M077509,1,0,1,0,0.0,0.5,False,,False
M082360,2,2,0,0,1.0,0.7,False,,False
M001384,1,1,0,0,1.0,0.6,False,,False
M001517,1,0,1,0,0.0,0.5,False,,False
M073599,1,1,0,0,1.0,0.6,False,,False
M094786,1,1,0,0,1.0,0.6,False,,False
M001000,1,1,0,0,1.0,0.6,False,,False
M038236,1,1,0,0,1.0,0.6,False,,False
M016542,1,0,0,1,-1.0,0.4,False,,False
M028534,1,0,1,0,0.0,0.5,False,,False
M044725,1,0,1,0,0.0,0.5,False,,False
M030431,1,1,0,0,1.0,0.6,False,,False
M036351,1,1,0,0,1.0,0.6,False,,False
M025884,1,0,1,0,0.0,0.5,False,,False
M032209,1,0,0,1,-1.0,0.4,False,,False
M063230,1,1,0,0,1.0,0.6,False,,False
M098865,1,1,0,0,1.0,0.6,False,,False
M017112,1,1,0,0,1.0,0.6,False,,False
M017685,1,0,0,1,-1.0,0.4,False,,False
M037771,1,1,0,0,1.0,0.6,False,,False
M018908,1,1,0,0,1.0,0.6,False,,False
M071819,1,0,0,1,-1.0,0.4,False,,False
M051580,1,0,1,0,0.0,0.5,False,,False
M098490,1,1,0,0,1.0,0.6,False,,False
M076083,1,1,0,0,1.0,0.6,False,,False
M096783,1,1,0,0,1.0,0.6,False,,False
M029496,1,1,0,0,1.0,0.6,False,,False
M004478,1,0,1,0,0.0,0.5,False,,False
M036252,1,1,0,0,1.0,0.6,False,,False
M019686,1,1,0,0,1.0,0.6,False,,False
M012227,2,0,2,0,0.0,0.5,False,,False
M020781,1,1,0,0,1.0,0.6,False,,False
M062422,1,0,0,1,-1.0,0.4,False,,False
M074832,1,1,0,0,1.0,0.6,False,,False
M095231,1,1,0,0,1.0,0.6,False,,False
M079728,1,0,1,0,0.0,0.5,False,,False
M072232,1,1,0,0,1.0,0.6,False,,False
M094249,2,2,0,0,1.0,0.7,False,,False
M046980,1,0,1,0,0.0,0.5,False,,False
M084798,1,1,0,0,1.0,0.6,False,,False
M067600,2,2,0,0,1.0,0.7,False,,False
M083474,2,0,0,2,-1.0,0.30000000000000004,False,,True
M026947,1,0,1,0,0.0,0.5,False,,False
M034057,1,0,1,0,0.0,0.5,False,,False
M097261,1,1,0,0,1.0,0.6,False,,False
M091789,1,1,0,0,1.0,0.6,False,,False
M024862,1,1,0,0,1.0,0.6,False,,False
M028918,1,1,0,0,1.0,0.6,False,,False
M035571,1,0,1,0,0.0,0.5,False,,False
M065438,2,2,0,0,1.0,0.7,False,,False
M055580,1,1,0,0,1.0,0.6,False,,False
M017179,1,1,0,0,1.0,0.6,False,,False
M030042,2,0,2,0,0.0,0.5,False,,False
M041476,1,1,0,0,1.0,0.6,False,,False
M061751,1,0,1,0,0.0,0.5,False,,False
M067492,1,1,0,0,1.0,0.6,False,,False
M009549,1,0,1,0,0.0,0.5,False,,False
M055542,1,0,0,1,-1.0,0.4,False,,False
M088010,1,0,1,0,0.0,0.5,False,,False
M044951,1,1,0,0,1.0,0.6,False,,False
M066988,1,1,0,0,1.0,0.6,False,,False
M092585,1,1,0,0,1.0,0.6,False,,False
M080678,1,1,0,0,1.0,0.6,False,,False
M036887,1,1,0,0,1.0,0.6,False,,False
M039239,1,0,1,0,0.0,0.5,False,,False
M036813,1,0,1,0,0.0,0.5,False,,False
M046120,1,1,0,0,1.0,0.6,False,,False
M033308,1,1,0,0,1.0,0.6,False,,False
M095270,1,1,0,0,1.0,0.6,False,,False
M060430,1,1,0,0,1.0,0.6,False,,False
M034051,1,1,0,0,1.0,0.6,False,,False
M026424,1,1,0,0,1.0,0.6,False,,False
M030555,1,1,0,0,1.0,0.6,False,,False
M030625,1,1,0,0,1.0,0.6,False,,False
M029814,1,1,0,0,1.0,0.6,False,,False
M098660,1,0,1,0,0.0,0.5,False,,False
M093839,1,1,0,0,1.0,0.6,False,,False
M057146,1,1,0,0,1.0,0.6,False,,False
M032980,1,0,1,0,0.0,0.5,False,,False
M098405,1,1,0,0,1.0,0.6,False,,False
M043165,1,1,0,0,1.0,0.6,False,,False
M032657,1,1,0,0,1.0,0.6,False,,False
M048808,1,1,0,0,1.0,0.6,False,,False
M052489,1,0,1,0,0.0,0.5,False,,False
M083008,1,0,1,0,0.0,0.5,False,,False
M012513,1,1,0,0,1.0,0.6,False,,False
M010449,1,1,0,0,1.0,0.6,False,,False
M017519,1,0,1,0,0.0,0.5,False,,False
M003683,1,1,0,0,1.0,0.6,False,,False
M054262,1,1,0,0,1.0,0.6,False,,False
M022149,1,1,0,0,1.0,0.6,False,,False
M099078,1,1,0,0,1.0,0.6,False,,False
M013338,1,0,1,0,0.0,0.5,False,,False
M096945,1,1,0,0,1.0,0.6,False,,False
M020140,1,1,0,0,1.0,0.6,False,,False
M028662,1,1,0,0,1.0,0.6,False,,False
M032790,1,0,1,0,0.0,0.5,False,,False
M033287,1,1,0,0,1.0,0.6,False,,False
M008721,1,1,0,0,1.0,0.6,False,,False
M019432,1,1,0,0,1.0,0.6,False,,False
M036311,1,0,0,1,-1.0,0.4,False,,False
M028093,1,0,0,1,-1.0,0.4,False,,False
M025902,1,1,0,0,1.0,0.6,False,,False
M099926,1,0,1,0,0.0,0.5,False,,False
M069151,1,1,0,0,1.0,0.6,False,,False
M027353,1,1,0,0,1.0,0.6,False,,False
M063462,1,0,1,0,0.0,0.5,False,,False
M055945,1,0,1,0,0.0,0.5,False,,False
M093548,1,1,0,0,1.0,0.6,False,,False
M098413,1,1,0,0,1.0,0.6,False,,False
M055375,1,1,0,0,1.0,0.6,False,,False
M083578,1,1,0,0,1.0,0.6,False,,False
M090757,1,0,1,0,0.0,0.5,False,,False
M078858,2,0,2,0,0.0,0.5,False,,False
M074979,1,1,0,0,1.0,0.6,False,,False
M075600,2,0,0,2,-1.0,0.30000000000000004,False,,True
M062884,1,1,0,0,1.0,0.6,False,,False
M083036,1,0,0,1,-1.0,0.4,False,,False
M065447,1,1,0,0,1.0,0.6,False,,False
M090329,1,1,0,0,1.0,0.6,False,,False
M055089,1,0,1,0,0.0,0.5,False,,False
M018088,1,1,0,0,1.0,0.6,False,,False
M084557,2,0,0,2,-1.0,0.30000000000000004,False,,True
M017910,1,0,1,0,0.0,0.5,False,,False
M092729,1,1,0,0,1.0,0.6,False,,False
M025806,1,1,0,0,1.0,0.6,False,,False
M020629,1,0,1,0,0.0,0.5,False,,False
M031168,1,1,0,0,1.0,0.6,False,,False
M013535,1,1,0,0,1.0,0.6,False,,False
M016285,1,0,1,0,0.0,0.5,False,,False
M062617,1,1,0,0,1.0,0.6,False,,False
M046525,1,0,1,0,0.0,0.5,False,,False
M059144,1,0,1,0,0.0,0.5,False,,False
M036654,1,0,1,0,0.0,0.5,False,,False
M000738,1,0,1,0,0.0,0.5,False,,False
M000719,1,1,0,0,1.0,0.6,False,,False
M044751,1,0,1,0,0.0,0.5,False,,False
M000276,1,1,0,0,1.0,0.6,False,,False
M000432,1,0,1,0,0.0,0.5,False,,False
M060807,1,0,0,1,-1.0,0.4,False,,False
M095656,1,1,0,0,1.0,0.6,False,,False
M065496,1,0,1,0,0.0,0.5,False,,False
M071808,1,0,1,0,0.0,0.5,False,,False
M035036,1,1,0,0,1.0,0.6,False,,False
M031390,1,0,0,1,-1.0,0.4,False,,False
M079110,1,0,1,0,0.0,0.5,False,,False
M086461,1,1,0,0,1.0,0.6,False,,False
M058437,1,1,0,0,1.0,0.6,False,,False
M044540,1,0,1,0,0.0,0.5,False,,False
M069092,1,0,1,0,0.0,0.5,False,,False
M083811,1,0,1,0,0.0,0.5,False,,False
M053273,1,0,1,0,0.0,0.5,False,,False
M035185,2,2,0,0,1.0,0.7,False,,False
M011533,1,1,0,0,1.0,0.6,False,,False
M010803,2,0,2,0,0.0,0.5,False,,False
M079615,1,0,0,1,-1.0,0.4,False,,False
M048427,1,1,0,0,1.0,0.6,False,,False
M001890,2,0,2,0,0.0,0.5,False,,False
M020966,2,0,2,0,0.0,0.5,False,,False
M092109,1,1,0,0,1.0,0.6,False,,False
M094605,1,1,0,0,1.0,0.6,False,,False
M095432,1,1,0,0,1.0,0.6,False,,False
M083486,1,0,1,0,0.0,0.5,False,,False
M088294,1,1,0,0,1.0,0.6,False,,False
M076664,1,1,0,0,1.0,0.6,False,,False
M041938,2,2,0,0,1.0,0.7,False,,False
M038967,2,2,0,0,1.0,0.7,False,,False
M012605,1,1,0,0,1.0,0.6,False,,False
M016319,1,1,0,0,1.0,0.6,False,,False
M025757,1,1,0,0,1.0,0.6,False,,False
M007745,1,1,0,0,1.0,0.6,False,,False
M020709,1,1,0,0,1.0,0.6,False,,False
M022747,1,0,1,0,0.0,0.5,False,,False
M034785,1,0,1,0,0.0,0.5,False,,False
M061832,1,1,0,0,1.0,0.6,False,,False
M034815,1,0,1,0,0.0,0.5,False,,False
M039876,1,0,1,0,0.0,0.5,False,,False
M061046,1,0,0,1,-1.0,0.4,False,,False
M086848,1,0,1,0,0.0,0.5,False,,False
M092770,1,0,1,0,0.0,0.5,False,,False
M083368,1,1,0,0,1.0,0.6,False,,False
M024199,1,1,0,0,1.0,0.6,False,,False
M014105,1,1,0,0,1.0,0.6,False,,False
M010476,1,1,0,0,1.0,0.6,False,,False
M023721,1,1,0,0,1.0,0.6,False,,False
M020087,1,1,0,0,1.0,0.6,False,,False
M041958,1,1,0,0,1.0,0.6,False,,False
M059263,1,0,1,0,0.0,0.5,False,,False
M069856,1,1,0,0,1.0,0.6,False,,False
M095233,1,1,0,0,1.0,0.6,False,,False
M086079,1,0,1,0,0.0,0.5,False,,False
M083451,1,1,0,0,1.0,0.6,False,,False
M001276,1,1,0,0,1.0,0.6,False,,False
M096803,1,1,0,0,1.0,0.6,False,,False
M043233,1,1,0,0,1.0,0.6,False,,False
M101188,1,1,0,0,1.0,0.6,False,,False
M088702,1,0,1,0,0.0,0.5,False,,False
M091603,1,1,0,0,1.0,0.6,False,,False
M059038,1,0,1,0,0.0,0.5,False,,False
M038826,1,0,1,0,0.0,0.5,False,,False
M101109,1,1,0,0,1.0,0.6,False,,False
M014075,1,1,0,0,1.0,0.6,False,,False
M046968,1,0,1,0,0.0,0.5,False,,False
M081121,1,0,1,0,0.0,0.5,False,,False
M004392,1,1,0,0,1.0,0.6,False,,False
M013180,1,0,1,0,0.0,0.5,False,,False
M059003,1,0,0,1,-1.0,0.4,False,,False
M098591,1,1,0,0,1.0,0.6,False,,False
M073519,1,1,0,0,1.0,0.6,False,,False
M030700,1,0,1,0,0.0,0.5,False,,False
M074400,1,0,1,0,0.0,0.5,False,,False
M098375,1,1,0,0,1.0,0.6,False,,False
M071554,1,1,0,0,1.0,0.6,False,,False
M026505,1,0,1,0,0.0,0.5,False,,False
M019313,1,1,0,0,1.0,0.6,False,,False
M029527,1,1,0,0,1.0,0.6,False,,False
M001895,1,0,1,0,0.0,0.5,False,,False
M024806,1,1,0,0,1.0,0.6,False,,False
M048714,1,0,1,0,0.0,0.5,False,,False
M019144,1,1,0,0,1.0,0.6,False,,False
M037532,1,0,1,0,0.0,0.5,False,,False
M037713,1,0,1,0,0.0,0.5,False,,False
M046843,1,0,0,1,-1.0,0.4,False,,False
M018405,1,0,1,0,0.0,0.5,False,,False
M027760,2,2,0,0,1.0,0.7,False,,False
M020806,3,0,0,3,-1.0,0.20000000000000004,True,retrieval_count=3>=N_MIN=3 and average_utility=-1.0000<=BETA=-0.2,True
M034986,2,0,2,0,0.0,0.5,False,,False
M033514,3,3,0,0,1.0,0.7999999999999999,False,,False
M097659,1,1,0,0,1.0,0.6,False,,False
M088716,1,0,1,0,0.0,0.5,False,,False
M010084,1,1,0,0,1.0,0.6,False,,False
M027119,1,1,0,0,1.0,0.6,False,,False
M064821,1,1,0,0,1.0,0.6,False,,False
M050419,1,0,0,1,-1.0,0.4,False,,False
M058427,1,1,0,0,1.0,0.6,False,,False
M040044,1,1,0,0,1.0,0.6,False,,False
M062056,1,0,1,0,0.0,0.5,False,,False
M094806,1,1,0,0,1.0,0.6,False,,False
M060066,1,0,0,1,-1.0,0.4,False,,False
M040823,1,0,1,0,0.0,0.5,False,,False
M083851,1,1,0,0,1.0,0.6,False,,False
M087646,1,1,0,0,1.0,0.6,False,,False
M075568,1,1,0,0,1.0,0.6,False,,False
M051107,1,0,1,0,0.0,0.5,False,,False
M024068,1,1,0,0,1.0,0.6,False,,False
M062905,1,0,1,0,0.0,0.5,False,,False
M034807,1,0,1,0,0.0,0.5,False,,False
M062556,1,1,0,0,1.0,0.6,False,,False
M051742,1,1,0,0,1.0,0.6,False,,False
M071531,1,1,0,0,1.0,0.6,False,,False
M043155,2,2,0,0,1.0,0.7,False,,False
M011400,1,0,0,1,-1.0,0.4,False,,False
M092547,1,1,0,0,1.0,0.6,False,,False
M087629,1,1,0,0,1.0,0.6,False,,False
M067941,1,0,1,0,0.0,0.5,False,,False
M055191,1,0,1,0,0.0,0.5,False,,False
M089516,1,0,1,0,0.0,0.5,False,,False
M018462,1,0,1,0,0.0,0.5,False,,False
M018532,1,0,0,1,-1.0,0.4,False,,False
M004072,1,1,0,0,1.0,0.6,False,,False
M077465,2,2,0,0,1.0,0.7,False,,False
M090383,1,0,1,0,0.0,0.5,False,,False
M048255,1,0,1,0,0.0,0.5,False,,False
M094721,1,1,0,0,1.0,0.6,False,,False
M030811,1,1,0,0,1.0,0.6,False,,False
M027132,1,1,0,0,1.0,0.6,False,,False
M015941,1,0,0,1,-1.0,0.4,False,,False
M068667,1,0,1,0,0.0,0.5,False,,False
M060283,1,1,0,0,1.0,0.6,False,,False
M058592,1,1,0,0,1.0,0.6,False,,False
M072296,1,1,0,0,1.0,0.6,False,,False
M089547,1,1,0,0,1.0,0.6,False,,False
M034909,1,0,1,0,0.0,0.5,False,,False
M046777,1,0,1,0,0.0,0.5,False,,False
M049614,1,0,1,0,0.0,0.5,False,,False
M037480,1,1,0,0,1.0,0.6,False,,False
M037634,1,1,0,0,1.0,0.6,False,,False
M017445,1,0,1,0,0.0,0.5,False,,False
M081958,1,1,0,0,1.0,0.6,False,,False
M093681,1,1,0,0,1.0,0.6,False,,False
M100825,1,1,0,0,1.0,0.6,False,,False
M068693,1,0,1,0,0.0,0.5,False,,False
M084283,1,1,0,0,1.0,0.6,False,,False
M093449,2,2,0,0,1.0,0.7,False,,False
M043079,1,1,0,0,1.0,0.6,False,,False
M045276,1,0,1,0,0.0,0.5,False,,False
M101515,1,1,0,0,1.0,0.6,False,,False
M083343,1,0,1,0,0.0,0.5,False,,False
M074245,1,1,0,0,1.0,0.6,False,,False
M082701,1,0,1,0,0.0,0.5,False,,False
M084085,1,0,1,0,0.0,0.5,False,,False
M060995,1,1,0,0,1.0,0.6,False,,False
M097238,1,1,0,0,1.0,0.6,False,,False
M027407,1,1,0,0,1.0,0.6,False,,False
M008940,1,1,0,0,1.0,0.6,False,,False
M054051,1,0,1,0,0.0,0.5,False,,False
M044689,1,1,0,0,1.0,0.6,False,,False
M089878,1,1,0,0,1.0,0.6,False,,False
M051866,1,1,0,0,1.0,0.6,False,,False
M070162,1,1,0,0,1.0,0.6,False,,False
M008063,1,0,1,0,0.0,0.5,False,,False
M035861,1,1,0,0,1.0,0.6,False,,False
M037546,1,0,1,0,0.0,0.5,False,,False
M062632,1,0,1,0,0.0,0.5,False,,False
M003834,1,1,0,0,1.0,0.6,False,,False
M024186,1,1,0,0,1.0,0.6,False,,False
M056265,1,1,0,0,1.0,0.6,False,,False
M023228,1,1,0,0,1.0,0.6,False,,False
M013390,2,0,2,0,0.0,0.5,False,,False
M014399,1,1,0,0,1.0,0.6,False,,False
M067862,1,1,0,0,1.0,0.6,False,,False
M079306,1,0,1,0,0.0,0.5,False,,False
M085165,1,1,0,0,1.0,0.6,False,,False
M054858,1,0,0,1,-1.0,0.4,False,,False
M081100,1,1,0,0,1.0,0.6,False,,False
M058672,1,0,1,0,0.0,0.5,False,,False
M077913,1,1,0,0,1.0,0.6,False,,False
M004901,1,1,0,0,1.0,0.6,False,,False
M004388,1,1,0,0,1.0,0.6,False,,False
M025543,1,1,0,0,1.0,0.6,False,,False
M018806,2,0,2,0,0.0,0.5,False,,False
M018626,2,2,0,0,1.0,0.7,False,,False
M093481,1,0,0,1,-1.0,0.4,False,,False
M086412,1,1,0,0,1.0,0.6,False,,False
M060527,1,1,0,0,1.0,0.6,False,,False
M069063,1,0,1,0,0.0,0.5,False,,False
M021170,1,0,0,1,-1.0,0.4,False,,False
M012690,1,0,0,1,-1.0,0.4,False,,False
M014686,1,1,0,0,1.0,0.6,False,,False
M024537,1,1,0,0,1.0,0.6,False,,False
M016697,1,1,0,0,1.0,0.6,False,,False
M087559,1,0,1,0,0.0,0.5,False,,False
M019399,1,0,1,0,0.0,0.5,False,,False
M095969,1,1,0,0,1.0,0.6,False,,False
M001698,1,0,1,0,0.0,0.5,False,,False
M006416,1,1,0,0,1.0,0.6,False,,False
M016369,2,2,0,0,1.0,0.7,False,,False
M023030,1,1,0,0,1.0,0.6,False,,False
M090824,1,1,0,0,1.0,0.6,False,,False
M010761,1,0,1,0,0.0,0.5,False,,False
M058269,1,0,1,0,0.0,0.5,False,,False
M047279,1,0,1,0,0.0,0.5,False,,False
M054633,1,0,0,1,-1.0,0.4,False,,False
M047532,1,0,0,1,-1.0,0.4,False,,False
M038954,1,0,1,0,0.0,0.5,False,,False
M043957,1,1,0,0,1.0,0.6,False,,False
M039465,1,0,1,0,0.0,0.5,False,,False
M089067,1,1,0,0,1.0,0.6,False,,False
M079899,1,0,1,0,0.0,0.5,False,,False
M038800,1,1,0,0,1.0,0.6,False,,False
M042746,1,1,0,0,1.0,0.6,False,,False
M044157,1,0,1,0,0.0,0.5,False,,False
M088676,1,0,1,0,0.0,0.5,False,,False
M093872,1,1,0,0,1.0,0.6,False,,False
M089292,1,1,0,0,1.0,0.6,False,,False
M099542,1,1,0,0,1.0,0.6,False,,False
M081599,1,0,0,1,-1.0,0.4,False,,False
M034389,1,1,0,0,1.0,0.6,False,,False
M004018,1,1,0,0,1.0,0.6,False,,False
M025803,1,1,0,0,1.0,0.6,False,,False
M010417,1,1,0,0,1.0,0.6,False,,False
M022749,1,1,0,0,1.0,0.6,False,,False
M086101,1,0,1,0,0.0,0.5,False,,False
M065737,2,2,0,0,1.0,0.7,False,,False
M041943,2,2,0,0,1.0,0.7,False,,False
M041152,1,1,0,0,1.0,0.6,False,,False
M065758,1,1,0,0,1.0,0.6,False,,False
M033469,1,1,0,0,1.0,0.6,False,,False
M071117,1,0,1,0,0.0,0.5,False,,False
M056893,1,1,0,0,1.0,0.6,False,,False
M042609,1,0,1,0,0.0,0.5,False,,False
M001370,1,0,0,1,-1.0,0.4,False,,False
M045863,2,0,2,0,0.0,0.5,False,,False
M048720,1,0,1,0,0.0,0.5,False,,False
M014590,2,2,0,0,1.0,0.7,False,,False
M075662,1,0,1,0,0.0,0.5,False,,False
M035425,1,0,1,0,0.0,0.5,False,,False
M025954,1,1,0,0,1.0,0.6,False,,False
M044500,1,0,1,0,0.0,0.5,False,,False
M021839,1,1,0,0,1.0,0.6,False,,False
M073861,1,0,1,0,0.0,0.5,False,,False
M012348,1,0,1,0,0.0,0.5,False,,False
M005045,1,0,1,0,0.0,0.5,False,,False
M094268,1,1,0,0,1.0,0.6,False,,False
M001135,1,0,1,0,0.0,0.5,False,,False
M090823,1,0,1,0,0.0,0.5,False,,False
M003187,1,1,0,0,1.0,0.6,False,,False
M003189,1,1,0,0,1.0,0.6,False,,False
M087076,2,2,0,0,1.0,0.7,False,,False
M042514,2,0,2,0,0.0,0.5,False,,False
M092401,2,0,2,0,0.0,0.5,False,,False
M030693,1,0,1,0,0.0,0.5,False,,False
M032130,1,1,0,0,1.0,0.6,False,,False
M034938,1,0,1,0,0.0,0.5,False,,False
M027818,1,1,0,0,1.0,0.6,False,,False
M032323,1,1,0,0,1.0,0.6,False,,False
M004994,1,0,0,1,-1.0,0.4,False,,False
M080223,1,1,0,0,1.0,0.6,False,,False
M012262,1,1,0,0,1.0,0.6,False,,False
M012252,1,0,1,0,0.0,0.5,False,,False
M100814,1,1,0,0,1.0,0.6,False,,False
M099297,1,1,0,0,1.0,0.6,False,,False
M080446,1,0,1,0,0.0,0.5,False,,False
M079181,1,0,1,0,0.0,0.5,False,,False
M013408,1,1,0,0,1.0,0.6,False,,False
M083978,1,0,1,0,0.0,0.5,False,,False
M049669,1,0,1,0,0.0,0.5,False,,False
M035309,1,1,0,0,1.0,0.6,False,,False
M032350,1,1,0,0,1.0,0.6,False,,False
M032751,1,1,0,0,1.0,0.6,False,,False
M018374,1,0,0,1,-1.0,0.4,False,,False
M025216,1,1,0,0,1.0,0.6,False,,False
M018000,1,1,0,0,1.0,0.6,False,,False
M010167,1,1,0,0,1.0,0.6,False,,False
M039259,1,1,0,0,1.0,0.6,False,,False
M025667,1,0,1,0,0.0,0.5,False,,False
M017503,1,0,1,0,0.0,0.5,False,,False
M030408,1,1,0,0,1.0,0.6,False,,False
M052492,1,0,1,0,0.0,0.5,False,,False
M003523,1,0,1,0,0.0,0.5,False,,False
M035459,1,0,0,1,-1.0,0.4,False,,False
M061435,1,0,1,0,0.0,0.5,False,,False
M094493,1,0,1,0,0.0,0.5,False,,False
M036253,1,1,0,0,1.0,0.6,False,,False
M044929,1,0,1,0,0.0,0.5,False,,False
M036188,1,0,1,0,0.0,0.5,False,,False
M091060,1,1,0,0,1.0,0.6,False,,False
M034700,1,0,1,0,0.0,0.5,False,,False
M081686,1,1,0,0,1.0,0.6,False,,False
M091594,1,1,0,0,1.0,0.6,False,,False
M089510,1,1,0,0,1.0,0.6,False,,False
M096355,1,1,0,0,1.0,0.6,False,,False
M061437,1,0,1,0,0.0,0.5,False,,False
M074385,1,0,1,0,0.0,0.5,False,,False
M052913,1,0,0,1,-1.0,0.4,False,,False
M086897,1,0,0,1,-1.0,0.4,False,,False
M007380,1,1,0,0,1.0,0.6,False,,False
M092922,1,1,0,0,1.0,0.6,False,,False
M039113,1,0,1,0,0.0,0.5,False,,False
M023206,1,1,0,0,1.0,0.6,False,,False
M067721,1,0,0,1,-1.0,0.4,False,,False
M002416,1,1,0,0,1.0,0.6,False,,False
M005926,1,0,0,1,-1.0,0.4,False,,False
M003551,1,1,0,0,1.0,0.6,False,,False
M021173,1,1,0,0,1.0,0.6,False,,False
M019918,1,1,0,0,1.0,0.6,False,,False
M068011,1,1,0,0,1.0,0.6,False,,False
M005163,1,1,0,0,1.0,0.6,False,,False
M001695,1,0,1,0,0.0,0.5,False,,False
M020250,1,1,0,0,1.0,0.6,False,,False
M015169,1,1,0,0,1.0,0.6,False,,False
M089752,1,0,1,0,0.0,0.5,False,,False
M042909,1,1,0,0,1.0,0.6,False,,False
M058800,1,0,1,0,0.0,0.5,False,,False
M041513,1,1,0,0,1.0,0.6,False,,False
M083726,1,0,1,0,0.0,0.5,False,,False
M003748,1,1,0,0,1.0,0.6,False,,False
M018513,1,0,1,0,0.0,0.5,False,,False
M003992,1,1,0,0,1.0,0.6,False,,False
M034535,1,0,1,0,0.0,0.5,False,,False
M063949,1,0,1,0,0.0,0.5,False,,False
M099223,1,1,0,0,1.0,0.6,False,,False
M075185,2,0,2,0,0.0,0.5,False,,False
M087162,1,0,1,0,0.0,0.5,False,,False
M092033,1,1,0,0,1.0,0.6,False,,False
M062396,1,1,0,0,1.0,0.6,False,,False
M084051,1,0,1,0,0.0,0.5,False,,False
M066089,1,0,1,0,0.0,0.5,False,,False
M082009,1,0,1,0,0.0,0.5,False,,False
M090340,1,0,1,0,0.0,0.5,False,,False
M101574,1,0,1,0,0.0,0.5,False,,False
M021356,2,0,2,0,0.0,0.5,False,,False
M026027,1,1,0,0,1.0,0.6,False,,False
M059386,1,1,0,0,1.0,0.6,False,,False
M055080,1,0,1,0,0.0,0.5,False,,False
M032984,1,1,0,0,1.0,0.6,False,,False
M020798,2,2,0,0,1.0,0.7,False,,False
M032725,1,1,0,0,1.0,0.6,False,,False
M035973,2,2,0,0,1.0,0.7,False,,False
M026833,1,1,0,0,1.0,0.6,False,,False
M009712,1,1,0,0,1.0,0.6,False,,False
M052233,1,0,1,0,0.0,0.5,False,,False
M052515,1,0,1,0,0.0,0.5,False,,False
M065569,1,0,1,0,0.0,0.5,False,,False
M060893,1,0,0,1,-1.0,0.4,False,,False
M049954,1,0,0,1,-1.0,0.4,False,,False
M068637,1,1,0,0,1.0,0.6,False,,False
M005813,1,1,0,0,1.0,0.6,False,,False
M001507,1,0,1,0,0.0,0.5,False,,False
M037982,1,1,0,0,1.0,0.6,False,,False
M066330,1,1,0,0,1.0,0.6,False,,False
M041197,1,0,1,0,0.0,0.5,False,,False
M016740,1,0,0,1,-1.0,0.4,False,,False
M064217,1,1,0,0,1.0,0.6,False,,False
M074690,2,0,2,0,0.0,0.5,False,,False
M015422,1,1,0,0,1.0,0.6,False,,False
M056041,1,0,1,0,0.0,0.5,False,,False
M009503,1,1,0,0,1.0,0.6,False,,False
M004473,1,0,1,0,0.0,0.5,False,,False
M039058,1,0,1,0,0.0,0.5,False,,False
M056514,1,0,1,0,0.0,0.5,False,,False
M010577,1,1,0,0,1.0,0.6,False,,False
M064321,1,0,1,0,0.0,0.5,False,,False
M006816,1,0,1,0,0.0,0.5,False,,False
M008490,1,1,0,0,1.0,0.6,False,,False
M017989,1,0,1,0,0.0,0.5,False,,False
M021218,1,1,0,0,1.0,0.6,False,,False
M026035,1,0,1,0,0.0,0.5,False,,False
M037994,1,0,1,0,0.0,0.5,False,,False
M065183,1,0,1,0,0.0,0.5,False,,False
M028089,1,1,0,0,1.0,0.6,False,,False
M099519,1,1,0,0,1.0,0.6,False,,False
M089335,1,1,0,0,1.0,0.6,False,,False
M061642,1,1,0,0,1.0,0.6,False,,False
M095201,2,0,2,0,0.0,0.5,False,,False
M101322,3,3,0,0,1.0,0.7999999999999999,False,,False
M073210,1,1,0,0,1.0,0.6,False,,False
M088567,1,1,0,0,1.0,0.6,False,,False
M076415,1,0,1,0,0.0,0.5,False,,False
M089857,1,1,0,0,1.0,0.6,False,,False
M084565,1,1,0,0,1.0,0.6,False,,False
M008264,1,1,0,0,1.0,0.6,False,,False
M036940,1,0,1,0,0.0,0.5,False,,False
M022346,1,1,0,0,1.0,0.6,False,,False
M026650,1,1,0,0,1.0,0.6,False,,False
M030312,1,1,0,0,1.0,0.6,False,,False
M035297,1,1,0,0,1.0,0.6,False,,False
M028121,1,1,0,0,1.0,0.6,False,,False
M033874,1,1,0,0,1.0,0.6,False,,False
M078046,1,0,1,0,0.0,0.5,False,,False
M087903,1,0,1,0,0.0,0.5,False,,False
M087463,1,1,0,0,1.0,0.6,False,,False
M010477,1,1,0,0,1.0,0.6,False,,False
M061627,1,0,1,0,0.0,0.5,False,,False
M073653,1,0,1,0,0.0,0.5,False,,False
M100167,1,1,0,0,1.0,0.6,False,,False
M075639,1,0,0,1,-1.0,0.4,False,,False
M043197,1,1,0,0,1.0,0.6,False,,False
M061640,1,0,1,0,0.0,0.5,False,,False
M012024,1,0,0,1,-1.0,0.4,False,,False
M022493,1,0,1,0,0.0,0.5,False,,False
M072514,1,1,0,0,1.0,0.6,False,,False
M013506,2,2,0,0,1.0,0.7,False,,False
M012747,1,0,1,0,0.0,0.5,False,,False
M013991,1,1,0,0,1.0,0.6,False,,False
M085251,1,1,0,0,1.0,0.6,False,,False
M045568,1,1,0,0,1.0,0.6,False,,False
M005782,1,0,1,0,0.0,0.5,False,,False
M033243,1,0,0,1,-1.0,0.4,False,,False
M033721,1,1,0,0,1.0,0.6,False,,False
M096001,1,0,1,0,0.0,0.5,False,,False
M071454,1,0,0,1,-1.0,0.4,False,,False
M028967,1,0,1,0,0.0,0.5,False,,False
M011981,1,1,0,0,1.0,0.6,False,,False
M013610,1,0,1,0,0.0,0.5,False,,False
M070955,1,1,0,0,1.0,0.6,False,,False
M000047,1,1,0,0,1.0,0.6,False,,False
M069621,1,1,0,0,1.0,0.6,False,,False
M082778,1,0,0,1,-1.0,0.4,False,,False
M069981,1,1,0,0,1.0,0.6,False,,False
M064143,1,1,0,0,1.0,0.6,False,,False
M084466,1,1,0,0,1.0,0.6,False,,False
M072729,1,1,0,0,1.0,0.6,False,,False
M082909,1,0,0,1,-1.0,0.4,False,,False
M077928,1,0,1,0,0.0,0.5,False,,False
M008680,1,1,0,0,1.0,0.6,False,,False
M012083,1,0,0,1,-1.0,0.4,False,,False
M034746,1,0,1,0,0.0,0.5,False,,False
M092655,1,1,0,0,1.0,0.6,False,,False
M021349,1,1,0,0,1.0,0.6,False,,False
M081487,1,0,1,0,0.0,0.5,False,,False
M084448,1,1,0,0,1.0,0.6,False,,False
M057308,1,1,0,0,1.0,0.6,False,,False
M016236,1,1,0,0,1.0,0.6,False,,False
M029007,2,2,0,0,1.0,0.7,False,,False
M027697,2,2,0,0,1.0,0.7,False,,False
M064889,1,1,0,0,1.0,0.6,False,,False
M048971,1,0,1,0,0.0,0.5,False,,False
M085515,1,1,0,0,1.0,0.6,False,,False
M056378,1,0,1,0,0.0,0.5,False,,False
M008199,1,1,0,0,1.0,0.6,False,,False
M067384,1,1,0,0,1.0,0.6,False,,False
M058027,1,1,0,0,1.0,0.6,False,,False
M065772,1,1,0,0,1.0,0.6,False,,False
M063217,1,1,0,0,1.0,0.6,False,,False
M012110,1,0,1,0,0.0,0.5,False,,False
M054688,1,0,0,1,-1.0,0.4,False,,False
M017576,1,1,0,0,1.0,0.6,False,,False
M098218,1,1,0,0,1.0,0.6,False,,False
M063976,1,0,1,0,0.0,0.5,False,,False
M023748,1,1,0,0,1.0,0.6,False,,False
M019901,1,1,0,0,1.0,0.6,False,,False
M007003,1,1,0,0,1.0,0.6,False,,False
M021472,1,0,1,0,0.0,0.5,False,,False
M054337,1,0,1,0,0.0,0.5,False,,False
M040461,1,1,0,0,1.0,0.6,False,,False
M073442,1,0,1,0,0.0,0.5,False,,False
M083133,1,1,0,0,1.0,0.6,False,,False
M093138,1,1,0,0,1.0,0.6,False,,False
M035674,1,0,1,0,0.0,0.5,False,,False
M063977,1,1,0,0,1.0,0.6,False,,False
M091352,1,1,0,0,1.0,0.6,False,,False
M025360,1,1,0,0,1.0,0.6,False,,False
M078841,1,0,1,0,0.0,0.5,False,,False
M087987,1,1,0,0,1.0,0.6,False,,False
M058960,1,0,0,1,-1.0,0.4,False,,False
M085086,1,0,0,1,-1.0,0.4,False,,False
M094587,1,1,0,0,1.0,0.6,False,,False
M057149,1,0,0,1,-1.0,0.4,False,,False
M031624,1,1,0,0,1.0,0.6,False,,False
M047206,1,0,0,1,-1.0,0.4,False,,False
M029085,1,1,0,0,1.0,0.6,False,,False
M025983,1,1,0,0,1.0,0.6,False,,False
M085683,1,1,0,0,1.0,0.6,False,,False
M101614,1,1,0,0,1.0,0.6,False,,False
M017721,1,0,0,1,-1.0,0.4,False,,False
M011332,1,1,0,0,1.0,0.6,False,,False
M066324,1,0,0,1,-1.0,0.4,False,,False
M015703,2,2,0,0,1.0,0.7,False,,False
M044800,1,1,0,0,1.0,0.6,False,,False
M044731,1,1,0,0,1.0,0.6,False,,False
M031192,1,1,0,0,1.0,0.6,False,,False
M047378,1,0,1,0,0.0,0.5,False,,False
M059890,1,1,0,0,1.0,0.6,False,,False
M058604,1,1,0,0,1.0,0.6,False,,False
M004844,1,1,0,0,1.0,0.6,False,,False
M094648,1,0,1,0,0.0,0.5,False,,False
M037831,1,0,1,0,0.0,0.5,False,,False
M043320,1,0,0,1,-1.0,0.4,False,,False
M010220,1,0,1,0,0.0,0.5,False,,False
M060732,1,0,0,1,-1.0,0.4,False,,False
M094592,1,1,0,0,1.0,0.6,False,,False
M057785,1,0,0,1,-1.0,0.4,False,,False
M051561,1,0,1,0,0.0,0.5,False,,False
M084193,1,1,0,0,1.0,0.6,False,,False
M046411,1,0,1,0,0.0,0.5,False,,False
M037928,2,2,0,0,1.0,0.7,False,,False
M094560,1,1,0,0,1.0,0.6,False,,False
M043042,2,0,2,0,0.0,0.5,False,,False
M061359,2,2,0,0,1.0,0.7,False,,False
M055022,1,1,0,0,1.0,0.6,False,,False
M067956,1,0,1,0,0.0,0.5,False,,False
M047158,1,1,0,0,1.0,0.6,False,,False
M029075,1,0,1,0,0.0,0.5,False,,False
M085833,2,2,0,0,1.0,0.7,False,,False
M076863,1,1,0,0,1.0,0.6,False,,False
M100580,1,1,0,0,1.0,0.6,False,,False
M063125,1,1,0,0,1.0,0.6,False,,False
M050213,1,1,0,0,1.0,0.6,False,,False
M052889,1,1,0,0,1.0,0.6,False,,False
M083602,1,0,1,0,0.0,0.5,False,,False
M078159,1,1,0,0,1.0,0.6,False,,False
M098079,1,0,1,0,0.0,0.5,False,,False
M051900,1,0,1,0,0.0,0.5,False,,False
M067074,1,0,1,0,0.0,0.5,False,,False
M047190,2,2,0,0,1.0,0.7,False,,False
M057355,2,2,0,0,1.0,0.7,False,,False
M054943,2,0,0,2,-1.0,0.30000000000000004,False,,True
M034454,1,1,0,0,1.0,0.6,False,,False
M026070,1,0,1,0,0.0,0.5,False,,False
M028628,1,1,0,0,1.0,0.6,False,,False
M035606,1,1,0,0,1.0,0.6,False,,False
M026792,2,2,0,0,1.0,0.7,False,,False
M084362,1,0,1,0,0.0,0.5,False,,False
M083773,1,0,0,1,-1.0,0.4,False,,False
M065246,1,1,0,0,1.0,0.6,False,,False
M101542,1,1,0,0,1.0,0.6,False,,False
M075322,1,0,0,1,-1.0,0.4,False,,False
M072618,1,0,1,0,0.0,0.5,False,,False
M012246,1,0,1,0,0.0,0.5,False,,False
M013718,1,1,0,0,1.0,0.6,False,,False
M013522,1,0,1,0,0.0,0.5,False,,False
M032220,1,0,1,0,0.0,0.5,False,,False
M043237,1,0,0,1,-1.0,0.4,False,,False
M004739,1,0,1,0,0.0,0.5,False,,False
M028686,1,1,0,0,1.0,0.6,False,,False
M031693,1,1,0,0,1.0,0.6,False,,False
M095285,1,0,0,1,-1.0,0.4,False,,False
M056070,2,2,0,0,1.0,0.7,False,,False
M063471,1,0,1,0,0.0,0.5,False,,False
M070161,1,0,1,0,0.0,0.5,False,,False
M034319,1,0,0,1,-1.0,0.4,False,,False
M067899,1,1,0,0,1.0,0.6,False,,False
M016912,2,2,0,0,1.0,0.7,False,,False
M014474,1,1,0,0,1.0,0.6,False,,False
M019213,2,2,0,0,1.0,0.7,False,,False
M075435,1,1,0,0,1.0,0.6,False,,False
M016420,2,2,0,0,1.0,0.7,False,,False
M089095,1,0,1,0,0.0,0.5,False,,False
M023470,1,0,1,0,0.0,0.5,False,,False
M096814,1,1,0,0,1.0,0.6,False,,False
M051971,1,0,1,0,0.0,0.5,False,,False
M061849,1,0,1,0,0.0,0.5,False,,False
M097662,1,0,0,1,-1.0,0.4,False,,False
M067045,1,0,1,0,0.0,0.5,False,,False
M034019,1,0,1,0,0.0,0.5,False,,False
M079075,1,0,1,0,0.0,0.5,False,,False
M091390,1,1,0,0,1.0,0.6,False,,False
M081386,1,1,0,0,1.0,0.6,False,,False
M044019,1,0,1,0,0.0,0.5,False,,False
M080142,1,1,0,0,1.0,0.6,False,,False
M064626,1,0,0,1,-1.0,0.4,False,,False
M066825,1,0,0,1,-1.0,0.4,False,,False
M088331,1,0,0,1,-1.0,0.4,False,,False
M007835,2,2,0,0,1.0,0.7,False,,False
M040441,1,0,1,0,0.0,0.5,False,,False
M046332,1,1,0,0,1.0,0.6,False,,False
M101523,1,1,0,0,1.0,0.6,False,,False
M010060,2,2,0,0,1.0,0.7,False,,False
M091772,2,2,0,0,1.0,0.7,False,,False
M087487,1,0,1,0,0.0,0.5,False,,False
M058133,1,0,0,1,-1.0,0.4,False,,False
M070232,1,1,0,0,1.0,0.6,False,,False
M086376,1,0,1,0,0.0,0.5,False,,False
M059500,1,0,1,0,0.0,0.5,False,,False
M051704,1,0,1,0,0.0,0.5,False,,False
M093267,1,1,0,0,1.0,0.6,False,,False
M015300,1,1,0,0,1.0,0.6,False,,False
M034246,1,1,0,0,1.0,0.6,False,,False
M050567,1,0,0,1,-1.0,0.4,False,,False
M078265,1,1,0,0,1.0,0.6,False,,False
M055016,1,1,0,0,1.0,0.6,False,,False
M058029,1,0,1,0,0.0,0.5,False,,False
M052000,1,1,0,0,1.0,0.6,False,,False
M041493,1,1,0,0,1.0,0.6,False,,False
M024623,1,0,1,0,0.0,0.5,False,,False
M033238,1,0,1,0,0.0,0.5,False,,False
M049673,1,1,0,0,1.0,0.6,False,,False
M030149,1,1,0,0,1.0,0.6,False,,False
M053138,1,0,1,0,0.0,0.5,False,,False
M053651,1,0,1,0,0.0,0.5,False,,False
M056481,1,1,0,0,1.0,0.6,False,,False
M001587,1,0,1,0,0.0,0.5,False,,False
M040785,1,1,0,0,1.0,0.6,False,,False
M021670,1,1,0,0,1.0,0.6,False,,False
M014644,1,0,1,0,0.0,0.5,False,,False
M037678,1,1,0,0,1.0,0.6,False,,False
M046921,1,0,0,1,-1.0,0.4,False,,False
M037828,1,0,1,0,0.0,0.5,False,,False
M043694,1,1,0,0,1.0,0.6,False,,False
M037864,1,1,0,0,1.0,0.6,False,,False
M050583,1,0,1,0,0.0,0.5,False,,False
M062386,1,1,0,0,1.0,0.6,False,,False
M045497,1,1,0,0,1.0,0.6,False,,False
M017518,1,1,0,0,1.0,0.6,False,,False
M063456,1,1,0,0,1.0,0.6,False,,False
M044558,1,0,0,1,-1.0,0.4,False,,False
M075501,1,1,0,0,1.0,0.6,False,,False
M076063,1,0,1,0,0.0,0.5,False,,False
M063974,1,1,0,0,1.0,0.6,False,,False
M092536,1,1,0,0,1.0,0.6,False,,False
M041981,1,1,0,0,1.0,0.6,False,,False
M068950,1,1,0,0,1.0,0.6,False,,False
M046119,1,0,1,0,0.0,0.5,False,,False
M084291,1,0,1,0,0.0,0.5,False,,False
M074524,1,0,1,0,0.0,0.5,False,,False
M006579,1,0,1,0,0.0,0.5,False,,False
M086871,2,2,0,0,1.0,0.7,False,,False
M071029,2,0,0,2,-1.0,0.30000000000000004,False,,True
M066677,2,0,2,0,0.0,0.5,False,,False
M052058,1,0,1,0,0.0,0.5,False,,False
M079202,1,0,0,1,-1.0,0.4,False,,False
M049853,1,1,0,0,1.0,0.6,False,,False
M092520,1,1,0,0,1.0,0.6,False,,False
M022971,1,0,1,0,0.0,0.5,False,,False
M066910,1,1,0,0,1.0,0.6,False,,False
M038192,1,1,0,0,1.0,0.6,False,,False
M044901,1,0,1,0,0.0,0.5,False,,False
M045742,1,0,0,1,-1.0,0.4,False,,False
M085123,1,0,1,0,0.0,0.5,False,,False
M083975,1,0,1,0,0.0,0.5,False,,False
M042639,1,1,0,0,1.0,0.6,False,,False
M092542,1,1,0,0,1.0,0.6,False,,False
M010906,1,0,1,0,0.0,0.5,False,,False
M065852,1,1,0,0,1.0,0.6,False,,False
M049393,1,1,0,0,1.0,0.6,False,,False
M046185,1,0,1,0,0.0,0.5,False,,False
M051619,1,1,0,0,1.0,0.6,False,,False
M051906,1,1,0,0,1.0,0.6,False,,False
M069853,1,1,0,0,1.0,0.6,False,,False
M055587,1,0,1,0,0.0,0.5,False,,False
M003067,1,1,0,0,1.0,0.6,False,,False
M018816,1,1,0,0,1.0,0.6,False,,False
M050935,1,1,0,0,1.0,0.6,False,,False
M007673,1,0,1,0,0.0,0.5,False,,False
M042586,1,1,0,0,1.0,0.6,False,,False
M056825,1,0,1,0,0.0,0.5,False,,False
M059172,1,0,0,1,-1.0,0.4,False,,False
M058495,1,0,1,0,0.0,0.5,False,,False
M078441,1,1,0,0,1.0,0.6,False,,False
M047809,1,0,1,0,0.0,0.5,False,,False
M064435,1,1,0,0,1.0,0.6,False,,False
M004059,1,1,0,0,1.0,0.6,False,,False
M034299,1,0,1,0,0.0,0.5,False,,False
M089159,1,1,0,0,1.0,0.6,False,,False
M049525,1,0,1,0,0.0,0.5,False,,False
M099971,1,1,0,0,1.0,0.6,False,,False
M063061,1,0,1,0,0.0,0.5,False,,False
M065578,1,0,0,1,-1.0,0.4,False,,False
M046302,1,1,0,0,1.0,0.6,False,,False
M061250,1,1,0,0,1.0,0.6,False,,False
M037362,1,1,0,0,1.0,0.6,False,,False
M084591,1,0,1,0,0.0,0.5,False,,False
M095758,1,0,1,0,0.0,0.5,False,,False
M081229,1,1,0,0,1.0,0.6,False,,False
M090978,1,0,1,0,0.0,0.5,False,,False
M073510,1,0,1,0,0.0,0.5,False,,False
M098922,1,0,0,1,-1.0,0.4,False,,False
M042336,1,1,0,0,1.0,0.6,False,,False
M079278,1,1,0,0,1.0,0.6,False,,False
M072590,1,0,0,1,-1.0,0.4,False,,False
M002374,1,0,1,0,0.0,0.5,False,,False
M049883,1,0,1,0,0.0,0.5,False,,False
M085341,1,1,0,0,1.0,0.6,False,,False
M088844,1,1,0,0,1.0,0.6,False,,False
M018946,1,1,0,0,1.0,0.6,False,,False
M101589,1,1,0,0,1.0,0.6,False,,False
M085369,1,0,1,0,0.0,0.5,False,,False
M057300,1,0,1,0,0.0,0.5,False,,False
M038263,1,1,0,0,1.0,0.6,False,,False
M093225,2,2,0,0,1.0,0.7,False,,False
M096572,2,2,0,0,1.0,0.7,False,,False
M084440,2,2,0,0,1.0,0.7,False,,False
M051273,1,0,1,0,0.0,0.5,False,,False
M052916,1,0,1,0,0.0,0.5,False,,False
M048121,1,0,0,1,-1.0,0.4,False,,False
M057818,1,1,0,0,1.0,0.6,False,,False
M066168,1,1,0,0,1.0,0.6,False,,False
M036805,1,1,0,0,1.0,0.6,False,,False
M079974,1,1,0,0,1.0,0.6,False,,False
M089904,1,0,0,1,-1.0,0.4,False,,False
M100903,1,1,0,0,1.0,0.6,False,,False
M046562,1,1,0,0,1.0,0.6,False,,False
M052246,1,0,1,0,0.0,0.5,False,,False
M005004,1,0,1,0,0.0,0.5,False,,False
M043085,1,0,1,0,0.0,0.5,False,,False
M044333,1,1,0,0,1.0,0.6,False,,False
M022441,1,1,0,0,1.0,0.6,False,,False
M014588,1,0,1,0,0.0,0.5,False,,False
M049473,1,0,1,0,0.0,0.5,False,,False
M031173,1,0,1,0,0.0,0.5,False,,False
M010731,1,1,0,0,1.0,0.6,False,,False
M015167,1,0,1,0,0.0,0.5,False,,False
M003922,1,0,0,1,-1.0,0.4,False,,False
M018128,2,2,0,0,1.0,0.7,False,,False
M025659,1,0,0,1,-1.0,0.4,False,,False
M048003,2,2,0,0,1.0,0.7,False,,False
M044966,1,0,1,0,0.0,0.5,False,,False
M047834,1,0,1,0,0.0,0.5,False,,False
M101532,1,1,0,0,1.0,0.6,False,,False
M078004,1,1,0,0,1.0,0.6,False,,False
M042187,1,0,0,1,-1.0,0.4,False,,False
M067009,1,1,0,0,1.0,0.6,False,,False
M060523,1,1,0,0,1.0,0.6,False,,False
M006654,1,1,0,0,1.0,0.6,False,,False
M091645,1,1,0,0,1.0,0.6,False,,False
M054698,1,1,0,0,1.0,0.6,False,,False
M080793,1,0,1,0,0.0,0.5,False,,False
M095053,1,1,0,0,1.0,0.6,False,,False
M033772,1,1,0,0,1.0,0.6,False,,False
M032526,1,1,0,0,1.0,0.6,False,,False
M018646,1,1,0,0,1.0,0.6,False,,False
M006844,1,1,0,0,1.0,0.6,False,,False
M004039,1,1,0,0,1.0,0.6,False,,False
M042588,1,1,0,0,1.0,0.6,False,,False
M064987,1,1,0,0,1.0,0.6,False,,False
M083549,1,1,0,0,1.0,0.6,False,,False
M101071,1,1,0,0,1.0,0.6,False,,False
M082010,1,1,0,0,1.0,0.6,False,,False
M069742,1,1,0,0,1.0,0.6,False,,False
M042919,1,1,0,0,1.0,0.6,False,,False
M021727,1,1,0,0,1.0,0.6,False,,False
M094843,1,0,0,1,-1.0,0.4,False,,False
M079892,1,1,0,0,1.0,0.6,False,,False
M081945,1,1,0,0,1.0,0.6,False,,False
M097082,1,1,0,0,1.0,0.6,False,,False
M088143,1,0,1,0,0.0,0.5,False,,False
M092342,1,1,0,0,1.0,0.6,False,,False
M031630,2,0,2,0,0.0,0.5,False,,False
M004636,1,0,0,1,-1.0,0.4,False,,False
M028842,1,1,0,0,1.0,0.6,False,,False
M027449,1,0,1,0,0.0,0.5,False,,False
M019679,1,1,0,0,1.0,0.6,False,,False
M005139,1,1,0,0,1.0,0.6,False,,False
M024841,1,0,1,0,0.0,0.5,False,,False
M011960,1,1,0,0,1.0,0.6,False,,False
M014597,1,0,1,0,0.0,0.5,False,,False
M026324,1,1,0,0,1.0,0.6,False,,False
M026878,1,0,1,0,0.0,0.5,False,,False
M010323,1,1,0,0,1.0,0.6,False,,False
M006899,1,1,0,0,1.0,0.6,False,,False
M053061,1,1,0,0,1.0,0.6,False,,False
M032503,1,0,1,0,0.0,0.5,False,,False
M017853,1,1,0,0,1.0,0.6,False,,False
M006927,1,0,0,1,-1.0,0.4,False,,False
M044341,1,1,0,0,1.0,0.6,False,,False
M004434,1,1,0,0,1.0,0.6,False,,False
M088971,1,1,0,0,1.0,0.6,False,,False
M054168,1,1,0,0,1.0,0.6,False,,False
M061226,2,2,0,0,1.0,0.7,False,,False
M061457,1,1,0,0,1.0,0.6,False,,False
M068783,1,0,1,0,0.0,0.5,False,,False
M045928,1,0,1,0,0.0,0.5,False,,False
M047380,1,1,0,0,1.0,0.6,False,,False
M056120,1,0,1,0,0.0,0.5,False,,False
M083514,2,0,2,0,0.0,0.5,False,,False
M078457,1,0,1,0,0.0,0.5,False,,False
M072817,2,2,0,0,1.0,0.7,False,,False
M043779,1,0,0,1,-1.0,0.4,False,,False
M084689,1,1,0,0,1.0,0.6,False,,False
M063241,1,1,0,0,1.0,0.6,False,,False
M049639,1,0,1,0,0.0,0.5,False,,False
M065681,1,0,1,0,0.0,0.5,False,,False
M064961,2,0,2,0,0.0,0.5,False,,False
M080480,1,0,0,1,-1.0,0.4,False,,False
M043541,1,0,1,0,0.0,0.5,False,,False
M061937,1,0,1,0,0.0,0.5,False,,False
M070287,1,0,1,0,0.0,0.5,False,,False
M024929,1,0,1,0,0.0,0.5,False,,False
M039008,1,0,0,1,-1.0,0.4,False,,False
M011599,1,0,1,0,0.0,0.5,False,,False
M005154,1,0,1,0,0.0,0.5,False,,False
M013476,1,0,0,1,-1.0,0.4,False,,False
M034705,1,0,1,0,0.0,0.5,False,,False
M032201,1,1,0,0,1.0,0.6,False,,False
M003626,1,1,0,0,1.0,0.6,False,,False
M033455,2,0,2,0,0.0,0.5,False,,False
M051861,1,0,1,0,0.0,0.5,False,,False
M063369,1,0,1,0,0.0,0.5,False,,False
M067453,1,1,0,0,1.0,0.6,False,,False
M076711,2,2,0,0,1.0,0.7,False,,False
M078655,1,0,0,1,-1.0,0.4,False,,False
M083789,1,1,0,0,1.0,0.6,False,,False
M096232,1,1,0,0,1.0,0.6,False,,False
M053612,1,0,1,0,0.0,0.5,False,,False
M063481,1,1,0,0,1.0,0.6,False,,False
M079164,1,1,0,0,1.0,0.6,False,,False
M095815,1,0,1,0,0.0,0.5,False,,False
M092175,1,0,1,0,0.0,0.5,False,,False
M038584,1,1,0,0,1.0,0.6,False,,False
M040674,1,0,1,0,0.0,0.5,False,,False
M069993,1,1,0,0,1.0,0.6,False,,False
M072623,1,0,1,0,0.0,0.5,False,,False
M091085,1,0,0,1,-1.0,0.4,False,,False
M067732,1,1,0,0,1.0,0.6,False,,False
M073813,1,1,0,0,1.0,0.6,False,,False
M017999,2,2,0,0,1.0,0.7,False,,False
M009312,1,0,1,0,0.0,0.5,False,,False
M012248,1,0,0,1,-1.0,0.4,False,,False
M012077,1,1,0,0,1.0,0.6,False,,False
M049414,1,1,0,0,1.0,0.6,False,,False
M091487,1,1,0,0,1.0,0.6,False,,False
M038173,1,0,1,0,0.0,0.5,False,,False
M027271,1,0,1,0,0.0,0.5,False,,False
M036511,1,0,1,0,0.0,0.5,False,,False
M087883,1,1,0,0,1.0,0.6,False,,False
M083053,1,1,0,0,1.0,0.6,False,,False
M056474,1,1,0,0,1.0,0.6,False,,False
M093515,1,1,0,0,1.0,0.6,False,,False
M092372,1,1,0,0,1.0,0.6,False,,False
M085115,1,1,0,0,1.0,0.6,False,,False
M063093,1,1,0,0,1.0,0.6,False,,False
M032997,1,1,0,0,1.0,0.6,False,,False
M038627,1,1,0,0,1.0,0.6,False,,False
M035111,1,1,0,0,1.0,0.6,False,,False
M053272,1,0,1,0,0.0,0.5,False,,False
M060741,1,1,0,0,1.0,0.6,False,,False
M051523,1,0,1,0,0.0,0.5,False,,False
M019555,1,1,0,0,1.0,0.6,False,,False
M003841,1,0,1,0,0.0,0.5,False,,False
M020664,1,1,0,0,1.0,0.6,False,,False
M024932,1,0,1,0,0.0,0.5,False,,False
M008939,1,1,0,0,1.0,0.6,False,,False
M015755,1,0,0,1,-1.0,0.4,False,,False
M092962,2,0,2,0,0.0,0.5,False,,False
M076309,1,1,0,0,1.0,0.6,False,,False
M075656,1,0,1,0,0.0,0.5,False,,False
M101367,1,1,0,0,1.0,0.6,False,,False
M065521,1,0,0,1,-1.0,0.4,False,,False
M091850,1,1,0,0,1.0,0.6,False,,False
M093165,1,1,0,0,1.0,0.6,False,,False
M057440,1,1,0,0,1.0,0.6,False,,False
M095870,1,1,0,0,1.0,0.6,False,,False
M010702,1,0,1,0,0.0,0.5,False,,False
M044435,1,0,1,0,0.0,0.5,False,,False
M062829,1,1,0,0,1.0,0.6,False,,False
M071446,1,0,1,0,0.0,0.5,False,,False
M095712,2,0,2,0,0.0,0.5,False,,False
M080750,1,1,0,0,1.0,0.6,False,,False
M101349,1,0,1,0,0.0,0.5,False,,False
M075347,1,0,1,0,0.0,0.5,False,,False
M058620,1,0,1,0,0.0,0.5,False,,False
M013412,1,1,0,0,1.0,0.6,False,,False
M073513,2,0,2,0,0.0,0.5,False,,False
M022718,1,1,0,0,1.0,0.6,False,,False
M011579,1,1,0,0,1.0,0.6,False,,False
M080790,1,1,0,0,1.0,0.6,False,,False
M011026,1,1,0,0,1.0,0.6,False,,False
M077456,1,0,1,0,0.0,0.5,False,,False
M098634,1,1,0,0,1.0,0.6,False,,False
M017547,1,0,1,0,0.0,0.5,False,,False
M067177,1,0,1,0,0.0,0.5,False,,False
M050022,1,1,0,0,1.0,0.6,False,,False
M009547,1,0,1,0,0.0,0.5,False,,False
M034034,1,1,0,0,1.0,0.6,False,,False
M044233,1,0,0,1,-1.0,0.4,False,,False
M083765,1,1,0,0,1.0,0.6,False,,False
M084730,1,0,1,0,0.0,0.5,False,,False
M053415,1,0,1,0,0.0,0.5,False,,False
M065330,1,1,0,0,1.0,0.6,False,,False
M073790,1,0,0,1,-1.0,0.4,False,,False
M072065,1,1,0,0,1.0,0.6,False,,False
M008691,1,1,0,0,1.0,0.6,False,,False
M082897,1,0,1,0,0.0,0.5,False,,False
M099123,1,1,0,0,1.0,0.6,False,,False
M070301,1,1,0,0,1.0,0.6,False,,False
M067223,1,1,0,0,1.0,0.6,False,,False
M096612,1,0,1,0,0.0,0.5,False,,False
M077094,1,0,1,0,0.0,0.5,False,,False
M084510,1,0,1,0,0.0,0.5,False,,False
M099502,1,1,0,0,1.0,0.6,False,,False
M091029,1,1,0,0,1.0,0.6,False,,False
M085080,1,0,0,1,-1.0,0.4,False,,False
M095360,1,1,0,0,1.0,0.6,False,,False
M072389,1,0,1,0,0.0,0.5,False,,False
M083134,1,1,0,0,1.0,0.6,False,,False
M062572,1,0,1,0,0.0,0.5,False,,False
M089398,1,0,1,0,0.0,0.5,False,,False
M047708,1,0,0,1,-1.0,0.4,False,,False
M064390,1,0,1,0,0.0,0.5,False,,False
M059296,1,0,1,0,0.0,0.5,False,,False
M100660,1,0,1,0,0.0,0.5,False,,False
M044834,1,0,1,0,0.0,0.5,False,,False
M005916,1,0,1,0,0.0,0.5,False,,False
M049793,2,0,2,0,0.0,0.5,False,,False
M068018,1,0,1,0,0.0,0.5,False,,False
M075237,2,2,0,0,1.0,0.7,False,,False
M038397,1,1,0,0,1.0,0.6,False,,False
M038240,1,1,0,0,1.0,0.6,False,,False
M050565,1,1,0,0,1.0,0.6,False,,False
M035621,1,1,0,0,1.0,0.6,False,,False
M045133,1,1,0,0,1.0,0.6,False,,False
M042327,1,0,1,0,0.0,0.5,False,,False
M062832,1,0,1,0,0.0,0.5,False,,False
M064681,1,1,0,0,1.0,0.6,False,,False
M025670,1,0,0,1,-1.0,0.4,False,,False
M037845,1,0,0,1,-1.0,0.4,False,,False
M085796,1,1,0,0,1.0,0.6,False,,False
M049093,1,1,0,0,1.0,0.6,False,,False
M039029,1,1,0,0,1.0,0.6,False,,False
M099243,1,1,0,0,1.0,0.6,False,,False
M023699,1,1,0,0,1.0,0.6,False,,False
M003932,1,1,0,0,1.0,0.6,False,,False
M010096,1,0,1,0,0.0,0.5,False,,False
M011620,1,1,0,0,1.0,0.6,False,,False
M089615,1,1,0,0,1.0,0.6,False,,False
M021288,1,1,0,0,1.0,0.6,False,,False
M090901,1,0,1,0,0.0,0.5,False,,False
M034043,1,1,0,0,1.0,0.6,False,,False
M034013,1,1,0,0,1.0,0.6,False,,False
M007553,1,0,0,1,-1.0,0.4,False,,False
M036232,1,0,0,1,-1.0,0.4,False,,False
M069501,1,0,1,0,0.0,0.5,False,,False
M069302,1,0,1,0,0.0,0.5,False,,False
M052599,1,1,0,0,1.0,0.6,False,,False
M019991,1,1,0,0,1.0,0.6,False,,False
M025510,1,1,0,0,1.0,0.6,False,,False
M002445,1,1,0,0,1.0,0.6,False,,False
M037311,1,1,0,0,1.0,0.6,False,,False
M016147,1,1,0,0,1.0,0.6,False,,False
M072211,1,1,0,0,1.0,0.6,False,,False
M048832,1,0,1,0,0.0,0.5,False,,False
M095770,1,1,0,0,1.0,0.6,False,,False
M055218,1,1,0,0,1.0,0.6,False,,False
M046124,1,0,0,1,-1.0,0.4,False,,False
M037288,1,1,0,0,1.0,0.6,False,,False
M065706,1,0,1,0,0.0,0.5,False,,False
M006877,1,0,1,0,0.0,0.5,False,,False
M077284,1,1,0,0,1.0,0.6,False,,False
M075793,1,1,0,0,1.0,0.6,False,,False
M001918,1,1,0,0,1.0,0.6,False,,False
M017970,1,0,1,0,0.0,0.5,False,,False
M052223,1,0,1,0,0.0,0.5,False,,False
M007691,1,0,1,0,0.0,0.5,False,,False
M100726,1,1,0,0,1.0,0.6,False,,False
M086112,1,1,0,0,1.0,0.6,False,,False
M068424,1,1,0,0,1.0,0.6,False,,False
M100288,1,0,1,0,0.0,0.5,False,,False
M083398,1,1,0,0,1.0,0.6,False,,False
M091805,1,0,0,1,-1.0,0.4,False,,False
M096074,1,1,0,0,1.0,0.6,False,,False
M078956,1,1,0,0,1.0,0.6,False,,False
M033525,1,0,1,0,0.0,0.5,False,,False
M094213,1,0,1,0,0.0,0.5,False,,False
M003394,1,1,0,0,1.0,0.6,False,,False
M089477,1,1,0,0,1.0,0.6,False,,False
M087812,1,1,0,0,1.0,0.6,False,,False
M053105,1,0,1,0,0.0,0.5,False,,False
M072122,1,1,0,0,1.0,0.6,False,,False
M042244,1,0,1,0,0.0,0.5,False,,False
M052527,1,0,1,0,0.0,0.5,False,,False
M060256,1,1,0,0,1.0,0.6,False,,False
M003286,1,1,0,0,1.0,0.6,False,,False
M018214,1,0,1,0,0.0,0.5,False,,False
M024575,1,1,0,0,1.0,0.6,False,,False
M092437,2,2,0,0,1.0,0.7,False,,False
M091385,1,0,1,0,0.0,0.5,False,,False
M094203,2,2,0,0,1.0,0.7,False,,False
M060623,1,1,0,0,1.0,0.6,False,,False
M051008,1,1,0,0,1.0,0.6,False,,False
M075426,1,0,1,0,0.0,0.5,False,,False
M094391,1,1,0,0,1.0,0.6,False,,False
M078022,1,1,0,0,1.0,0.6,False,,False
M084056,1,1,0,0,1.0,0.6,False,,False
M039255,1,1,0,0,1.0,0.6,False,,False
M021802,1,1,0,0,1.0,0.6,False,,False
M047812,1,1,0,0,1.0,0.6,False,,False
M001608,1,1,0,0,1.0,0.6,False,,False
M001098,1,1,0,0,1.0,0.6,False,,False
M011550,1,0,0,1,-1.0,0.4,False,,False
M001357,1,0,1,0,0.0,0.5,False,,False
M011795,1,0,1,0,0.0,0.5,False,,False
M007916,1,1,0,0,1.0,0.6,False,,False
M002077,1,0,1,0,0.0,0.5,False,,False
M072816,1,1,0,0,1.0,0.6,False,,False
M041200,1,0,0,1,-1.0,0.4,False,,False
M090366,1,0,1,0,0.0,0.5,False,,False
M093500,1,0,1,0,0.0,0.5,False,,False
M041422,1,1,0,0,1.0,0.6,False,,False
M036497,1,1,0,0,1.0,0.6,False,,False
M063322,1,0,1,0,0.0,0.5,False,,False
M058159,1,0,0,1,-1.0,0.4,False,,False
M082668,1,0,1,0,0.0,0.5,False,,False
M094643,1,1,0,0,1.0,0.6,False,,False
M014875,1,1,0,0,1.0,0.6,False,,False
M039440,1,1,0,0,1.0,0.6,False,,False
M044981,1,0,1,0,0.0,0.5,False,,False
M042136,1,1,0,0,1.0,0.6,False,,False
M016085,1,1,0,0,1.0,0.6,False,,False
M012150,1,0,1,0,0.0,0.5,False,,False
M054382,1,1,0,0,1.0,0.6,False,,False
M053261,2,2,0,0,1.0,0.7,False,,False
M066460,1,0,1,0,0.0,0.5,False,,False
M052536,1,1,0,0,1.0,0.6,False,,False
M078747,1,1,0,0,1.0,0.6,False,,False
M032158,1,1,0,0,1.0,0.6,False,,False
M012263,1,0,1,0,0.0,0.5,False,,False
M035936,1,0,1,0,0.0,0.5,False,,False
M037150,1,0,1,0,0.0,0.5,False,,False
M007899,1,0,1,0,0.0,0.5,False,,False
M004327,1,1,0,0,1.0,0.6,False,,False
M016759,1,0,0,1,-1.0,0.4,False,,False
M086373,1,0,0,1,-1.0,0.4,False,,False
M074238,1,1,0,0,1.0,0.6,False,,False
M097843,1,0,1,0,0.0,0.5,False,,False
M086863,1,0,1,0,0.0,0.5,False,,False
M029348,1,1,0,0,1.0,0.6,False,,False
M033082,1,1,0,0,1.0,0.6,False,,False
M028127,1,0,1,0,0.0,0.5,False,,False
M026479,1,1,0,0,1.0,0.6,False,,False
M031770,1,1,0,0,1.0,0.6,False,,False
M081865,1,0,0,1,-1.0,0.4,False,,False
M097044,1,0,0,1,-1.0,0.4,False,,False
M081964,1,1,0,0,1.0,0.6,False,,False
M057021,1,0,1,0,0.0,0.5,False,,False
M033258,1,0,1,0,0.0,0.5,False,,False
M024946,1,1,0,0,1.0,0.6,False,,False
M035962,1,0,1,0,0.0,0.5,False,,False
M002480,1,0,1,0,0.0,0.5,False,,False
M019059,1,0,1,0,0.0,0.5,False,,False
M034223,1,1,0,0,1.0,0.6,False,,False
M090937,1,0,0,1,-1.0,0.4,False,,False
M074355,1,1,0,0,1.0,0.6,False,,False
M096600,1,1,0,0,1.0,0.6,False,,False
M027423,1,1,0,0,1.0,0.6,False,,False
M032825,1,1,0,0,1.0,0.6,False,,False
M041800,1,1,0,0,1.0,0.6,False,,False
M024126,1,0,1,0,0.0,0.5,False,,False
M032614,1,1,0,0,1.0,0.6,False,,False
M025610,1,1,0,0,1.0,0.6,False,,False
M095386,1,0,1,0,0.0,0.5,False,,False
M010190,1,1,0,0,1.0,0.6,False,,False
M053429,1,1,0,0,1.0,0.6,False,,False
M021110,1,0,1,0,0.0,0.5,False,,False
M021332,1,1,0,0,1.0,0.6,False,,False
M046009,1,0,0,1,-1.0,0.4,False,,False
M083693,1,0,0,1,-1.0,0.4,False,,False
M048575,1,1,0,0,1.0,0.6,False,,False
M083338,1,1,0,0,1.0,0.6,False,,False
M058237,1,1,0,0,1.0,0.6,False,,False
M044307,1,1,0,0,1.0,0.6,False,,False
M094634,1,1,0,0,1.0,0.6,False,,False
M022113,1,0,0,1,-1.0,0.4,False,,False
M003062,1,0,1,0,0.0,0.5,False,,False
M009104,1,0,0,1,-1.0,0.4,False,,False
M011304,1,0,1,0,0.0,0.5,False,,False
M015150,1,0,0,1,-1.0,0.4,False,,False
M000181,1,0,1,0,0.0,0.5,False,,False
M048992,1,0,1,0,0.0,0.5,False,,False
M088952,1,0,1,0,0.0,0.5,False,,False
M086088,1,0,1,0,0.0,0.5,False,,False
M012707,1,0,1,0,0.0,0.5,False,,False
M003468,1,1,0,0,1.0,0.6,False,,False
M003248,1,0,1,0,0.0,0.5,False,,False
M061716,1,0,1,0,0.0,0.5,False,,False
M054837,1,0,1,0,0.0,0.5,False,,False
M042829,1,0,1,0,0.0,0.5,False,,False
M060557,1,0,0,1,-1.0,0.4,False,,False
M059851,1,0,1,0,0.0,0.5,False,,False
M061541,1,0,1,0,0.0,0.5,False,,False
M010082,1,0,1,0,0.0,0.5,False,,False
M081200,1,0,0,1,-1.0,0.4,False,,False
M048369,1,1,0,0,1.0,0.6,False,,False
M099456,1,1,0,0,1.0,0.6,False,,False
M073364,1,0,1,0,0.0,0.5,False,,False
M010662,1,0,1,0,0.0,0.5,False,,False
M068887,1,0,1,0,0.0,0.5,False,,False
M000013,1,1,0,0,1.0,0.6,False,,False
M057346,1,1,0,0,1.0,0.6,False,,False
M035721,1,0,1,0,0.0,0.5,False,,False
M017249,1,1,0,0,1.0,0.6,False,,False
M024292,1,1,0,0,1.0,0.6,False,,False
M034980,1,0,0,1,-1.0,0.4,False,,False
M042631,1,0,1,0,0.0,0.5,False,,False
M081971,1,0,1,0,0.0,0.5,False,,False
M017679,1,1,0,0,1.0,0.6,False,,False
M091837,1,1,0,0,1.0,0.6,False,,False
M084624,1,1,0,0,1.0,0.6,False,,False
M033832,1,0,1,0,0.0,0.5,False,,False
M036075,1,0,1,0,0.0,0.5,False,,False
M041954,1,0,1,0,0.0,0.5,False,,False
M006053,1,0,1,0,0.0,0.5,False,,False
M100293,1,1,0,0,1.0,0.6,False,,False
M065318,1,0,1,0,0.0,0.5,False,,False
M085503,1,1,0,0,1.0,0.6,False,,False
M080365,1,1,0,0,1.0,0.6,False,,False
M086650,1,0,1,0,0.0,0.5,False,,False
M096270,1,1,0,0,1.0,0.6,False,,False
M065327,1,0,1,0,0.0,0.5,False,,False
M069088,1,1,0,0,1.0,0.6,False,,False
M084916,1,0,1,0,0.0,0.5,False,,False
M084942,1,0,1,0,0.0,0.5,False,,False
M071711,1,1,0,0,1.0,0.6,False,,False
M073950,1,1,0,0,1.0,0.6,False,,False
M080733,1,0,1,0,0.0,0.5,False,,False
M096320,1,1,0,0,1.0,0.6,False,,False
M066449,1,0,1,0,0.0,0.5,False,,False
M069075,1,0,1,0,0.0,0.5,False,,False
M096680,1,0,0,1,-1.0,0.4,False,,False
M088633,1,1,0,0,1.0,0.6,False,,False
M014424,1,0,1,0,0.0,0.5,False,,False
M056977,1,1,0,0,1.0,0.6,False,,False
M061057,1,1,0,0,1.0,0.6,False,,False
M084962,1,1,0,0,1.0,0.6,False,,False
M065537,1,0,0,1,-1.0,0.4,False,,False
M050493,1,1,0,0,1.0,0.6,False,,False
M054892,1,0,1,0,0.0,0.5,False,,False
M020354,1,1,0,0,1.0,0.6,False,,False
M018067,1,1,0,0,1.0,0.6,False,,False
M026536,1,1,0,0,1.0,0.6,False,,False
M025266,1,1,0,0,1.0,0.6,False,,False
M002656,1,1,0,0,1.0,0.6,False,,False
M092881,1,0,0,1,-1.0,0.4,False,,False
M047329,1,0,0,1,-1.0,0.4,False,,False
M091906,1,1,0,0,1.0,0.6,False,,False
M091534,1,1,0,0,1.0,0.6,False,,False
M078329,1,0,1,0,0.0,0.5,False,,False
M025633,1,0,1,0,0.0,0.5,False,,False
M030976,1,0,0,1,-1.0,0.4,False,,False
M028192,1,1,0,0,1.0,0.6,False,,False
M035925,1,1,0,0,1.0,0.6,False,,False
M032038,1,1,0,0,1.0,0.6,False,,False
M035752,1,1,0,0,1.0,0.6,False,,False
M064891,1,1,0,0,1.0,0.6,False,,False
M074516,1,1,0,0,1.0,0.6,False,,False
M040305,1,0,1,0,0.0,0.5,False,,False
M040263,1,0,1,0,0.0,0.5,False,,False
M056257,1,1,0,0,1.0,0.6,False,,False
M053620,1,1,0,0,1.0,0.6,False,,False
M079852,1,1,0,0,1.0,0.6,False,,False
M075933,1,0,0,1,-1.0,0.4,False,,False
M001405,1,1,0,0,1.0,0.6,False,,False
M040471,2,2,0,0,1.0,0.7,False,,False
M033470,1,1,0,0,1.0,0.6,False,,False
M019114,1,1,0,0,1.0,0.6,False,,False
M024767,2,0,0,2,-1.0,0.30000000000000004,False,,True
M022578,1,1,0,0,1.0,0.6,False,,False
M021629,1,1,0,0,1.0,0.6,False,,False
M022190,1,0,1,0,0.0,0.5,False,,False
M024122,1,1,0,0,1.0,0.6,False,,False
M022027,1,1,0,0,1.0,0.6,False,,False
M069592,1,1,0,0,1.0,0.6,False,,False
M068045,1,0,0,1,-1.0,0.4,False,,False
M013655,1,0,1,0,0.0,0.5,False,,False
M066807,1,0,1,0,0.0,0.5,False,,False
M011523,1,0,1,0,0.0,0.5,False,,False
M054296,1,0,1,0,0.0,0.5,False,,False
M014562,1,1,0,0,1.0,0.6,False,,False
M095768,1,1,0,0,1.0,0.6,False,,False
M065184,1,1,0,0,1.0,0.6,False,,False
M029848,1,1,0,0,1.0,0.6,False,,False
M040902,1,1,0,0,1.0,0.6,False,,False
M064929,1,0,1,0,0.0,0.5,False,,False
M003702,1,0,0,1,-1.0,0.4,False,,False
M058013,1,1,0,0,1.0,0.6,False,,False
M095640,1,0,1,0,0.0,0.5,False,,False
M025382,1,1,0,0,1.0,0.6,False,,False
M031646,1,0,0,1,-1.0,0.4,False,,False
M045553,1,0,1,0,0.0,0.5,False,,False
M007544,1,1,0,0,1.0,0.6,False,,False
M033399,1,0,1,0,0.0,0.5,False,,False
M016860,1,0,1,0,0.0,0.5,False,,False
M014327,1,1,0,0,1.0,0.6,False,,False
M009259,1,0,1,0,0.0,0.5,False,,False
M036514,1,1,0,0,1.0,0.6,False,,False
M004704,1,1,0,0,1.0,0.6,False,,False
M097186,1,0,0,1,-1.0,0.4,False,,False
M073923,1,0,1,0,0.0,0.5,False,,False
M012956,1,0,1,0,0.0,0.5,False,,False
M040637,1,0,1,0,0.0,0.5,False,,False
M048677,1,0,1,0,0.0,0.5,False,,False
M040295,1,1,0,0,1.0,0.6,False,,False
M007109,1,0,1,0,0.0,0.5,False,,False
M002778,1,1,0,0,1.0,0.6,False,,False
M006303,1,0,0,1,-1.0,0.4,False,,False
M051184,1,1,0,0,1.0,0.6,False,,False
M031157,1,0,1,0,0.0,0.5,False,,False
M005404,1,1,0,0,1.0,0.6,False,,False
M097150,1,1,0,0,1.0,0.6,False,,False
M038075,1,0,1,0,0.0,0.5,False,,False
M020451,2,2,0,0,1.0,0.7,False,,False
M025697,1,0,0,1,-1.0,0.4,False,,False
M067493,1,0,1,0,0.0,0.5,False,,False
M050657,1,0,1,0,0.0,0.5,False,,False
M074421,1,1,0,0,1.0,0.6,False,,False
M050996,1,0,1,0,0.0,0.5,False,,False
M053855,1,1,0,0,1.0,0.6,False,,False
M038304,1,1,0,0,1.0,0.6,False,,False
M036086,1,1,0,0,1.0,0.6,False,,False
M003079,1,0,1,0,0.0,0.5,False,,False
M098902,1,1,0,0,1.0,0.6,False,,False
M015088,1,0,0,1,-1.0,0.4,False,,False
M042439,1,0,1,0,0.0,0.5,False,,False
M038114,2,0,2,0,0.0,0.5,False,,False
M064767,2,2,0,0,1.0,0.7,False,,False
M085070,1,0,1,0,0.0,0.5,False,,False
M071973,1,0,1,0,0.0,0.5,False,,False
M076163,1,0,1,0,0.0,0.5,False,,False
M077089,1,1,0,0,1.0,0.6,False,,False
M076233,1,1,0,0,1.0,0.6,False,,False
M040466,1,0,1,0,0.0,0.5,False,,False
M097099,1,0,1,0,0.0,0.5,False,,False
M095791,1,1,0,0,1.0,0.6,False,,False
M049784,1,1,0,0,1.0,0.6,False,,False
M044283,1,1,0,0,1.0,0.6,False,,False
M068862,1,0,1,0,0.0,0.5,False,,False
M000063,2,2,0,0,1.0,0.7,False,,False
M080835,1,0,0,1,-1.0,0.4,False,,False
M062442,1,0,1,0,0.0,0.5,False,,False
M055300,1,1,0,0,1.0,0.6,False,,False
M085255,1,1,0,0,1.0,0.6,False,,False
M061217,1,1,0,0,1.0,0.6,False,,False
M082439,1,1,0,0,1.0,0.6,False,,False
M008947,1,0,1,0,0.0,0.5,False,,False
M012249,1,1,0,0,1.0,0.6,False,,False
M034462,1,1,0,0,1.0,0.6,False,,False
M000043,1,0,1,0,0.0,0.5,False,,False
M019981,1,1,0,0,1.0,0.6,False,,False
M025815,1,1,0,0,1.0,0.6,False,,False
M050841,1,1,0,0,1.0,0.6,False,,False
M024625,1,1,0,0,1.0,0.6,False,,False
M029524,1,0,0,1,-1.0,0.4,False,,False
M017632,1,1,0,0,1.0,0.6,False,,False
M052433,1,1,0,0,1.0,0.6,False,,False
M058408,1,1,0,0,1.0,0.6,False,,False
M053807,1,1,0,0,1.0,0.6,False,,False
M090934,1,1,0,0,1.0,0.6,False,,False
M065567,1,0,0,1,-1.0,0.4,False,,False
M088330,2,0,0,2,-1.0,0.30000000000000004,False,,True
M050731,1,1,0,0,1.0,0.6,False,,False
M047522,1,0,0,1,-1.0,0.4,False,,False
M031642,1,0,1,0,0.0,0.5,False,,False
M044392,1,0,1,0,0.0,0.5,False,,False
M030427,1,0,1,0,0.0,0.5,False,,False
M060532,1,1,0,0,1.0,0.6,False,,False
M061859,1,0,1,0,0.0,0.5,False,,False
M069511,2,2,0,0,1.0,0.7,False,,False
M088432,1,1,0,0,1.0,0.6,False,,False
M097715,1,1,0,0,1.0,0.6,False,,False
M005351,1,0,1,0,0.0,0.5,False,,False
M023774,1,0,0,1,-1.0,0.4,False,,False
M021602,2,2,0,0,1.0,0.7,False,,False
M006198,1,1,0,0,1.0,0.6,False,,False
M016292,1,1,0,0,1.0,0.6,False,,False
M084202,1,0,1,0,0.0,0.5,False,,False
M055316,1,1,0,0,1.0,0.6,False,,False
M050945,1,1,0,0,1.0,0.6,False,,False
M088852,1,1,0,0,1.0,0.6,False,,False
M089593,1,1,0,0,1.0,0.6,False,,False
M098165,1,0,1,0,0.0,0.5,False,,False
M042719,1,1,0,0,1.0,0.6,False,,False
M081040,1,0,0,1,-1.0,0.4,False,,False
M080622,1,0,0,1,-1.0,0.4,False,,False
M094455,1,0,1,0,0.0,0.5,False,,False
M098069,1,1,0,0,1.0,0.6,False,,False
M091391,1,0,1,0,0.0,0.5,False,,False
M082653,2,0,2,0,0.0,0.5,False,,False
M090102,1,1,0,0,1.0,0.6,False,,False
M011169,1,1,0,0,1.0,0.6,False,,False
M068253,1,1,0,0,1.0,0.6,False,,False
M050983,1,0,1,0,0.0,0.5,False,,False
M082741,1,0,1,0,0.0,0.5,False,,False
M020488,1,1,0,0,1.0,0.6,False,,False
M025346,2,2,0,0,1.0,0.7,False,,False
M028215,1,1,0,0,1.0,0.6,False,,False
M006194,1,1,0,0,1.0,0.6,False,,False
M024941,2,2,0,0,1.0,0.7,False,,False
M030501,1,1,0,0,1.0,0.6,False,,False
M040385,1,1,0,0,1.0,0.6,False,,False
M006688,1,0,0,1,-1.0,0.4,False,,False
M086125,1,0,1,0,0.0,0.5,False,,False
M009079,1,1,0,0,1.0,0.6,False,,False
M082870,1,1,0,0,1.0,0.6,False,,False
M046649,1,1,0,0,1.0,0.6,False,,False
M089810,1,0,0,1,-1.0,0.4,False,,False
M077132,1,1,0,0,1.0,0.6,False,,False
M063187,1,0,1,0,0.0,0.5,False,,False
M039407,1,1,0,0,1.0,0.6,False,,False
M012477,1,0,1,0,0.0,0.5,False,,False
M014337,1,1,0,0,1.0,0.6,False,,False
M024178,1,0,1,0,0.0,0.5,False,,False
M016945,1,0,1,0,0.0,0.5,False,,False
M020046,1,0,0,1,-1.0,0.4,False,,False
M012353,1,1,0,0,1.0,0.6,False,,False
M067897,1,1,0,0,1.0,0.6,False,,False
M063504,1,1,0,0,1.0,0.6,False,,False
M050170,1,1,0,0,1.0,0.6,False,,False
M043310,1,0,1,0,0.0,0.5,False,,False
M072944,1,1,0,0,1.0,0.6,False,,False
M064090,1,0,1,0,0.0,0.5,False,,False
M048279,1,1,0,0,1.0,0.6,False,,False
M099959,1,0,0,1,-1.0,0.4,False,,False
M079623,1,1,0,0,1.0,0.6,False,,False
M074121,1,1,0,0,1.0,0.6,False,,False
M077564,1,1,0,0,1.0,0.6,False,,False
M098580,1,1,0,0,1.0,0.6,False,,False
M061278,1,0,1,0,0.0,0.5,False,,False
M076508,1,1,0,0,1.0,0.6,False,,False
M079600,1,0,1,0,0.0,0.5,False,,False
M027626,1,1,0,0,1.0,0.6,False,,False
M035354,1,1,0,0,1.0,0.6,False,,False
M028260,1,1,0,0,1.0,0.6,False,,False
M024771,1,1,0,0,1.0,0.6,False,,False
M033930,1,1,0,0,1.0,0.6,False,,False
M064087,1,0,1,0,0.0,0.5,False,,False
M017214,1,1,0,0,1.0,0.6,False,,False
M070381,1,0,0,1,-1.0,0.4,False,,False
M060098,1,1,0,0,1.0,0.6,False,,False
M040197,1,0,1,0,0.0,0.5,False,,False
M057026,1,1,0,0,1.0,0.6,False,,False
M029482,1,0,1,0,0.0,0.5,False,,False
M009068,1,1,0,0,1.0,0.6,False,,False
M006980,1,0,1,0,0.0,0.5,False,,False
M022545,1,1,0,0,1.0,0.6,False,,False
M024278,1,0,1,0,0.0,0.5,False,,False
M013938,1,0,1,0,0.0,0.5,False,,False
M038066,1,0,1,0,0.0,0.5,False,,False
M037305,1,1,0,0,1.0,0.6,False,,False
M045765,1,0,1,0,0.0,0.5,False,,False
M068199,1,1,0,0,1.0,0.6,False,,False
M024809,1,0,0,1,-1.0,0.4,False,,False
M014342,1,1,0,0,1.0,0.6,False,,False
M039494,1,0,1,0,0.0,0.5,False,,False
M099437,1,1,0,0,1.0,0.6,False,,False
M013267,1,1,0,0,1.0,0.6,False,,False
M012386,1,1,0,0,1.0,0.6,False,,False
M094962,1,1,0,0,1.0,0.6,False,,False
M073895,1,1,0,0,1.0,0.6,False,,False
M007703,1,1,0,0,1.0,0.6,False,,False
M082594,1,0,0,1,-1.0,0.4,False,,False
M094404,1,0,1,0,0.0,0.5,False,,False
M054794,1,0,1,0,0.0,0.5,False,,False
M047361,1,0,1,0,0.0,0.5,False,,False
M036287,1,0,1,0,0.0,0.5,False,,False
M067343,1,0,1,0,0.0,0.5,False,,False
M037590,1,0,0,1,-1.0,0.4,False,,False
M078973,1,1,0,0,1.0,0.6,False,,False
M084711,1,0,0,1,-1.0,0.4,False,,False
M062756,1,0,1,0,0.0,0.5,False,,False
M092834,1,1,0,0,1.0,0.6,False,,False
M068465,1,0,1,0,0.0,0.5,False,,False
M091340,1,1,0,0,1.0,0.6,False,,False
M073340,1,0,1,0,0.0,0.5,False,,False
M094038,1,0,1,0,0.0,0.5,False,,False
M055905,1,0,1,0,0.0,0.5,False,,False
M086744,1,1,0,0,1.0,0.6,False,,False
M038904,1,0,1,0,0.0,0.5,False,,False
M057753,1,0,0,1,-1.0,0.4,False,,False
M056590,1,1,0,0,1.0,0.6,False,,False
M085348,1,0,1,0,0.0,0.5,False,,False
M051507,1,1,0,0,1.0,0.6,False,,False
M057112,1,0,0,1,-1.0,0.4,False,,False
M059477,1,1,0,0,1.0,0.6,False,,False
M058123,1,1,0,0,1.0,0.6,False,,False
M063005,1,0,1,0,0.0,0.5,False,,False
M060245,1,0,0,1,-1.0,0.4,False,,False
M020454,1,1,0,0,1.0,0.6,False,,False
M019226,1,1,0,0,1.0,0.6,False,,False
M066304,1,1,0,0,1.0,0.6,False,,False
M029054,1,0,1,0,0.0,0.5,False,,False
M092599,1,0,0,1,-1.0,0.4,False,,False
M031796,1,1,0,0,1.0,0.6,False,,False
M072263,1,0,1,0,0.0,0.5,False,,False
M051230,1,1,0,0,1.0,0.6,False,,False
M094507,1,0,1,0,0.0,0.5,False,,False
M038009,1,1,0,0,1.0,0.6,False,,False
M024747,1,1,0,0,1.0,0.6,False,,False
M001883,1,0,1,0,0.0,0.5,False,,False
M050997,1,1,0,0,1.0,0.6,False,,False
M057431,1,0,1,0,0.0,0.5,False,,False
M092227,1,1,0,0,1.0,0.6,False,,False
M092582,1,1,0,0,1.0,0.6,False,,False
M052083,1,0,1,0,0.0,0.5,False,,False
M097845,1,0,1,0,0.0,0.5,False,,False
M034009,1,0,1,0,0.0,0.5,False,,False
M056010,1,1,0,0,1.0,0.6,False,,False
M050251,1,0,1,0,0.0,0.5,False,,False
M029409,1,1,0,0,1.0,0.6,False,,False
M089862,1,1,0,0,1.0,0.6,False,,False
M085783,1,0,1,0,0.0,0.5,False,,False
M032387,1,1,0,0,1.0,0.6,False,,False
M048086,1,0,1,0,0.0,0.5,False,,False
M067838,2,0,2,0,0.0,0.5,False,,False
M096978,1,1,0,0,1.0,0.6,False,,False
M063505,1,1,0,0,1.0,0.6,False,,False
M088828,1,1,0,0,1.0,0.6,False,,False
M097770,1,1,0,0,1.0,0.6,False,,False
M024712,1,0,1,0,0.0,0.5,False,,False
M069753,1,1,0,0,1.0,0.6,False,,False
M091882,1,1,0,0,1.0,0.6,False,,False
M073620,1,0,1,0,0.0,0.5,False,,False
M091918,1,0,1,0,0.0,0.5,False,,False
M087581,1,1,0,0,1.0,0.6,False,,False
M098952,1,0,1,0,0.0,0.5,False,,False
M063464,1,1,0,0,1.0,0.6,False,,False
M062346,1,1,0,0,1.0,0.6,False,,False
M075965,1,0,0,1,-1.0,0.4,False,,False
M038581,1,1,0,0,1.0,0.6,False,,False
M097382,1,1,0,0,1.0,0.6,False,,False
M045459,1,1,0,0,1.0,0.6,False,,False
M074415,1,1,0,0,1.0,0.6,False,,False
M042124,1,0,1,0,0.0,0.5,False,,False
M085352,1,1,0,0,1.0,0.6,False,,False
M073244,1,0,1,0,0.0,0.5,False,,False
M096654,1,1,0,0,1.0,0.6,False,,False
M064081,1,1,0,0,1.0,0.6,False,,False
M064984,1,1,0,0,1.0,0.6,False,,False
M085272,1,0,0,1,-1.0,0.4,False,,False
M061049,1,1,0,0,1.0,0.6,False,,False
M069640,1,0,1,0,0.0,0.5,False,,False
M070459,1,0,0,1,-1.0,0.4,False,,False
M075467,1,0,1,0,0.0,0.5,False,,False
M090071,1,0,0,1,-1.0,0.4,False,,False
M077873,1,1,0,0,1.0,0.6,False,,False
M076845,1,0,1,0,0.0,0.5,False,,False
M067713,1,0,0,1,-1.0,0.4,False,,False
M019009,1,1,0,0,1.0,0.6,False,,False
M002773,1,0,1,0,0.0,0.5,False,,False
M015189,1,1,0,0,1.0,0.6,False,,False
M009870,1,0,0,1,-1.0,0.4,False,,False
M045772,1,1,0,0,1.0,0.6,False,,False
M097043,1,0,1,0,0.0,0.5,False,,False
M094688,1,1,0,0,1.0,0.6,False,,False
M055514,1,1,0,0,1.0,0.6,False,,False
M070599,1,0,1,0,0.0,0.5,False,,False
M051749,1,0,0,1,-1.0,0.4,False,,False
M055992,1,0,1,0,0.0,0.5,False,,False
M099187,1,0,0,1,-1.0,0.4,False,,False
M058779,1,0,0,1,-1.0,0.4,False,,False
M071785,1,1,0,0,1.0,0.6,False,,False
M083959,1,1,0,0,1.0,0.6,False,,False
M014072,1,0,1,0,0.0,0.5,False,,False
M080934,1,1,0,0,1.0,0.6,False,,False
M005701,1,1,0,0,1.0,0.6,False,,False
M039229,1,1,0,0,1.0,0.6,False,,False
M061733,1,1,0,0,1.0,0.6,False,,False
M024973,1,1,0,0,1.0,0.6,False,,False
M062939,1,1,0,0,1.0,0.6,False,,False
M005506,1,1,0,0,1.0,0.6,False,,False
M012543,1,1,0,0,1.0,0.6,False,,False
M096516,1,0,0,1,-1.0,0.4,False,,False
M016365,1,1,0,0,1.0,0.6,False,,False
M039295,1,0,1,0,0.0,0.5,False,,False
M078804,2,0,0,2,-1.0,0.30000000000000004,False,,True
M002025,1,0,1,0,0.0,0.5,False,,False
M071368,1,1,0,0,1.0,0.6,False,,False
M093191,1,0,1,0,0.0,0.5,False,,False
M038334,1,0,1,0,0.0,0.5,False,,False
M023902,1,0,1,0,0.0,0.5,False,,False
M099327,1,0,1,0,0.0,0.5,False,,False
M002711,1,1,0,0,1.0,0.6,False,,False
M047386,1,1,0,0,1.0,0.6,False,,False
M015638,1,1,0,0,1.0,0.6,False,,False
M090573,1,1,0,0,1.0,0.6,False,,False
M043869,1,0,0,1,-1.0,0.4,False,,False
M090226,1,0,1,0,0.0,0.5,False,,False
M062380,1,0,0,1,-1.0,0.4,False,,False
M038407,1,0,1,0,0.0,0.5,False,,False
M015236,1,1,0,0,1.0,0.6,False,,False
M027207,1,1,0,0,1.0,0.6,False,,False
M004834,1,0,1,0,0.0,0.5,False,,False
M071608,1,1,0,0,1.0,0.6,False,,False
M074076,1,1,0,0,1.0,0.6,False,,False
M093039,1,1,0,0,1.0,0.6,False,,False
M082062,1,1,0,0,1.0,0.6,False,,False
M086625,1,1,0,0,1.0,0.6,False,,False
M053251,1,0,1,0,0.0,0.5,False,,False
M073427,1,0,1,0,0.0,0.5,False,,False
M016781,1,1,0,0,1.0,0.6,False,,False
M046878,1,1,0,0,1.0,0.6,False,,False
M023419,1,0,1,0,0.0,0.5,False,,False
M076805,1,1,0,0,1.0,0.6,False,,False
M070853,1,1,0,0,1.0,0.6,False,,False
M053567,1,0,1,0,0.0,0.5,False,,False
M011938,1,1,0,0,1.0,0.6,False,,False
M005736,1,1,0,0,1.0,0.6,False,,False
M062314,1,1,0,0,1.0,0.6,False,,False
M060110,1,1,0,0,1.0,0.6,False,,False
M096813,1,0,1,0,0.0,0.5,False,,False
M064292,1,1,0,0,1.0,0.6,False,,False
M089727,1,0,1,0,0.0,0.5,False,,False
M050466,1,0,1,0,0.0,0.5,False,,False
M097716,1,1,0,0,1.0,0.6,False,,False
M061730,1,0,1,0,0.0,0.5,False,,False
M086348,1,1,0,0,1.0,0.6,False,,False
M078208,1,1,0,0,1.0,0.6,False,,False
M082627,1,1,0,0,1.0,0.6,False,,False
M073385,1,0,1,0,0.0,0.5,False,,False
M087802,1,0,1,0,0.0,0.5,False,,False
M035096,1,0,1,0,0.0,0.5,False,,False
M056834,1,0,1,0,0.0,0.5,False,,False
M098685,1,0,1,0,0.0,0.5,False,,False
M041886,1,1,0,0,1.0,0.6,False,,False
M078784,1,0,0,1,-1.0,0.4,False,,False
M069036,1,1,0,0,1.0,0.6,False,,False
M067532,1,1,0,0,1.0,0.6,False,,False
M067389,1,0,1,0,0.0,0.5,False,,False
M019793,1,0,1,0,0.0,0.5,False,,False
M099422,1,1,0,0,1.0,0.6,False,,False
M083024,1,1,0,0,1.0,0.6,False,,False
M079033,1,0,1,0,0.0,0.5,False,,False
M086543,1,1,0,0,1.0,0.6,False,,False
M072241,1,0,1,0,0.0,0.5,False,,False
M086368,1,1,0,0,1.0,0.6,False,,False
M094176,1,0,0,1,-1.0,0.4,False,,False
M090362,1,1,0,0,1.0,0.6,False,,False
M081637,1,1,0,0,1.0,0.6,False,,False
M061783,1,0,1,0,0.0,0.5,False,,False
M037555,1,0,1,0,0.0,0.5,False,,False
M037654,1,1,0,0,1.0,0.6,False,,False
M027376,1,0,1,0,0.0,0.5,False,,False
M019413,1,1,0,0,1.0,0.6,False,,False
M086534,1,1,0,0,1.0,0.6,False,,False
M079827,1,1,0,0,1.0,0.6,False,,False
M089366,1,1,0,0,1.0,0.6,False,,False
M060985,1,0,1,0,0.0,0.5,False,,False
M070949,1,1,0,0,1.0,0.6,False,,False
M082636,1,1,0,0,1.0,0.6,False,,False
M094835,1,1,0,0,1.0,0.6,False,,False
M081935,1,1,0,0,1.0,0.6,False,,False
M084828,1,0,0,1,-1.0,0.4,False,,False
M025083,1,1,0,0,1.0,0.6,False,,False
M018998,1,0,1,0,0.0,0.5,False,,False
M009971,1,1,0,0,1.0,0.6,False,,False
M008974,1,1,0,0,1.0,0.6,False,,False
M090896,1,1,0,0,1.0,0.6,False,,False
M072465,1,1,0,0,1.0,0.6,False,,False
M069579,1,1,0,0,1.0,0.6,False,,False
M070688,1,0,1,0,0.0,0.5,False,,False
M057939,1,0,1,0,0.0,0.5,False,,False
M071010,1,1,0,0,1.0,0.6,False,,False
M049081,1,1,0,0,1.0,0.6,False,,False
M085084,1,0,1,0,0.0,0.5,False,,False
M025621,1,1,0,0,1.0,0.6,False,,False
M054978,1,0,1,0,0.0,0.5,False,,False
M094036,1,1,0,0,1.0,0.6,False,,False
M056235,1,1,0,0,1.0,0.6,False,,False
M043306,1,0,1,0,0.0,0.5,False,,False
M087588,1,0,1,0,0.0,0.5,False,,False
M073223,1,0,1,0,0.0,0.5,False,,False
M083364,1,0,1,0,0.0,0.5,False,,False
M050361,1,0,1,0,0.0,0.5,False,,False
M093711,1,1,0,0,1.0,0.6,False,,False
M055785,1,0,0,1,-1.0,0.4,False,,False
M087447,1,0,1,0,0.0,0.5,False,,False
M077656,1,0,0,1,-1.0,0.4,False,,False
M073416,1,0,1,0,0.0,0.5,False,,False
M072020,1,0,1,0,0.0,0.5,False,,False
M098704,1,0,1,0,0.0,0.5,False,,False
M089283,1,1,0,0,1.0,0.6,False,,False
M096371,1,1,0,0,1.0,0.6,False,,False
M097867,1,0,1,0,0.0,0.5,False,,False
M099767,1,0,1,0,0.0,0.5,False,,False
M036288,1,1,0,0,1.0,0.6,False,,False
M029222,1,0,1,0,0.0,0.5,False,,False
M034548,2,2,0,0,1.0,0.7,False,,False
M026974,2,0,2,0,0.0,0.5,False,,False
M029436,2,2,0,0,1.0,0.7,False,,False
M057059,1,0,1,0,0.0,0.5,False,,False
M051444,1,0,1,0,0.0,0.5,False,,False
M067412,1,0,1,0,0.0,0.5,False,,False
M050257,1,1,0,0,1.0,0.6,False,,False
M048572,2,0,2,0,0.0,0.5,False,,False
M010101,1,1,0,0,1.0,0.6,False,,False
M094842,2,2,0,0,1.0,0.7,False,,False
M040960,1,1,0,0,1.0,0.6,False,,False
M002434,1,0,1,0,0.0,0.5,False,,False
M017695,1,1,0,0,1.0,0.6,False,,False
M051764,1,0,1,0,0.0,0.5,False,,False
M065724,1,1,0,0,1.0,0.6,False,,False
M094091,1,1,0,0,1.0,0.6,False,,False
M039986,1,0,1,0,0.0,0.5,False,,False
M037534,1,0,1,0,0.0,0.5,False,,False
M054236,1,0,1,0,0.0,0.5,False,,False
M093618,1,1,0,0,1.0,0.6,False,,False
M085380,1,1,0,0,1.0,0.6,False,,False
M077334,1,0,0,1,-1.0,0.4,False,,False
M079303,1,1,0,0,1.0,0.6,False,,False
M091658,2,0,2,0,0.0,0.5,False,,False
M075362,1,1,0,0,1.0,0.6,False,,False
M097424,1,1,0,0,1.0,0.6,False,,False
M026830,1,1,0,0,1.0,0.6,False,,False
M089512,1,1,0,0,1.0,0.6,False,,False
M088022,1,0,0,1,-1.0,0.4,False,,False
M100682,1,1,0,0,1.0,0.6,False,,False
M098324,1,1,0,0,1.0,0.6,False,,False
M099356,1,0,1,0,0.0,0.5,False,,False
M042613,1,1,0,0,1.0,0.6,False,,False
M087542,1,1,0,0,1.0,0.6,False,,False
M064550,1,1,0,0,1.0,0.6,False,,False
M069463,1,1,0,0,1.0,0.6,False,,False
M016402,1,0,1,0,0.0,0.5,False,,False
M005071,1,1,0,0,1.0,0.6,False,,False
M067416,1,1,0,0,1.0,0.6,False,,False
M075633,1,1,0,0,1.0,0.6,False,,False
M037338,1,1,0,0,1.0,0.6,False,,False
M000540,1,1,0,0,1.0,0.6,False,,False
M001881,1,1,0,0,1.0,0.6,False,,False
M035403,1,1,0,0,1.0,0.6,False,,False
M004589,1,0,1,0,0.0,0.5,False,,False
M009410,1,1,0,0,1.0,0.6,False,,False
M033452,1,1,0,0,1.0,0.6,False,,False
M004982,1,0,1,0,0.0,0.5,False,,False
M042580,1,0,1,0,0.0,0.5,False,,False
M040772,1,1,0,0,1.0,0.6,False,,False
M004817,1,1,0,0,1.0,0.6,False,,False
M012286,2,2,0,0,1.0,0.7,False,,False
M010863,1,0,1,0,0.0,0.5,False,,False
M009186,1,0,1,0,0.0,0.5,False,,False
M026322,1,1,0,0,1.0,0.6,False,,False
M010816,1,0,1,0,0.0,0.5,False,,False
M006192,1,0,1,0,0.0,0.5,False,,False
M053358,1,1,0,0,1.0,0.6,False,,False
M060645,1,1,0,0,1.0,0.6,False,,False
M053535,1,1,0,0,1.0,0.6,False,,False
M034751,1,1,0,0,1.0,0.6,False,,False
M093121,1,1,0,0,1.0,0.6,False,,False
M030875,1,1,0,0,1.0,0.6,False,,False
M022777,1,0,1,0,0.0,0.5,False,,False
M036166,1,0,1,0,0.0,0.5,False,,False
M019568,1,0,1,0,0.0,0.5,False,,False
M100744,1,0,0,1,-1.0,0.4,False,,False
M089692,1,1,0,0,1.0,0.6,False,,False
M088493,1,1,0,0,1.0,0.6,False,,False
M022793,1,0,1,0,0.0,0.5,False,,False
M001258,1,1,0,0,1.0,0.6,False,,False
M075209,1,1,0,0,1.0,0.6,False,,False
M006331,1,0,1,0,0.0,0.5,False,,False
M011391,1,0,1,0,0.0,0.5,False,,False
M092623,1,0,0,1,-1.0,0.4,False,,False
M055232,1,1,0,0,1.0,0.6,False,,False
M064713,2,2,0,0,1.0,0.7,False,,False
M006503,1,0,1,0,0.0,0.5,False,,False
M004074,1,1,0,0,1.0,0.6,False,,False
M061063,2,0,0,2,-1.0,0.30000000000000004,False,,True
M065182,1,1,0,0,1.0,0.6,False,,False
M063458,1,0,0,1,-1.0,0.4,False,,False
M094637,1,1,0,0,1.0,0.6,False,,False
M071441,2,2,0,0,1.0,0.7,False,,False
M026707,1,1,0,0,1.0,0.6,False,,False
M006737,1,0,1,0,0.0,0.5,False,,False
M096423,2,2,0,0,1.0,0.7,False,,False
M032520,1,1,0,0,1.0,0.6,False,,False
M089492,1,1,0,0,1.0,0.6,False,,False
M059314,1,0,1,0,0.0,0.5,False,,False
M063701,1,0,1,0,0.0,0.5,False,,False
M077766,1,1,0,0,1.0,0.6,False,,False
M088085,1,1,0,0,1.0,0.6,False,,False
M066647,1,1,0,0,1.0,0.6,False,,False
M095080,1,1,0,0,1.0,0.6,False,,False
M056102,1,1,0,0,1.0,0.6,False,,False
M080486,2,2,0,0,1.0,0.7,False,,False
M077224,2,2,0,0,1.0,0.7,False,,False
M017664,1,1,0,0,1.0,0.6,False,,False
M012284,1,0,1,0,0.0,0.5,False,,False
M030785,1,1,0,0,1.0,0.6,False,,False
M033458,1,1,0,0,1.0,0.6,False,,False
M008414,1,1,0,0,1.0,0.6,False,,False
M005023,1,1,0,0,1.0,0.6,False,,False
M039367,1,0,1,0,0.0,0.5,False,,False
M085310,1,0,1,0,0.0,0.5,False,,False
M038632,1,0,1,0,0.0,0.5,False,,False
M063455,1,1,0,0,1.0,0.6,False,,False
M091437,1,0,1,0,0.0,0.5,False,,False
M078572,1,0,1,0,0.0,0.5,False,,False
M002813,1,1,0,0,1.0,0.6,False,,False
M075139,1,0,0,1,-1.0,0.4,False,,False
M099692,1,1,0,0,1.0,0.6,False,,False
M046400,1,0,1,0,0.0,0.5,False,,False
M039825,1,0,1,0,0.0,0.5,False,,False
M017495,1,1,0,0,1.0,0.6,False,,False
M089374,1,1,0,0,1.0,0.6,False,,False
M071887,2,2,0,0,1.0,0.7,False,,False
M079584,1,0,0,1,-1.0,0.4,False,,False
M060874,1,1,0,0,1.0,0.6,False,,False
M083101,1,0,1,0,0.0,0.5,False,,False
M068361,1,1,0,0,1.0,0.6,False,,False
M096565,1,1,0,0,1.0,0.6,False,,False
M065488,1,1,0,0,1.0,0.6,False,,False
M055916,1,0,1,0,0.0,0.5,False,,False
M086562,1,1,0,0,1.0,0.6,False,,False
M097401,1,0,1,0,0.0,0.5,False,,False
M030032,1,1,0,0,1.0,0.6,False,,False
M091430,1,1,0,0,1.0,0.6,False,,False
M086841,1,1,0,0,1.0,0.6,False,,False
M090557,1,0,1,0,0.0,0.5,False,,False
M023780,1,1,0,0,1.0,0.6,False,,False
M045905,1,0,1,0,0.0,0.5,False,,False
M025327,1,1,0,0,1.0,0.6,False,,False
M022955,1,1,0,0,1.0,0.6,False,,False
M028488,1,1,0,0,1.0,0.6,False,,False
M059820,1,1,0,0,1.0,0.6,False,,False
M040079,1,1,0,0,1.0,0.6,False,,False
M062217,1,0,0,1,-1.0,0.4,False,,False
M037888,1,0,1,0,0.0,0.5,False,,False
M071631,1,1,0,0,1.0,0.6,False,,False
M061480,1,0,1,0,0.0,0.5,False,,False
M062308,1,1,0,0,1.0,0.6,False,,False
M086085,1,1,0,0,1.0,0.6,False,,False
M003519,1,0,1,0,0.0,0.5,False,,False
M039653,1,0,1,0,0.0,0.5,False,,False
M014160,1,1,0,0,1.0,0.6,False,,False
M011549,1,1,0,0,1.0,0.6,False,,False
M030266,1,1,0,0,1.0,0.6,False,,False
M029326,1,0,0,1,-1.0,0.4,False,,False
M054609,1,1,0,0,1.0,0.6,False,,False
M060656,1,0,0,1,-1.0,0.4,False,,False
M077379,1,0,0,1,-1.0,0.4,False,,False
M093427,1,1,0,0,1.0,0.6,False,,False
M059618,1,0,1,0,0.0,0.5,False,,False
M076675,1,1,0,0,1.0,0.6,False,,False
M062290,1,1,0,0,1.0,0.6,False,,False
M047780,1,0,1,0,0.0,0.5,False,,False
M057380,1,0,1,0,0.0,0.5,False,,False
M078840,1,0,1,0,0.0,0.5,False,,False
M083869,1,0,0,1,-1.0,0.4,False,,False
M063875,1,1,0,0,1.0,0.6,False,,False
M019438,1,1,0,0,1.0,0.6,False,,False
M082992,1,0,1,0,0.0,0.5,False,,False
M069402,1,1,0,0,1.0,0.6,False,,False
M005293,1,1,0,0,1.0,0.6,False,,False
M026925,1,1,0,0,1.0,0.6,False,,False
M031388,1,1,0,0,1.0,0.6,False,,False
M034464,1,0,0,1,-1.0,0.4,False,,False
M009003,3,0,0,3,-1.0,0.20000000000000004,True,retrieval_count=3>=N_MIN=3 and average_utility=-1.0000<=BETA=-0.2,True
M007183,1,0,1,0,0.0,0.5,False,,False
M092308,1,1,0,0,1.0,0.6,False,,False
M047987,1,1,0,0,1.0,0.6,False,,False
M056456,1,0,1,0,0.0,0.5,False,,False
M048577,1,0,1,0,0.0,0.5,False,,False
M006077,1,0,1,0,0.0,0.5,False,,False
M081702,1,0,0,1,-1.0,0.4,False,,False
M021787,1,1,0,0,1.0,0.6,False,,False
M052291,1,1,0,0,1.0,0.6,False,,False
M019629,1,0,0,1,-1.0,0.4,False,,False
M090613,1,0,1,0,0.0,0.5,False,,False
M078558,1,1,0,0,1.0,0.6,False,,False
M023649,1,0,1,0,0.0,0.5,False,,False
M088412,1,0,0,1,-1.0,0.4,False,,False
M034201,1,0,0,1,-1.0,0.4,False,,False
M002430,1,0,1,0,0.0,0.5,False,,False
M067642,1,1,0,0,1.0,0.6,False,,False
M062107,1,0,0,1,-1.0,0.4,False,,False
M063900,1,1,0,0,1.0,0.6,False,,False
M097510,1,1,0,0,1.0,0.6,False,,False
M040485,1,0,1,0,0.0,0.5,False,,False
M040161,1,0,0,1,-1.0,0.4,False,,False
M052461,1,1,0,0,1.0,0.6,False,,False
M001597,1,0,0,1,-1.0,0.4,False,,False
M041261,1,0,1,0,0.0,0.5,False,,False
M073324,1,1,0,0,1.0,0.6,False,,False
M004139,1,1,0,0,1.0,0.6,False,,False
M008686,1,1,0,0,1.0,0.6,False,,False
M006175,1,1,0,0,1.0,0.6,False,,False
M036627,1,0,0,1,-1.0,0.4,False,,False
M064671,2,2,0,0,1.0,0.7,False,,False
M096314,3,3,0,0,1.0,0.7999999999999999,False,,False
M087989,1,0,1,0,0.0,0.5,False,,False
M022603,1,0,0,1,-1.0,0.4,False,,False
M051665,1,1,0,0,1.0,0.6,False,,False
M043193,1,0,1,0,0.0,0.5,False,,False
M043100,1,0,1,0,0.0,0.5,False,,False
M013658,1,1,0,0,1.0,0.6,False,,False
M080376,1,1,0,0,1.0,0.6,False,,False
M004207,1,0,0,1,-1.0,0.4,False,,False
M031743,1,0,0,1,-1.0,0.4,False,,False
M019861,1,1,0,0,1.0,0.6,False,,False
M058441,1,1,0,0,1.0,0.6,False,,False
M076349,1,0,1,0,0.0,0.5,False,,False
M030758,1,0,1,0,0.0,0.5,False,,False
M017708,1,0,0,1,-1.0,0.4,False,,False
M004736,1,0,1,0,0.0,0.5,False,,False
M050785,1,0,1,0,0.0,0.5,False,,False
M013845,1,0,1,0,0.0,0.5,False,,False
M085593,1,1,0,0,1.0,0.6,False,,False
M022124,1,1,0,0,1.0,0.6,False,,False
M094396,1,1,0,0,1.0,0.6,False,,False
M014042,1,1,0,0,1.0,0.6,False,,False
M017499,1,1,0,0,1.0,0.6,False,,False
M086427,1,1,0,0,1.0,0.6,False,,False
M090175,1,1,0,0,1.0,0.6,False,,False
M096454,1,1,0,0,1.0,0.6,False,,False
M098614,1,1,0,0,1.0,0.6,False,,False
M099215,1,1,0,0,1.0,0.6,False,,False
M003451,1,1,0,0,1.0,0.6,False,,False
M027219,1,1,0,0,1.0,0.6,False,,False
M040530,1,1,0,0,1.0,0.6,False,,False
M022279,1,1,0,0,1.0,0.6,False,,False
M037379,1,0,0,1,-1.0,0.4,False,,False
M011245,1,1,0,0,1.0,0.6,False,,False
M010020,1,1,0,0,1.0,0.6,False,,False
M082307,1,0,1,0,0.0,0.5,False,,False
M020899,1,0,1,0,0.0,0.5,False,,False
M093312,1,1,0,0,1.0,0.6,False,,False
M088126,1,1,0,0,1.0,0.6,False,,False
M007831,1,0,1,0,0.0,0.5,False,,False
M027847,1,0,1,0,0.0,0.5,False,,False
M040196,1,1,0,0,1.0,0.6,False,,False
M004169,1,1,0,0,1.0,0.6,False,,False
M062302,2,2,0,0,1.0,0.7,False,,False
M040043,2,0,2,0,0.0,0.5,False,,False
M028061,2,0,2,0,0.0,0.5,False,,False
M029598,1,1,0,0,1.0,0.6,False,,False
M062762,1,0,1,0,0.0,0.5,False,,False
M081906,1,1,0,0,1.0,0.6,False,,False
M043693,1,0,0,1,-1.0,0.4,False,,False
M073586,1,0,1,0,0.0,0.5,False,,False
M082913,1,1,0,0,1.0,0.6,False,,False
M094938,1,1,0,0,1.0,0.6,False,,False
M078516,1,1,0,0,1.0,0.6,False,,False
M091240,1,1,0,0,1.0,0.6,False,,False
M093597,1,1,0,0,1.0,0.6,False,,False
M087721,1,1,0,0,1.0,0.6,False,,False
M089285,1,0,1,0,0.0,0.5,False,,False
M088468,1,0,1,0,0.0,0.5,False,,False
M098990,1,1,0,0,1.0,0.6,False,,False
M073605,1,1,0,0,1.0,0.6,False,,False
M076340,1,0,1,0,0.0,0.5,False,,False
M078371,1,1,0,0,1.0,0.6,False,,False
M086844,1,0,0,1,-1.0,0.4,False,,False
M064286,1,0,1,0,0.0,0.5,False,,False
M086401,1,1,0,0,1.0,0.6,False,,False
M077795,1,0,1,0,0.0,0.5,False,,False
M043321,1,0,0,1,-1.0,0.4,False,,False
M055085,1,1,0,0,1.0,0.6,False,,False
M067484,1,1,0,0,1.0,0.6,False,,False
M012391,1,0,1,0,0.0,0.5,False,,False
M005209,1,1,0,0,1.0,0.6,False,,False
M071434,1,0,0,1,-1.0,0.4,False,,False
M059193,1,1,0,0,1.0,0.6,False,,False
M013918,1,1,0,0,1.0,0.6,False,,False
M058742,1,1,0,0,1.0,0.6,False,,False
M047066,1,1,0,0,1.0,0.6,False,,False
M046133,1,1,0,0,1.0,0.6,False,,False
M088122,1,1,0,0,1.0,0.6,False,,False
M041815,1,1,0,0,1.0,0.6,False,,False
M010813,1,1,0,0,1.0,0.6,False,,False
M013078,1,1,0,0,1.0,0.6,False,,False
M034205,1,1,0,0,1.0,0.6,False,,False
M043241,1,1,0,0,1.0,0.6,False,,False
M020949,1,1,0,0,1.0,0.6,False,,False
M046159,1,1,0,0,1.0,0.6,False,,False
M044082,1,0,1,0,0.0,0.5,False,,False
M027425,1,0,1,0,0.0,0.5,False,,False
M036167,1,1,0,0,1.0,0.6,False,,False
M077430,2,0,2,0,0.0,0.5,False,,False
M059502,1,1,0,0,1.0,0.6,False,,False
M052285,1,1,0,0,1.0,0.6,False,,False
M049741,1,0,0,1,-1.0,0.4,False,,False
M043158,1,0,1,0,0.0,0.5,False,,False
M016456,1,1,0,0,1.0,0.6,False,,False
M016529,1,1,0,0,1.0,0.6,False,,False
M014215,1,1,0,0,1.0,0.6,False,,False
M004401,1,1,0,0,1.0,0.6,False,,False
M002282,1,1,0,0,1.0,0.6,False,,False
M024455,1,1,0,0,1.0,0.6,False,,False
M024468,1,1,0,0,1.0,0.6,False,,False
M023379,1,0,1,0,0.0,0.5,False,,False
M025328,1,0,0,1,-1.0,0.4,False,,False
M033694,1,1,0,0,1.0,0.6,False,,False
M021939,1,0,0,1,-1.0,0.4,False,,False
M089450,1,1,0,0,1.0,0.6,False,,False
M019989,1,1,0,0,1.0,0.6,False,,False
M012767,1,1,0,0,1.0,0.6,False,,False
M029754,1,0,1,0,0.0,0.5,False,,False
M060380,1,1,0,0,1.0,0.6,False,,False
M044408,1,0,1,0,0.0,0.5,False,,False
M028532,1,1,0,0,1.0,0.6,False,,False
M060125,1,0,1,0,0.0,0.5,False,,False
M066350,1,0,1,0,0.0,0.5,False,,False
M038391,1,1,0,0,1.0,0.6,False,,False
M059454,1,0,1,0,0.0,0.5,False,,False
M087085,1,1,0,0,1.0,0.6,False,,False
M083037,1,0,1,0,0.0,0.5,False,,False
M089059,1,1,0,0,1.0,0.6,False,,False
M083307,2,2,0,0,1.0,0.7,False,,False
M047198,2,2,0,0,1.0,0.7,False,,False
M047953,1,0,0,1,-1.0,0.4,False,,False
M056141,1,1,0,0,1.0,0.6,False,,False
M056545,1,1,0,0,1.0,0.6,False,,False
M047582,1,1,0,0,1.0,0.6,False,,False
M076322,1,1,0,0,1.0,0.6,False,,False
M099891,1,1,0,0,1.0,0.6,False,,False
M062589,1,0,1,0,0.0,0.5,False,,False
M098063,1,0,1,0,0.0,0.5,False,,False
M099298,1,1,0,0,1.0,0.6,False,,False
M021165,1,1,0,0,1.0,0.6,False,,False
M031714,1,1,0,0,1.0,0.6,False,,False
M031347,1,0,1,0,0.0,0.5,False,,False
M064751,1,0,1,0,0.0,0.5,False,,False
M047592,1,0,0,1,-1.0,0.4,False,,False
M098380,1,1,0,0,1.0,0.6,False,,False
M075806,1,0,1,0,0.0,0.5,False,,False
M061559,1,1,0,0,1.0,0.6,False,,False
M021720,1,1,0,0,1.0,0.6,False,,False
M080338,1,1,0,0,1.0,0.6,False,,False
M022416,1,0,1,0,0.0,0.5,False,,False
M047152,1,1,0,0,1.0,0.6,False,,False
M048023,1,1,0,0,1.0,0.6,False,,False
M091886,2,0,0,2,-1.0,0.30000000000000004,False,,True
M021528,1,0,1,0,0.0,0.5,False,,False
M100101,2,0,0,2,-1.0,0.30000000000000004,False,,True
M091787,1,0,1,0,0.0,0.5,False,,False
M092768,1,1,0,0,1.0,0.6,False,,False
M083193,1,0,1,0,0.0,0.5,False,,False
M089524,1,0,1,0,0.0,0.5,False,,False
M097957,1,0,1,0,0.0,0.5,False,,False
M097553,1,0,1,0,0.0,0.5,False,,False
M090841,1,0,1,0,0.0,0.5,False,,False
M040754,1,1,0,0,1.0,0.6,False,,False
M064825,1,1,0,0,1.0,0.6,False,,False
M011351,1,1,0,0,1.0,0.6,False,,False
M004936,1,1,0,0,1.0,0.6,False,,False
M085261,1,1,0,0,1.0,0.6,False,,False
M091039,1,1,0,0,1.0,0.6,False,,False
M090487,1,0,1,0,0.0,0.5,False,,False
M097471,1,0,1,0,0.0,0.5,False,,False
M089051,1,0,1,0,0.0,0.5,False,,False
M055495,1,1,0,0,1.0,0.6,False,,False
M047805,1,1,0,0,1.0,0.6,False,,False
M083604,2,0,2,0,0.0,0.5,False,,False
M009499,2,0,0,2,-1.0,0.30000000000000004,False,,True
M047004,2,0,2,0,0.0,0.5,False,,False
M036614,1,0,1,0,0.0,0.5,False,,False
M047146,1,0,1,0,0.0,0.5,False,,False
M090493,1,1,0,0,1.0,0.6,False,,False
M049632,1,1,0,0,1.0,0.6,False,,False
M035230,1,1,0,0,1.0,0.6,False,,False
M056755,1,0,0,1,-1.0,0.4,False,,False
M068027,1,0,1,0,0.0,0.5,False,,False
M058515,1,1,0,0,1.0,0.6,False,,False
M064414,1,1,0,0,1.0,0.6,False,,False
M014354,1,1,0,0,1.0,0.6,False,,False
M016153,1,0,1,0,0.0,0.5,False,,False
M017132,1,1,0,0,1.0,0.6,False,,False
M021068,1,0,0,1,-1.0,0.4,False,,False
M067759,1,0,0,1,-1.0,0.4,False,,False
M069295,1,0,1,0,0.0,0.5,False,,False
M079631,1,0,1,0,0.0,0.5,False,,False
M071774,1,1,0,0,1.0,0.6,False,,False
M053479,1,0,1,0,0.0,0.5,False,,False
M040865,1,1,0,0,1.0,0.6,False,,False
M089854,1,1,0,0,1.0,0.6,False,,False
M093372,1,0,1,0,0.0,0.5,False,,False
M094258,1,1,0,0,1.0,0.6,False,,False
M030824,1,0,0,1,-1.0,0.4,False,,False
M033557,1,1,0,0,1.0,0.6,False,,False
M030879,1,1,0,0,1.0,0.6,False,,False
M031408,1,0,1,0,0.0,0.5,False,,False
M030173,1,0,0,1,-1.0,0.4,False,,False
M087525,1,1,0,0,1.0,0.6,False,,False
M016946,1,0,1,0,0.0,0.5,False,,False
M059306,1,1,0,0,1.0,0.6,False,,False
M017105,1,0,0,1,-1.0,0.4,False,,False
M001423,1,1,0,0,1.0,0.6,False,,False
M015855,1,0,0,1,-1.0,0.4,False,,False
M090498,1,0,1,0,0.0,0.5,False,,False
M096952,2,0,0,2,-1.0,0.30000000000000004,False,,True
M096698,1,0,1,0,0.0,0.5,False,,False
M061748,1,1,0,0,1.0,0.6,False,,False
M059872,1,0,1,0,0.0,0.5,False,,False
M035241,1,0,0,1,-1.0,0.4,False,,False
M034574,1,1,0,0,1.0,0.6,False,,False
M033705,1,1,0,0,1.0,0.6,False,,False
M090727,1,1,0,0,1.0,0.6,False,,False
M069165,1,0,1,0,0.0,0.5,False,,False
M064041,1,1,0,0,1.0,0.6,False,,False
M057563,1,1,0,0,1.0,0.6,False,,False
M052609,1,1,0,0,1.0,0.6,False,,False
M037938,1,0,0,1,-1.0,0.4,False,,False
M033348,1,1,0,0,1.0,0.6,False,,False
M031715,1,0,1,0,0.0,0.5,False,,False
M008376,1,1,0,0,1.0,0.6,False,,False
M005980,1,0,1,0,0.0,0.5,False,,False
M001956,1,1,0,0,1.0,0.6,False,,False
M065981,1,1,0,0,1.0,0.6,False,,False
M008684,1,1,0,0,1.0,0.6,False,,False
M100634,1,0,0,1,-1.0,0.4,False,,False
M056470,1,1,0,0,1.0,0.6,False,,False
M095841,1,1,0,0,1.0,0.6,False,,False
M078774,1,0,1,0,0.0,0.5,False,,False
M091291,1,1,0,0,1.0,0.6,False,,False
M004567,1,1,0,0,1.0,0.6,False,,False
M020689,1,1,0,0,1.0,0.6,False,,False
M026592,1,1,0,0,1.0,0.6,False,,False
M025143,1,0,1,0,0.0,0.5,False,,False
M017808,1,1,0,0,1.0,0.6,False,,False
M090634,2,2,0,0,1.0,0.7,False,,False
M026270,1,1,0,0,1.0,0.6,False,,False
M038292,1,1,0,0,1.0,0.6,False,,False
M046461,1,1,0,0,1.0,0.6,False,,False
M066637,1,1,0,0,1.0,0.6,False,,False
M082459,1,1,0,0,1.0,0.6,False,,False
M033479,1,1,0,0,1.0,0.6,False,,False
M038393,1,0,1,0,0.0,0.5,False,,False
M092653,1,1,0,0,1.0,0.6,False,,False
M012538,1,1,0,0,1.0,0.6,False,,False
M008622,1,1,0,0,1.0,0.6,False,,False
M017463,1,0,1,0,0.0,0.5,False,,False
M015402,1,1,0,0,1.0,0.6,False,,False
M032009,1,1,0,0,1.0,0.6,False,,False
M065097,1,0,1,0,0.0,0.5,False,,False
M095543,1,1,0,0,1.0,0.6,False,,False
M064769,1,1,0,0,1.0,0.6,False,,False
M095228,1,1,0,0,1.0,0.6,False,,False
M065638,1,1,0,0,1.0,0.6,False,,False
M081068,1,1,0,0,1.0,0.6,False,,False
M005247,1,0,1,0,0.0,0.5,False,,False
M002663,1,0,1,0,0.0,0.5,False,,False
M028653,1,0,1,0,0.0,0.5,False,,False
M020456,1,0,0,1,-1.0,0.4,False,,False
M027498,1,1,0,0,1.0,0.6,False,,False
M049204,1,0,1,0,0.0,0.5,False,,False
M100625,1,1,0,0,1.0,0.6,False,,False
M031893,1,1,0,0,1.0,0.6,False,,False
M016114,1,1,0,0,1.0,0.6,False,,False
M059509,1,1,0,0,1.0,0.6,False,,False
M067267,1,1,0,0,1.0,0.6,False,,False
M068605,1,0,1,0,0.0,0.5,False,,False
M008344,1,0,1,0,0.0,0.5,False,,False
M075165,1,1,0,0,1.0,0.6,False,,False
M052191,1,0,1,0,0.0,0.5,False,,False
M097037,1,1,0,0,1.0,0.6,False,,False
M097755,1,0,0,1,-1.0,0.4,False,,False
M011769,1,0,0,1,-1.0,0.4,False,,False
M071279,1,1,0,0,1.0,0.6,False,,False
M069338,1,1,0,0,1.0,0.6,False,,False
M037673,1,1,0,0,1.0,0.6,False,,False
M050678,1,1,0,0,1.0,0.6,False,,False
M026351,1,1,0,0,1.0,0.6,False,,False
M078751,1,1,0,0,1.0,0.6,False,,False
M060146,1,1,0,0,1.0,0.6,False,,False
M005391,1,0,1,0,0.0,0.5,False,,False
M066366,1,0,1,0,0.0,0.5,False,,False
M051645,1,0,1,0,0.0,0.5,False,,False
M067833,1,1,0,0,1.0,0.6,False,,False
M068736,1,0,1,0,0.0,0.5,False,,False
M063208,1,0,1,0,0.0,0.5,False,,False
M012551,1,0,1,0,0.0,0.5,False,,False
M007976,1,0,1,0,0.0,0.5,False,,False
M081802,1,1,0,0,1.0,0.6,False,,False
M071738,1,1,0,0,1.0,0.6,False,,False
M042340,1,0,1,0,0.0,0.5,False,,False
M008223,1,0,1,0,0.0,0.5,False,,False
M076798,1,1,0,0,1.0,0.6,False,,False
M051314,1,1,0,0,1.0,0.6,False,,False
M046825,1,1,0,0,1.0,0.6,False,,False
M069043,1,1,0,0,1.0,0.6,False,,False
M047830,1,0,1,0,0.0,0.5,False,,False
M039629,1,0,1,0,0.0,0.5,False,,False
M007306,1,1,0,0,1.0,0.6,False,,False
M058170,1,0,1,0,0.0,0.5,False,,False
M028554,1,1,0,0,1.0,0.6,False,,False
M032864,1,0,0,1,-1.0,0.4,False,,False
M033880,1,1,0,0,1.0,0.6,False,,False
M031601,1,0,0,1,-1.0,0.4,False,,False
M090342,1,1,0,0,1.0,0.6,False,,False
M075282,1,1,0,0,1.0,0.6,False,,False
M065154,1,1,0,0,1.0,0.6,False,,False
M066000,1,1,0,0,1.0,0.6,False,,False
M075436,1,1,0,0,1.0,0.6,False,,False
M036159,1,1,0,0,1.0,0.6,False,,False
M034176,1,1,0,0,1.0,0.6,False,,False
M060730,1,1,0,0,1.0,0.6,False,,False
M048005,1,1,0,0,1.0,0.6,False,,False
M016750,1,0,0,1,-1.0,0.4,False,,False
M032210,1,1,0,0,1.0,0.6,False,,False
M008205,1,1,0,0,1.0,0.6,False,,False
M018738,1,0,1,0,0.0,0.5,False,,False
M018562,1,1,0,0,1.0,0.6,False,,False
M087540,1,1,0,0,1.0,0.6,False,,False
M020544,1,0,1,0,0.0,0.5,False,,False
M027256,1,1,0,0,1.0,0.6,False,,False
M096406,1,0,1,0,0.0,0.5,False,,False
M067008,1,0,1,0,0.0,0.5,False,,False
M043183,1,1,0,0,1.0,0.6,False,,False
M013367,1,1,0,0,1.0,0.6,False,,False
M008698,1,0,1,0,0.0,0.5,False,,False
M013914,1,1,0,0,1.0,0.6,False,,False
M035814,1,1,0,0,1.0,0.6,False,,False
M015254,1,0,0,1,-1.0,0.4,False,,False
M037476,1,1,0,0,1.0,0.6,False,,False
M011393,1,0,0,1,-1.0,0.4,False,,False
M017410,1,0,0,1,-1.0,0.4,False,,False
M022004,1,1,0,0,1.0,0.6,False,,False
M041583,1,0,1,0,0.0,0.5,False,,False
M052107,1,0,1,0,0.0,0.5,False,,False
M080822,2,0,2,0,0.0,0.5,False,,False
M044839,1,1,0,0,1.0,0.6,False,,False
M096136,1,1,0,0,1.0,0.6,False,,False
M048732,1,0,1,0,0.0,0.5,False,,False
M094497,1,1,0,0,1.0,0.6,False,,False
M060081,1,0,1,0,0.0,0.5,False,,False
M055717,1,0,1,0,0.0,0.5,False,,False
M072492,1,1,0,0,1.0,0.6,False,,False
M004878,1,0,1,0,0.0,0.5,False,,False
M040566,1,0,1,0,0.0,0.5,False,,False
M066059,1,0,0,1,-1.0,0.4,False,,False
M034267,1,0,1,0,0.0,0.5,False,,False
M007011,1,0,0,1,-1.0,0.4,False,,False
M097091,1,0,1,0,0.0,0.5,False,,False
M015343,1,0,1,0,0.0,0.5,False,,False
M005866,2,2,0,0,1.0,0.7,False,,False
M029048,1,1,0,0,1.0,0.6,False,,False
M020921,1,0,1,0,0.0,0.5,False,,False
M015156,1,0,1,0,0.0,0.5,False,,False
M069626,1,0,1,0,0.0,0.5,False,,False
M049965,1,0,0,1,-1.0,0.4,False,,False
M074292,1,1,0,0,1.0,0.6,False,,False
M072523,1,1,0,0,1.0,0.6,False,,False
M070571,1,1,0,0,1.0,0.6,False,,False
M032809,1,1,0,0,1.0,0.6,False,,False
M039145,1,0,1,0,0.0,0.5,False,,False
M008589,1,1,0,0,1.0,0.6,False,,False
M045132,1,1,0,0,1.0,0.6,False,,False
M032275,1,1,0,0,1.0,0.6,False,,False
M063821,1,0,1,0,0.0,0.5,False,,False
M086717,1,1,0,0,1.0,0.6,False,,False
M088415,1,1,0,0,1.0,0.6,False,,False
M089427,2,2,0,0,1.0,0.7,False,,False
M071654,1,1,0,0,1.0,0.6,False,,False
M073267,1,1,0,0,1.0,0.6,False,,False
M080701,2,2,0,0,1.0,0.7,False,,False
M094483,1,1,0,0,1.0,0.6,False,,False
M023716,1,1,0,0,1.0,0.6,False,,False
M052388,1,0,1,0,0.0,0.5,False,,False
M007434,1,1,0,0,1.0,0.6,False,,False
M031956,1,1,0,0,1.0,0.6,False,,False
M023255,1,1,0,0,1.0,0.6,False,,False
M018012,1,0,0,1,-1.0,0.4,False,,False
M003926,1,1,0,0,1.0,0.6,False,,False
M047197,1,1,0,0,1.0,0.6,False,,False
M029274,1,0,0,1,-1.0,0.4,False,,False
M014637,1,1,0,0,1.0,0.6,False,,False
M062886,1,0,1,0,0.0,0.5,False,,False
M053364,1,0,1,0,0.0,0.5,False,,False
M100359,1,1,0,0,1.0,0.6,False,,False
M052770,1,0,1,0,0.0,0.5,False,,False
M089775,1,1,0,0,1.0,0.6,False,,False
M065401,1,0,1,0,0.0,0.5,False,,False
M055400,1,0,1,0,0.0,0.5,False,,False
M090416,1,1,0,0,1.0,0.6,False,,False
M099065,1,1,0,0,1.0,0.6,False,,False
M082599,1,1,0,0,1.0,0.6,False,,False
M089856,1,1,0,0,1.0,0.6,False,,False
M050869,1,1,0,0,1.0,0.6,False,,False
M021489,1,1,0,0,1.0,0.6,False,,False
M039696,1,0,1,0,0.0,0.5,False,,False
M013752,1,0,1,0,0.0,0.5,False,,False
M054783,1,0,0,1,-1.0,0.4,False,,False
M012667,1,0,1,0,0.0,0.5,False,,False
M082573,1,1,0,0,1.0,0.6,False,,False
M049785,2,0,2,0,0.0,0.5,False,,False
M073000,1,1,0,0,1.0,0.6,False,,False
M062828,1,0,0,1,-1.0,0.4,False,,False
M047362,1,0,0,1,-1.0,0.4,False,,False
M080586,1,1,0,0,1.0,0.6,False,,False
M073131,1,0,1,0,0.0,0.5,False,,False
M101425,1,1,0,0,1.0,0.6,False,,False
M015807,1,0,1,0,0.0,0.5,False,,False
M060593,1,0,1,0,0.0,0.5,False,,False
M100319,1,1,0,0,1.0,0.6,False,,False
M016925,1,0,0,1,-1.0,0.4,False,,False
M022169,1,1,0,0,1.0,0.6,False,,False
M098383,1,1,0,0,1.0,0.6,False,,False
M058738,1,0,1,0,0.0,0.5,False,,False
M073806,1,1,0,0,1.0,0.6,False,,False
M077133,1,0,1,0,0.0,0.5,False,,False
M090574,1,1,0,0,1.0,0.6,False,,False
M069248,1,1,0,0,1.0,0.6,False,,False
M079447,1,1,0,0,1.0,0.6,False,,False
M070713,1,0,1,0,0.0,0.5,False,,False
M074987,1,1,0,0,1.0,0.6,False,,False
M098085,1,0,1,0,0.0,0.5,False,,False
M057858,1,1,0,0,1.0,0.6,False,,False
M004858,1,0,1,0,0.0,0.5,False,,False
M020516,1,0,1,0,0.0,0.5,False,,False
M018191,1,1,0,0,1.0,0.6,False,,False
M083192,1,1,0,0,1.0,0.6,False,,False
M067561,1,0,1,0,0.0,0.5,False,,False
M058484,1,0,0,1,-1.0,0.4,False,,False
M065810,1,1,0,0,1.0,0.6,False,,False
M007362,1,0,1,0,0.0,0.5,False,,False
M058461,1,0,0,1,-1.0,0.4,False,,False
M059934,1,0,1,0,0.0,0.5,False,,False
M080914,1,1,0,0,1.0,0.6,False,,False
M048670,1,0,1,0,0.0,0.5,False,,False
M078396,2,2,0,0,1.0,0.7,False,,False
M086967,1,0,1,0,0.0,0.5,False,,False
M066833,1,1,0,0,1.0,0.6,False,,False
M054655,1,0,1,0,0.0,0.5,False,,False
M089617,1,0,0,1,-1.0,0.4,False,,False
M080187,1,0,0,1,-1.0,0.4,False,,False
M085256,1,1,0,0,1.0,0.6,False,,False
M094934,1,0,1,0,0.0,0.5,False,,False
M004351,1,0,1,0,0.0,0.5,False,,False
M065960,1,1,0,0,1.0,0.6,False,,False
M017813,2,2,0,0,1.0,0.7,False,,False
M052088,1,1,0,0,1.0,0.6,False,,False
M024500,1,0,1,0,0.0,0.5,False,,False
M074541,2,2,0,0,1.0,0.7,False,,False
M070296,2,0,2,0,0.0,0.5,False,,False
M052096,1,0,1,0,0.0,0.5,False,,False
M085553,1,0,1,0,0.0,0.5,False,,False
M075472,1,1,0,0,1.0,0.6,False,,False
M066859,1,1,0,0,1.0,0.6,False,,False
M080105,1,1,0,0,1.0,0.6,False,,False
M093731,1,1,0,0,1.0,0.6,False,,False
M070203,1,0,1,0,0.0,0.5,False,,False
M088257,1,0,1,0,0.0,0.5,False,,False
M003071,1,0,0,1,-1.0,0.4,False,,False
M012240,1,0,1,0,0.0,0.5,False,,False
M011519,1,1,0,0,1.0,0.6,False,,False
M042168,1,0,1,0,0.0,0.5,False,,False
M057514,1,0,1,0,0.0,0.5,False,,False
M086072,1,1,0,0,1.0,0.6,False,,False
M013097,1,1,0,0,1.0,0.6,False,,False
M061714,1,1,0,0,1.0,0.6,False,,False
M039071,1,0,0,1,-1.0,0.4,False,,False
M057898,1,1,0,0,1.0,0.6,False,,False
M037038,1,0,0,1,-1.0,0.4,False,,False
M042043,1,1,0,0,1.0,0.6,False,,False
M042927,2,0,2,0,0.0,0.5,False,,False
M045303,1,1,0,0,1.0,0.6,False,,False
M043491,1,0,1,0,0.0,0.5,False,,False
M078895,1,1,0,0,1.0,0.6,False,,False
M057998,1,1,0,0,1.0,0.6,False,,False
M057127,1,1,0,0,1.0,0.6,False,,False
M080292,1,0,1,0,0.0,0.5,False,,False
M055753,1,0,1,0,0.0,0.5,False,,False
M048466,1,0,1,0,0.0,0.5,False,,False
M085037,1,1,0,0,1.0,0.6,False,,False
M074577,2,0,0,2,-1.0,0.30000000000000004,False,,True
M020833,1,1,0,0,1.0,0.6,False,,False
M082545,1,0,1,0,0.0,0.5,False,,False
M031087,1,1,0,0,1.0,0.6,False,,False
M007177,1,1,0,0,1.0,0.6,False,,False
M055963,1,0,1,0,0.0,0.5,False,,False
M100397,1,0,1,0,0.0,0.5,False,,False
M096831,1,1,0,0,1.0,0.6,False,,False
M081793,1,0,1,0,0.0,0.5,False,,False
M002991,1,0,1,0,0.0,0.5,False,,False
M086264,1,0,1,0,0.0,0.5,False,,False
M096511,1,1,0,0,1.0,0.6,False,,False
M055373,1,0,1,0,0.0,0.5,False,,False
M077147,1,1,0,0,1.0,0.6,False,,False
M087106,1,0,1,0,0.0,0.5,False,,False
M052341,1,0,1,0,0.0,0.5,False,,False
M051535,1,0,1,0,0.0,0.5,False,,False
M090147,1,0,1,0,0.0,0.5,False,,False
M061328,1,0,1,0,0.0,0.5,False,,False
M078554,1,1,0,0,1.0,0.6,False,,False
M035252,1,0,1,0,0.0,0.5,False,,False
M081024,1,1,0,0,1.0,0.6,False,,False
M070775,1,0,1,0,0.0,0.5,False,,False
M092297,1,1,0,0,1.0,0.6,False,,False
M071699,1,0,1,0,0.0,0.5,False,,False
M029596,1,1,0,0,1.0,0.6,False,,False
M094809,1,1,0,0,1.0,0.6,False,,False
M073885,1,0,1,0,0.0,0.5,False,,False
M039539,1,0,1,0,0.0,0.5,False,,False
M089414,1,1,0,0,1.0,0.6,False,,False
M083508,1,0,1,0,0.0,0.5,False,,False
M076265,1,1,0,0,1.0,0.6,False,,False
M066381,1,1,0,0,1.0,0.6,False,,False
M096947,1,0,0,1,-1.0,0.4,False,,False
M080332,1,0,1,0,0.0,0.5,False,,False
M026470,1,1,0,0,1.0,0.6,False,,False
M030318,1,1,0,0,1.0,0.6,False,,False
M026181,1,0,0,1,-1.0,0.4,False,,False
M031315,1,1,0,0,1.0,0.6,False,,False
M066113,1,0,1,0,0.0,0.5,False,,False
M020540,1,1,0,0,1.0,0.6,False,,False
M007796,1,1,0,0,1.0,0.6,False,,False
M025990,1,1,0,0,1.0,0.6,False,,False
M007741,1,0,1,0,0.0,0.5,False,,False
M015105,1,1,0,0,1.0,0.6,False,,False
M020594,1,1,0,0,1.0,0.6,False,,False
M047240,1,0,0,1,-1.0,0.4,False,,False
M025989,1,1,0,0,1.0,0.6,False,,False
M007541,1,1,0,0,1.0,0.6,False,,False
M020134,1,1,0,0,1.0,0.6,False,,False
M015819,1,1,0,0,1.0,0.6,False,,False
M010247,1,0,1,0,0.0,0.5,False,,False
M038189,1,0,0,1,-1.0,0.4,False,,False
M063437,1,1,0,0,1.0,0.6,False,,False
M042133,1,0,1,0,0.0,0.5,False,,False
M038307,1,0,1,0,0.0,0.5,False,,False
M064530,1,1,0,0,1.0,0.6,False,,False
M045147,1,0,0,1,-1.0,0.4,False,,False
M050009,1,0,1,0,0.0,0.5,False,,False
M074083,1,1,0,0,1.0,0.6,False,,False
M045599,1,1,0,0,1.0,0.6,False,,False
M053519,1,1,0,0,1.0,0.6,False,,False
M038738,1,0,1,0,0.0,0.5,False,,False
M069425,1,1,0,0,1.0,0.6,False,,False
M084685,1,1,0,0,1.0,0.6,False,,False
M084664,1,1,0,0,1.0,0.6,False,,False
M085240,1,1,0,0,1.0,0.6,False,,False
M087901,1,0,0,1,-1.0,0.4,False,,False
M079482,1,0,1,0,0.0,0.5,False,,False
M089956,1,0,1,0,0.0,0.5,False,,False
M066593,1,0,0,1,-1.0,0.4,False,,False
M061616,1,1,0,0,1.0,0.6,False,,False
M065225,1,1,0,0,1.0,0.6,False,,False
M092152,1,1,0,0,1.0,0.6,False,,False
M073980,1,0,0,1,-1.0,0.4,False,,False
M099794,1,1,0,0,1.0,0.6,False,,False
M092724,1,1,0,0,1.0,0.6,False,,False
M088978,1,1,0,0,1.0,0.6,False,,False
M051081,1,0,1,0,0.0,0.5,False,,False
M095661,1,0,1,0,0.0,0.5,False,,False
M023887,2,2,0,0,1.0,0.7,False,,False
M094484,1,1,0,0,1.0,0.6,False,,False
M023707,1,0,0,1,-1.0,0.4,False,,False
M006841,1,0,1,0,0.0,0.5,False,,False
M028194,1,1,0,0,1.0,0.6,False,,False
M011642,1,1,0,0,1.0,0.6,False,,False
M011402,1,1,0,0,1.0,0.6,False,,False
M040120,1,0,1,0,0.0,0.5,False,,False
M003368,1,0,1,0,0.0,0.5,False,,False
M041993,1,0,1,0,0.0,0.5,False,,False
M018817,1,1,0,0,1.0,0.6,False,,False
M077461,1,1,0,0,1.0,0.6,False,,False
M053071,1,1,0,0,1.0,0.6,False,,False
M050264,1,1,0,0,1.0,0.6,False,,False
M082201,1,1,0,0,1.0,0.6,False,,False
M066432,1,0,1,0,0.0,0.5,False,,False
M077579,1,1,0,0,1.0,0.6,False,,False
M083224,1,0,1,0,0.0,0.5,False,,False
M083449,1,1,0,0,1.0,0.6,False,,False
M092521,1,1,0,0,1.0,0.6,False,,False
M072666,1,1,0,0,1.0,0.6,False,,False
M057677,1,0,0,1,-1.0,0.4,False,,False
M036594,1,1,0,0,1.0,0.6,False,,False
M064832,1,1,0,0,1.0,0.6,False,,False
M034795,1,0,1,0,0.0,0.5,False,,False
M038475,1,1,0,0,1.0,0.6,False,,False
M032815,1,0,1,0,0.0,0.5,False,,False
M050168,1,1,0,0,1.0,0.6,False,,False
M035970,1,0,1,0,0.0,0.5,False,,False
M065727,2,2,0,0,1.0,0.7,False,,False
M061337,1,1,0,0,1.0,0.6,False,,False
M081967,1,0,1,0,0.0,0.5,False,,False
M042112,1,0,1,0,0.0,0.5,False,,False
M047012,1,0,1,0,0.0,0.5,False,,False
M030799,1,0,1,0,0.0,0.5,False,,False
M025002,1,0,1,0,0.0,0.5,False,,False
M032306,1,1,0,0,1.0,0.6,False,,False
M031325,1,1,0,0,1.0,0.6,False,,False
M033543,1,0,1,0,0.0,0.5,False,,False
M100757,1,0,1,0,0.0,0.5,False,,False
M002545,1,1,0,0,1.0,0.6,False,,False
M032547,1,1,0,0,1.0,0.6,False,,False
M039820,1,1,0,0,1.0,0.6,False,,False
M037269,1,0,1,0,0.0,0.5,False,,False
M049304,1,1,0,0,1.0,0.6,False,,False
M078767,1,1,0,0,1.0,0.6,False,,False
M008858,1,0,0,1,-1.0,0.4,False,,False
M071212,1,1,0,0,1.0,0.6,False,,False
M065308,1,1,0,0,1.0,0.6,False,,False
M064400,1,0,1,0,0.0,0.5,False,,False
M078933,1,1,0,0,1.0,0.6,False,,False
M083297,1,1,0,0,1.0,0.6,False,,False
M081312,1,0,1,0,0.0,0.5,False,,False
M094746,1,1,0,0,1.0,0.6,False,,False
M088242,1,1,0,0,1.0,0.6,False,,False
M016433,1,1,0,0,1.0,0.6,False,,False
M062425,1,0,1,0,0.0,0.5,False,,False
M010554,2,0,2,0,0.0,0.5,False,,False
M019266,1,1,0,0,1.0,0.6,False,,False
M049169,1,0,1,0,0.0,0.5,False,,False
M096909,1,1,0,0,1.0,0.6,False,,False
M014102,1,0,1,0,0.0,0.5,False,,False
M016774,1,1,0,0,1.0,0.6,False,,False
M008501,1,0,1,0,0.0,0.5,False,,False
M004602,1,0,1,0,0.0,0.5,False,,False
M017714,1,1,0,0,1.0,0.6,False,,False
M003640,1,1,0,0,1.0,0.6,False,,False
M067260,1,0,1,0,0.0,0.5,False,,False
M048483,2,2,0,0,1.0,0.7,False,,False
M052711,1,1,0,0,1.0,0.6,False,,False
M100377,1,0,1,0,0.0,0.5,False,,False
M055370,1,0,0,1,-1.0,0.4,False,,False
M034417,1,1,0,0,1.0,0.6,False,,False
M008795,1,0,1,0,0.0,0.5,False,,False
M010754,1,1,0,0,1.0,0.6,False,,False
M008857,1,0,0,1,-1.0,0.4,False,,False
M085023,1,0,1,0,0.0,0.5,False,,False
M080039,1,0,0,1,-1.0,0.4,False,,False
M066398,1,1,0,0,1.0,0.6,False,,False
M076544,1,0,1,0,0.0,0.5,False,,False
M014133,1,0,0,1,-1.0,0.4,False,,False
M002874,1,1,0,0,1.0,0.6,False,,False
M062933,1,0,1,0,0.0,0.5,False,,False
M001186,1,0,1,0,0.0,0.5,False,,False
M076290,1,1,0,0,1.0,0.6,False,,False
M063994,1,0,0,1,-1.0,0.4,False,,False
M046920,1,0,1,0,0.0,0.5,False,,False
M092493,1,0,1,0,0.0,0.5,False,,False
M078579,1,0,0,1,-1.0,0.4,False,,False
M033209,1,1,0,0,1.0,0.6,False,,False
M079730,1,1,0,0,1.0,0.6,False,,False
M058655,1,1,0,0,1.0,0.6,False,,False
M023948,1,0,0,1,-1.0,0.4,False,,False
M035269,1,0,0,1,-1.0,0.4,False,,False
M041331,1,1,0,0,1.0,0.6,False,,False
M060567,1,1,0,0,1.0,0.6,False,,False
M079008,1,1,0,0,1.0,0.6,False,,False
M040880,1,0,1,0,0.0,0.5,False,,False
M005548,1,1,0,0,1.0,0.6,False,,False
M024606,1,0,1,0,0.0,0.5,False,,False
M061762,1,1,0,0,1.0,0.6,False,,False
M071236,1,1,0,0,1.0,0.6,False,,False
M081788,1,0,1,0,0.0,0.5,False,,False
M089146,1,0,1,0,0.0,0.5,False,,False
M080801,1,0,1,0,0.0,0.5,False,,False
M034598,1,0,1,0,0.0,0.5,False,,False
M008357,1,0,1,0,0.0,0.5,False,,False
M049515,1,0,0,1,-1.0,0.4,False,,False
M065442,1,1,0,0,1.0,0.6,False,,False
M039818,1,0,0,1,-1.0,0.4,False,,False
M046836,2,2,0,0,1.0,0.7,False,,False
M073809,1,0,0,1,-1.0,0.4,False,,False
M013405,1,1,0,0,1.0,0.6,False,,False
M010072,1,1,0,0,1.0,0.6,False,,False
M091329,1,0,0,1,-1.0,0.4,False,,False
M028035,1,1,0,0,1.0,0.6,False,,False
M094337,1,1,0,0,1.0,0.6,False,,False
M094055,1,1,0,0,1.0,0.6,False,,False
M072872,1,1,0,0,1.0,0.6,False,,False
M049580,1,0,1,0,0.0,0.5,False,,False
M062567,1,0,1,0,0.0,0.5,False,,False
M076291,1,0,1,0,0.0,0.5,False,,False
M007763,1,0,1,0,0.0,0.5,False,,False
M072547,1,1,0,0,1.0,0.6,False,,False
M101337,1,1,0,0,1.0,0.6,False,,False
M044194,1,1,0,0,1.0,0.6,False,,False
M084105,1,1,0,0,1.0,0.6,False,,False
M092349,1,1,0,0,1.0,0.6,False,,False
M047425,1,1,0,0,1.0,0.6,False,,False
M010129,1,0,1,0,0.0,0.5,False,,False
M052174,1,1,0,0,1.0,0.6,False,,False
M048046,1,0,0,1,-1.0,0.4,False,,False
M006087,1,1,0,0,1.0,0.6,False,,False
M058208,1,1,0,0,1.0,0.6,False,,False
M025221,1,1,0,0,1.0,0.6,False,,False
M007168,1,1,0,0,1.0,0.6,False,,False
M029586,1,1,0,0,1.0,0.6,False,,False
M070919,1,1,0,0,1.0,0.6,False,,False
M014387,1,0,1,0,0.0,0.5,False,,False
M067173,1,0,1,0,0.0,0.5,False,,False
M087904,1,1,0,0,1.0,0.6,False,,False
M082812,1,1,0,0,1.0,0.6,False,,False
M083927,1,1,0,0,1.0,0.6,False,,False
M085678,1,1,0,0,1.0,0.6,False,,False
M099168,1,1,0,0,1.0,0.6,False,,False
M081910,1,1,0,0,1.0,0.6,False,,False
M021669,1,0,1,0,0.0,0.5,False,,False
M023730,1,1,0,0,1.0,0.6,False,,False
M012009,1,0,1,0,0.0,0.5,False,,False
M023344,1,0,1,0,0.0,0.5,False,,False
M097029,1,0,0,1,-1.0,0.4,False,,False
M040062,1,1,0,0,1.0,0.6,False,,False
M094686,1,0,1,0,0.0,0.5,False,,False
M066085,1,0,1,0,0.0,0.5,False,,False
M096160,1,0,1,0,0.0,0.5,False,,False
M019150,1,1,0,0,1.0,0.6,False,,False
M002248,2,2,0,0,1.0,0.7,False,,False
M039927,1,1,0,0,1.0,0.6,False,,False
M030007,1,1,0,0,1.0,0.6,False,,False
M067865,1,1,0,0,1.0,0.6,False,,False
M018855,1,1,0,0,1.0,0.6,False,,False
M082576,1,1,0,0,1.0,0.6,False,,False
M099854,1,0,0,1,-1.0,0.4,False,,False
M016366,1,1,0,0,1.0,0.6,False,,False
M036066,1,1,0,0,1.0,0.6,False,,False
M012929,1,1,0,0,1.0,0.6,False,,False
M028185,1,1,0,0,1.0,0.6,False,,False
M014532,1,0,1,0,0.0,0.5,False,,False
M016138,1,1,0,0,1.0,0.6,False,,False
M005593,1,0,0,1,-1.0,0.4,False,,False
M006368,1,0,1,0,0.0,0.5,False,,False
M017121,1,0,0,1,-1.0,0.4,False,,False
M082871,1,0,1,0,0.0,0.5,False,,False
M006979,1,1,0,0,1.0,0.6,False,,False
M087992,1,0,1,0,0.0,0.5,False,,False
M043710,1,1,0,0,1.0,0.6,False,,False
M020006,1,1,0,0,1.0,0.6,False,,False
M079091,1,1,0,0,1.0,0.6,False,,False
M006315,1,1,0,0,1.0,0.6,False,,False
M050202,1,1,0,0,1.0,0.6,False,,False
M027486,1,0,1,0,0.0,0.5,False,,False
M092924,1,0,1,0,0.0,0.5,False,,False
M076709,1,1,0,0,1.0,0.6,False,,False
M060610,1,0,1,0,0.0,0.5,False,,False
M044669,1,0,1,0,0.0,0.5,False,,False
M058943,1,1,0,0,1.0,0.6,False,,False
M052323,1,0,1,0,0.0,0.5,False,,False
M054982,1,0,1,0,0.0,0.5,False,,False
M067526,1,1,0,0,1.0,0.6,False,,False
M047682,1,0,1,0,0.0,0.5,False,,False
M097344,1,0,1,0,0.0,0.5,False,,False
M081972,1,0,0,1,-1.0,0.4,False,,False
M083371,1,1,0,0,1.0,0.6,False,,False
M067012,1,1,0,0,1.0,0.6,False,,False
M062003,1,1,0,0,1.0,0.6,False,,False
M036941,1,1,0,0,1.0,0.6,False,,False
M052822,1,1,0,0,1.0,0.6,False,,False
M062837,1,1,0,0,1.0,0.6,False,,False
M062912,1,1,0,0,1.0,0.6,False,,False
M059823,1,0,1,0,0.0,0.5,False,,False
M083714,1,0,1,0,0.0,0.5,False,,False
M042130,1,1,0,0,1.0,0.6,False,,False
M038543,1,1,0,0,1.0,0.6,False,,False
M046356,1,1,0,0,1.0,0.6,False,,False
M041378,1,0,1,0,0.0,0.5,False,,False
M016560,1,1,0,0,1.0,0.6,False,,False
M084345,1,0,1,0,0.0,0.5,False,,False
M095715,1,1,0,0,1.0,0.6,False,,False
M018028,1,1,0,0,1.0,0.6,False,,False
M086107,1,0,1,0,0.0,0.5,False,,False
M036011,1,1,0,0,1.0,0.6,False,,False
M035732,1,0,0,1,-1.0,0.4,False,,False
M007182,1,1,0,0,1.0,0.6,False,,False
M006027,1,1,0,0,1.0,0.6,False,,False
M017546,1,0,1,0,0.0,0.5,False,,False
M063613,1,1,0,0,1.0,0.6,False,,False
M009097,1,1,0,0,1.0,0.6,False,,False
M064226,1,1,0,0,1.0,0.6,False,,False
M019382,1,1,0,0,1.0,0.6,False,,False
M013447,1,0,0,1,-1.0,0.4,False,,False
M098029,1,1,0,0,1.0,0.6,False,,False
M087668,1,0,1,0,0.0,0.5,False,,False
M093103,1,1,0,0,1.0,0.6,False,,False
M040734,1,0,0,1,-1.0,0.4,False,,False
M091634,1,1,0,0,1.0,0.6,False,,False
M084644,1,1,0,0,1.0,0.6,False,,False
M033408,1,0,1,0,0.0,0.5,False,,False
M063410,1,1,0,0,1.0,0.6,False,,False
M074547,1,1,0,0,1.0,0.6,False,,False
M021087,1,1,0,0,1.0,0.6,False,,False
M055211,1,0,1,0,0.0,0.5,False,,False
M070742,1,1,0,0,1.0,0.6,False,,False
M008288,1,0,1,0,0.0,0.5,False,,False
M059831,1,0,1,0,0.0,0.5,False,,False
M067852,1,1,0,0,1.0,0.6,False,,False
M081285,1,0,1,0,0.0,0.5,False,,False
M073156,1,1,0,0,1.0,0.6,False,,False
M088696,1,1,0,0,1.0,0.6,False,,False
M097916,1,1,0,0,1.0,0.6,False,,False
M013285,1,1,0,0,1.0,0.6,False,,False
M020037,1,0,1,0,0.0,0.5,False,,False
M072303,1,1,0,0,1.0,0.6,False,,False
M064704,1,0,1,0,0.0,0.5,False,,False
M002630,1,1,0,0,1.0,0.6,False,,False
M087747,1,1,0,0,1.0,0.6,False,,False
M087793,1,1,0,0,1.0,0.6,False,,False
M085435,1,1,0,0,1.0,0.6,False,,False
M051818,1,0,1,0,0.0,0.5,False,,False
M067104,1,0,1,0,0.0,0.5,False,,False
M064946,1,0,1,0,0.0,0.5,False,,False
M059375,1,0,0,1,-1.0,0.4,False,,False
M077337,1,1,0,0,1.0,0.6,False,,False
M091305,1,1,0,0,1.0,0.6,False,,False
M051240,1,0,0,1,-1.0,0.4,False,,False
M065170,1,0,1,0,0.0,0.5,False,,False
M092863,1,0,1,0,0.0,0.5,False,,False
M094865,1,1,0,0,1.0,0.6,False,,False
M081141,2,0,0,2,-1.0,0.30000000000000004,False,,True
M040885,1,0,1,0,0.0,0.5,False,,False
M088962,1,0,0,1,-1.0,0.4,False,,False
M075115,1,1,0,0,1.0,0.6,False,,False
M018678,1,1,0,0,1.0,0.6,False,,False
M099038,1,0,0,1,-1.0,0.4,False,,False
M064133,1,1,0,0,1.0,0.6,False,,False
M045669,1,0,1,0,0.0,0.5,False,,False
M055166,1,0,1,0,0.0,0.5,False,,False
M027924,1,0,1,0,0.0,0.5,False,,False
M048578,1,1,0,0,1.0,0.6,False,,False
M001708,1,1,0,0,1.0,0.6,False,,False
M054801,1,0,1,0,0.0,0.5,False,,False
M094879,1,0,1,0,0.0,0.5,False,,False
M073374,1,1,0,0,1.0,0.6,False,,False
M022888,1,0,1,0,0.0,0.5,False,,False
M011593,1,1,0,0,1.0,0.6,False,,False
M024895,1,0,0,1,-1.0,0.4,False,,False
M032950,1,1,0,0,1.0,0.6,False,,False
M016094,1,0,1,0,0.0,0.5,False,,False
M017597,1,0,1,0,0.0,0.5,False,,False
M096692,1,0,1,0,0.0,0.5,False,,False
M075556,2,2,0,0,1.0,0.7,False,,False
M076784,1,1,0,0,1.0,0.6,False,,False
M079680,2,0,2,0,0.0,0.5,False,,False
M064573,1,0,1,0,0.0,0.5,False,,False
M057498,1,1,0,0,1.0,0.6,False,,False
M070256,1,0,1,0,0.0,0.5,False,,False
M046165,1,1,0,0,1.0,0.6,False,,False
M068595,1,1,0,0,1.0,0.6,False,,False
M033577,1,1,0,0,1.0,0.6,False,,False
M001993,1,1,0,0,1.0,0.6,False,,False
M033768,1,0,1,0,0.0,0.5,False,,False
M034639,1,1,0,0,1.0,0.6,False,,False
M085713,1,0,1,0,0.0,0.5,False,,False
M023783,1,0,0,1,-1.0,0.4,False,,False
M070702,1,0,1,0,0.0,0.5,False,,False
M091164,1,1,0,0,1.0,0.6,False,,False
M073778,1,1,0,0,1.0,0.6,False,,False
M075702,1,0,1,0,0.0,0.5,False,,False
M024313,1,0,1,0,0.0,0.5,False,,False
M078724,1,0,1,0,0.0,0.5,False,,False
M070612,1,0,0,1,-1.0,0.4,False,,False
M080829,1,0,1,0,0.0,0.5,False,,False
M065276,1,1,0,0,1.0,0.6,False,,False
M099512,1,0,1,0,0.0,0.5,False,,False
M003607,1,0,0,1,-1.0,0.4,False,,False
M100289,1,1,0,0,1.0,0.6,False,,False
M045546,1,1,0,0,1.0,0.6,False,,False
M093496,1,0,0,1,-1.0,0.4,False,,False
M008488,1,1,0,0,1.0,0.6,False,,False
M083230,2,2,0,0,1.0,0.7,False,,False
M082106,1,0,1,0,0.0,0.5,False,,False
M099115,1,1,0,0,1.0,0.6,False,,False
M080137,1,1,0,0,1.0,0.6,False,,False
M079603,1,0,0,1,-1.0,0.4,False,,False
M054141,1,0,1,0,0.0,0.5,False,,False
M079931,1,1,0,0,1.0,0.6,False,,False
M009314,1,0,1,0,0.0,0.5,False,,False
M089749,1,0,1,0,0.0,0.5,False,,False
M036864,1,0,1,0,0.0,0.5,False,,False
M054104,1,0,1,0,0.0,0.5,False,,False
M022309,1,1,0,0,1.0,0.6,False,,False
M087022,1,1,0,0,1.0,0.6,False,,False
M079431,1,1,0,0,1.0,0.6,False,,False
M089841,1,1,0,0,1.0,0.6,False,,False
M091061,1,0,1,0,0.0,0.5,False,,False
M054587,1,1,0,0,1.0,0.6,False,,False
M049830,1,1,0,0,1.0,0.6,False,,False
M041509,1,1,0,0,1.0,0.6,False,,False
M096729,1,0,1,0,0.0,0.5,False,,False
M048429,1,1,0,0,1.0,0.6,False,,False
M091211,1,1,0,0,1.0,0.6,False,,False
M069406,1,0,1,0,0.0,0.5,False,,False
M062319,1,0,1,0,0.0,0.5,False,,False
M062455,1,0,1,0,0.0,0.5,False,,False
M093097,1,1,0,0,1.0,0.6,False,,False
M032054,1,1,0,0,1.0,0.6,False,,False
M087187,1,1,0,0,1.0,0.6,False,,False
M094037,1,1,0,0,1.0,0.6,False,,False
M078535,1,1,0,0,1.0,0.6,False,,False
M058877,1,1,0,0,1.0,0.6,False,,False
M053382,1,0,1,0,0.0,0.5,False,,False
M068484,1,0,0,1,-1.0,0.4,False,,False
M091784,1,1,0,0,1.0,0.6,False,,False
M006569,1,0,1,0,0.0,0.5,False,,False
M095653,1,0,1,0,0.0,0.5,False,,False
M046494,1,1,0,0,1.0,0.6,False,,False
M052284,1,0,1,0,0.0,0.5,False,,False
M019162,1,0,1,0,0.0,0.5,False,,False
M055711,1,1,0,0,1.0,0.6,False,,False
M099998,1,1,0,0,1.0,0.6,False,,False
M022023,1,0,1,0,0.0,0.5,False,,False
M073894,1,0,1,0,0.0,0.5,False,,False
M095960,1,1,0,0,1.0,0.6,False,,False
M088662,1,1,0,0,1.0,0.6,False,,False
M002589,1,0,0,1,-1.0,0.4,False,,False
M004259,1,0,1,0,0.0,0.5,False,,False
M000985,1,0,1,0,0.0,0.5,False,,False
M000778,1,0,1,0,0.0,0.5,False,,False
M002594,1,0,1,0,0.0,0.5,False,,False
M055719,1,0,1,0,0.0,0.5,False,,False
M044818,1,0,0,1,-1.0,0.4,False,,False
M034391,2,2,0,0,1.0,0.7,False,,False
M028710,1,1,0,0,1.0,0.6,False,,False
M034129,1,1,0,0,1.0,0.6,False,,False
M032346,1,1,0,0,1.0,0.6,False,,False
M031165,1,1,0,0,1.0,0.6,False,,False
M033921,1,1,0,0,1.0,0.6,False,,False
M045978,1,0,1,0,0.0,0.5,False,,False
M040703,1,1,0,0,1.0,0.6,False,,False
M037688,1,1,0,0,1.0,0.6,False,,False
M002907,1,1,0,0,1.0,0.6,False,,False
M091684,1,1,0,0,1.0,0.6,False,,False
M078451,1,0,1,0,0.0,0.5,False,,False
M094153,1,1,0,0,1.0,0.6,False,,False
M088775,1,0,1,0,0.0,0.5,False,,False
M083034,1,0,1,0,0.0,0.5,False,,False
M067743,1,0,1,0,0.0,0.5,False,,False
M067275,1,1,0,0,1.0,0.6,False,,False
M070002,1,0,1,0,0.0,0.5,False,,False
M091855,1,0,1,0,0.0,0.5,False,,False
M018366,1,1,0,0,1.0,0.6,False,,False
M048387,1,0,1,0,0.0,0.5,False,,False
M093809,1,0,1,0,0.0,0.5,False,,False
M033362,1,0,0,1,-1.0,0.4,False,,False
M055141,1,0,1,0,0.0,0.5,False,,False
M013037,1,0,1,0,0.0,0.5,False,,False
M052100,1,0,1,0,0.0,0.5,False,,False
M065832,1,0,1,0,0.0,0.5,False,,False
M073803,1,0,0,1,-1.0,0.4,False,,False
M044478,1,1,0,0,1.0,0.6,False,,False
M058492,1,0,0,1,-1.0,0.4,False,,False
M081124,1,0,1,0,0.0,0.5,False,,False
M003228,1,0,0,1,-1.0,0.4,False,,False
M068175,1,1,0,0,1.0,0.6,False,,False
M081157,1,1,0,0,1.0,0.6,False,,False
M093974,1,0,1,0,0.0,0.5,False,,False
M065833,1,1,0,0,1.0,0.6,False,,False
M087555,1,1,0,0,1.0,0.6,False,,False
M060973,1,1,0,0,1.0,0.6,False,,False
M082200,1,1,0,0,1.0,0.6,False,,False
M051214,1,1,0,0,1.0,0.6,False,,False
M048526,1,1,0,0,1.0,0.6,False,,False
M033966,1,1,0,0,1.0,0.6,False,,False
M002652,1,0,1,0,0.0,0.5,False,,False
M040261,1,0,1,0,0.0,0.5,False,,False
M042528,1,0,1,0,0.0,0.5,False,,False
M099839,1,1,0,0,1.0,0.6,False,,False
M101558,1,0,1,0,0.0,0.5,False,,False
M055130,1,0,0,1,-1.0,0.4,False,,False
M093237,1,0,1,0,0.0,0.5,False,,False
M090851,1,0,1,0,0.0,0.5,False,,False
M048608,1,0,1,0,0.0,0.5,False,,False
M057792,1,0,0,1,-1.0,0.4,False,,False
M091399,1,1,0,0,1.0,0.6,False,,False
M097942,1,0,1,0,0.0,0.5,False,,False
M018035,1,1,0,0,1.0,0.6,False,,False
M042865,1,1,0,0,1.0,0.6,False,,False
M009432,1,1,0,0,1.0,0.6,False,,False
M001843,1,0,1,0,0.0,0.5,False,,False
M053559,1,0,1,0,0.0,0.5,False,,False
M041934,1,0,1,0,0.0,0.5,False,,False
M080082,1,0,1,0,0.0,0.5,False,,False
M073058,1,1,0,0,1.0,0.6,False,,False
M094737,1,1,0,0,1.0,0.6,False,,False
M073734,1,0,1,0,0.0,0.5,False,,False
M077381,1,1,0,0,1.0,0.6,False,,False
M098055,1,0,1,0,0.0,0.5,False,,False
M063372,1,0,1,0,0.0,0.5,False,,False
M027205,1,1,0,0,1.0,0.6,False,,False
M066098,1,1,0,0,1.0,0.6,False,,False
M085145,1,1,0,0,1.0,0.6,False,,False
M050390,1,1,0,0,1.0,0.6,False,,False
M080359,1,1,0,0,1.0,0.6,False,,False
M002995,2,2,0,0,1.0,0.7,False,,False
M010799,1,1,0,0,1.0,0.6,False,,False
M027863,2,2,0,0,1.0,0.7,False,,False
M017752,1,1,0,0,1.0,0.6,False,,False
M082524,1,1,0,0,1.0,0.6,False,,False
M024452,1,0,0,1,-1.0,0.4,False,,False
M089576,1,0,1,0,0.0,0.5,False,,False
M082978,1,0,1,0,0.0,0.5,False,,False
M014293,1,0,0,1,-1.0,0.4,False,,False
M100712,1,0,0,1,-1.0,0.4,False,,False
M063239,1,1,0,0,1.0,0.6,False,,False
M069116,1,1,0,0,1.0,0.6,False,,False
M069741,1,0,1,0,0.0,0.5,False,,False
M049875,1,0,1,0,0.0,0.5,False,,False
M061805,1,1,0,0,1.0,0.6,False,,False
M092091,1,0,1,0,0.0,0.5,False,,False
M082640,1,1,0,0,1.0,0.6,False,,False
M079189,1,1,0,0,1.0,0.6,False,,False
M101519,1,1,0,0,1.0,0.6,False,,False
M090691,1,1,0,0,1.0,0.6,False,,False
M002913,1,0,1,0,0.0,0.5,False,,False
M016250,1,0,1,0,0.0,0.5,False,,False
M009094,1,0,1,0,0.0,0.5,False,,False
M001910,1,1,0,0,1.0,0.6,False,,False
M026562,1,0,1,0,0.0,0.5,False,,False
M033174,1,1,0,0,1.0,0.6,False,,False
M061447,1,1,0,0,1.0,0.6,False,,False
M038719,1,0,1,0,0.0,0.5,False,,False
M053311,1,1,0,0,1.0,0.6,False,,False
M051564,1,1,0,0,1.0,0.6,False,,False
M049900,1,0,1,0,0.0,0.5,False,,False
M044182,1,1,0,0,1.0,0.6,False,,False
M097000,1,0,0,1,-1.0,0.4,False,,False
M044959,1,0,1,0,0.0,0.5,False,,False
M042395,1,0,1,0,0.0,0.5,False,,False
M027986,1,0,0,1,-1.0,0.4,False,,False
M096185,1,1,0,0,1.0,0.6,False,,False
M044889,1,0,1,0,0.0,0.5,False,,False
M059968,1,0,1,0,0.0,0.5,False,,False
M024807,1,1,0,0,1.0,0.6,False,,False
M022512,1,0,1,0,0.0,0.5,False,,False
M014809,1,0,1,0,0.0,0.5,False,,False
M023666,1,1,0,0,1.0,0.6,False,,False
M075082,1,1,0,0,1.0,0.6,False,,False
M014261,1,0,1,0,0.0,0.5,False,,False
M077142,1,0,1,0,0.0,0.5,False,,False
M074457,1,0,1,0,0.0,0.5,False,,False
M074269,1,0,1,0,0.0,0.5,False,,False
M056324,1,0,1,0,0.0,0.5,False,,False
M080099,1,0,0,1,-1.0,0.4,False,,False
M016797,1,0,1,0,0.0,0.5,False,,False
M064383,1,1,0,0,1.0,0.6,False,,False
M019866,1,1,0,0,1.0,0.6,False,,False
M021318,1,1,0,0,1.0,0.6,False,,False
M037504,1,0,0,1,-1.0,0.4,False,,False
M094714,1,1,0,0,1.0,0.6,False,,False
M074176,1,0,1,0,0.0,0.5,False,,False
M040928,1,0,1,0,0.0,0.5,False,,False
M052969,1,0,1,0,0.0,0.5,False,,False
M049930,1,0,0,1,-1.0,0.4,False,,False
M051286,1,0,1,0,0.0,0.5,False,,False
M048555,1,1,0,0,1.0,0.6,False,,False
M064140,1,0,1,0,0.0,0.5,False,,False
M062465,1,0,1,0,0.0,0.5,False,,False
M024859,1,0,1,0,0.0,0.5,False,,False
M022567,1,1,0,0,1.0,0.6,False,,False
M016058,1,1,0,0,1.0,0.6,False,,False
M097782,1,1,0,0,1.0,0.6,False,,False
M099811,1,0,1,0,0.0,0.5,False,,False
M089619,1,0,1,0,0.0,0.5,False,,False
M083535,1,1,0,0,1.0,0.6,False,,False
M073911,1,1,0,0,1.0,0.6,False,,False
M058753,1,1,0,0,1.0,0.6,False,,False
M081045,1,1,0,0,1.0,0.6,False,,False
M086527,1,1,0,0,1.0,0.6,False,,False
M013999,1,0,1,0,0.0,0.5,False,,False
M091392,1,1,0,0,1.0,0.6,False,,False
M022964,1,1,0,0,1.0,0.6,False,,False
M100182,1,1,0,0,1.0,0.6,False,,False
M058313,1,0,0,1,-1.0,0.4,False,,False
M047566,1,0,1,0,0.0,0.5,False,,False
M087627,1,1,0,0,1.0,0.6,False,,False
M056529,1,1,0,0,1.0,0.6,False,,False
M085805,1,0,1,0,0.0,0.5,False,,False
M079265,1,1,0,0,1.0,0.6,False,,False
M077518,1,0,1,0,0.0,0.5,False,,False
M067954,1,0,1,0,0.0,0.5,False,,False
M065651,1,0,1,0,0.0,0.5,False,,False
M093644,1,1,0,0,1.0,0.6,False,,False
M079701,1,1,0,0,1.0,0.6,False,,False
M069681,1,1,0,0,1.0,0.6,False,,False
M079424,1,1,0,0,1.0,0.6,False,,False
M079982,1,1,0,0,1.0,0.6,False,,False
M077652,1,0,1,0,0.0,0.5,False,,False
M070504,1,1,0,0,1.0,0.6,False,,False
M064802,1,0,1,0,0.0,0.5,False,,False
M094863,1,1,0,0,1.0,0.6,False,,False
M003713,1,1,0,0,1.0,0.6,False,,False
M084617,1,0,1,0,0.0,0.5,False,,False
M076535,1,1,0,0,1.0,0.6,False,,False
M017730,1,1,0,0,1.0,0.6,False,,False
M020221,1,0,1,0,0.0,0.5,False,,False
M095685,1,1,0,0,1.0,0.6,False,,False
M090490,1,1,0,0,1.0,0.6,False,,False
M083605,1,0,0,1,-1.0,0.4,False,,False
M077722,1,1,0,0,1.0,0.6,False,,False
M056092,1,0,0,1,-1.0,0.4,False,,False
M065713,1,0,0,1,-1.0,0.4,False,,False
M071436,1,0,1,0,0.0,0.5,False,,False
M092978,1,1,0,0,1.0,0.6,False,,False
M078071,1,0,1,0,0.0,0.5,False,,False
M065293,1,1,0,0,1.0,0.6,False,,False
M077152,1,0,0,1,-1.0,0.4,False,,False
M054859,1,1,0,0,1.0,0.6,False,,False
M097272,1,0,1,0,0.0,0.5,False,,False
M007867,1,1,0,0,1.0,0.6,False,,False
M061238,1,0,1,0,0.0,0.5,False,,False
M008298,1,0,1,0,0.0,0.5,False,,False
M016957,1,1,0,0,1.0,0.6,False,,False
M082852,1,0,1,0,0.0,0.5,False,,False
M028870,1,1,0,0,1.0,0.6,False,,False
M028756,1,1,0,0,1.0,0.6,False,,False
M031379,1,0,0,1,-1.0,0.4,False,,False
M025547,1,1,0,0,1.0,0.6,False,,False
M024330,1,0,0,1,-1.0,0.4,False,,False
M019460,1,0,1,0,0.0,0.5,False,,False
M010401,1,1,0,0,1.0,0.6,False,,False
M020153,1,1,0,0,1.0,0.6,False,,False
M078776,1,1,0,0,1.0,0.6,False,,False
M086163,1,1,0,0,1.0,0.6,False,,False
M048107,1,1,0,0,1.0,0.6,False,,False
M038033,1,1,0,0,1.0,0.6,False,,False
M062858,1,1,0,0,1.0,0.6,False,,False
M005837,1,0,0,1,-1.0,0.4,False,,False
M011191,1,0,1,0,0.0,0.5,False,,False
M007610,1,0,1,0,0.0,0.5,False,,False
M010350,1,0,0,1,-1.0,0.4,False,,False
M007695,1,1,0,0,1.0,0.6,False,,False
M061321,2,0,2,0,0.0,0.5,False,,False
M047228,1,0,0,1,-1.0,0.4,False,,False
M027013,1,0,0,1,-1.0,0.4,False,,False
M094358,2,2,0,0,1.0,0.7,False,,False
M042671,1,0,1,0,0.0,0.5,False,,False
M046179,1,0,1,0,0.0,0.5,False,,False
M072113,1,1,0,0,1.0,0.6,False,,False
M043041,1,1,0,0,1.0,0.6,False,,False
M053763,1,0,0,1,-1.0,0.4,False,,False
M095485,1,0,1,0,0.0,0.5,False,,False
M039557,1,0,1,0,0.0,0.5,False,,False
M004339,1,0,0,1,-1.0,0.4,False,,False
M093914,1,1,0,0,1.0,0.6,False,,False
M051139,1,1,0,0,1.0,0.6,False,,False
M007521,1,1,0,0,1.0,0.6,False,,False
M049880,1,1,0,0,1.0,0.6,False,,False
M006212,1,1,0,0,1.0,0.6,False,,False
M005455,1,0,1,0,0.0,0.5,False,,False
M068847,1,0,0,1,-1.0,0.4,False,,False
M068236,1,0,1,0,0.0,0.5,False,,False
M013504,1,0,1,0,0.0,0.5,False,,False
M095303,1,0,1,0,0.0,0.5,False,,False
M059717,1,1,0,0,1.0,0.6,False,,False
M004859,1,0,0,1,-1.0,0.4,False,,False
M015547,1,0,0,1,-1.0,0.4,False,,False
M024065,1,1,0,0,1.0,0.6,False,,False
M025396,2,0,2,0,0.0,0.5,False,,False
M005051,1,1,0,0,1.0,0.6,False,,False
M007515,1,0,1,0,0.0,0.5,False,,False
M010162,1,0,0,1,-1.0,0.4,False,,False
M006559,1,1,0,0,1.0,0.6,False,,False
M017837,1,0,0,1,-1.0,0.4,False,,False
M049090,1,1,0,0,1.0,0.6,False,,False
M001941,1,1,0,0,1.0,0.6,False,,False
M032181,1,1,0,0,1.0,0.6,False,,False
M075305,1,0,1,0,0.0,0.5,False,,False
M014675,1,0,1,0,0.0,0.5,False,,False
M009790,1,1,0,0,1.0,0.6,False,,False
M019491,1,0,1,0,0.0,0.5,False,,False
M038386,1,1,0,0,1.0,0.6,False,,False
M053400,1,1,0,0,1.0,0.6,False,,False
M047497,1,1,0,0,1.0,0.6,False,,False
M027612,1,0,1,0,0.0,0.5,False,,False
M055427,1,0,1,0,0.0,0.5,False,,False
M044584,1,0,1,0,0.0,0.5,False,,False
M042159,1,0,1,0,0.0,0.5,False,,False
M058435,1,1,0,0,1.0,0.6,False,,False
M028695,1,1,0,0,1.0,0.6,False,,False
M010608,1,0,0,1,-1.0,0.4,False,,False
M023016,1,0,0,1,-1.0,0.4,False,,False
M002180,1,1,0,0,1.0,0.6,False,,False
M028963,1,1,0,0,1.0,0.6,False,,False
M032784,1,1,0,0,1.0,0.6,False,,False
M028347,1,0,0,1,-1.0,0.4,False,,False
M036581,1,1,0,0,1.0,0.6,False,,False
M024386,1,1,0,0,1.0,0.6,False,,False
M028045,1,1,0,0,1.0,0.6,False,,False
M027016,1,0,1,0,0.0,0.5,False,,False
M073218,1,1,0,0,1.0,0.6,False,,False
M088798,1,0,0,1,-1.0,0.4,False,,False
M086287,1,0,1,0,0.0,0.5,False,,False
M079657,1,1,0,0,1.0,0.6,False,,False
M091004,1,1,0,0,1.0,0.6,False,,False
M010525,1,0,1,0,0.0,0.5,False,,False
M074963,1,0,1,0,0.0,0.5,False,,False
M089929,1,1,0,0,1.0,0.6,False,,False
M098869,1,1,0,0,1.0,0.6,False,,False
M085596,1,0,1,0,0.0,0.5,False,,False
M068290,1,1,0,0,1.0,0.6,False,,False
M012532,1,0,0,1,-1.0,0.4,False,,False
M037170,1,1,0,0,1.0,0.6,False,,False
M068666,1,0,1,0,0.0,0.5,False,,False
M081219,1,1,0,0,1.0,0.6,False,,False
M089499,1,0,1,0,0.0,0.5,False,,False
M033993,1,1,0,0,1.0,0.6,False,,False
M010088,1,1,0,0,1.0,0.6,False,,False
M033497,1,0,1,0,0.0,0.5,False,,False
M037661,1,1,0,0,1.0,0.6,False,,False
M044859,1,1,0,0,1.0,0.6,False,,False
M004133,1,0,1,0,0.0,0.5,False,,False
M049576,1,1,0,0,1.0,0.6,False,,False
M038642,1,1,0,0,1.0,0.6,False,,False
M015141,1,1,0,0,1.0,0.6,False,,False
M014255,1,1,0,0,1.0,0.6,False,,False
M027752,1,1,0,0,1.0,0.6,False,,False
M032729,1,1,0,0,1.0,0.6,False,,False
M031343,1,1,0,0,1.0,0.6,False,,False
M033049,1,1,0,0,1.0,0.6,False,,False
M028066,1,1,0,0,1.0,0.6,False,,False
M034181,1,1,0,0,1.0,0.6,False,,False
M028859,1,1,0,0,1.0,0.6,False,,False
M027450,1,1,0,0,1.0,0.6,False,,False
M027934,1,1,0,0,1.0,0.6,False,,False
M051281,1,0,1,0,0.0,0.5,False,,False
M048400,1,0,1,0,0.0,0.5,False,,False
M052114,1,1,0,0,1.0,0.6,False,,False
M096096,1,1,0,0,1.0,0.6,False,,False
M080570,1,0,1,0,0.0,0.5,False,,False
M055392,1,0,1,0,0.0,0.5,False,,False
M057795,1,1,0,0,1.0,0.6,False,,False
M045228,1,0,1,0,0.0,0.5,False,,False
M033216,1,0,1,0,0.0,0.5,False,,False
M060381,1,0,1,0,0.0,0.5,False,,False
M057143,1,0,1,0,0.0,0.5,False,,False
M078276,1,1,0,0,1.0,0.6,False,,False
M067591,1,0,1,0,0.0,0.5,False,,False
M081774,1,0,0,1,-1.0,0.4,False,,False
M050094,1,1,0,0,1.0,0.6,False,,False
M057089,1,0,0,1,-1.0,0.4,False,,False
M030363,1,0,1,0,0.0,0.5,False,,False
M073105,1,0,1,0,0.0,0.5,False,,False
M002386,1,1,0,0,1.0,0.6,False,,False
M037261,1,0,1,0,0.0,0.5,False,,False
M001088,1,0,1,0,0.0,0.5,False,,False
M021148,1,1,0,0,1.0,0.6,False,,False
M065897,1,0,1,0,0.0,0.5,False,,False
M026573,1,1,0,0,1.0,0.6,False,,False
M056074,1,0,1,0,0.0,0.5,False,,False
M084288,1,1,0,0,1.0,0.6,False,,False
M059665,1,1,0,0,1.0,0.6,False,,False
M061459,1,1,0,0,1.0,0.6,False,,False
M054935,1,0,0,1,-1.0,0.4,False,,False
M038526,1,1,0,0,1.0,0.6,False,,False
M009330,1,1,0,0,1.0,0.6,False,,False
M067042,1,1,0,0,1.0,0.6,False,,False
M032670,1,1,0,0,1.0,0.6,False,,False
M022721,1,1,0,0,1.0,0.6,False,,False
M009074,1,1,0,0,1.0,0.6,False,,False
M091508,1,0,1,0,0.0,0.5,False,,False
M042034,1,1,0,0,1.0,0.6,False,,False
M072815,1,0,1,0,0.0,0.5,False,,False
M100002,1,1,0,0,1.0,0.6,False,,False
M062368,1,1,0,0,1.0,0.6,False,,False
M043744,1,0,1,0,0.0,0.5,False,,False
M019876,1,1,0,0,1.0,0.6,False,,False
M003721,1,1,0,0,1.0,0.6,False,,False
M093602,1,1,0,0,1.0,0.6,False,,False
M100673,1,1,0,0,1.0,0.6,False,,False
M038525,1,0,1,0,0.0,0.5,False,,False
M009860,1,0,1,0,0.0,0.5,False,,False
M019581,1,0,0,1,-1.0,0.4,False,,False
M079896,1,0,1,0,0.0,0.5,False,,False
M064643,1,1,0,0,1.0,0.6,False,,False
M024318,1,0,1,0,0.0,0.5,False,,False
M093105,1,1,0,0,1.0,0.6,False,,False
M020601,1,0,1,0,0.0,0.5,False,,False
M011064,1,0,1,0,0.0,0.5,False,,False
M044159,1,1,0,0,1.0,0.6,False,,False
M018606,1,0,1,0,0.0,0.5,False,,False
M015758,1,0,1,0,0.0,0.5,False,,False
M079305,1,1,0,0,1.0,0.6,False,,False
M054610,1,1,0,0,1.0,0.6,False,,False
M034657,1,1,0,0,1.0,0.6,False,,False
M009992,1,0,1,0,0.0,0.5,False,,False
M008601,1,1,0,0,1.0,0.6,False,,False
M018209,1,1,0,0,1.0,0.6,False,,False
M058219,1,1,0,0,1.0,0.6,False,,False
M013745,1,1,0,0,1.0,0.6,False,,False
M041785,1,1,0,0,1.0,0.6,False,,False
M009383,1,0,1,0,0.0,0.5,False,,False
M046347,1,0,1,0,0.0,0.5,False,,False
M086243,1,1,0,0,1.0,0.6,False,,False
M041781,1,0,1,0,0.0,0.5,False,,False
M055678,1,0,0,1,-1.0,0.4,False,,False
M047273,1,0,1,0,0.0,0.5,False,,False
M092850,1,0,1,0,0.0,0.5,False,,False
M096662,1,0,1,0,0.0,0.5,False,,False
M083659,1,0,1,0,0.0,0.5,False,,False
M086930,1,1,0,0,1.0,0.6,False,,False
M034819,1,1,0,0,1.0,0.6,False,,False
M030342,1,1,0,0,1.0,0.6,False,,False
M017563,1,0,1,0,0.0,0.5,False,,False
M003289,1,0,1,0,0.0,0.5,False,,False
M052592,1,0,1,0,0.0,0.5,False,,False
M070666,1,0,1,0,0.0,0.5,False,,False
M091167,1,0,1,0,0.0,0.5,False,,False
M051963,1,0,1,0,0.0,0.5,False,,False
M054072,1,0,0,1,-1.0,0.4,False,,False
M011957,1,1,0,0,1.0,0.6,False,,False
M016351,1,1,0,0,1.0,0.6,False,,False
M033636,1,0,1,0,0.0,0.5,False,,False
M069233,2,0,2,0,0.0,0.5,False,,False
M069959,1,1,0,0,1.0,0.6,False,,False
M007552,1,1,0,0,1.0,0.6,False,,False
M017557,1,1,0,0,1.0,0.6,False,,False
M011949,1,1,0,0,1.0,0.6,False,,False
M018397,1,1,0,0,1.0,0.6,False,,False
M002104,1,1,0,0,1.0,0.6,False,,False
M004888,1,0,1,0,0.0,0.5,False,,False
M004036,1,0,0,1,-1.0,0.4,False,,False
M014334,1,0,1,0,0.0,0.5,False,,False
M001984,1,0,1,0,0.0,0.5,False,,False
M009959,1,0,1,0,0.0,0.5,False,,False
M099906,1,1,0,0,1.0,0.6,False,,False
M076932,1,1,0,0,1.0,0.6,False,,False
M088773,1,0,1,0,0.0,0.5,False,,False
M072123,1,1,0,0,1.0,0.6,False,,False
M080698,1,1,0,0,1.0,0.6,False,,False
M009545,1,0,1,0,0.0,0.5,False,,False
M006314,1,0,0,1,-1.0,0.4,False,,False
M065988,2,0,2,0,0.0,0.5,False,,False
M068846,1,1,0,0,1.0,0.6,False,,False
M057131,1,0,1,0,0.0,0.5,False,,False
M057272,1,1,0,0,1.0,0.6,False,,False
M062247,1,0,1,0,0.0,0.5,False,,False
M076765,1,1,0,0,1.0,0.6,False,,False
M040764,1,0,1,0,0.0,0.5,False,,False
M049837,1,1,0,0,1.0,0.6,False,,False
M062374,1,1,0,0,1.0,0.6,False,,False
M038583,1,1,0,0,1.0,0.6,False,,False
M055327,1,1,0,0,1.0,0.6,False,,False
M052020,1,0,1,0,0.0,0.5,False,,False
M004315,1,0,0,1,-1.0,0.4,False,,False
M013603,1,1,0,0,1.0,0.6,False,,False
M004238,1,1,0,0,1.0,0.6,False,,False
M057256,1,0,1,0,0.0,0.5,False,,False
M002134,1,1,0,0,1.0,0.6,False,,False
M036008,1,0,0,1,-1.0,0.4,False,,False
M022539,1,1,0,0,1.0,0.6,False,,False
M063225,1,0,0,1,-1.0,0.4,False,,False
M065384,1,0,1,0,0.0,0.5,False,,False
M014292,1,1,0,0,1.0,0.6,False,,False
M009006,1,1,0,0,1.0,0.6,False,,False
M061077,1,0,1,0,0.0,0.5,False,,False
M014949,1,1,0,0,1.0,0.6,False,,False
M056380,1,0,1,0,0.0,0.5,False,,False
M037262,1,0,1,0,0.0,0.5,False,,False
M003241,1,1,0,0,1.0,0.6,False,,False
M034912,1,0,1,0,0.0,0.5,False,,False
M010079,1,1,0,0,1.0,0.6,False,,False
M028864,1,1,0,0,1.0,0.6,False,,False
M023153,1,0,1,0,0.0,0.5,False,,False
M040276,1,1,0,0,1.0,0.6,False,,False
M042855,1,0,1,0,0.0,0.5,False,,False
M024024,1,1,0,0,1.0,0.6,False,,False
M066065,1,1,0,0,1.0,0.6,False,,False
M051934,1,1,0,0,1.0,0.6,False,,False
M047217,2,0,2,0,0.0,0.5,False,,False
M052882,2,2,0,0,1.0,0.7,False,,False
M059591,1,0,1,0,0.0,0.5,False,,False
M065080,2,0,2,0,0.0,0.5,False,,False
M031206,1,0,1,0,0.0,0.5,False,,False
M011830,1,0,1,0,0.0,0.5,False,,False
M003070,1,0,1,0,0.0,0.5,False,,False
M047625,1,1,0,0,1.0,0.6,False,,False
M048140,1,1,0,0,1.0,0.6,False,,False
M042749,1,1,0,0,1.0,0.6,False,,False
M042073,1,1,0,0,1.0,0.6,False,,False
M044029,1,1,0,0,1.0,0.6,False,,False
M058825,1,0,1,0,0.0,0.5,False,,False
M047525,1,0,1,0,0.0,0.5,False,,False
M068593,1,1,0,0,1.0,0.6,False,,False
M066114,1,0,0,1,-1.0,0.4,False,,False
M070179,1,1,0,0,1.0,0.6,False,,False
M078829,1,1,0,0,1.0,0.6,False,,False
M087624,1,1,0,0,1.0,0.6,False,,False
M048435,1,0,1,0,0.0,0.5,False,,False
M047222,1,0,1,0,0.0,0.5,False,,False
M072413,1,0,1,0,0.0,0.5,False,,False
M091482,1,1,0,0,1.0,0.6,False,,False
M034293,1,1,0,0,1.0,0.6,False,,False
M088722,1,1,0,0,1.0,0.6,False,,False
M019211,1,1,0,0,1.0,0.6,False,,False
M101133,1,1,0,0,1.0,0.6,False,,False
M027130,1,0,1,0,0.0,0.5,False,,False
M095297,1,1,0,0,1.0,0.6,False,,False
M064523,1,0,1,0,0.0,0.5,False,,False
M035949,1,1,0,0,1.0,0.6,False,,False
M050425,1,1,0,0,1.0,0.6,False,,False
M049229,1,1,0,0,1.0,0.6,False,,False
M049263,1,1,0,0,1.0,0.6,False,,False
M026482,1,1,0,0,1.0,0.6,False,,False
M097010,1,0,1,0,0.0,0.5,False,,False
M053970,1,0,1,0,0.0,0.5,False,,False
M095585,1,1,0,0,1.0,0.6,False,,False
M088780,1,0,0,1,-1.0,0.4,False,,False
M058202,1,0,1,0,0.0,0.5,False,,False
M009648,1,0,1,0,0.0,0.5,False,,False
M036346,1,1,0,0,1.0,0.6,False,,False
M032160,1,1,0,0,1.0,0.6,False,,False
M029183,1,1,0,0,1.0,0.6,False,,False
M042218,1,1,0,0,1.0,0.6,False,,False
M095738,1,1,0,0,1.0,0.6,False,,False
M067679,1,0,1,0,0.0,0.5,False,,False
M078823,1,1,0,0,1.0,0.6,False,,False
M089989,1,0,1,0,0.0,0.5,False,,False
M019503,1,1,0,0,1.0,0.6,False,,False
M052633,1,1,0,0,1.0,0.6,False,,False
M091537,1,0,1,0,0.0,0.5,False,,False
M014953,1,1,0,0,1.0,0.6,False,,False
M054245,1,0,1,0,0.0,0.5,False,,False
M092470,1,0,1,0,0.0,0.5,False,,False
M039967,1,1,0,0,1.0,0.6,False,,False
M017285,1,0,0,1,-1.0,0.4,False,,False
M033510,1,1,0,0,1.0,0.6,False,,False
M001239,1,1,0,0,1.0,0.6,False,,False
M002746,1,1,0,0,1.0,0.6,False,,False
M092494,1,1,0,0,1.0,0.6,False,,False
M056981,1,0,1,0,0.0,0.5,False,,False
M098495,1,1,0,0,1.0,0.6,False,,False
M101738,1,1,0,0,1.0,0.6,False,,False
M011805,1,1,0,0,1.0,0.6,False,,False
M070866,1,1,0,0,1.0,0.6,False,,False
M070402,1,0,1,0,0.0,0.5,False,,False
M073718,1,0,1,0,0.0,0.5,False,,False
M100729,1,1,0,0,1.0,0.6,False,,False
M003082,1,1,0,0,1.0,0.6,False,,False
M003483,1,0,1,0,0.0,0.5,False,,False
M055607,1,0,1,0,0.0,0.5,False,,False
M002775,1,1,0,0,1.0,0.6,False,,False
M013061,2,0,2,0,0.0,0.5,False,,False
M053709,1,0,1,0,0.0,0.5,False,,False
M049261,1,0,1,0,0.0,0.5,False,,False
M055596,1,1,0,0,1.0,0.6,False,,False
M058933,1,0,1,0,0.0,0.5,False,,False
M054137,1,0,0,1,-1.0,0.4,False,,False
M099915,1,1,0,0,1.0,0.6,False,,False
M058566,1,0,1,0,0.0,0.5,False,,False
M026953,1,1,0,0,1.0,0.6,False,,False
M047280,1,1,0,0,1.0,0.6,False,,False
M052052,2,0,2,0,0.0,0.5,False,,False
M046498,1,0,0,1,-1.0,0.4,False,,False
M062420,1,1,0,0,1.0,0.6,False,,False
M057162,1,0,1,0,0.0,0.5,False,,False
M057058,1,1,0,0,1.0,0.6,False,,False
M076607,1,1,0,0,1.0,0.6,False,,False
M096833,1,0,0,1,-1.0,0.4,False,,False
M046298,1,0,1,0,0.0,0.5,False,,False
M015364,1,1,0,0,1.0,0.6,False,,False
M001336,1,1,0,0,1.0,0.6,False,,False
M020924,1,1,0,0,1.0,0.6,False,,False
M009334,1,1,0,0,1.0,0.6,False,,False
M074296,2,2,0,0,1.0,0.7,False,,False
M070135,1,1,0,0,1.0,0.6,False,,False
M007896,2,0,2,0,0.0,0.5,False,,False
M025257,1,1,0,0,1.0,0.6,False,,False
M050430,1,1,0,0,1.0,0.6,False,,False
M052918,2,2,0,0,1.0,0.7,False,,False
M053079,2,0,2,0,0.0,0.5,False,,False
M016910,2,2,0,0,1.0,0.7,False,,False
M064042,2,0,2,0,0.0,0.5,False,,False
M054113,1,0,1,0,0.0,0.5,False,,False
M042374,1,0,1,0,0.0,0.5,False,,False
M099499,1,1,0,0,1.0,0.6,False,,False
M078639,1,0,1,0,0.0,0.5,False,,False
M085212,1,0,1,0,0.0,0.5,False,,False
M087057,1,1,0,0,1.0,0.6,False,,False
M099860,1,1,0,0,1.0,0.6,False,,False
M071039,1,0,1,0,0.0,0.5,False,,False
M067771,1,0,1,0,0.0,0.5,False,,False
M071046,1,0,1,0,0.0,0.5,False,,False
M096507,1,0,1,0,0.0,0.5,False,,False
M024517,1,0,0,1,-1.0,0.4,False,,False
M074343,1,1,0,0,1.0,0.6,False,,False
M090217,1,1,0,0,1.0,0.6,False,,False
M062923,1,0,1,0,0.0,0.5,False,,False
M094421,1,0,1,0,0.0,0.5,False,,False
M066946,1,0,1,0,0.0,0.5,False,,False
M085853,1,0,1,0,0.0,0.5,False,,False
M080815,1,0,1,0,0.0,0.5,False,,False
M048134,1,1,0,0,1.0,0.6,False,,False
M053741,1,1,0,0,1.0,0.6,False,,False
M047014,1,1,0,0,1.0,0.6,False,,False
M059586,1,0,1,0,0.0,0.5,False,,False
M035154,1,1,0,0,1.0,0.6,False,,False
M004825,1,1,0,0,1.0,0.6,False,,False
M012785,1,1,0,0,1.0,0.6,False,,False
M016785,1,0,1,0,0.0,0.5,False,,False
M019917,1,1,0,0,1.0,0.6,False,,False
M018452,1,1,0,0,1.0,0.6,False,,False
M003648,1,0,1,0,0.0,0.5,False,,False
M009444,1,0,1,0,0.0,0.5,False,,False
M038787,1,1,0,0,1.0,0.6,False,,False
M001516,1,0,0,1,-1.0,0.4,False,,False
M052552,1,0,1,0,0.0,0.5,False,,False
M042615,1,0,1,0,0.0,0.5,False,,False
M042425,1,0,1,0,0.0,0.5,False,,False
M016620,1,1,0,0,1.0,0.6,False,,False
M055618,1,0,0,1,-1.0,0.4,False,,False
M061008,1,1,0,0,1.0,0.6,False,,False
M002514,1,0,0,1,-1.0,0.4,False,,False
M027243,1,0,1,0,0.0,0.5,False,,False
M065083,1,1,0,0,1.0,0.6,False,,False
M069935,1,1,0,0,1.0,0.6,False,,False
M046393,1,0,1,0,0.0,0.5,False,,False
M094078,1,1,0,0,1.0,0.6,False,,False
M058421,1,1,0,0,1.0,0.6,False,,False
M045778,1,0,0,1,-1.0,0.4,False,,False
M068195,1,0,1,0,0.0,0.5,False,,False
M031783,1,1,0,0,1.0,0.6,False,,False
M015259,1,0,0,1,-1.0,0.4,False,,False
M021031,1,1,0,0,1.0,0.6,False,,False
M060119,1,0,1,0,0.0,0.5,False,,False
M047653,1,0,1,0,0.0,0.5,False,,False
M065236,1,0,1,0,0.0,0.5,False,,False
M100490,1,1,0,0,1.0,0.6,False,,False
M045639,1,0,1,0,0.0,0.5,False,,False
M061921,1,1,0,0,1.0,0.6,False,,False
M068816,1,1,0,0,1.0,0.6,False,,False
M084748,1,1,0,0,1.0,0.6,False,,False
M002010,1,0,0,1,-1.0,0.4,False,,False
M069051,1,0,1,0,0.0,0.5,False,,False
M063799,1,1,0,0,1.0,0.6,False,,False
M060709,1,0,1,0,0.0,0.5,False,,False
M066682,1,0,1,0,0.0,0.5,False,,False
M095577,1,1,0,0,1.0,0.6,False,,False
M043164,1,1,0,0,1.0,0.6,False,,False
M085953,1,1,0,0,1.0,0.6,False,,False
M095852,1,0,0,1,-1.0,0.4,False,,False
M098565,1,1,0,0,1.0,0.6,False,,False
M048937,1,0,0,1,-1.0,0.4,False,,False
M098765,1,1,0,0,1.0,0.6,False,,False
M025578,1,0,1,0,0.0,0.5,False,,False
M061127,1,1,0,0,1.0,0.6,False,,False
M037869,1,0,1,0,0.0,0.5,False,,False
M042813,1,1,0,0,1.0,0.6,False,,False
M072220,1,1,0,0,1.0,0.6,False,,False
M075744,1,1,0,0,1.0,0.6,False,,False
M060107,1,0,1,0,0.0,0.5,False,,False
M081579,1,1,0,0,1.0,0.6,False,,False
M060627,1,1,0,0,1.0,0.6,False,,False
M008034,1,0,1,0,0.0,0.5,False,,False
M019684,1,1,0,0,1.0,0.6,False,,False
M040934,1,0,1,0,0.0,0.5,False,,False
M047007,1,1,0,0,1.0,0.6,False,,False
M022184,1,1,0,0,1.0,0.6,False,,False
M074233,1,1,0,0,1.0,0.6,False,,False
M095077,1,1,0,0,1.0,0.6,False,,False
M075927,1,1,0,0,1.0,0.6,False,,False
M031267,1,1,0,0,1.0,0.6,False,,False
M031731,1,0,1,0,0.0,0.5,False,,False
M002138,1,1,0,0,1.0,0.6,False,,False
M056588,1,1,0,0,1.0,0.6,False,,False
M029594,1,0,0,1,-1.0,0.4,False,,False
M051543,1,1,0,0,1.0,0.6,False,,False
M079841,1,1,0,0,1.0,0.6,False,,False
M059458,1,0,1,0,0.0,0.5,False,,False
M053999,1,1,0,0,1.0,0.6,False,,False
M101698,1,0,1,0,0.0,0.5,False,,False
M096368,1,1,0,0,1.0,0.6,False,,False
M095291,1,1,0,0,1.0,0.6,False,,False
M076752,1,1,0,0,1.0,0.6,False,,False
M034345,1,0,1,0,0.0,0.5,False,,False
M009584,1,1,0,0,1.0,0.6,False,,False
M095717,1,0,0,1,-1.0,0.4,False,,False
M061140,1,0,0,1,-1.0,0.4,False,,False
M089872,1,0,0,1,-1.0,0.4,False,,False
M083390,1,0,1,0,0.0,0.5,False,,False
M091611,1,1,0,0,1.0,0.6,False,,False
M078299,1,0,1,0,0.0,0.5,False,,False
M092845,1,1,0,0,1.0,0.6,False,,False
M078490,1,0,0,1,-1.0,0.4,False,,False
M082304,1,1,0,0,1.0,0.6,False,,False
M082101,1,0,1,0,0.0,0.5,False,,False
M070266,1,0,1,0,0.0,0.5,False,,False
M055200,1,1,0,0,1.0,0.6,False,,False
M037177,1,0,1,0,0.0,0.5,False,,False
M037178,1,0,0,1,-1.0,0.4,False,,False
M066143,1,0,0,1,-1.0,0.4,False,,False
M036834,1,1,0,0,1.0,0.6,False,,False
M038649,1,0,1,0,0.0,0.5,False,,False
M010380,1,0,1,0,0.0,0.5,False,,False
M041229,1,0,1,0,0.0,0.5,False,,False
M017145,1,1,0,0,1.0,0.6,False,,False
M009035,1,0,0,1,-1.0,0.4,False,,False
M015243,1,0,1,0,0.0,0.5,False,,False
M083723,1,0,1,0,0.0,0.5,False,,False
M056780,1,1,0,0,1.0,0.6,False,,False
M099387,1,1,0,0,1.0,0.6,False,,False
M069792,1,0,0,1,-1.0,0.4,False,,False
M029454,1,1,0,0,1.0,0.6,False,,False
M044224,1,0,1,0,0.0,0.5,False,,False
M004526,1,0,1,0,0.0,0.5,False,,False
M012613,1,1,0,0,1.0,0.6,False,,False
M039874,1,1,0,0,1.0,0.6,False,,False
M057566,1,1,0,0,1.0,0.6,False,,False
M088244,1,1,0,0,1.0,0.6,False,,False
M022866,1,0,1,0,0.0,0.5,False,,False
M062896,1,1,0,0,1.0,0.6,False,,False
M058340,1,1,0,0,1.0,0.6,False,,False
M085038,1,1,0,0,1.0,0.6,False,,False
M050226,1,1,0,0,1.0,0.6,False,,False
M004761,1,0,0,1,-1.0,0.4,False,,False
M079467,1,0,1,0,0.0,0.5,False,,False
M047184,1,0,1,0,0.0,0.5,False,,False
M044965,2,2,0,0,1.0,0.7,False,,False
M049876,2,0,2,0,0.0,0.5,False,,False
M082632,1,0,1,0,0.0,0.5,False,,False
M082173,1,1,0,0,1.0,0.6,False,,False
M099823,1,0,0,1,-1.0,0.4,False,,False
M063180,1,0,1,0,0.0,0.5,False,,False
M024181,1,0,1,0,0.0,0.5,False,,False
M007951,1,0,1,0,0.0,0.5,False,,False
M048637,1,0,0,1,-1.0,0.4,False,,False
M047436,1,1,0,0,1.0,0.6,False,,False
M074092,1,1,0,0,1.0,0.6,False,,False
M066104,1,0,1,0,0.0,0.5,False,,False
M086734,1,0,0,1,-1.0,0.4,False,,False
M061954,1,0,1,0,0.0,0.5,False,,False
M022438,1,1,0,0,1.0,0.6,False,,False
M028880,1,0,1,0,0.0,0.5,False,,False
M041677,1,1,0,0,1.0,0.6,False,,False
M057142,1,0,1,0,0.0,0.5,False,,False
M012355,1,1,0,0,1.0,0.6,False,,False
M047881,1,0,1,0,0.0,0.5,False,,False
M068294,1,1,0,0,1.0,0.6,False,,False
M067807,1,1,0,0,1.0,0.6,False,,False
M087067,1,0,1,0,0.0,0.5,False,,False
M082237,1,1,0,0,1.0,0.6,False,,False
M075799,1,0,1,0,0.0,0.5,False,,False
M017926,1,1,0,0,1.0,0.6,False,,False
M013105,1,0,1,0,0.0,0.5,False,,False
M018835,1,0,0,1,-1.0,0.4,False,,False
M014300,1,1,0,0,1.0,0.6,False,,False
M024683,1,1,0,0,1.0,0.6,False,,False
M014251,1,0,1,0,0.0,0.5,False,,False
M059501,1,0,1,0,0.0,0.5,False,,False
M042367,1,1,0,0,1.0,0.6,False,,False
M064790,1,1,0,0,1.0,0.6,False,,False
M040907,1,0,1,0,0.0,0.5,False,,False
M001565,1,0,1,0,0.0,0.5,False,,False
M086715,1,1,0,0,1.0,0.6,False,,False
M098051,1,1,0,0,1.0,0.6,False,,False
M085317,1,0,1,0,0.0,0.5,False,,False
M099308,1,1,0,0,1.0,0.6,False,,False
M097919,1,1,0,0,1.0,0.6,False,,False
M068614,1,0,1,0,0.0,0.5,False,,False
M049147,1,1,0,0,1.0,0.6,False,,False
M059672,1,0,1,0,0.0,0.5,False,,False
M050215,1,0,1,0,0.0,0.5,False,,False
M049350,1,0,1,0,0.0,0.5,False,,False
M020872,1,1,0,0,1.0,0.6,False,,False
M047247,1,0,1,0,0.0,0.5,False,,False
M094820,1,0,1,0,0.0,0.5,False,,False
M079520,1,0,1,0,0.0,0.5,False,,False
M046460,1,0,1,0,0.0,0.5,False,,False
M064069,1,0,1,0,0.0,0.5,False,,False
M075389,1,0,0,1,-1.0,0.4,False,,False
M062989,1,0,1,0,0.0,0.5,False,,False
M007443,1,0,0,1,-1.0,0.4,False,,False
M008037,1,0,1,0,0.0,0.5,False,,False
M003434,1,0,1,0,0.0,0.5,False,,False
M065696,1,1,0,0,1.0,0.6,False,,False
M060424,1,0,1,0,0.0,0.5,False,,False
M020683,1,0,0,1,-1.0,0.4,False,,False
M101609,1,0,1,0,0.0,0.5,False,,False
M004124,1,1,0,0,1.0,0.6,False,,False
M099492,1,1,0,0,1.0,0.6,False,,False
M099707,1,1,0,0,1.0,0.6,False,,False
M078497,1,1,0,0,1.0,0.6,False,,False
M082526,1,1,0,0,1.0,0.6,False,,False
M091116,1,1,0,0,1.0,0.6,False,,False
M096424,1,1,0,0,1.0,0.6,False,,False
M026757,1,1,0,0,1.0,0.6,False,,False
M035373,1,1,0,0,1.0,0.6,False,,False
M018336,1,1,0,0,1.0,0.6,False,,False
M016252,1,1,0,0,1.0,0.6,False,,False
M032332,1,1,0,0,1.0,0.6,False,,False
M099106,1,1,0,0,1.0,0.6,False,,False
M083210,1,1,0,0,1.0,0.6,False,,False
M096690,1,1,0,0,1.0,0.6,False,,False
M082646,1,1,0,0,1.0,0.6,False,,False
M007834,1,1,0,0,1.0,0.6,False,,False
M014690,1,0,0,1,-1.0,0.4,False,,False
M030293,1,0,1,0,0.0,0.5,False,,False
M035855,1,1,0,0,1.0,0.6,False,,False
M036398,1,0,1,0,0.0,0.5,False,,False
M057032,1,0,1,0,0.0,0.5,False,,False
M083524,1,1,0,0,1.0,0.6,False,,False
M029143,1,0,1,0,0.0,0.5,False,,False
M026696,1,0,0,1,-1.0,0.4,False,,False
M033291,1,1,0,0,1.0,0.6,False,,False
M034968,1,1,0,0,1.0,0.6,False,,False
M034597,1,1,0,0,1.0,0.6,False,,False
M088627,1,1,0,0,1.0,0.6,False,,False
M050254,1,0,1,0,0.0,0.5,False,,False
M064348,1,1,0,0,1.0,0.6,False,,False
M066232,1,0,0,1,-1.0,0.4,False,,False
M095611,1,0,0,1,-1.0,0.4,False,,False
M092263,1,0,1,0,0.0,0.5,False,,False
M078710,1,0,1,0,0.0,0.5,False,,False
M001198,1,1,0,0,1.0,0.6,False,,False
M093270,1,0,1,0,0.0,0.5,False,,False
M043437,1,0,1,0,0.0,0.5,False,,False
M066648,1,0,1,0,0.0,0.5,False,,False
M018150,1,1,0,0,1.0,0.6,False,,False
M036528,1,1,0,0,1.0,0.6,False,,False
M082246,1,1,0,0,1.0,0.6,False,,False
M100274,1,1,0,0,1.0,0.6,False,,False
M041788,1,1,0,0,1.0,0.6,False,,False
M042825,1,0,1,0,0.0,0.5,False,,False
M093723,1,1,0,0,1.0,0.6,False,,False
M066606,1,0,1,0,0.0,0.5,False,,False
M070809,1,1,0,0,1.0,0.6,False,,False
M008896,1,1,0,0,1.0,0.6,False,,False
M007992,1,0,0,1,-1.0,0.4,False,,False
M029160,1,1,0,0,1.0,0.6,False,,False
M038402,1,0,1,0,0.0,0.5,False,,False
M036387,1,0,1,0,0.0,0.5,False,,False
M086834,1,1,0,0,1.0,0.6,False,,False
M078725,1,1,0,0,1.0,0.6,False,,False
M077923,1,0,0,1,-1.0,0.4,False,,False
M097012,1,1,0,0,1.0,0.6,False,,False
M052564,1,1,0,0,1.0,0.6,False,,False
M038423,1,0,0,1,-1.0,0.4,False,,False
M047491,1,0,1,0,0.0,0.5,False,,False
M100083,1,1,0,0,1.0,0.6,False,,False
M044111,1,0,1,0,0.0,0.5,False,,False
M076339,1,0,1,0,0.0,0.5,False,,False
M078295,2,2,0,0,1.0,0.7,False,,False
M089553,1,0,0,1,-1.0,0.4,False,,False
M099331,1,1,0,0,1.0,0.6,False,,False
M094251,1,0,1,0,0.0,0.5,False,,False
M019648,1,0,0,1,-1.0,0.4,False,,False
M065310,1,1,0,0,1.0,0.6,False,,False
M033051,1,0,1,0,0.0,0.5,False,,False
M031774,1,0,1,0,0.0,0.5,False,,False
M036695,1,0,1,0,0.0,0.5,False,,False
M019047,1,0,1,0,0.0,0.5,False,,False
M051510,1,0,1,0,0.0,0.5,False,,False
M068116,1,1,0,0,1.0,0.6,False,,False
M048486,1,1,0,0,1.0,0.6,False,,False
M048186,1,1,0,0,1.0,0.6,False,,False
M085105,1,1,0,0,1.0,0.6,False,,False
M082294,1,1,0,0,1.0,0.6,False,,False
M060899,1,0,1,0,0.0,0.5,False,,False
M082276,1,1,0,0,1.0,0.6,False,,False
M094757,1,0,1,0,0.0,0.5,False,,False
M019615,1,1,0,0,1.0,0.6,False,,False
M072416,1,0,1,0,0.0,0.5,False,,False
M075652,1,1,0,0,1.0,0.6,False,,False
M064163,1,1,0,0,1.0,0.6,False,,False
M078484,1,1,0,0,1.0,0.6,False,,False
M063055,1,0,1,0,0.0,0.5,False,,False
M052115,1,0,1,0,0.0,0.5,False,,False
M005723,1,1,0,0,1.0,0.6,False,,False
M014331,1,1,0,0,1.0,0.6,False,,False
M068192,1,1,0,0,1.0,0.6,False,,False
M096950,1,1,0,0,1.0,0.6,False,,False
M024814,1,1,0,0,1.0,0.6,False,,False
M076017,1,0,1,0,0.0,0.5,False,,False
M049142,1,0,1,0,0.0,0.5,False,,False
M046058,1,1,0,0,1.0,0.6,False,,False
M052186,1,1,0,0,1.0,0.6,False,,False
M070169,1,0,1,0,0.0,0.5,False,,False
M090711,1,0,1,0,0.0,0.5,False,,False
M084657,1,1,0,0,1.0,0.6,False,,False
M052397,1,0,1,0,0.0,0.5,False,,False
M088652,1,1,0,0,1.0,0.6,False,,False
M067082,1,0,1,0,0.0,0.5,False,,False
M007626,1,0,0,1,-1.0,0.4,False,,False
M064515,1,0,1,0,0.0,0.5,False,,False
M049976,1,0,1,0,0.0,0.5,False,,False
M065603,1,0,1,0,0.0,0.5,False,,False
M074464,1,1,0,0,1.0,0.6,False,,False
M073951,1,0,1,0,0.0,0.5,False,,False
M081239,1,1,0,0,1.0,0.6,False,,False
M095690,1,1,0,0,1.0,0.6,False,,False
M085910,1,0,1,0,0.0,0.5,False,,False
M053766,1,0,1,0,0.0,0.5,False,,False
M053327,1,1,0,0,1.0,0.6,False,,False
M045801,1,0,1,0,0.0,0.5,False,,False
M016567,1,1,0,0,1.0,0.6,False,,False
M012937,1,1,0,0,1.0,0.6,False,,False
M094552,1,0,1,0,0.0,0.5,False,,False
M054326,1,0,1,0,0.0,0.5,False,,False
M036482,1,1,0,0,1.0,0.6,False,,False
M007415,1,0,0,1,-1.0,0.4,False,,False
M070928,1,1,0,0,1.0,0.6,False,,False
M051110,1,0,1,0,0.0,0.5,False,,False
M011492,1,0,1,0,0.0,0.5,False,,False
M025965,1,1,0,0,1.0,0.6,False,,False
M002097,1,0,1,0,0.0,0.5,False,,False
M040135,1,0,1,0,0.0,0.5,False,,False
M058337,1,1,0,0,1.0,0.6,False,,False
M089984,1,0,1,0,0.0,0.5,False,,False
M078142,1,1,0,0,1.0,0.6,False,,False
M081754,1,1,0,0,1.0,0.6,False,,False
M083947,1,1,0,0,1.0,0.6,False,,False
M020969,1,1,0,0,1.0,0.6,False,,False
M064350,1,1,0,0,1.0,0.6,False,,False
M007302,1,1,0,0,1.0,0.6,False,,False
M005125,1,1,0,0,1.0,0.6,False,,False
M090637,1,1,0,0,1.0,0.6,False,,False
M041859,1,0,1,0,0.0,0.5,False,,False
M058322,1,1,0,0,1.0,0.6,False,,False
M037902,1,0,1,0,0.0,0.5,False,,False
M020834,1,1,0,0,1.0,0.6,False,,False
M061701,1,1,0,0,1.0,0.6,False,,False
M041186,1,1,0,0,1.0,0.6,False,,False
M079035,1,0,1,0,0.0,0.5,False,,False
M030803,1,0,0,1,-1.0,0.4,False,,False
M089760,1,1,0,0,1.0,0.6,False,,False
M053475,1,1,0,0,1.0,0.6,False,,False
M088296,1,1,0,0,1.0,0.6,False,,False
M039369,1,0,1,0,0.0,0.5,False,,False
M058307,1,1,0,0,1.0,0.6,False,,False
M017967,1,0,1,0,0.0,0.5,False,,False
M046254,1,1,0,0,1.0,0.6,False,,False
M054279,1,0,1,0,0.0,0.5,False,,False
M040680,1,0,1,0,0.0,0.5,False,,False
M019788,1,0,1,0,0.0,0.5,False,,False
M055463,1,1,0,0,1.0,0.6,False,,False
M007530,1,0,1,0,0.0,0.5,False,,False
M095629,1,1,0,0,1.0,0.6,False,,False
M062793,1,0,1,0,0.0,0.5,False,,False
M091672,1,1,0,0,1.0,0.6,False,,False
M041061,1,0,0,1,-1.0,0.4,False,,False
M064534,1,1,0,0,1.0,0.6,False,,False
M086044,1,0,1,0,0.0,0.5,False,,False
M084397,1,1,0,0,1.0,0.6,False,,False
M079671,1,1,0,0,1.0,0.6,False,,False
M071549,1,1,0,0,1.0,0.6,False,,False
M062305,1,1,0,0,1.0,0.6,False,,False
M065912,1,1,0,0,1.0,0.6,False,,False
M054202,1,0,0,1,-1.0,0.4,False,,False
M045038,1,0,1,0,0.0,0.5,False,,False
M013870,1,1,0,0,1.0,0.6,False,,False
M034926,1,0,1,0,0.0,0.5,False,,False
M021902,1,1,0,0,1.0,0.6,False,,False
M003267,1,1,0,0,1.0,0.6,False,,False
M014470,1,0,1,0,0.0,0.5,False,,False
M022256,1,1,0,0,1.0,0.6,False,,False
M022848,1,1,0,0,1.0,0.6,False,,False
M021618,1,0,1,0,0.0,0.5,False,,False
M010783,1,0,1,0,0.0,0.5,False,,False
M036473,1,0,1,0,0.0,0.5,False,,False
M024808,1,1,0,0,1.0,0.6,False,,False
M050692,1,0,1,0,0.0,0.5,False,,False
M010163,1,0,1,0,0.0,0.5,False,,False
M030523,1,0,1,0,0.0,0.5,False,,False
M064267,1,0,1,0,0.0,0.5,False,,False
M066746,1,1,0,0,1.0,0.6,False,,False
M064297,1,1,0,0,1.0,0.6,False,,False
M066915,1,1,0,0,1.0,0.6,False,,False
M047030,1,1,0,0,1.0,0.6,False,,False
M065532,1,0,1,0,0.0,0.5,False,,False
M035132,1,1,0,0,1.0,0.6,False,,False
M008535,1,1,0,0,1.0,0.6,False,,False
M020063,1,1,0,0,1.0,0.6,False,,False
M004596,1,0,1,0,0.0,0.5,False,,False
M039016,1,0,1,0,0.0,0.5,False,,False
M041316,1,1,0,0,1.0,0.6,False,,False
M058875,1,1,0,0,1.0,0.6,False,,False
M026173,1,1,0,0,1.0,0.6,False,,False
M006353,1,1,0,0,1.0,0.6,False,,False
M058424,1,1,0,0,1.0,0.6,False,,False
M038354,1,1,0,0,1.0,0.6,False,,False
M053719,1,1,0,0,1.0,0.6,False,,False
M041457,1,1,0,0,1.0,0.6,False,,False
M094206,1,1,0,0,1.0,0.6,False,,False
M013062,1,1,0,0,1.0,0.6,False,,False
M095808,1,1,0,0,1.0,0.6,False,,False
M067372,1,1,0,0,1.0,0.6,False,,False
M100624,1,1,0,0,1.0,0.6,False,,False
M005525,1,1,0,0,1.0,0.6,False,,False
M000954,1,0,1,0,0.0,0.5,False,,False
M093471,1,1,0,0,1.0,0.6,False,,False
M024173,1,0,1,0,0.0,0.5,False,,False
M045100,1,1,0,0,1.0,0.6,False,,False
M082059,1,1,0,0,1.0,0.6,False,,False
M097325,1,1,0,0,1.0,0.6,False,,False
M052103,1,1,0,0,1.0,0.6,False,,False
M051548,1,0,1,0,0.0,0.5,False,,False
M090688,1,0,1,0,0.0,0.5,False,,False
M071594,1,1,0,0,1.0,0.6,False,,False
M081927,1,1,0,0,1.0,0.6,False,,False
M100278,1,1,0,0,1.0,0.6,False,,False
M082154,1,1,0,0,1.0,0.6,False,,False
M096188,1,1,0,0,1.0,0.6,False,,False
M008443,1,0,1,0,0.0,0.5,False,,False
M022802,1,1,0,0,1.0,0.6,False,,False
M073205,1,0,1,0,0.0,0.5,False,,False
M075144,1,1,0,0,1.0,0.6,False,,False
M092517,1,1,0,0,1.0,0.6,False,,False
M092566,1,1,0,0,1.0,0.6,False,,False
M088232,1,1,0,0,1.0,0.6,False,,False
M094062,1,1,0,0,1.0,0.6,False,,False
M047168,1,1,0,0,1.0,0.6,False,,False
M080800,1,0,0,1,-1.0,0.4,False,,False
M005203,1,0,0,1,-1.0,0.4,False,,False
M044984,1,0,1,0,0.0,0.5,False,,False
M047773,1,1,0,0,1.0,0.6,False,,False
M088300,1,0,1,0,0.0,0.5,False,,False
M023202,1,1,0,0,1.0,0.6,False,,False
M024931,1,1,0,0,1.0,0.6,False,,False
M027523,1,1,0,0,1.0,0.6,False,,False
M092779,1,1,0,0,1.0,0.6,False,,False
M098152,1,1,0,0,1.0,0.6,False,,False
M089177,1,1,0,0,1.0,0.6,False,,False
M080228,1,0,1,0,0.0,0.5,False,,False
M096057,2,2,0,0,1.0,0.7,False,,False
M069251,1,1,0,0,1.0,0.6,False,,False
M097023,1,1,0,0,1.0,0.6,False,,False
M063600,1,0,1,0,0.0,0.5,False,,False
M024820,1,0,1,0,0.0,0.5,False,,False
M092667,1,0,1,0,0.0,0.5,False,,False
M010061,1,1,0,0,1.0,0.6,False,,False
M052315,1,1,0,0,1.0,0.6,False,,False
M004092,1,0,0,1,-1.0,0.4,False,,False
M012092,1,1,0,0,1.0,0.6,False,,False
M037438,1,1,0,0,1.0,0.6,False,,False
M033463,1,0,1,0,0.0,0.5,False,,False
M075127,1,1,0,0,1.0,0.6,False,,False
M015690,1,1,0,0,1.0,0.6,False,,False
M075589,1,1,0,0,1.0,0.6,False,,False
M099433,1,1,0,0,1.0,0.6,False,,False
M052727,1,0,0,1,-1.0,0.4,False,,False
M022435,1,0,1,0,0.0,0.5,False,,False
M089134,1,1,0,0,1.0,0.6,False,,False
M024951,1,1,0,0,1.0,0.6,False,,False
M096140,1,0,1,0,0.0,0.5,False,,False
M064238,1,1,0,0,1.0,0.6,False,,False
M008193,1,1,0,0,1.0,0.6,False,,False
M007024,1,0,1,0,0.0,0.5,False,,False
M013747,1,0,1,0,0.0,0.5,False,,False
M016139,1,1,0,0,1.0,0.6,False,,False
M007634,1,1,0,0,1.0,0.6,False,,False
M019341,1,1,0,0,1.0,0.6,False,,False
M024638,1,1,0,0,1.0,0.6,False,,False
M006168,1,1,0,0,1.0,0.6,False,,False
M076123,1,0,1,0,0.0,0.5,False,,False
M043166,1,0,0,1,-1.0,0.4,False,,False
M093008,1,1,0,0,1.0,0.6,False,,False
M043961,1,1,0,0,1.0,0.6,False,,False
M091829,1,0,1,0,0.0,0.5,False,,False
M061174,1,0,1,0,0.0,0.5,False,,False
M031737,1,1,0,0,1.0,0.6,False,,False
M086276,1,0,0,1,-1.0,0.4,False,,False
M070910,1,0,0,1,-1.0,0.4,False,,False
M085248,1,1,0,0,1.0,0.6,False,,False
M017108,1,1,0,0,1.0,0.6,False,,False
M014177,1,1,0,0,1.0,0.6,False,,False
M013715,1,1,0,0,1.0,0.6,False,,False
M026061,1,1,0,0,1.0,0.6,False,,False
M090172,1,1,0,0,1.0,0.6,False,,False
M081055,1,1,0,0,1.0,0.6,False,,False
M057075,1,0,1,0,0.0,0.5,False,,False
M044560,1,1,0,0,1.0,0.6,False,,False
M003306,1,1,0,0,1.0,0.6,False,,False
M029473,1,1,0,0,1.0,0.6,False,,False
M055644,1,0,0,1,-1.0,0.4,False,,False
M099724,1,1,0,0,1.0,0.6,False,,False
M097495,1,1,0,0,1.0,0.6,False,,False
M044288,1,1,0,0,1.0,0.6,False,,False
M092767,1,1,0,0,1.0,0.6,False,,False
M013689,1,1,0,0,1.0,0.6,False,,False
M075393,1,0,0,1,-1.0,0.4,False,,False
M027571,1,0,0,1,-1.0,0.4,False,,False
M079485,1,0,1,0,0.0,0.5,False,,False
M080763,1,0,1,0,0.0,0.5,False,,False
M074984,1,0,1,0,0.0,0.5,False,,False
M077693,1,1,0,0,1.0,0.6,False,,False
M012226,1,0,1,0,0.0,0.5,False,,False
M075835,1,1,0,0,1.0,0.6,False,,False
M067293,1,1,0,0,1.0,0.6,False,,False
M064955,1,0,0,1,-1.0,0.4,False,,False
M061818,1,0,1,0,0.0,0.5,False,,False
M081076,1,1,0,0,1.0,0.6,False,,False
M092296,1,0,1,0,0.0,0.5,False,,False
M069257,1,0,0,1,-1.0,0.4,False,,False
M005484,1,0,1,0,0.0,0.5,False,,False
M002257,1,1,0,0,1.0,0.6,False,,False
M082001,1,0,1,0,0.0,0.5,False,,False
M089460,1,1,0,0,1.0,0.6,False,,False
M073507,2,2,0,0,1.0,0.7,False,,False
M068647,1,1,0,0,1.0,0.6,False,,False
M006059,1,0,1,0,0.0,0.5,False,,False
M015620,1,1,0,0,1.0,0.6,False,,False
M030182,1,1,0,0,1.0,0.6,False,,False
M020809,1,1,0,0,1.0,0.6,False,,False
M054248,1,1,0,0,1.0,0.6,False,,False
M027958,1,1,0,0,1.0,0.6,False,,False
M005160,1,0,1,0,0.0,0.5,False,,False
M028094,1,1,0,0,1.0,0.6,False,,False
M033057,1,1,0,0,1.0,0.6,False,,False
M011420,1,1,0,0,1.0,0.6,False,,False
M080431,1,1,0,0,1.0,0.6,False,,False
M094512,1,0,1,0,0.0,0.5,False,,False
M035116,1,1,0,0,1.0,0.6,False,,False
M070500,1,1,0,0,1.0,0.6,False,,False
M009831,1,1,0,0,1.0,0.6,False,,False
M001189,1,1,0,0,1.0,0.6,False,,False
M037115,1,1,0,0,1.0,0.6,False,,False
M036921,1,1,0,0,1.0,0.6,False,,False
M029499,1,1,0,0,1.0,0.6,False,,False
M077428,1,1,0,0,1.0,0.6,False,,False
M012966,1,0,1,0,0.0,0.5,False,,False
M008788,1,1,0,0,1.0,0.6,False,,False
M035302,1,1,0,0,1.0,0.6,False,,False
M008843,1,1,0,0,1.0,0.6,False,,False
M003868,1,1,0,0,1.0,0.6,False,,False
M005914,1,0,1,0,0.0,0.5,False,,False
M093655,1,1,0,0,1.0,0.6,False,,False
M100347,1,0,1,0,0.0,0.5,False,,False
M069222,1,1,0,0,1.0,0.6,False,,False
M082575,1,1,0,0,1.0,0.6,False,,False
M061193,1,1,0,0,1.0,0.6,False,,False
M079124,1,1,0,0,1.0,0.6,False,,False
M058544,1,1,0,0,1.0,0.6,False,,False
M100926,1,1,0,0,1.0,0.6,False,,False
M083608,1,1,0,0,1.0,0.6,False,,False
M082212,1,0,0,1,-1.0,0.4,False,,False
M100085,1,1,0,0,1.0,0.6,False,,False
M024780,1,1,0,0,1.0,0.6,False,,False
M022579,1,1,0,0,1.0,0.6,False,,False
M044673,1,0,1,0,0.0,0.5,False,,False
M040834,1,1,0,0,1.0,0.6,False,,False
M025573,1,0,1,0,0.0,0.5,False,,False
M038841,1,0,0,1,-1.0,0.4,False,,False
M086943,1,1,0,0,1.0,0.6,False,,False
M078637,1,1,0,0,1.0,0.6,False,,False
M093802,1,1,0,0,1.0,0.6,False,,False
M040669,1,0,1,0,0.0,0.5,False,,False
M061969,1,0,1,0,0.0,0.5,False,,False
M074993,1,0,1,0,0.0,0.5,False,,False
M010599,1,0,1,0,0.0,0.5,False,,False
M069010,1,1,0,0,1.0,0.6,False,,False
M011218,1,0,1,0,0.0,0.5,False,,False
M005864,1,1,0,0,1.0,0.6,False,,False
M004012,1,1,0,0,1.0,0.6,False,,False
M073756,1,0,0,1,-1.0,0.4,False,,False
M009575,1,1,0,0,1.0,0.6,False,,False
M083261,1,0,0,1,-1.0,0.4,False,,False
M033783,1,0,1,0,0.0,0.5,False,,False
M037972,1,0,1,0,0.0,0.5,False,,False
M024463,1,1,0,0,1.0,0.6,False,,False
M093871,1,0,1,0,0.0,0.5,False,,False
M097561,1,0,1,0,0.0,0.5,False,,False
M001932,1,1,0,0,1.0,0.6,False,,False
M061942,1,1,0,0,1.0,0.6,False,,False
M024135,1,1,0,0,1.0,0.6,False,,False
M080265,1,0,0,1,-1.0,0.4,False,,False
M093699,1,0,1,0,0.0,0.5,False,,False
M070687,1,1,0,0,1.0,0.6,False,,False
M079856,1,1,0,0,1.0,0.6,False,,False
M079650,1,0,1,0,0.0,0.5,False,,False
M077141,1,0,1,0,0.0,0.5,False,,False
M080234,1,0,1,0,0.0,0.5,False,,False
M004010,1,0,1,0,0.0,0.5,False,,False
M019583,1,1,0,0,1.0,0.6,False,,False
M004501,1,1,0,0,1.0,0.6,False,,False
M010876,1,1,0,0,1.0,0.6,False,,False
M007821,1,1,0,0,1.0,0.6,False,,False
M083805,1,1,0,0,1.0,0.6,False,,False
M043645,1,1,0,0,1.0,0.6,False,,False
M075291,1,0,0,1,-1.0,0.4,False,,False
M080239,1,1,0,0,1.0,0.6,False,,False
M099410,1,0,1,0,0.0,0.5,False,,False
M101403,1,1,0,0,1.0,0.6,False,,False
M067487,1,0,1,0,0.0,0.5,False,,False
M022892,1,1,0,0,1.0,0.6,False,,False
M095800,1,0,1,0,0.0,0.5,False,,False
M095392,1,1,0,0,1.0,0.6,False,,False
M099688,1,1,0,0,1.0,0.6,False,,False
M012023,1,0,1,0,0.0,0.5,False,,False
M012760,1,1,0,0,1.0,0.6,False,,False
M001572,1,0,1,0,0.0,0.5,False,,False
M012927,1,0,1,0,0.0,0.5,False,,False
M017614,1,1,0,0,1.0,0.6,False,,False
M011240,1,0,1,0,0.0,0.5,False,,False
M036180,1,1,0,0,1.0,0.6,False,,False
M036255,1,1,0,0,1.0,0.6,False,,False
M095999,1,1,0,0,1.0,0.6,False,,False
M095283,1,1,0,0,1.0,0.6,False,,False
M016776,1,1,0,0,1.0,0.6,False,,False
M013050,1,1,0,0,1.0,0.6,False,,False
M027227,1,1,0,0,1.0,0.6,False,,False
M031170,1,1,0,0,1.0,0.6,False,,False
M034947,1,1,0,0,1.0,0.6,False,,False
M034849,1,1,0,0,1.0,0.6,False,,False
M027253,1,1,0,0,1.0,0.6,False,,False
M094533,1,1,0,0,1.0,0.6,False,,False
M040208,1,1,0,0,1.0,0.6,False,,False
M053566,1,1,0,0,1.0,0.6,False,,False
M063102,1,0,0,1,-1.0,0.4,False,,False
M041878,1,0,1,0,0.0,0.5,False,,False
M058102,1,1,0,0,1.0,0.6,False,,False
M047082,1,1,0,0,1.0,0.6,False,,False
M044457,1,0,1,0,0.0,0.5,False,,False
M004540,2,0,2,0,0.0,0.5,False,,False
M082291,1,1,0,0,1.0,0.6,False,,False
M048235,1,1,0,0,1.0,0.6,False,,False
M078954,1,1,0,0,1.0,0.6,False,,False
M092103,1,0,1,0,0.0,0.5,False,,False
M020076,1,1,0,0,1.0,0.6,False,,False
M047956,1,1,0,0,1.0,0.6,False,,False
M089187,1,0,1,0,0.0,0.5,False,,False
M094364,1,1,0,0,1.0,0.6,False,,False
M068915,1,0,1,0,0.0,0.5,False,,False
M000408,1,0,1,0,0.0,0.5,False,,False
M027221,1,0,1,0,0.0,0.5,False,,False
M057961,1,1,0,0,1.0,0.6,False,,False
M092141,1,0,1,0,0.0,0.5,False,,False
M081547,1,1,0,0,1.0,0.6,False,,False
M085986,1,1,0,0,1.0,0.6,False,,False
M018140,1,1,0,0,1.0,0.6,False,,False
M096416,1,0,1,0,0.0,0.5,False,,False
M068732,1,1,0,0,1.0,0.6,False,,False
M096348,1,1,0,0,1.0,0.6,False,,False
M036575,1,0,0,1,-1.0,0.4,False,,False
M017451,1,1,0,0,1.0,0.6,False,,False
M098662,1,1,0,0,1.0,0.6,False,,False
M101180,1,0,1,0,0.0,0.5,False,,False
M096375,1,1,0,0,1.0,0.6,False,,False
M043929,1,0,0,1,-1.0,0.4,False,,False
M042331,1,1,0,0,1.0,0.6,False,,False
M025194,1,1,0,0,1.0,0.6,False,,False
M017328,1,1,0,0,1.0,0.6,False,,False
M074231,1,0,1,0,0.0,0.5,False,,False
M099426,1,0,0,1,-1.0,0.4,False,,False
M096046,1,1,0,0,1.0,0.6,False,,False
M050642,1,0,1,0,0.0,0.5,False,,False
M088327,1,1,0,0,1.0,0.6,False,,False
M097736,1,1,0,0,1.0,0.6,False,,False
M077404,1,0,1,0,0.0,0.5,False,,False
M071456,1,0,0,1,-1.0,0.4,False,,False
M089078,1,1,0,0,1.0,0.6,False,,False
M085908,1,0,0,1,-1.0,0.4,False,,False
M052694,1,0,1,0,0.0,0.5,False,,False
M084977,1,0,1,0,0.0,0.5,False,,False
M083565,1,1,0,0,1.0,0.6,False,,False
M098858,1,1,0,0,1.0,0.6,False,,False
M087710,1,0,1,0,0.0,0.5,False,,False
M018176,1,0,1,0,0.0,0.5,False,,False
M039553,1,1,0,0,1.0,0.6,False,,False
M041750,1,1,0,0,1.0,0.6,False,,False
M001432,1,0,0,1,-1.0,0.4,False,,False
M071311,1,1,0,0,1.0,0.6,False,,False
M068319,1,0,1,0,0.0,0.5,False,,False
M061135,1,0,1,0,0.0,0.5,False,,False
M003890,1,0,1,0,0.0,0.5,False,,False
M094535,2,0,0,2,-1.0,0.30000000000000004,False,,True
M013207,2,2,0,0,1.0,0.7,False,,False
M082312,1,1,0,0,1.0,0.6,False,,False
M100401,1,0,0,1,-1.0,0.4,False,,False
M086711,1,0,1,0,0.0,0.5,False,,False
M002322,1,1,0,0,1.0,0.6,False,,False
M015486,1,0,1,0,0.0,0.5,False,,False
M084122,1,1,0,0,1.0,0.6,False,,False
M036931,1,0,1,0,0.0,0.5,False,,False
M031322,1,0,0,1,-1.0,0.4,False,,False
M068926,1,1,0,0,1.0,0.6,False,,False
M096860,1,1,0,0,1.0,0.6,False,,False
M093787,1,1,0,0,1.0,0.6,False,,False
M025918,1,1,0,0,1.0,0.6,False,,False
M094128,1,1,0,0,1.0,0.6,False,,False
M076780,1,1,0,0,1.0,0.6,False,,False
M072140,1,1,0,0,1.0,0.6,False,,False
M097979,1,1,0,0,1.0,0.6,False,,False
M008527,1,1,0,0,1.0,0.6,False,,False
M095056,1,1,0,0,1.0,0.6,False,,False
M095891,1,1,0,0,1.0,0.6,False,,False
M091213,1,1,0,0,1.0,0.6,False,,False
M096118,1,0,1,0,0.0,0.5,False,,False
M087919,1,1,0,0,1.0,0.6,False,,False
M022719,1,0,1,0,0.0,0.5,False,,False
M056694,1,0,1,0,0.0,0.5,False,,False
M061172,1,0,1,0,0.0,0.5,False,,False
M020669,1,0,1,0,0.0,0.5,False,,False
M088345,1,1,0,0,1.0,0.6,False,,False
M086503,1,1,0,0,1.0,0.6,False,,False
M078275,1,0,1,0,0.0,0.5,False,,False
M074398,1,0,1,0,0.0,0.5,False,,False
M035321,1,1,0,0,1.0,0.6,False,,False
M021005,1,1,0,0,1.0,0.6,False,,False
M022135,1,0,1,0,0.0,0.5,False,,False
M078167,1,0,1,0,0.0,0.5,False,,False
M063321,1,0,0,1,-1.0,0.4,False,,False
M050101,1,1,0,0,1.0,0.6,False,,False
M095785,1,1,0,0,1.0,0.6,False,,False
M059670,1,0,1,0,0.0,0.5,False,,False
M094826,1,1,0,0,1.0,0.6,False,,False
M073692,1,1,0,0,1.0,0.6,False,,False
M042356,1,0,0,1,-1.0,0.4,False,,False
M026180,1,1,0,0,1.0,0.6,False,,False
M087088,1,1,0,0,1.0,0.6,False,,False
M033322,1,1,0,0,1.0,0.6,False,,False
M070517,1,0,0,1,-1.0,0.4,False,,False
M083321,1,0,1,0,0.0,0.5,False,,False
M087766,1,0,1,0,0.0,0.5,False,,False
M087825,1,1,0,0,1.0,0.6,False,,False
M043346,1,1,0,0,1.0,0.6,False,,False
M046320,1,0,1,0,0.0,0.5,False,,False
M040915,1,1,0,0,1.0,0.6,False,,False
M002160,1,1,0,0,1.0,0.6,False,,False
M044121,1,0,1,0,0.0,0.5,False,,False
M049596,1,0,1,0,0.0,0.5,False,,False
M008960,1,1,0,0,1.0,0.6,False,,False
M070265,1,0,1,0,0.0,0.5,False,,False
M069419,1,0,1,0,0.0,0.5,False,,False
M050523,1,1,0,0,1.0,0.6,False,,False
M035615,1,0,1,0,0.0,0.5,False,,False
M032907,1,1,0,0,1.0,0.6,False,,False
M014319,1,1,0,0,1.0,0.6,False,,False
M060505,1,1,0,0,1.0,0.6,False,,False
M029914,1,1,0,0,1.0,0.6,False,,False
M037724,1,0,1,0,0.0,0.5,False,,False
M099033,1,1,0,0,1.0,0.6,False,,False
M094013,1,0,1,0,0.0,0.5,False,,False
M050798,1,0,1,0,0.0,0.5,False,,False
M001989,1,0,0,1,-1.0,0.4,False,,False
M046566,1,0,1,0,0.0,0.5,False,,False
M017212,1,1,0,0,1.0,0.6,False,,False
M083040,1,1,0,0,1.0,0.6,False,,False
M076106,1,1,0,0,1.0,0.6,False,,False
M039615,1,0,1,0,0.0,0.5,False,,False
M029370,1,0,0,1,-1.0,0.4,False,,False
M018765,1,1,0,0,1.0,0.6,False,,False
M034030,1,1,0,0,1.0,0.6,False,,False
M026108,1,1,0,0,1.0,0.6,False,,False
M000634,1,1,0,0,1.0,0.6,False,,False
M000549,1,0,1,0,0.0,0.5,False,,False
M001184,1,1,0,0,1.0,0.6,False,,False
M000702,1,1,0,0,1.0,0.6,False,,False
M096820,1,1,0,0,1.0,0.6,False,,False
M080048,1,1,0,0,1.0,0.6,False,,False
M085602,1,1,0,0,1.0,0.6,False,,False
M089865,1,1,0,0,1.0,0.6,False,,False
M062144,1,0,1,0,0.0,0.5,False,,False
M012212,1,1,0,0,1.0,0.6,False,,False
M001035,1,0,1,0,0.0,0.5,False,,False
M050056,1,0,1,0,0.0,0.5,False,,False
M029164,1,0,1,0,0.0,0.5,False,,False
M047890,1,1,0,0,1.0,0.6,False,,False
M100584,1,0,0,1,-1.0,0.4,False,,False
M023605,1,1,0,0,1.0,0.6,False,,False
M056338,1,1,0,0,1.0,0.6,False,,False
M056561,1,0,1,0,0.0,0.5,False,,False
M088898,1,0,0,1,-1.0,0.4,False,,False
M008315,1,0,1,0,0.0,0.5,False,,False
M034650,1,0,1,0,0.0,0.5,False,,False
M032535,1,1,0,0,1.0,0.6,False,,False
M064690,1,1,0,0,1.0,0.6,False,,False
M094519,1,1,0,0,1.0,0.6,False,,False
M005352,1,1,0,0,1.0,0.6,False,,False
M080423,1,1,0,0,1.0,0.6,False,,False
M084392,1,0,1,0,0.0,0.5,False,,False
M046338,1,1,0,0,1.0,0.6,False,,False
M072010,1,1,0,0,1.0,0.6,False,,False
M080889,1,1,0,0,1.0,0.6,False,,False
M017209,1,1,0,0,1.0,0.6,False,,False
M017198,1,0,0,1,-1.0,0.4,False,,False
M006795,1,0,1,0,0.0,0.5,False,,False
M062236,1,1,0,0,1.0,0.6,False,,False
M001871,1,0,1,0,0.0,0.5,False,,False
M036795,1,1,0,0,1.0,0.6,False,,False
M027315,1,1,0,0,1.0,0.6,False,,False
M072239,1,1,0,0,1.0,0.6,False,,False
M025325,1,0,1,0,0.0,0.5,False,,False
M051039,1,0,0,1,-1.0,0.4,False,,False
M067067,1,0,1,0,0.0,0.5,False,,False
M083402,1,0,0,1,-1.0,0.4,False,,False
M070899,1,1,0,0,1.0,0.6,False,,False
M074840,1,1,0,0,1.0,0.6,False,,False
M059337,1,0,0,1,-1.0,0.4,False,,False
M067464,1,1,0,0,1.0,0.6,False,,False
M082048,1,0,1,0,0.0,0.5,False,,False
M077406,1,1,0,0,1.0,0.6,False,,False
M068710,1,1,0,0,1.0,0.6,False,,False
M042038,1,0,1,0,0.0,0.5,False,,False
M051724,1,0,0,1,-1.0,0.4,False,,False
M061414,1,1,0,0,1.0,0.6,False,,False
M013516,1,1,0,0,1.0,0.6,False,,False
M013039,1,0,0,1,-1.0,0.4,False,,False
M065910,1,1,0,0,1.0,0.6,False,,False
M014176,1,1,0,0,1.0,0.6,False,,False
M010716,1,0,1,0,0.0,0.5,False,,False
M035511,1,0,0,1,-1.0,0.4,False,,False
M029574,1,1,0,0,1.0,0.6,False,,False
M042173,1,1,0,0,1.0,0.6,False,,False
M062457,1,0,1,0,0.0,0.5,False,,False
M051197,1,0,1,0,0.0,0.5,False,,False
M043625,1,0,1,0,0.0,0.5,False,,False
M053043,1,0,1,0,0.0,0.5,False,,False
M049791,1,0,1,0,0.0,0.5,False,,False
M077412,1,0,1,0,0.0,0.5,False,,False
M075333,1,1,0,0,1.0,0.6,False,,False
M092982,1,1,0,0,1.0,0.6,False,,False
M075120,1,1,0,0,1.0,0.6,False,,False
M057798,1,0,0,1,-1.0,0.4,False,,False
M085632,1,0,1,0,0.0,0.5,False,,False
M062775,1,1,0,0,1.0,0.6,False,,False
M026150,1,0,0,1,-1.0,0.4,False,,False
M080145,1,1,0,0,1.0,0.6,False,,False
M094243,1,1,0,0,1.0,0.6,False,,False
M084037,1,1,0,0,1.0,0.6,False,,False
M070881,1,0,0,1,-1.0,0.4,False,,False
M068792,1,0,1,0,0.0,0.5,False,,False
M014083,1,0,1,0,0.0,0.5,False,,False
M014277,1,0,1,0,0.0,0.5,False,,False
M015860,1,1,0,0,1.0,0.6,False,,False
M009716,1,0,1,0,0.0,0.5,False,,False
M042407,1,1,0,0,1.0,0.6,False,,False
M026509,1,1,0,0,1.0,0.6,False,,False
M030290,1,1,0,0,1.0,0.6,False,,False
M002065,1,1,0,0,1.0,0.6,False,,False
M028907,1,1,0,0,1.0,0.6,False,,False
M077357,2,0,2,0,0.0,0.5,False,,False
M072774,1,1,0,0,1.0,0.6,False,,False
M069543,1,0,1,0,0.0,0.5,False,,False
M058766,1,0,1,0,0.0,0.5,False,,False
M080079,1,1,0,0,1.0,0.6,False,,False
M024773,1,1,0,0,1.0,0.6,False,,False
M031320,1,1,0,0,1.0,0.6,False,,False
M016584,1,1,0,0,1.0,0.6,False,,False
M029223,1,0,0,1,-1.0,0.4,False,,False
M007519,1,1,0,0,1.0,0.6,False,,False
M059445,1,0,1,0,0.0,0.5,False,,False
M073405,1,0,1,0,0.0,0.5,False,,False
M090135,1,0,1,0,0.0,0.5,False,,False
M078173,1,1,0,0,1.0,0.6,False,,False
M081985,1,0,1,0,0.0,0.5,False,,False
M024553,1,0,1,0,0.0,0.5,False,,False
M066126,1,1,0,0,1.0,0.6,False,,False
M014733,1,1,0,0,1.0,0.6,False,,False
M077650,1,0,1,0,0.0,0.5,False,,False
M013867,1,0,1,0,0.0,0.5,False,,False
M097985,1,1,0,0,1.0,0.6,False,,False
M064417,1,0,1,0,0.0,0.5,False,,False
M050163,1,0,1,0,0.0,0.5,False,,False
M068626,1,0,1,0,0.0,0.5,False,,False
M069044,1,1,0,0,1.0,0.6,False,,False
M047317,1,0,1,0,0.0,0.5,False,,False
M075810,1,1,0,0,1.0,0.6,False,,False
M022786,1,0,1,0,0.0,0.5,False,,False
M016994,1,1,0,0,1.0,0.6,False,,False
M006778,1,0,1,0,0.0,0.5,False,,False
M081152,1,1,0,0,1.0,0.6,False,,False
M017351,1,1,0,0,1.0,0.6,False,,False
M077917,1,0,0,1,-1.0,0.4,False,,False
M097425,1,0,1,0,0.0,0.5,False,,False
M081454,1,1,0,0,1.0,0.6,False,,False
M080590,1,0,1,0,0.0,0.5,False,,False
M084578,1,1,0,0,1.0,0.6,False,,False
M046486,1,0,1,0,0.0,0.5,False,,False
M050140,1,1,0,0,1.0,0.6,False,,False
M067595,1,1,0,0,1.0,0.6,False,,False
M076708,1,0,1,0,0.0,0.5,False,,False
M063390,1,0,0,1,-1.0,0.4,False,,False
M035463,1,0,1,0,0.0,0.5,False,,False
M008088,1,1,0,0,1.0,0.6,False,,False
M008106,1,1,0,0,1.0,0.6,False,,False
M072613,1,0,1,0,0.0,0.5,False,,False
M027419,1,0,1,0,0.0,0.5,False,,False
M019131,1,1,0,0,1.0,0.6,False,,False
M041628,1,1,0,0,1.0,0.6,False,,False
M022154,1,1,0,0,1.0,0.6,False,,False
M058537,1,0,0,1,-1.0,0.4,False,,False
M070999,1,0,1,0,0.0,0.5,False,,False
M048252,1,0,0,1,-1.0,0.4,False,,False
M031531,1,0,1,0,0.0,0.5,False,,False
M036173,1,0,1,0,0.0,0.5,False,,False
M036590,1,1,0,0,1.0,0.6,False,,False
M048758,1,0,0,1,-1.0,0.4,False,,False
M090276,1,0,1,0,0.0,0.5,False,,False
M101035,1,0,1,0,0.0,0.5,False,,False
M043446,1,0,1,0,0.0,0.5,False,,False
M042081,1,1,0,0,1.0,0.6,False,,False
M071278,1,1,0,0,1.0,0.6,False,,False
M025418,1,1,0,0,1.0,0.6,False,,False
M095675,1,1,0,0,1.0,0.6,False,,False
M002846,1,0,1,0,0.0,0.5,False,,False
M068596,1,1,0,0,1.0,0.6,False,,False
M074952,1,1,0,0,1.0,0.6,False,,False
M090696,1,1,0,0,1.0,0.6,False,,False
M085727,1,0,1,0,0.0,0.5,False,,False
M024539,1,0,1,0,0.0,0.5,False,,False
M017245,1,0,0,1,-1.0,0.4,False,,False
M025234,1,0,1,0,0.0,0.5,False,,False
M032171,1,1,0,0,1.0,0.6,False,,False
M096684,1,1,0,0,1.0,0.6,False,,False
M072187,1,0,1,0,0.0,0.5,False,,False
M015619,1,0,1,0,0.0,0.5,False,,False
M095694,1,1,0,0,1.0,0.6,False,,False
M060715,1,1,0,0,1.0,0.6,False,,False
M076811,1,1,0,0,1.0,0.6,False,,False
M069192,1,0,0,1,-1.0,0.4,False,,False
M076185,1,1,0,0,1.0,0.6,False,,False
M097370,1,0,1,0,0.0,0.5,False,,False
M088519,1,1,0,0,1.0,0.6,False,,False
M051881,1,1,0,0,1.0,0.6,False,,False
M060267,1,0,1,0,0.0,0.5,False,,False
M016952,1,0,1,0,0.0,0.5,False,,False
M001747,1,0,1,0,0.0,0.5,False,,False
M010548,1,0,1,0,0.0,0.5,False,,False
M056913,1,1,0,0,1.0,0.6,False,,False
M071662,1,0,1,0,0.0,0.5,False,,False
M075900,1,1,0,0,1.0,0.6,False,,False
M060046,1,1,0,0,1.0,0.6,False,,False
M051367,1,0,1,0,0.0,0.5,False,,False
M023538,1,1,0,0,1.0,0.6,False,,False
M023638,1,0,1,0,0.0,0.5,False,,False
M022404,1,1,0,0,1.0,0.6,False,,False
M023891,1,1,0,0,1.0,0.6,False,,False
M023819,1,0,1,0,0.0,0.5,False,,False
M021607,1,0,1,0,0.0,0.5,False,,False
M075017,1,1,0,0,1.0,0.6,False,,False
M057273,1,1,0,0,1.0,0.6,False,,False
M100157,1,1,0,0,1.0,0.6,False,,False
M046277,1,0,1,0,0.0,0.5,False,,False
M058686,1,0,1,0,0.0,0.5,False,,False
M093854,1,0,1,0,0.0,0.5,False,,False
M098428,1,1,0,0,1.0,0.6,False,,False
M091364,1,0,1,0,0.0,0.5,False,,False
M084985,1,1,0,0,1.0,0.6,False,,False
M044587,1,0,1,0,0.0,0.5,False,,False
M042257,1,1,0,0,1.0,0.6,False,,False
M067519,1,0,1,0,0.0,0.5,False,,False
M039961,1,1,0,0,1.0,0.6,False,,False
M074826,1,0,1,0,0.0,0.5,False,,False
M063943,1,0,1,0,0.0,0.5,False,,False
M060457,1,1,0,0,1.0,0.6,False,,False
M053498,1,0,1,0,0.0,0.5,False,,False
M044917,1,0,1,0,0.0,0.5,False,,False
M005107,1,0,1,0,0.0,0.5,False,,False
M019123,1,1,0,0,1.0,0.6,False,,False
M080535,1,0,1,0,0.0,0.5,False,,False
M079662,1,1,0,0,1.0,0.6,False,,False
M044263,1,1,0,0,1.0,0.6,False,,False
M020770,1,1,0,0,1.0,0.6,False,,False
M014773,1,0,1,0,0.0,0.5,False,,False
M020822,1,1,0,0,1.0,0.6,False,,False
M019327,1,1,0,0,1.0,0.6,False,,False
M058384,1,1,0,0,1.0,0.6,False,,False
M041369,1,1,0,0,1.0,0.6,False,,False
M060743,1,0,0,1,-1.0,0.4,False,,False
M043261,1,1,0,0,1.0,0.6,False,,False
M054488,1,0,0,1,-1.0,0.4,False,,False
M055487,1,0,1,0,0.0,0.5,False,,False
M041250,1,1,0,0,1.0,0.6,False,,False
M048064,1,0,1,0,0.0,0.5,False,,False
M066227,1,0,1,0,0.0,0.5,False,,False
M064357,1,1,0,0,1.0,0.6,False,,False
M066329,1,0,1,0,0.0,0.5,False,,False
M063176,1,0,1,0,0.0,0.5,False,,False
M000200,1,1,0,0,1.0,0.6,False,,False
M064287,1,0,1,0,0.0,0.5,False,,False
M088840,1,1,0,0,1.0,0.6,False,,False
M083637,1,1,0,0,1.0,0.6,False,,False
M040662,1,1,0,0,1.0,0.6,False,,False
M045543,1,1,0,0,1.0,0.6,False,,False
M088538,1,0,1,0,0.0,0.5,False,,False
M019058,1,1,0,0,1.0,0.6,False,,False
M071520,1,1,0,0,1.0,0.6,False,,False
M094114,1,1,0,0,1.0,0.6,False,,False
M096329,1,1,0,0,1.0,0.6,False,,False
M052776,1,0,0,1,-1.0,0.4,False,,False
M095091,2,2,0,0,1.0,0.7,False,,False
M074797,1,1,0,0,1.0,0.6,False,,False
M099694,1,0,1,0,0.0,0.5,False,,False
M049509,1,1,0,0,1.0,0.6,False,,False
M076585,1,1,0,0,1.0,0.6,False,,False
M056152,1,1,0,0,1.0,0.6,False,,False
M025230,1,1,0,0,1.0,0.6,False,,False
M072918,1,0,1,0,0.0,0.5,False,,False
M037473,1,0,1,0,0.0,0.5,False,,False
M011886,1,0,1,0,0.0,0.5,False,,False
M018417,1,0,1,0,0.0,0.5,False,,False
M089905,1,0,0,1,-1.0,0.4,False,,False
M047988,1,0,1,0,0.0,0.5,False,,False
M076822,1,0,0,1,-1.0,0.4,False,,False
M058297,1,0,1,0,0.0,0.5,False,,False
M054120,1,0,1,0,0.0,0.5,False,,False
M060084,1,1,0,0,1.0,0.6,False,,False
M076109,1,1,0,0,1.0,0.6,False,,False
M087165,1,0,1,0,0.0,0.5,False,,False
M048982,1,0,1,0,0.0,0.5,False,,False
M073615,1,1,0,0,1.0,0.6,False,,False
M065331,1,0,0,1,-1.0,0.4,False,,False
M067344,1,1,0,0,1.0,0.6,False,,False
M022576,1,0,0,1,-1.0,0.4,False,,False
M042175,1,1,0,0,1.0,0.6,False,,False
M032106,1,0,0,1,-1.0,0.4,False,,False
M002306,1,1,0,0,1.0,0.6,False,,False
M036801,1,0,1,0,0.0,0.5,False,,False
M003244,1,1,0,0,1.0,0.6,False,,False
M014807,1,0,1,0,0.0,0.5,False,,False
M001344,1,0,1,0,0.0,0.5,False,,False
M007059,1,1,0,0,1.0,0.6,False,,False
M007826,1,0,1,0,0.0,0.5,False,,False
M059191,1,1,0,0,1.0,0.6,False,,False
M079486,1,0,1,0,0.0,0.5,False,,False
M046501,1,1,0,0,1.0,0.6,False,,False
M057666,1,0,0,1,-1.0,0.4,False,,False
M056372,1,0,1,0,0.0,0.5,False,,False
M046453,1,1,0,0,1.0,0.6,False,,False
M074508,1,0,1,0,0.0,0.5,False,,False
M022568,1,0,1,0,0.0,0.5,False,,False
M072398,1,0,1,0,0.0,0.5,False,,False
M090939,1,1,0,0,1.0,0.6,False,,False
M081832,1,0,1,0,0.0,0.5,False,,False
M047996,1,0,1,0,0.0,0.5,False,,False
M085697,1,1,0,0,1.0,0.6,False,,False
M074657,1,0,1,0,0.0,0.5,False,,False
M002585,1,1,0,0,1.0,0.6,False,,False
M013540,1,0,0,1,-1.0,0.4,False,,False
M025568,1,1,0,0,1.0,0.6,False,,False
M004061,1,1,0,0,1.0,0.6,False,,False
M038222,1,1,0,0,1.0,0.6,False,,False
M031530,1,1,0,0,1.0,0.6,False,,False
M016021,1,0,1,0,0.0,0.5,False,,False
M050431,1,0,0,1,-1.0,0.4,False,,False
M080786,1,1,0,0,1.0,0.6,False,,False
M050629,1,1,0,0,1.0,0.6,False,,False
M069134,1,1,0,0,1.0,0.6,False,,False
M100146,1,1,0,0,1.0,0.6,False,,False
M056417,1,0,1,0,0.0,0.5,False,,False
M049508,1,1,0,0,1.0,0.6,False,,False
M051086,1,0,0,1,-1.0,0.4,False,,False
M064170,1,1,0,0,1.0,0.6,False,,False
M039036,1,0,0,1,-1.0,0.4,False,,False
M073439,1,0,0,1,-1.0,0.4,False,,False
M075355,1,0,1,0,0.0,0.5,False,,False
M082484,1,1,0,0,1.0,0.6,False,,False
M093885,1,1,0,0,1.0,0.6,False,,False
M048592,1,0,1,0,0.0,0.5,False,,False
M073682,1,0,0,1,-1.0,0.4,False,,False
M018137,1,1,0,0,1.0,0.6,False,,False
M013300,1,0,1,0,0.0,0.5,False,,False
M015917,1,0,1,0,0.0,0.5,False,,False
M016039,1,0,1,0,0.0,0.5,False,,False
M053129,1,0,1,0,0.0,0.5,False,,False
M087814,1,1,0,0,1.0,0.6,False,,False
M014098,1,0,1,0,0.0,0.5,False,,False
M076937,1,0,1,0,0.0,0.5,False,,False
M069565,1,1,0,0,1.0,0.6,False,,False
M050027,1,0,1,0,0.0,0.5,False,,False
M027203,1,1,0,0,1.0,0.6,False,,False
M087440,1,0,1,0,0.0,0.5,False,,False
M043292,1,0,1,0,0.0,0.5,False,,False
M023580,1,1,0,0,1.0,0.6,False,,False
M070802,1,1,0,0,1.0,0.6,False,,False
M098624,1,0,1,0,0.0,0.5,False,,False
M071128,1,0,1,0,0.0,0.5,False,,False
M009902,1,0,1,0,0.0,0.5,False,,False
M068168,1,1,0,0,1.0,0.6,False,,False
M059243,1,0,1,0,0.0,0.5,False,,False
M079010,1,0,1,0,0.0,0.5,False,,False
M088461,1,0,1,0,0.0,0.5,False,,False
M089357,1,1,0,0,1.0,0.6,False,,False
M087387,1,1,0,0,1.0,0.6,False,,False
M096731,1,1,0,0,1.0,0.6,False,,False
M089259,1,0,1,0,0.0,0.5,False,,False
M026348,1,0,1,0,0.0,0.5,False,,False
M035035,1,1,0,0,1.0,0.6,False,,False
M034888,1,0,1,0,0.0,0.5,False,,False
M008972,1,0,1,0,0.0,0.5,False,,False
M031415,1,1,0,0,1.0,0.6,False,,False
M027787,1,1,0,0,1.0,0.6,False,,False
M033797,1,1,0,0,1.0,0.6,False,,False
M032808,1,1,0,0,1.0,0.6,False,,False
M030477,1,0,1,0,0.0,0.5,False,,False
M028060,1,1,0,0,1.0,0.6,False,,False
M031193,1,1,0,0,1.0,0.6,False,,False
M028391,1,1,0,0,1.0,0.6,False,,False
M010817,1,0,1,0,0.0,0.5,False,,False
M100563,1,1,0,0,1.0,0.6,False,,False
M096508,1,0,0,1,-1.0,0.4,False,,False
M066755,1,0,1,0,0.0,0.5,False,,False
M084767,1,1,0,0,1.0,0.6,False,,False
M036358,1,0,1,0,0.0,0.5,False,,False
M069240,1,0,1,0,0.0,0.5,False,,False
M047502,1,1,0,0,1.0,0.6,False,,False
M058605,1,0,0,1,-1.0,0.4,False,,False
M067259,1,0,0,1,-1.0,0.4,False,,False
M081439,1,0,1,0,0.0,0.5,False,,False
M088101,1,0,1,0,0.0,0.5,False,,False
M072449,1,0,1,0,0.0,0.5,False,,False
M002007,1,1,0,0,1.0,0.6,False,,False
M016528,1,0,1,0,0.0,0.5,False,,False
M086162,1,0,1,0,0.0,0.5,False,,False
M008354,1,1,0,0,1.0,0.6,False,,False
M029589,1,0,1,0,0.0,0.5,False,,False
M036414,1,0,1,0,0.0,0.5,False,,False
M053722,1,0,1,0,0.0,0.5,False,,False
M037483,1,0,1,0,0.0,0.5,False,,False
M047795,1,0,1,0,0.0,0.5,False,,False
M054342,1,0,0,1,-1.0,0.4,False,,False
M047801,1,0,1,0,0.0,0.5,False,,False
M067792,1,0,1,0,0.0,0.5,False,,False
M083347,1,1,0,0,1.0,0.6,False,,False
M023662,1,1,0,0,1.0,0.6,False,,False
M006933,1,1,0,0,1.0,0.6,False,,False
M000935,1,0,1,0,0.0,0.5,False,,False
M092910,1,1,0,0,1.0,0.6,False,,False
M071924,1,1,0,0,1.0,0.6,False,,False
M023231,1,0,1,0,0.0,0.5,False,,False
M026849,1,1,0,0,1.0,0.6,False,,False
M022186,1,1,0,0,1.0,0.6,False,,False
M048094,1,0,0,1,-1.0,0.4,False,,False
M066584,1,1,0,0,1.0,0.6,False,,False
M068931,1,0,0,1,-1.0,0.4,False,,False
M061620,1,0,1,0,0.0,0.5,False,,False
M067441,1,0,1,0,0.0,0.5,False,,False
M006819,1,0,0,1,-1.0,0.4,False,,False
M048789,1,0,1,0,0.0,0.5,False,,False
M050839,1,1,0,0,1.0,0.6,False,,False
M024038,1,0,1,0,0.0,0.5,False,,False
M002944,1,0,1,0,0.0,0.5,False,,False
M026306,1,1,0,0,1.0,0.6,False,,False
M006659,1,0,1,0,0.0,0.5,False,,False
M051152,1,1,0,0,1.0,0.6,False,,False
M056295,1,1,0,0,1.0,0.6,False,,False
M079125,1,0,0,1,-1.0,0.4,False,,False
M063969,1,0,1,0,0.0,0.5,False,,False
M040689,1,1,0,0,1.0,0.6,False,,False
M071289,1,0,0,1,-1.0,0.4,False,,False
M075934,1,0,0,1,-1.0,0.4,False,,False
M100586,1,1,0,0,1.0,0.6,False,,False
M081893,1,0,1,0,0.0,0.5,False,,False
M083207,1,0,1,0,0.0,0.5,False,,False
M063893,1,0,0,1,-1.0,0.4,False,,False
M004016,1,1,0,0,1.0,0.6,False,,False
M070490,1,0,1,0,0.0,0.5,False,,False
M080846,1,0,1,0,0.0,0.5,False,,False
M017012,1,1,0,0,1.0,0.6,False,,False
M060134,1,0,1,0,0.0,0.5,False,,False
M084029,1,0,1,0,0.0,0.5,False,,False
M023178,1,1,0,0,1.0,0.6,False,,False
M065345,1,0,1,0,0.0,0.5,False,,False
M058200,1,0,0,1,-1.0,0.4,False,,False
M059310,1,0,1,0,0.0,0.5,False,,False
M066448,1,1,0,0,1.0,0.6,False,,False
M053025,1,1,0,0,1.0,0.6,False,,False
M061908,1,1,0,0,1.0,0.6,False,,False
M101587,1,1,0,0,1.0,0.6,False,,False
M084317,1,0,1,0,0.0,0.5,False,,False
M068258,1,0,1,0,0.0,0.5,False,,False
M099800,1,1,0,0,1.0,0.6,False,,False
M020731,1,1,0,0,1.0,0.6,False,,False
M052490,1,1,0,0,1.0,0.6,False,,False
M026137,1,1,0,0,1.0,0.6,False,,False
M044187,1,1,0,0,1.0,0.6,False,,False
M015512,1,1,0,0,1.0,0.6,False,,False
M047185,1,1,0,0,1.0,0.6,False,,False
M068946,1,0,1,0,0.0,0.5,False,,False
M096441,1,1,0,0,1.0,0.6,False,,False
M043579,1,0,1,0,0.0,0.5,False,,False
M019771,1,1,0,0,1.0,0.6,False,,False
M044745,1,1,0,0,1.0,0.6,False,,False
M044237,1,1,0,0,1.0,0.6,False,,False
M007158,1,0,1,0,0.0,0.5,False,,False
M026493,1,1,0,0,1.0,0.6,False,,False
M091028,1,1,0,0,1.0,0.6,False,,False
M079853,1,1,0,0,1.0,0.6,False,,False
M041620,1,0,0,1,-1.0,0.4,False,,False
M074953,1,0,1,0,0.0,0.5,False,,False
M002968,1,1,0,0,1.0,0.6,False,,False
M082308,1,0,1,0,0.0,0.5,False,,False
M079660,1,0,0,1,-1.0,0.4,False,,False
M081041,1,1,0,0,1.0,0.6,False,,False
M097326,1,1,0,0,1.0,0.6,False,,False
M089452,1,0,0,1,-1.0,0.4,False,,False
M057977,1,0,1,0,0.0,0.5,False,,False
M090404,1,1,0,0,1.0,0.6,False,,False
M062462,1,0,1,0,0.0,0.5,False,,False
M023185,1,1,0,0,1.0,0.6,False,,False
M079470,1,1,0,0,1.0,0.6,False,,False
M095340,1,1,0,0,1.0,0.6,False,,False
M027463,1,1,0,0,1.0,0.6,False,,False
M036798,1,1,0,0,1.0,0.6,False,,False
M047019,1,1,0,0,1.0,0.6,False,,False
M062436,1,0,1,0,0.0,0.5,False,,False
M054249,1,1,0,0,1.0,0.6,False,,False
M087340,1,0,1,0,0.0,0.5,False,,False
M050473,1,0,1,0,0.0,0.5,False,,False
M063461,1,0,1,0,0.0,0.5,False,,False
M060243,1,0,0,1,-1.0,0.4,False,,False
M059223,1,0,1,0,0.0,0.5,False,,False
M055806,1,1,0,0,1.0,0.6,False,,False
M048357,1,1,0,0,1.0,0.6,False,,False
M064294,1,1,0,0,1.0,0.6,False,,False
M063854,1,1,0,0,1.0,0.6,False,,False
M048499,1,0,1,0,0.0,0.5,False,,False
M054336,1,0,0,1,-1.0,0.4,False,,False
M057257,1,0,1,0,0.0,0.5,False,,False
M077512,1,0,1,0,0.0,0.5,False,,False
M035258,1,0,1,0,0.0,0.5,False,,False
M090241,1,1,0,0,1.0,0.6,False,,False
M012595,1,0,1,0,0.0,0.5,False,,False
M077892,1,1,0,0,1.0,0.6,False,,False
M025129,1,0,1,0,0.0,0.5,False,,False
M011015,1,0,1,0,0.0,0.5,False,,False
M098918,1,1,0,0,1.0,0.6,False,,False
M077388,1,0,1,0,0.0,0.5,False,,False
M083342,1,1,0,0,1.0,0.6,False,,False
M069750,1,0,0,1,-1.0,0.4,False,,False
M088428,1,1,0,0,1.0,0.6,False,,False
M072692,1,0,1,0,0.0,0.5,False,,False
M030564,1,1,0,0,1.0,0.6,False,,False
M062732,1,1,0,0,1.0,0.6,False,,False
M054475,1,0,1,0,0.0,0.5,False,,False
M082533,1,1,0,0,1.0,0.6,False,,False
M059756,1,1,0,0,1.0,0.6,False,,False
M084471,1,0,0,1,-1.0,0.4,False,,False
M037069,1,0,1,0,0.0,0.5,False,,False
M090070,1,0,1,0,0.0,0.5,False,,False
M063537,1,1,0,0,1.0,0.6,False,,False
M088731,1,0,1,0,0.0,0.5,False,,False
M077749,1,1,0,0,1.0,0.6,False,,False
M083170,1,0,1,0,0.0,0.5,False,,False
M099344,1,1,0,0,1.0,0.6,False,,False
M015778,1,1,0,0,1.0,0.6,False,,False
M054015,1,1,0,0,1.0,0.6,False,,False
M020295,1,1,0,0,1.0,0.6,False,,False
M077609,1,1,0,0,1.0,0.6,False,,False
M062126,1,1,0,0,1.0,0.6,False,,False
M077810,1,0,1,0,0.0,0.5,False,,False
M056431,1,0,1,0,0.0,0.5,False,,False
M051655,1,0,0,1,-1.0,0.4,False,,False
M017462,1,0,1,0,0.0,0.5,False,,False
M079612,1,0,1,0,0.0,0.5,False,,False
M074895,1,1,0,0,1.0,0.6,False,,False
M022956,1,1,0,0,1.0,0.6,False,,False
M009066,1,1,0,0,1.0,0.6,False,,False
M080736,1,0,1,0,0.0,0.5,False,,False
M038709,1,1,0,0,1.0,0.6,False,,False
M037641,1,1,0,0,1.0,0.6,False,,False
M021725,1,0,1,0,0.0,0.5,False,,False
M072380,1,1,0,0,1.0,0.6,False,,False
M041929,1,0,1,0,0.0,0.5,False,,False
M015693,1,1,0,0,1.0,0.6,False,,False
M001940,1,0,1,0,0.0,0.5,False,,False
M016989,1,1,0,0,1.0,0.6,False,,False
M057182,1,1,0,0,1.0,0.6,False,,False
M019186,1,0,1,0,0.0,0.5,False,,False
M012074,1,0,1,0,0.0,0.5,False,,False
M002950,1,0,1,0,0.0,0.5,False,,False
M020701,1,0,1,0,0.0,0.5,False,,False
M067383,1,1,0,0,1.0,0.6,False,,False
M056445,1,0,1,0,0.0,0.5,False,,False
M051555,1,0,0,1,-1.0,0.4,False,,False
M092894,1,1,0,0,1.0,0.6,False,,False
M073293,1,0,1,0,0.0,0.5,False,,False
M099682,1,1,0,0,1.0,0.6,False,,False
M077034,1,1,0,0,1.0,0.6,False,,False
M052349,1,0,1,0,0.0,0.5,False,,False
M088922,1,1,0,0,1.0,0.6,False,,False
M043044,1,0,1,0,0.0,0.5,False,,False
M093866,1,1,0,0,1.0,0.6,False,,False
M005745,1,0,1,0,0.0,0.5,False,,False
M089695,1,0,0,1,-1.0,0.4,False,,False
M038595,1,0,1,0,0.0,0.5,False,,False
M025787,1,1,0,0,1.0,0.6,False,,False
M069820,1,0,0,1,-1.0,0.4,False,,False
M079692,1,0,0,1,-1.0,0.4,False,,False
M098461,1,0,1,0,0.0,0.5,False,,False
M024529,1,0,0,1,-1.0,0.4,False,,False
M045737,1,0,1,0,0.0,0.5,False,,False
M062691,1,0,1,0,0.0,0.5,False,,False
M080806,1,0,1,0,0.0,0.5,False,,False
M061629,1,0,1,0,0.0,0.5,False,,False
M045483,1,0,1,0,0.0,0.5,False,,False
M099382,1,1,0,0,1.0,0.6,False,,False
M075740,1,1,0,0,1.0,0.6,False,,False
M055053,1,1,0,0,1.0,0.6,False,,False
M069659,1,1,0,0,1.0,0.6,False,,False
M094299,1,1,0,0,1.0,0.6,False,,False
M098995,1,1,0,0,1.0,0.6,False,,False
M074149,1,1,0,0,1.0,0.6,False,,False
M089267,1,1,0,0,1.0,0.6,False,,False
M026570,1,0,0,1,-1.0,0.4,False,,False
M026120,1,0,1,0,0.0,0.5,False,,False
M031521,1,1,0,0,1.0,0.6,False,,False
M025308,1,0,1,0,0.0,0.5,False,,False
